code,x0_m,y0_m,z0_m,x1_m,y1_m,z1_m,diameter_mm,spacing_cm,layer,direction,level,pano_id,z_approximation
LT1:200-I:01,31.25,8.075,-7.87,73.75,8.075,-7.87,12,20,both,X,FUNDACION_SUP,_,True
LT1:200-I:01,31.350235849056602,16.15,-7.87,31.350235849056602,-0.0,-7.87,12,20,both,Y,FUNDACION_SUP,_,True
LT1:200-I:01,31.55070754716981,16.15,-7.87,31.55070754716981,-0.0,-7.87,12,20,both,Y,FUNDACION_SUP,_,True
LT1:200-I:01,31.75117924528302,16.15,-7.87,31.75117924528302,-0.0,-7.87,12,20,both,Y,FUNDACION_SUP,_,True
LT1:200-I:01,31.951650943396228,16.15,-7.87,31.951650943396228,-0.0,-7.87,12,20,both,Y,FUNDACION_SUP,_,True
LT1:200-I:01,32.152122641509436,16.15,-7.87,32.152122641509436,-0.0,-7.87,12,20,both,Y,FUNDACION_SUP,_,True
LT1:200-I:01,32.35259433962264,16.15,-7.87,32.35259433962264,-0.0,-7.87,12,20,both,Y,FUNDACION_SUP,_,True
LT1:200-I:01,32.553066037735846,16.15,-7.87,32.553066037735846,-0.0,-7.87,12,20,both,Y,FUNDACION_SUP,_,True
LT1:200-I:01,32.75353773584906,16.15,-7.87,32.75353773584906,-0.0,-7.87,12,20,both,Y,FUNDACION_SUP,_,True
LT1:200-I:01,32.95400943396226,16.15,-7.87,32.95400943396226,-0.0,-7.87,12,20,both,Y,FUNDACION_SUP,_,True
LT1:200-I:01,33.154481132075475,16.15,-7.87,33.154481132075475,-0.0,-7.87,12,20,both,Y,FUNDACION_SUP,_,True
LT1:200-I:01,33.35495283018868,16.15,-7.87,33.35495283018868,-0.0,-7.87,12,20,both,Y,FUNDACION_SUP,_,True
LT1:200-I:01,33.555424528301884,16.15,-7.87,33.555424528301884,-0.0,-7.87,12,20,both,Y,FUNDACION_SUP,_,True
LT1:200-I:01,33.755896226415096,16.15,-7.87,33.755896226415096,-0.0,-7.87,12,20,both,Y,FUNDACION_SUP,_,True
LT1:200-I:01,33.9563679245283,16.15,-7.87,33.9563679245283,-0.0,-7.87,12,20,both,Y,FUNDACION_SUP,_,True
LT1:200-I:01,34.15683962264151,16.15,-7.87,34.15683962264151,-0.0,-7.87,12,20,both,Y,FUNDACION_SUP,_,True
LT1:200-I:01,34.35731132075472,16.15,-7.87,34.35731132075472,-0.0,-7.87,12,20,both,Y,FUNDACION_SUP,_,True
LT1:200-I:01,34.55778301886792,16.15,-7.87,34.55778301886792,-0.0,-7.87,12,20,both,Y,FUNDACION_SUP,_,True
LT1:200-I:01,34.758254716981135,16.15,-7.87,34.758254716981135,-0.0,-7.87,12,20,both,Y,FUNDACION_SUP,_,True
LT1:200-I:01,34.95872641509434,16.15,-7.87,34.95872641509434,-0.0,-7.87,12,20,both,Y,FUNDACION_SUP,_,True
LT1:200-I:01,35.159198113207545,16.15,-7.87,35.159198113207545,-0.0,-7.87,12,20,both,Y,FUNDACION_SUP,_,True
LT1:200-I:01,35.35966981132076,16.15,-7.87,35.35966981132076,-0.0,-7.87,12,20,both,Y,FUNDACION_SUP,_,True
LT1:200-I:01,35.56014150943396,16.15,-7.87,35.56014150943396,-0.0,-7.87,12,20,both,Y,FUNDACION_SUP,_,True
LT1:200-I:01,35.760613207547166,16.15,-7.87,35.760613207547166,-0.0,-7.87,12,20,both,Y,FUNDACION_SUP,_,True
LT1:200-I:01,35.96108490566038,16.15,-7.87,35.96108490566038,-0.0,-7.87,12,20,both,Y,FUNDACION_SUP,_,True
LT1:200-I:01,36.16155660377358,16.15,-7.87,36.16155660377358,-0.0,-7.87,12,20,both,Y,FUNDACION_SUP,_,True
LT1:200-I:01,36.362028301886795,16.15,-7.87,36.362028301886795,-0.0,-7.87,12,20,both,Y,FUNDACION_SUP,_,True
LT1:200-I:01,36.5625,16.15,-7.87,36.5625,-0.0,-7.87,12,20,both,Y,FUNDACION_SUP,_,True
LT1:200-I:01,36.762971698113205,16.15,-7.87,36.762971698113205,-0.0,-7.87,12,20,both,Y,FUNDACION_SUP,_,True
LT1:200-I:01,36.96344339622642,16.15,-7.87,36.96344339622642,-0.0,-7.87,12,20,both,Y,FUNDACION_SUP,_,True
LT1:200-I:01,37.16391509433962,16.15,-7.87,37.16391509433962,-0.0,-7.87,12,20,both,Y,FUNDACION_SUP,_,True
LT1:200-I:01,37.364386792452834,16.15,-7.87,37.364386792452834,-0.0,-7.87,12,20,both,Y,FUNDACION_SUP,_,True
LT1:200-I:01,37.56485849056604,16.15,-7.87,37.56485849056604,-0.0,-7.87,12,20,both,Y,FUNDACION_SUP,_,True
LT1:200-I:01,37.76533018867924,16.15,-7.87,37.76533018867924,-0.0,-7.87,12,20,both,Y,FUNDACION_SUP,_,True
LT1:200-I:01,37.965801886792455,16.15,-7.87,37.965801886792455,-0.0,-7.87,12,20,both,Y,FUNDACION_SUP,_,True
LT1:200-I:01,38.16627358490566,16.15,-7.87,38.16627358490566,-0.0,-7.87,12,20,both,Y,FUNDACION_SUP,_,True
LT1:200-I:01,38.366745283018865,16.15,-7.87,38.366745283018865,-0.0,-7.87,12,20,both,Y,FUNDACION_SUP,_,True
LT1:200-I:01,38.56721698113208,16.15,-7.87,38.56721698113208,-0.0,-7.87,12,20,both,Y,FUNDACION_SUP,_,True
LT1:200-I:01,38.76768867924528,16.15,-7.87,38.76768867924528,-0.0,-7.87,12,20,both,Y,FUNDACION_SUP,_,True
LT1:200-I:01,38.96816037735849,16.15,-7.87,38.96816037735849,-0.0,-7.87,12,20,both,Y,FUNDACION_SUP,_,True
LT1:200-I:01,39.1686320754717,16.15,-7.87,39.1686320754717,-0.0,-7.87,12,20,both,Y,FUNDACION_SUP,_,True
LT1:200-I:01,39.369103773584904,16.15,-7.87,39.369103773584904,-0.0,-7.87,12,20,both,Y,FUNDACION_SUP,_,True
LT1:200-I:01,39.569575471698116,16.15,-7.87,39.569575471698116,-0.0,-7.87,12,20,both,Y,FUNDACION_SUP,_,True
LT1:200-I:01,39.77004716981132,16.15,-7.87,39.77004716981132,-0.0,-7.87,12,20,both,Y,FUNDACION_SUP,_,True
LT1:200-I:01,39.970518867924525,16.15,-7.87,39.970518867924525,-0.0,-7.87,12,20,both,Y,FUNDACION_SUP,_,True
LT1:200-I:01,40.17099056603774,16.15,-7.87,40.17099056603774,-0.0,-7.87,12,20,both,Y,FUNDACION_SUP,_,True
LT1:200-I:01,40.37146226415094,16.15,-7.87,40.37146226415094,-0.0,-7.87,12,20,both,Y,FUNDACION_SUP,_,True
LT1:200-I:01,40.571933962264154,16.15,-7.87,40.571933962264154,-0.0,-7.87,12,20,both,Y,FUNDACION_SUP,_,True
LT1:200-I:01,40.77240566037736,16.15,-7.87,40.77240566037736,-0.0,-7.87,12,20,both,Y,FUNDACION_SUP,_,True
LT1:200-I:01,40.972877358490564,16.15,-7.87,40.972877358490564,-0.0,-7.87,12,20,both,Y,FUNDACION_SUP,_,True
LT1:200-I:01,41.173349056603776,16.15,-7.87,41.173349056603776,-0.0,-7.87,12,20,both,Y,FUNDACION_SUP,_,True
LT1:200-I:01,41.37382075471698,16.15,-7.87,41.37382075471698,-0.0,-7.87,12,20,both,Y,FUNDACION_SUP,_,True
LT1:200-I:01,41.57429245283019,16.15,-7.87,41.57429245283019,-0.0,-7.87,12,20,both,Y,FUNDACION_SUP,_,True
LT1:200-I:01,41.7747641509434,16.15,-7.87,41.7747641509434,-0.0,-7.87,12,20,both,Y,FUNDACION_SUP,_,True
LT1:200-I:01,41.9752358490566,16.15,-7.87,41.9752358490566,-0.0,-7.87,12,20,both,Y,FUNDACION_SUP,_,True
LT1:200-I:01,42.17570754716981,16.15,-7.87,42.17570754716981,-0.0,-7.87,12,20,both,Y,FUNDACION_SUP,_,True
LT1:200-I:01,42.37617924528302,16.15,-7.87,42.37617924528302,-0.0,-7.87,12,20,both,Y,FUNDACION_SUP,_,True
LT1:200-I:01,42.576650943396224,16.15,-7.87,42.576650943396224,-0.0,-7.87,12,20,both,Y,FUNDACION_SUP,_,True
LT1:200-I:01,42.777122641509436,16.15,-7.87,42.777122641509436,-0.0,-7.87,12,20,both,Y,FUNDACION_SUP,_,True
LT1:200-I:01,42.97759433962264,16.15,-7.87,42.97759433962264,-0.0,-7.87,12,20,both,Y,FUNDACION_SUP,_,True
LT1:200-I:01,43.178066037735846,16.15,-7.87,43.178066037735846,-0.0,-7.87,12,20,both,Y,FUNDACION_SUP,_,True
LT1:200-I:01,43.37853773584906,16.15,-7.87,43.37853773584906,-0.0,-7.87,12,20,both,Y,FUNDACION_SUP,_,True
LT1:200-I:01,43.57900943396226,16.15,-7.87,43.57900943396226,-0.0,-7.87,12,20,both,Y,FUNDACION_SUP,_,True
LT1:200-I:01,43.779481132075475,16.15,-7.87,43.779481132075475,-0.0,-7.87,12,20,both,Y,FUNDACION_SUP,_,True
LT1:200-I:01,43.97995283018868,16.15,-7.87,43.97995283018868,-0.0,-7.87,12,20,both,Y,FUNDACION_SUP,_,True
LT1:200-I:01,44.180424528301884,16.15,-7.87,44.180424528301884,-0.0,-7.87,12,20,both,Y,FUNDACION_SUP,_,True
LT1:200-I:01,44.380896226415096,16.15,-7.87,44.380896226415096,-0.0,-7.87,12,20,both,Y,FUNDACION_SUP,_,True
LT1:200-I:01,44.5813679245283,16.15,-7.87,44.5813679245283,-0.0,-7.87,12,20,both,Y,FUNDACION_SUP,_,True
LT1:200-I:01,44.78183962264151,16.15,-7.87,44.78183962264151,-0.0,-7.87,12,20,both,Y,FUNDACION_SUP,_,True
LT1:200-I:01,44.98231132075472,16.15,-7.87,44.98231132075472,-0.0,-7.87,12,20,both,Y,FUNDACION_SUP,_,True
LT1:200-I:01,45.18278301886792,16.15,-7.87,45.18278301886792,-0.0,-7.87,12,20,both,Y,FUNDACION_SUP,_,True
LT1:200-I:01,45.38325471698113,16.15,-7.87,45.38325471698113,-0.0,-7.87,12,20,both,Y,FUNDACION_SUP,_,True
LT1:200-I:01,45.58372641509434,16.15,-7.87,45.58372641509434,-0.0,-7.87,12,20,both,Y,FUNDACION_SUP,_,True
LT1:200-I:01,45.784198113207545,16.15,-7.87,45.784198113207545,-0.0,-7.87,12,20,both,Y,FUNDACION_SUP,_,True
LT1:200-I:01,45.98466981132076,16.15,-7.87,45.98466981132076,-0.0,-7.87,12,20,both,Y,FUNDACION_SUP,_,True
LT1:200-I:01,46.18514150943396,16.15,-7.87,46.18514150943396,-0.0,-7.87,12,20,both,Y,FUNDACION_SUP,_,True
LT1:200-I:01,46.385613207547166,16.15,-7.87,46.385613207547166,-0.0,-7.87,12,20,both,Y,FUNDACION_SUP,_,True
LT1:200-I:01,46.58608490566038,16.15,-7.87,46.58608490566038,-0.0,-7.87,12,20,both,Y,FUNDACION_SUP,_,True
LT1:200-I:01,46.78655660377358,16.15,-7.87,46.78655660377358,-0.0,-7.87,12,20,both,Y,FUNDACION_SUP,_,True
LT1:200-I:01,46.987028301886795,16.15,-7.87,46.987028301886795,-0.0,-7.87,12,20,both,Y,FUNDACION_SUP,_,True
LT1:200-I:01,47.1875,16.15,-7.87,47.1875,-0.0,-7.87,12,20,both,Y,FUNDACION_SUP,_,True
LT1:200-I:01,47.387971698113205,16.15,-7.87,47.387971698113205,-0.0,-7.87,12,20,both,Y,FUNDACION_SUP,_,True
LT1:200-I:01,47.58844339622642,16.15,-7.87,47.58844339622642,-0.0,-7.87,12,20,both,Y,FUNDACION_SUP,_,True
LT1:200-I:01,47.78891509433962,16.15,-7.87,47.78891509433962,-0.0,-7.87,12,20,both,Y,FUNDACION_SUP,_,True
LT1:200-I:01,47.989386792452834,16.15,-7.87,47.989386792452834,-0.0,-7.87,12,20,both,Y,FUNDACION_SUP,_,True
LT1:200-I:01,48.18985849056604,16.15,-7.87,48.18985849056604,-0.0,-7.87,12,20,both,Y,FUNDACION_SUP,_,True
LT1:200-I:01,48.39033018867924,16.15,-7.87,48.39033018867924,-0.0,-7.87,12,20,both,Y,FUNDACION_SUP,_,True
LT1:200-I:01,48.59080188679245,16.15,-7.87,48.59080188679245,-0.0,-7.87,12,20,both,Y,FUNDACION_SUP,_,True
LT1:200-I:01,48.79127358490566,16.15,-7.87,48.79127358490566,-0.0,-7.87,12,20,both,Y,FUNDACION_SUP,_,True
LT1:200-I:01,48.99174528301887,16.15,-7.87,48.99174528301887,-0.0,-7.87,12,20,both,Y,FUNDACION_SUP,_,True
LT1:200-I:01,49.19221698113208,16.15,-7.87,49.19221698113208,-0.0,-7.87,12,20,both,Y,FUNDACION_SUP,_,True
LT1:200-I:01,49.39268867924528,16.15,-7.87,49.39268867924528,-0.0,-7.87,12,20,both,Y,FUNDACION_SUP,_,True
LT1:200-I:01,49.59316037735849,16.15,-7.87,49.59316037735849,-0.0,-7.87,12,20,both,Y,FUNDACION_SUP,_,True
LT1:200-I:01,49.7936320754717,16.15,-7.87,49.7936320754717,-0.0,-7.87,12,20,both,Y,FUNDACION_SUP,_,True
LT1:200-I:01,49.99410377358491,16.15,-7.87,49.99410377358491,-0.0,-7.87,12,20,both,Y,FUNDACION_SUP,_,True
LT1:200-I:01,50.194575471698116,16.15,-7.87,50.194575471698116,-0.0,-7.87,12,20,both,Y,FUNDACION_SUP,_,True
LT1:200-I:01,50.39504716981132,16.15,-7.87,50.39504716981132,-0.0,-7.87,12,20,both,Y,FUNDACION_SUP,_,True
LT1:200-I:01,50.595518867924525,16.15,-7.87,50.595518867924525,-0.0,-7.87,12,20,both,Y,FUNDACION_SUP,_,True
LT1:200-I:01,50.79599056603774,16.15,-7.87,50.79599056603774,-0.0,-7.87,12,20,both,Y,FUNDACION_SUP,_,True
LT1:200-I:01,50.99646226415094,16.15,-7.87,50.99646226415094,-0.0,-7.87,12,20,both,Y,FUNDACION_SUP,_,True
LT1:200-I:01,51.196933962264154,16.15,-7.87,51.196933962264154,-0.0,-7.87,12,20,both,Y,FUNDACION_SUP,_,True
LT1:200-I:01,51.39740566037736,16.15,-7.87,51.39740566037736,-0.0,-7.87,12,20,both,Y,FUNDACION_SUP,_,True
LT1:200-I:01,51.597877358490564,16.15,-7.87,51.597877358490564,-0.0,-7.87,12,20,both,Y,FUNDACION_SUP,_,True
LT1:200-I:01,51.79834905660377,16.15,-7.87,51.79834905660377,-0.0,-7.87,12,20,both,Y,FUNDACION_SUP,_,True
LT1:200-I:01,51.99882075471698,16.15,-7.87,51.99882075471698,-0.0,-7.87,12,20,both,Y,FUNDACION_SUP,_,True
LT1:200-I:01,52.19929245283019,16.15,-7.87,52.19929245283019,-0.0,-7.87,12,20,both,Y,FUNDACION_SUP,_,True
LT1:200-I:01,52.3997641509434,16.15,-7.87,52.3997641509434,-0.0,-7.87,12,20,both,Y,FUNDACION_SUP,_,True
LT1:200-I:01,52.6002358490566,16.15,-7.87,52.6002358490566,-0.0,-7.87,12,20,both,Y,FUNDACION_SUP,_,True
LT1:200-I:01,52.80070754716981,16.15,-7.87,52.80070754716981,-0.0,-7.87,12,20,both,Y,FUNDACION_SUP,_,True
LT1:200-I:01,53.00117924528302,16.15,-7.87,53.00117924528302,-0.0,-7.87,12,20,both,Y,FUNDACION_SUP,_,True
LT1:200-I:01,53.20165094339623,16.15,-7.87,53.20165094339623,-0.0,-7.87,12,20,both,Y,FUNDACION_SUP,_,True
LT1:200-I:01,53.402122641509436,16.15,-7.87,53.402122641509436,-0.0,-7.87,12,20,both,Y,FUNDACION_SUP,_,True
LT1:200-I:01,53.60259433962264,16.15,-7.87,53.60259433962264,-0.0,-7.87,12,20,both,Y,FUNDACION_SUP,_,True
LT1:200-I:01,53.803066037735846,16.15,-7.87,53.803066037735846,-0.0,-7.87,12,20,both,Y,FUNDACION_SUP,_,True
LT1:200-I:01,54.00353773584906,16.15,-7.87,54.00353773584906,-0.0,-7.87,12,20,both,Y,FUNDACION_SUP,_,True
LT1:200-I:01,54.20400943396226,16.15,-7.87,54.20400943396226,-0.0,-7.87,12,20,both,Y,FUNDACION_SUP,_,True
LT1:200-I:01,54.404481132075475,16.15,-7.87,54.404481132075475,-0.0,-7.87,12,20,both,Y,FUNDACION_SUP,_,True
LT1:200-I:01,54.60495283018868,16.15,-7.87,54.60495283018868,-0.0,-7.87,12,20,both,Y,FUNDACION_SUP,_,True
LT1:200-I:01,54.805424528301884,16.15,-7.87,54.805424528301884,-0.0,-7.87,12,20,both,Y,FUNDACION_SUP,_,True
LT1:200-I:01,55.00589622641509,16.15,-7.87,55.00589622641509,-0.0,-7.87,12,20,both,Y,FUNDACION_SUP,_,True
LT1:200-I:01,55.2063679245283,16.15,-7.87,55.2063679245283,-0.0,-7.87,12,20,both,Y,FUNDACION_SUP,_,True
LT1:200-I:01,55.40683962264151,16.15,-7.87,55.40683962264151,-0.0,-7.87,12,20,both,Y,FUNDACION_SUP,_,True
LT1:200-I:01,55.60731132075472,16.15,-7.87,55.60731132075472,-0.0,-7.87,12,20,both,Y,FUNDACION_SUP,_,True
LT1:200-I:01,55.80778301886792,16.15,-7.87,55.80778301886792,-0.0,-7.87,12,20,both,Y,FUNDACION_SUP,_,True
LT1:200-I:01,56.00825471698113,16.15,-7.87,56.00825471698113,-0.0,-7.87,12,20,both,Y,FUNDACION_SUP,_,True
LT1:200-I:01,56.20872641509434,16.15,-7.87,56.20872641509434,-0.0,-7.87,12,20,both,Y,FUNDACION_SUP,_,True
LT1:200-I:01,56.40919811320755,16.15,-7.87,56.40919811320755,-0.0,-7.87,12,20,both,Y,FUNDACION_SUP,_,True
LT1:200-I:01,56.60966981132076,16.15,-7.87,56.60966981132076,-0.0,-7.87,12,20,both,Y,FUNDACION_SUP,_,True
LT1:200-I:01,56.81014150943396,16.15,-7.87,56.81014150943396,-0.0,-7.87,12,20,both,Y,FUNDACION_SUP,_,True
LT1:200-I:01,57.010613207547166,16.15,-7.87,57.010613207547166,-0.0,-7.87,12,20,both,Y,FUNDACION_SUP,_,True
LT1:200-I:01,57.21108490566038,16.15,-7.87,57.21108490566038,-0.0,-7.87,12,20,both,Y,FUNDACION_SUP,_,True
LT1:200-I:01,57.41155660377358,16.15,-7.87,57.41155660377358,-0.0,-7.87,12,20,both,Y,FUNDACION_SUP,_,True
LT1:200-I:01,57.612028301886795,16.15,-7.87,57.612028301886795,-0.0,-7.87,12,20,both,Y,FUNDACION_SUP,_,True
LT1:200-I:01,57.8125,16.15,-7.87,57.8125,-0.0,-7.87,12,20,both,Y,FUNDACION_SUP,_,True
LT1:200-I:01,58.012971698113205,16.15,-7.87,58.012971698113205,-0.0,-7.87,12,20,both,Y,FUNDACION_SUP,_,True
LT1:200-I:01,58.21344339622642,16.15,-7.87,58.21344339622642,-0.0,-7.87,12,20,both,Y,FUNDACION_SUP,_,True
LT1:200-I:01,58.41391509433962,16.15,-7.87,58.41391509433962,-0.0,-7.87,12,20,both,Y,FUNDACION_SUP,_,True
LT1:200-I:01,58.614386792452834,16.15,-7.87,58.614386792452834,-0.0,-7.87,12,20,both,Y,FUNDACION_SUP,_,True
LT1:200-I:01,58.81485849056604,16.15,-7.87,58.81485849056604,-0.0,-7.87,12,20,both,Y,FUNDACION_SUP,_,True
LT1:200-I:01,59.01533018867924,16.15,-7.87,59.01533018867924,-0.0,-7.87,12,20,both,Y,FUNDACION_SUP,_,True
LT1:200-I:01,59.21580188679245,16.15,-7.87,59.21580188679245,-0.0,-7.87,12,20,both,Y,FUNDACION_SUP,_,True
LT1:200-I:01,59.41627358490566,16.15,-7.87,59.41627358490566,-0.0,-7.87,12,20,both,Y,FUNDACION_SUP,_,True
LT1:200-I:01,59.61674528301887,16.15,-7.87,59.61674528301887,-0.0,-7.87,12,20,both,Y,FUNDACION_SUP,_,True
LT1:200-I:01,59.81721698113208,16.15,-7.87,59.81721698113208,-0.0,-7.87,12,20,both,Y,FUNDACION_SUP,_,True
LT1:200-I:01,60.01768867924528,16.15,-7.87,60.01768867924528,-0.0,-7.87,12,20,both,Y,FUNDACION_SUP,_,True
LT1:200-I:01,60.21816037735849,16.15,-7.87,60.21816037735849,-0.0,-7.87,12,20,both,Y,FUNDACION_SUP,_,True
LT1:200-I:01,60.4186320754717,16.15,-7.87,60.4186320754717,-0.0,-7.87,12,20,both,Y,FUNDACION_SUP,_,True
LT1:200-I:01,60.61910377358491,16.15,-7.87,60.61910377358491,-0.0,-7.87,12,20,both,Y,FUNDACION_SUP,_,True
LT1:200-I:01,60.819575471698116,16.15,-7.87,60.819575471698116,-0.0,-7.87,12,20,both,Y,FUNDACION_SUP,_,True
LT1:200-I:01,61.02004716981132,16.15,-7.87,61.02004716981132,-0.0,-7.87,12,20,both,Y,FUNDACION_SUP,_,True
LT1:200-I:01,61.220518867924525,16.15,-7.87,61.220518867924525,-0.0,-7.87,12,20,both,Y,FUNDACION_SUP,_,True
LT1:200-I:01,61.42099056603774,16.15,-7.87,61.42099056603774,-0.0,-7.87,12,20,both,Y,FUNDACION_SUP,_,True
LT1:200-I:01,61.62146226415094,16.15,-7.87,61.62146226415094,-0.0,-7.87,12,20,both,Y,FUNDACION_SUP,_,True
LT1:200-I:01,61.821933962264154,16.15,-7.87,61.821933962264154,-0.0,-7.87,12,20,both,Y,FUNDACION_SUP,_,True
LT1:200-I:01,62.02240566037736,16.15,-7.87,62.02240566037736,-0.0,-7.87,12,20,both,Y,FUNDACION_SUP,_,True
LT1:200-I:01,62.222877358490564,16.15,-7.87,62.222877358490564,-0.0,-7.87,12,20,both,Y,FUNDACION_SUP,_,True
LT1:200-I:01,62.42334905660377,16.15,-7.87,62.42334905660377,-0.0,-7.87,12,20,both,Y,FUNDACION_SUP,_,True
LT1:200-I:01,62.62382075471698,16.15,-7.87,62.62382075471698,-0.0,-7.87,12,20,both,Y,FUNDACION_SUP,_,True
LT1:200-I:01,62.82429245283019,16.15,-7.87,62.82429245283019,-0.0,-7.87,12,20,both,Y,FUNDACION_SUP,_,True
LT1:200-I:01,63.0247641509434,16.15,-7.87,63.0247641509434,-0.0,-7.87,12,20,both,Y,FUNDACION_SUP,_,True
LT1:200-I:01,63.2252358490566,16.15,-7.87,63.2252358490566,-0.0,-7.87,12,20,both,Y,FUNDACION_SUP,_,True
LT1:200-I:01,63.425707547169814,16.15,-7.87,63.425707547169814,-0.0,-7.87,12,20,both,Y,FUNDACION_SUP,_,True
LT1:200-I:01,63.62617924528302,16.15,-7.87,63.62617924528302,-0.0,-7.87,12,20,both,Y,FUNDACION_SUP,_,True
LT1:200-I:01,63.826650943396224,16.15,-7.87,63.826650943396224,-0.0,-7.87,12,20,both,Y,FUNDACION_SUP,_,True
LT1:200-I:01,64.02712264150944,16.15,-7.87,64.02712264150944,-0.0,-7.87,12,20,both,Y,FUNDACION_SUP,_,True
LT1:200-I:01,64.22759433962264,16.15,-7.87,64.22759433962264,-0.0,-7.87,12,20,both,Y,FUNDACION_SUP,_,True
LT1:200-I:01,64.42806603773585,16.15,-7.87,64.42806603773585,-0.0,-7.87,12,20,both,Y,FUNDACION_SUP,_,True
LT1:200-I:01,64.62853773584905,16.15,-7.87,64.62853773584905,-0.0,-7.87,12,20,both,Y,FUNDACION_SUP,_,True
LT1:200-I:01,64.82900943396226,16.15,-7.87,64.82900943396226,-0.0,-7.87,12,20,both,Y,FUNDACION_SUP,_,True
LT1:200-I:01,65.02948113207547,16.15,-7.87,65.02948113207547,-0.0,-7.87,12,20,both,Y,FUNDACION_SUP,_,True
LT1:200-I:01,65.22995283018868,16.15,-7.87,65.22995283018868,-0.0,-7.87,12,20,both,Y,FUNDACION_SUP,_,True
LT1:200-I:01,65.43042452830188,16.15,-7.87,65.43042452830188,-0.0,-7.87,12,20,both,Y,FUNDACION_SUP,_,True
LT1:200-I:01,65.6308962264151,16.15,-7.87,65.6308962264151,-0.0,-7.87,12,20,both,Y,FUNDACION_SUP,_,True
LT1:200-I:01,65.83136792452831,16.15,-7.87,65.83136792452831,-0.0,-7.87,12,20,both,Y,FUNDACION_SUP,_,True
LT1:200-I:01,66.03183962264151,16.15,-7.87,66.03183962264151,-0.0,-7.87,12,20,both,Y,FUNDACION_SUP,_,True
LT1:200-I:01,66.23231132075472,16.15,-7.87,66.23231132075472,-0.0,-7.87,12,20,both,Y,FUNDACION_SUP,_,True
LT1:200-I:01,66.43278301886792,16.15,-7.87,66.43278301886792,-0.0,-7.87,12,20,both,Y,FUNDACION_SUP,_,True
LT1:200-I:01,66.63325471698113,16.15,-7.87,66.63325471698113,-0.0,-7.87,12,20,both,Y,FUNDACION_SUP,_,True
LT1:200-I:01,66.83372641509433,16.15,-7.87,66.83372641509433,-0.0,-7.87,12,20,both,Y,FUNDACION_SUP,_,True
LT1:200-I:01,67.03419811320754,16.15,-7.87,67.03419811320754,-0.0,-7.87,12,20,both,Y,FUNDACION_SUP,_,True
LT1:200-I:01,67.23466981132076,16.15,-7.87,67.23466981132076,-0.0,-7.87,12,20,both,Y,FUNDACION_SUP,_,True
LT1:200-I:01,67.43514150943396,16.15,-7.87,67.43514150943396,-0.0,-7.87,12,20,both,Y,FUNDACION_SUP,_,True
LT1:200-I:01,67.63561320754717,16.15,-7.87,67.63561320754717,-0.0,-7.87,12,20,both,Y,FUNDACION_SUP,_,True
LT1:200-I:01,67.83608490566039,16.15,-7.87,67.83608490566039,-0.0,-7.87,12,20,both,Y,FUNDACION_SUP,_,True
LT1:200-I:01,68.03655660377359,16.15,-7.87,68.03655660377359,-0.0,-7.87,12,20,both,Y,FUNDACION_SUP,_,True
LT1:200-I:01,68.2370283018868,16.15,-7.87,68.2370283018868,-0.0,-7.87,12,20,both,Y,FUNDACION_SUP,_,True
LT1:200-I:01,68.4375,16.15,-7.87,68.4375,-0.0,-7.87,12,20,both,Y,FUNDACION_SUP,_,True
LT1:200-I:01,68.6379716981132,16.15,-7.87,68.6379716981132,-0.0,-7.87,12,20,both,Y,FUNDACION_SUP,_,True
LT1:200-I:01,68.83844339622641,16.15,-7.87,68.83844339622641,-0.0,-7.87,12,20,both,Y,FUNDACION_SUP,_,True
LT1:200-I:01,69.03891509433961,16.15,-7.87,69.03891509433961,-0.0,-7.87,12,20,both,Y,FUNDACION_SUP,_,True
LT1:200-I:01,69.23938679245283,16.15,-7.87,69.23938679245283,-0.0,-7.87,12,20,both,Y,FUNDACION_SUP,_,True
LT1:200-I:01,69.43985849056604,16.15,-7.87,69.43985849056604,-0.0,-7.87,12,20,both,Y,FUNDACION_SUP,_,True
LT1:200-I:01,69.64033018867924,16.15,-7.87,69.64033018867924,-0.0,-7.87,12,20,both,Y,FUNDACION_SUP,_,True
LT1:200-I:01,69.84080188679246,16.15,-7.87,69.84080188679246,-0.0,-7.87,12,20,both,Y,FUNDACION_SUP,_,True
LT1:200-I:01,70.04127358490567,16.15,-7.87,70.04127358490567,-0.0,-7.87,12,20,both,Y,FUNDACION_SUP,_,True
LT1:200-I:01,70.24174528301887,16.15,-7.87,70.24174528301887,-0.0,-7.87,12,20,both,Y,FUNDACION_SUP,_,True
LT1:200-I:01,70.44221698113208,16.15,-7.87,70.44221698113208,-0.0,-7.87,12,20,both,Y,FUNDACION_SUP,_,True
LT1:200-I:01,70.64268867924528,16.15,-7.87,70.64268867924528,-0.0,-7.87,12,20,both,Y,FUNDACION_SUP,_,True
LT1:200-I:01,70.84316037735849,16.15,-7.87,70.84316037735849,-0.0,-7.87,12,20,both,Y,FUNDACION_SUP,_,True
LT1:200-I:01,71.04363207547169,16.15,-7.87,71.04363207547169,-0.0,-7.87,12,20,both,Y,FUNDACION_SUP,_,True
LT1:200-I:01,71.2441037735849,16.15,-7.87,71.2441037735849,-0.0,-7.87,12,20,both,Y,FUNDACION_SUP,_,True
LT1:200-I:01,71.44457547169812,16.15,-7.87,71.44457547169812,-0.0,-7.87,12,20,both,Y,FUNDACION_SUP,_,True
LT1:200-I:01,71.64504716981132,16.15,-7.87,71.64504716981132,-0.0,-7.87,12,20,both,Y,FUNDACION_SUP,_,True
LT1:200-I:01,71.84551886792453,16.15,-7.87,71.84551886792453,-0.0,-7.87,12,20,both,Y,FUNDACION_SUP,_,True
LT1:200-I:01,72.04599056603774,16.15,-7.87,72.04599056603774,-0.0,-7.87,12,20,both,Y,FUNDACION_SUP,_,True
LT1:200-I:01,72.24646226415095,16.15,-7.87,72.24646226415095,-0.0,-7.87,12,20,both,Y,FUNDACION_SUP,_,True
LT1:200-I:01,72.44693396226415,16.15,-7.87,72.44693396226415,-0.0,-7.87,12,20,both,Y,FUNDACION_SUP,_,True
LT1:200-I:01,72.64740566037736,16.15,-7.87,72.64740566037736,-0.0,-7.87,12,20,both,Y,FUNDACION_SUP,_,True
LT1:200-I:01,72.84787735849056,16.15,-7.87,72.84787735849056,-0.0,-7.87,12,20,both,Y,FUNDACION_SUP,_,True
LT1:200-I:01,73.04834905660377,16.15,-7.87,73.04834905660377,-0.0,-7.87,12,20,both,Y,FUNDACION_SUP,_,True
LT1:200-I:01,73.24882075471697,16.15,-7.87,73.24882075471697,-0.0,-7.87,12,20,both,Y,FUNDACION_SUP,_,True
LT1:200-I:01,73.44929245283018,16.15,-7.87,73.44929245283018,-0.0,-7.87,12,20,both,Y,FUNDACION_SUP,_,True
LT1:200-I:01,73.6497641509434,16.15,-7.87,73.6497641509434,-0.0,-7.87,12,20,both,Y,FUNDACION_SUP,_,True
LT1:200-I:02,31.25,4.45,-7.87,41.25,4.45,-7.87,12,12,both,X,FUNDACION_SUP,_,True
LT1:200-I:02,31.31024096385542,8.9,-7.87,31.31024096385542,-0.0,-7.87,12,12,both,Y,FUNDACION_SUP,_,True
LT1:200-I:02,31.430722891566266,8.9,-7.87,31.430722891566266,-0.0,-7.87,12,12,both,Y,FUNDACION_SUP,_,True
LT1:200-I:02,31.551204819277107,8.9,-7.87,31.551204819277107,-0.0,-7.87,12,12,both,Y,FUNDACION_SUP,_,True
LT1:200-I:02,31.67168674698795,8.9,-7.87,31.67168674698795,-0.0,-7.87,12,12,both,Y,FUNDACION_SUP,_,True
LT1:200-I:02,31.792168674698797,8.9,-7.87,31.792168674698797,-0.0,-7.87,12,12,both,Y,FUNDACION_SUP,_,True
LT1:200-I:02,31.912650602409638,8.9,-7.87,31.912650602409638,-0.0,-7.87,12,12,both,Y,FUNDACION_SUP,_,True
LT1:200-I:02,32.03313253012048,8.9,-7.87,32.03313253012048,-0.0,-7.87,12,12,both,Y,FUNDACION_SUP,_,True
LT1:200-I:02,32.153614457831324,8.9,-7.87,32.153614457831324,-0.0,-7.87,12,12,both,Y,FUNDACION_SUP,_,True
LT1:200-I:02,32.274096385542165,8.9,-7.87,32.274096385542165,-0.0,-7.87,12,12,both,Y,FUNDACION_SUP,_,True
LT1:200-I:02,32.394578313253014,8.9,-7.87,32.394578313253014,-0.0,-7.87,12,12,both,Y,FUNDACION_SUP,_,True
LT1:200-I:02,32.515060240963855,8.9,-7.87,32.515060240963855,-0.0,-7.87,12,12,both,Y,FUNDACION_SUP,_,True
LT1:200-I:02,32.6355421686747,8.9,-7.87,32.6355421686747,-0.0,-7.87,12,12,both,Y,FUNDACION_SUP,_,True
LT1:200-I:02,32.756024096385545,8.9,-7.87,32.756024096385545,-0.0,-7.87,12,12,both,Y,FUNDACION_SUP,_,True
LT1:200-I:02,32.876506024096386,8.9,-7.87,32.876506024096386,-0.0,-7.87,12,12,both,Y,FUNDACION_SUP,_,True
LT1:200-I:02,32.99698795180723,8.9,-7.87,32.99698795180723,-0.0,-7.87,12,12,both,Y,FUNDACION_SUP,_,True
LT1:200-I:02,33.11746987951807,8.9,-7.87,33.11746987951807,-0.0,-7.87,12,12,both,Y,FUNDACION_SUP,_,True
LT1:200-I:02,33.23795180722892,8.9,-7.87,33.23795180722892,-0.0,-7.87,12,12,both,Y,FUNDACION_SUP,_,True
LT1:200-I:02,33.35843373493976,8.9,-7.87,33.35843373493976,-0.0,-7.87,12,12,both,Y,FUNDACION_SUP,_,True
LT1:200-I:02,33.4789156626506,8.9,-7.87,33.4789156626506,-0.0,-7.87,12,12,both,Y,FUNDACION_SUP,_,True
LT1:200-I:02,33.59939759036145,8.9,-7.87,33.59939759036145,-0.0,-7.87,12,12,both,Y,FUNDACION_SUP,_,True
LT1:200-I:02,33.71987951807229,8.9,-7.87,33.71987951807229,-0.0,-7.87,12,12,both,Y,FUNDACION_SUP,_,True
LT1:200-I:02,33.84036144578313,8.9,-7.87,33.84036144578313,-0.0,-7.87,12,12,both,Y,FUNDACION_SUP,_,True
LT1:200-I:02,33.96084337349397,8.9,-7.87,33.96084337349397,-0.0,-7.87,12,12,both,Y,FUNDACION_SUP,_,True
LT1:200-I:02,34.08132530120482,8.9,-7.87,34.08132530120482,-0.0,-7.87,12,12,both,Y,FUNDACION_SUP,_,True
LT1:200-I:02,34.20180722891566,8.9,-7.87,34.20180722891566,-0.0,-7.87,12,12,both,Y,FUNDACION_SUP,_,True
LT1:200-I:02,34.3222891566265,8.9,-7.87,34.3222891566265,-0.0,-7.87,12,12,both,Y,FUNDACION_SUP,_,True
LT1:200-I:02,34.44277108433735,8.9,-7.87,34.44277108433735,-0.0,-7.87,12,12,both,Y,FUNDACION_SUP,_,True
LT1:200-I:02,34.56325301204819,8.9,-7.87,34.56325301204819,-0.0,-7.87,12,12,both,Y,FUNDACION_SUP,_,True
LT1:200-I:02,34.683734939759034,8.9,-7.87,34.683734939759034,-0.0,-7.87,12,12,both,Y,FUNDACION_SUP,_,True
LT1:200-I:02,34.804216867469876,8.9,-7.87,34.804216867469876,-0.0,-7.87,12,12,both,Y,FUNDACION_SUP,_,True
LT1:200-I:02,34.924698795180724,8.9,-7.87,34.924698795180724,-0.0,-7.87,12,12,both,Y,FUNDACION_SUP,_,True
LT1:200-I:02,35.045180722891565,8.9,-7.87,35.045180722891565,-0.0,-7.87,12,12,both,Y,FUNDACION_SUP,_,True
LT1:200-I:02,35.16566265060241,8.9,-7.87,35.16566265060241,-0.0,-7.87,12,12,both,Y,FUNDACION_SUP,_,True
LT1:200-I:02,35.286144578313255,8.9,-7.87,35.286144578313255,-0.0,-7.87,12,12,both,Y,FUNDACION_SUP,_,True
LT1:200-I:02,35.4066265060241,8.9,-7.87,35.4066265060241,-0.0,-7.87,12,12,both,Y,FUNDACION_SUP,_,True
LT1:200-I:02,35.52710843373494,8.9,-7.87,35.52710843373494,-0.0,-7.87,12,12,both,Y,FUNDACION_SUP,_,True
LT1:200-I:02,35.64759036144578,8.9,-7.87,35.64759036144578,-0.0,-7.87,12,12,both,Y,FUNDACION_SUP,_,True
LT1:200-I:02,35.76807228915663,8.9,-7.87,35.76807228915663,-0.0,-7.87,12,12,both,Y,FUNDACION_SUP,_,True
LT1:200-I:02,35.88855421686747,8.9,-7.87,35.88855421686747,-0.0,-7.87,12,12,both,Y,FUNDACION_SUP,_,True
LT1:200-I:02,36.00903614457831,8.9,-7.87,36.00903614457831,-0.0,-7.87,12,12,both,Y,FUNDACION_SUP,_,True
LT1:200-I:02,36.12951807228916,8.9,-7.87,36.12951807228916,-0.0,-7.87,12,12,both,Y,FUNDACION_SUP,_,True
LT1:200-I:02,36.25,8.9,-7.87,36.25,-0.0,-7.87,12,12,both,Y,FUNDACION_SUP,_,True
LT1:200-I:02,36.37048192771084,8.9,-7.87,36.37048192771084,-0.0,-7.87,12,12,both,Y,FUNDACION_SUP,_,True
LT1:200-I:02,36.49096385542169,8.9,-7.87,36.49096385542169,-0.0,-7.87,12,12,both,Y,FUNDACION_SUP,_,True
LT1:200-I:02,36.61144578313253,8.9,-7.87,36.61144578313253,-0.0,-7.87,12,12,both,Y,FUNDACION_SUP,_,True
LT1:200-I:02,36.73192771084337,8.9,-7.87,36.73192771084337,-0.0,-7.87,12,12,both,Y,FUNDACION_SUP,_,True
LT1:200-I:02,36.85240963855422,8.9,-7.87,36.85240963855422,-0.0,-7.87,12,12,both,Y,FUNDACION_SUP,_,True
LT1:200-I:02,36.97289156626506,8.9,-7.87,36.97289156626506,-0.0,-7.87,12,12,both,Y,FUNDACION_SUP,_,True
LT1:200-I:02,37.0933734939759,8.9,-7.87,37.0933734939759,-0.0,-7.87,12,12,both,Y,FUNDACION_SUP,_,True
LT1:200-I:02,37.213855421686745,8.9,-7.87,37.213855421686745,-0.0,-7.87,12,12,both,Y,FUNDACION_SUP,_,True
LT1:200-I:02,37.33433734939759,8.9,-7.87,37.33433734939759,-0.0,-7.87,12,12,both,Y,FUNDACION_SUP,_,True
LT1:200-I:02,37.454819277108435,8.9,-7.87,37.454819277108435,-0.0,-7.87,12,12,both,Y,FUNDACION_SUP,_,True
LT1:200-I:02,37.575301204819276,8.9,-7.87,37.575301204819276,-0.0,-7.87,12,12,both,Y,FUNDACION_SUP,_,True
LT1:200-I:02,37.695783132530124,8.9,-7.87,37.695783132530124,-0.0,-7.87,12,12,both,Y,FUNDACION_SUP,_,True
LT1:200-I:02,37.816265060240966,8.9,-7.87,37.816265060240966,-0.0,-7.87,12,12,both,Y,FUNDACION_SUP,_,True
LT1:200-I:02,37.93674698795181,8.9,-7.87,37.93674698795181,-0.0,-7.87,12,12,both,Y,FUNDACION_SUP,_,True
LT1:200-I:02,38.05722891566265,8.9,-7.87,38.05722891566265,-0.0,-7.87,12,12,both,Y,FUNDACION_SUP,_,True
LT1:200-I:02,38.1777108433735,8.9,-7.87,38.1777108433735,-0.0,-7.87,12,12,both,Y,FUNDACION_SUP,_,True
LT1:200-I:02,38.29819277108434,8.9,-7.87,38.29819277108434,-0.0,-7.87,12,12,both,Y,FUNDACION_SUP,_,True
LT1:200-I:02,38.41867469879518,8.9,-7.87,38.41867469879518,-0.0,-7.87,12,12,both,Y,FUNDACION_SUP,_,True
LT1:200-I:02,38.53915662650603,8.9,-7.87,38.53915662650603,-0.0,-7.87,12,12,both,Y,FUNDACION_SUP,_,True
LT1:200-I:02,38.65963855421687,8.9,-7.87,38.65963855421687,-0.0,-7.87,12,12,both,Y,FUNDACION_SUP,_,True
LT1:200-I:02,38.78012048192771,8.9,-7.87,38.78012048192771,-0.0,-7.87,12,12,both,Y,FUNDACION_SUP,_,True
LT1:200-I:02,38.90060240963855,8.9,-7.87,38.90060240963855,-0.0,-7.87,12,12,both,Y,FUNDACION_SUP,_,True
LT1:200-I:02,39.0210843373494,8.9,-7.87,39.0210843373494,-0.0,-7.87,12,12,both,Y,FUNDACION_SUP,_,True
LT1:200-I:02,39.14156626506024,8.9,-7.87,39.14156626506024,-0.0,-7.87,12,12,both,Y,FUNDACION_SUP,_,True
LT1:200-I:02,39.26204819277108,8.9,-7.87,39.26204819277108,-0.0,-7.87,12,12,both,Y,FUNDACION_SUP,_,True
LT1:200-I:02,39.38253012048193,8.9,-7.87,39.38253012048193,-0.0,-7.87,12,12,both,Y,FUNDACION_SUP,_,True
LT1:200-I:02,39.50301204819277,8.9,-7.87,39.50301204819277,-0.0,-7.87,12,12,both,Y,FUNDACION_SUP,_,True
LT1:200-I:02,39.623493975903614,8.9,-7.87,39.623493975903614,-0.0,-7.87,12,12,both,Y,FUNDACION_SUP,_,True
LT1:200-I:02,39.743975903614455,8.9,-7.87,39.743975903614455,-0.0,-7.87,12,12,both,Y,FUNDACION_SUP,_,True
LT1:200-I:02,39.8644578313253,8.9,-7.87,39.8644578313253,-0.0,-7.87,12,12,both,Y,FUNDACION_SUP,_,True
LT1:200-I:02,39.984939759036145,8.9,-7.87,39.984939759036145,-0.0,-7.87,12,12,both,Y,FUNDACION_SUP,_,True
LT1:200-I:02,40.105421686746986,8.9,-7.87,40.105421686746986,-0.0,-7.87,12,12,both,Y,FUNDACION_SUP,_,True
LT1:200-I:02,40.225903614457835,8.9,-7.87,40.225903614457835,-0.0,-7.87,12,12,both,Y,FUNDACION_SUP,_,True
LT1:200-I:02,40.346385542168676,8.9,-7.87,40.346385542168676,-0.0,-7.87,12,12,both,Y,FUNDACION_SUP,_,True
LT1:200-I:02,40.46686746987952,8.9,-7.87,40.46686746987952,-0.0,-7.87,12,12,both,Y,FUNDACION_SUP,_,True
LT1:200-I:02,40.58734939759036,8.9,-7.87,40.58734939759036,-0.0,-7.87,12,12,both,Y,FUNDACION_SUP,_,True
LT1:200-I:02,40.70783132530121,8.9,-7.87,40.70783132530121,-0.0,-7.87,12,12,both,Y,FUNDACION_SUP,_,True
LT1:200-I:02,40.82831325301205,8.9,-7.87,40.82831325301205,-0.0,-7.87,12,12,both,Y,FUNDACION_SUP,_,True
LT1:200-I:02,40.94879518072289,8.9,-7.87,40.94879518072289,-0.0,-7.87,12,12,both,Y,FUNDACION_SUP,_,True
LT1:200-I:02,41.06927710843374,8.9,-7.87,41.06927710843374,-0.0,-7.87,12,12,both,Y,FUNDACION_SUP,_,True
LT1:200-I:02,41.18975903614458,8.9,-7.87,41.18975903614458,-0.0,-7.87,12,12,both,Y,FUNDACION_SUP,_,True
LT1:200-I:03,31.25,12.524999999999999,-7.87,41.25,12.524999999999999,-7.87,22,13,both,X,FUNDACION_SUP,_,True
LT1:200-I:03,31.314935064935064,16.15,-7.87,31.314935064935064,8.9,-7.87,22,13,both,Y,FUNDACION_SUP,_,True
LT1:200-I:03,31.444805194805195,16.15,-7.87,31.444805194805195,8.9,-7.87,22,13,both,Y,FUNDACION_SUP,_,True
LT1:200-I:03,31.574675324675326,16.15,-7.87,31.574675324675326,8.9,-7.87,22,13,both,Y,FUNDACION_SUP,_,True
LT1:200-I:03,31.704545454545453,16.15,-7.87,31.704545454545453,8.9,-7.87,22,13,both,Y,FUNDACION_SUP,_,True
LT1:200-I:03,31.834415584415584,16.15,-7.87,31.834415584415584,8.9,-7.87,22,13,both,Y,FUNDACION_SUP,_,True
LT1:200-I:03,31.964285714285715,16.15,-7.87,31.964285714285715,8.9,-7.87,22,13,both,Y,FUNDACION_SUP,_,True
LT1:200-I:03,32.09415584415584,16.15,-7.87,32.09415584415584,8.9,-7.87,22,13,both,Y,FUNDACION_SUP,_,True
LT1:200-I:03,32.22402597402598,16.15,-7.87,32.22402597402598,8.9,-7.87,22,13,both,Y,FUNDACION_SUP,_,True
LT1:200-I:03,32.353896103896105,16.15,-7.87,32.353896103896105,8.9,-7.87,22,13,both,Y,FUNDACION_SUP,_,True
LT1:200-I:03,32.48376623376623,16.15,-7.87,32.48376623376623,8.9,-7.87,22,13,both,Y,FUNDACION_SUP,_,True
LT1:200-I:03,32.61363636363637,16.15,-7.87,32.61363636363637,8.9,-7.87,22,13,both,Y,FUNDACION_SUP,_,True
LT1:200-I:03,32.743506493506494,16.15,-7.87,32.743506493506494,8.9,-7.87,22,13,both,Y,FUNDACION_SUP,_,True
LT1:200-I:03,32.87337662337662,16.15,-7.87,32.87337662337662,8.9,-7.87,22,13,both,Y,FUNDACION_SUP,_,True
LT1:200-I:03,33.003246753246756,16.15,-7.87,33.003246753246756,8.9,-7.87,22,13,both,Y,FUNDACION_SUP,_,True
LT1:200-I:03,33.133116883116884,16.15,-7.87,33.133116883116884,8.9,-7.87,22,13,both,Y,FUNDACION_SUP,_,True
LT1:200-I:03,33.26298701298701,16.15,-7.87,33.26298701298701,8.9,-7.87,22,13,both,Y,FUNDACION_SUP,_,True
LT1:200-I:03,33.392857142857146,16.15,-7.87,33.392857142857146,8.9,-7.87,22,13,both,Y,FUNDACION_SUP,_,True
LT1:200-I:03,33.52272727272727,16.15,-7.87,33.52272727272727,8.9,-7.87,22,13,both,Y,FUNDACION_SUP,_,True
LT1:200-I:03,33.6525974025974,16.15,-7.87,33.6525974025974,8.9,-7.87,22,13,both,Y,FUNDACION_SUP,_,True
LT1:200-I:03,33.782467532467535,16.15,-7.87,33.782467532467535,8.9,-7.87,22,13,both,Y,FUNDACION_SUP,_,True
LT1:200-I:03,33.91233766233766,16.15,-7.87,33.91233766233766,8.9,-7.87,22,13,both,Y,FUNDACION_SUP,_,True
LT1:200-I:03,34.04220779220779,16.15,-7.87,34.04220779220779,8.9,-7.87,22,13,both,Y,FUNDACION_SUP,_,True
LT1:200-I:03,34.172077922077925,16.15,-7.87,34.172077922077925,8.9,-7.87,22,13,both,Y,FUNDACION_SUP,_,True
LT1:200-I:03,34.30194805194805,16.15,-7.87,34.30194805194805,8.9,-7.87,22,13,both,Y,FUNDACION_SUP,_,True
LT1:200-I:03,34.43181818181818,16.15,-7.87,34.43181818181818,8.9,-7.87,22,13,both,Y,FUNDACION_SUP,_,True
LT1:200-I:03,34.561688311688314,16.15,-7.87,34.561688311688314,8.9,-7.87,22,13,both,Y,FUNDACION_SUP,_,True
LT1:200-I:03,34.69155844155844,16.15,-7.87,34.69155844155844,8.9,-7.87,22,13,both,Y,FUNDACION_SUP,_,True
LT1:200-I:03,34.82142857142857,16.15,-7.87,34.82142857142857,8.9,-7.87,22,13,both,Y,FUNDACION_SUP,_,True
LT1:200-I:03,34.951298701298704,16.15,-7.87,34.951298701298704,8.9,-7.87,22,13,both,Y,FUNDACION_SUP,_,True
LT1:200-I:03,35.08116883116883,16.15,-7.87,35.08116883116883,8.9,-7.87,22,13,both,Y,FUNDACION_SUP,_,True
LT1:200-I:03,35.21103896103896,16.15,-7.87,35.21103896103896,8.9,-7.87,22,13,both,Y,FUNDACION_SUP,_,True
LT1:200-I:03,35.34090909090909,16.15,-7.87,35.34090909090909,8.9,-7.87,22,13,both,Y,FUNDACION_SUP,_,True
LT1:200-I:03,35.47077922077922,16.15,-7.87,35.47077922077922,8.9,-7.87,22,13,both,Y,FUNDACION_SUP,_,True
LT1:200-I:03,35.60064935064935,16.15,-7.87,35.60064935064935,8.9,-7.87,22,13,both,Y,FUNDACION_SUP,_,True
LT1:200-I:03,35.73051948051948,16.15,-7.87,35.73051948051948,8.9,-7.87,22,13,both,Y,FUNDACION_SUP,_,True
LT1:200-I:03,35.86038961038961,16.15,-7.87,35.86038961038961,8.9,-7.87,22,13,both,Y,FUNDACION_SUP,_,True
LT1:200-I:03,35.99025974025974,16.15,-7.87,35.99025974025974,8.9,-7.87,22,13,both,Y,FUNDACION_SUP,_,True
LT1:200-I:03,36.12012987012987,16.15,-7.87,36.12012987012987,8.9,-7.87,22,13,both,Y,FUNDACION_SUP,_,True
LT1:200-I:03,36.25,16.15,-7.87,36.25,8.9,-7.87,22,13,both,Y,FUNDACION_SUP,_,True
LT1:200-I:03,36.37987012987013,16.15,-7.87,36.37987012987013,8.9,-7.87,22,13,both,Y,FUNDACION_SUP,_,True
LT1:200-I:03,36.50974025974026,16.15,-7.87,36.50974025974026,8.9,-7.87,22,13,both,Y,FUNDACION_SUP,_,True
LT1:200-I:03,36.63961038961039,16.15,-7.87,36.63961038961039,8.9,-7.87,22,13,both,Y,FUNDACION_SUP,_,True
LT1:200-I:03,36.76948051948052,16.15,-7.87,36.76948051948052,8.9,-7.87,22,13,both,Y,FUNDACION_SUP,_,True
LT1:200-I:03,36.89935064935065,16.15,-7.87,36.89935064935065,8.9,-7.87,22,13,both,Y,FUNDACION_SUP,_,True
LT1:200-I:03,37.02922077922078,16.15,-7.87,37.02922077922078,8.9,-7.87,22,13,both,Y,FUNDACION_SUP,_,True
LT1:200-I:03,37.15909090909091,16.15,-7.87,37.15909090909091,8.9,-7.87,22,13,both,Y,FUNDACION_SUP,_,True
LT1:200-I:03,37.28896103896104,16.15,-7.87,37.28896103896104,8.9,-7.87,22,13,both,Y,FUNDACION_SUP,_,True
LT1:200-I:03,37.41883116883117,16.15,-7.87,37.41883116883117,8.9,-7.87,22,13,both,Y,FUNDACION_SUP,_,True
LT1:200-I:03,37.548701298701296,16.15,-7.87,37.548701298701296,8.9,-7.87,22,13,both,Y,FUNDACION_SUP,_,True
LT1:200-I:03,37.67857142857143,16.15,-7.87,37.67857142857143,8.9,-7.87,22,13,both,Y,FUNDACION_SUP,_,True
LT1:200-I:03,37.80844155844156,16.15,-7.87,37.80844155844156,8.9,-7.87,22,13,both,Y,FUNDACION_SUP,_,True
LT1:200-I:03,37.938311688311686,16.15,-7.87,37.938311688311686,8.9,-7.87,22,13,both,Y,FUNDACION_SUP,_,True
LT1:200-I:03,38.06818181818182,16.15,-7.87,38.06818181818182,8.9,-7.87,22,13,both,Y,FUNDACION_SUP,_,True
LT1:200-I:03,38.19805194805195,16.15,-7.87,38.19805194805195,8.9,-7.87,22,13,both,Y,FUNDACION_SUP,_,True
LT1:200-I:03,38.327922077922075,16.15,-7.87,38.327922077922075,8.9,-7.87,22,13,both,Y,FUNDACION_SUP,_,True
LT1:200-I:03,38.45779220779221,16.15,-7.87,38.45779220779221,8.9,-7.87,22,13,both,Y,FUNDACION_SUP,_,True
LT1:200-I:03,38.58766233766234,16.15,-7.87,38.58766233766234,8.9,-7.87,22,13,both,Y,FUNDACION_SUP,_,True
LT1:200-I:03,38.717532467532465,16.15,-7.87,38.717532467532465,8.9,-7.87,22,13,both,Y,FUNDACION_SUP,_,True
LT1:200-I:03,38.8474025974026,16.15,-7.87,38.8474025974026,8.9,-7.87,22,13,both,Y,FUNDACION_SUP,_,True
LT1:200-I:03,38.97727272727273,16.15,-7.87,38.97727272727273,8.9,-7.87,22,13,both,Y,FUNDACION_SUP,_,True
LT1:200-I:03,39.107142857142854,16.15,-7.87,39.107142857142854,8.9,-7.87,22,13,both,Y,FUNDACION_SUP,_,True
LT1:200-I:03,39.23701298701299,16.15,-7.87,39.23701298701299,8.9,-7.87,22,13,both,Y,FUNDACION_SUP,_,True
LT1:200-I:03,39.366883116883116,16.15,-7.87,39.366883116883116,8.9,-7.87,22,13,both,Y,FUNDACION_SUP,_,True
LT1:200-I:03,39.496753246753244,16.15,-7.87,39.496753246753244,8.9,-7.87,22,13,both,Y,FUNDACION_SUP,_,True
LT1:200-I:03,39.62662337662338,16.15,-7.87,39.62662337662338,8.9,-7.87,22,13,both,Y,FUNDACION_SUP,_,True
LT1:200-I:03,39.756493506493506,16.15,-7.87,39.756493506493506,8.9,-7.87,22,13,both,Y,FUNDACION_SUP,_,True
LT1:200-I:03,39.88636363636364,16.15,-7.87,39.88636363636364,8.9,-7.87,22,13,both,Y,FUNDACION_SUP,_,True
LT1:200-I:03,40.01623376623377,16.15,-7.87,40.01623376623377,8.9,-7.87,22,13,both,Y,FUNDACION_SUP,_,True
LT1:200-I:03,40.146103896103895,16.15,-7.87,40.146103896103895,8.9,-7.87,22,13,both,Y,FUNDACION_SUP,_,True
LT1:200-I:03,40.27597402597402,16.15,-7.87,40.27597402597402,8.9,-7.87,22,13,both,Y,FUNDACION_SUP,_,True
LT1:200-I:03,40.40584415584416,16.15,-7.87,40.40584415584416,8.9,-7.87,22,13,both,Y,FUNDACION_SUP,_,True
LT1:200-I:03,40.535714285714285,16.15,-7.87,40.535714285714285,8.9,-7.87,22,13,both,Y,FUNDACION_SUP,_,True
LT1:200-I:03,40.66558441558442,16.15,-7.87,40.66558441558442,8.9,-7.87,22,13,both,Y,FUNDACION_SUP,_,True
LT1:200-I:03,40.79545454545455,16.15,-7.87,40.79545454545455,8.9,-7.87,22,13,both,Y,FUNDACION_SUP,_,True
LT1:200-I:03,40.925324675324674,16.15,-7.87,40.925324675324674,8.9,-7.87,22,13,both,Y,FUNDACION_SUP,_,True
LT1:200-I:03,41.0551948051948,16.15,-7.87,41.0551948051948,8.9,-7.87,22,13,both,Y,FUNDACION_SUP,_,True
LT1:200-I:03,41.185064935064936,16.15,-7.87,41.185064935064936,8.9,-7.87,22,13,both,Y,FUNDACION_SUP,_,True
LT1:200-S:01,31.25,8.075,-7.87,73.75,8.075,-7.87,12,20,both,X,FUNDACION_SUP,_,True
LT1:200-S:01,31.350235849056602,16.15,-7.87,31.350235849056602,-0.0,-7.87,12,20,both,Y,FUNDACION_SUP,_,True
LT1:200-S:01,31.55070754716981,16.15,-7.87,31.55070754716981,-0.0,-7.87,12,20,both,Y,FUNDACION_SUP,_,True
LT1:200-S:01,31.75117924528302,16.15,-7.87,31.75117924528302,-0.0,-7.87,12,20,both,Y,FUNDACION_SUP,_,True
LT1:200-S:01,31.951650943396228,16.15,-7.87,31.951650943396228,-0.0,-7.87,12,20,both,Y,FUNDACION_SUP,_,True
LT1:200-S:01,32.152122641509436,16.15,-7.87,32.152122641509436,-0.0,-7.87,12,20,both,Y,FUNDACION_SUP,_,True
LT1:200-S:01,32.35259433962264,16.15,-7.87,32.35259433962264,-0.0,-7.87,12,20,both,Y,FUNDACION_SUP,_,True
LT1:200-S:01,32.553066037735846,16.15,-7.87,32.553066037735846,-0.0,-7.87,12,20,both,Y,FUNDACION_SUP,_,True
LT1:200-S:01,32.75353773584906,16.15,-7.87,32.75353773584906,-0.0,-7.87,12,20,both,Y,FUNDACION_SUP,_,True
LT1:200-S:01,32.95400943396226,16.15,-7.87,32.95400943396226,-0.0,-7.87,12,20,both,Y,FUNDACION_SUP,_,True
LT1:200-S:01,33.154481132075475,16.15,-7.87,33.154481132075475,-0.0,-7.87,12,20,both,Y,FUNDACION_SUP,_,True
LT1:200-S:01,33.35495283018868,16.15,-7.87,33.35495283018868,-0.0,-7.87,12,20,both,Y,FUNDACION_SUP,_,True
LT1:200-S:01,33.555424528301884,16.15,-7.87,33.555424528301884,-0.0,-7.87,12,20,both,Y,FUNDACION_SUP,_,True
LT1:200-S:01,33.755896226415096,16.15,-7.87,33.755896226415096,-0.0,-7.87,12,20,both,Y,FUNDACION_SUP,_,True
LT1:200-S:01,33.9563679245283,16.15,-7.87,33.9563679245283,-0.0,-7.87,12,20,both,Y,FUNDACION_SUP,_,True
LT1:200-S:01,34.15683962264151,16.15,-7.87,34.15683962264151,-0.0,-7.87,12,20,both,Y,FUNDACION_SUP,_,True
LT1:200-S:01,34.35731132075472,16.15,-7.87,34.35731132075472,-0.0,-7.87,12,20,both,Y,FUNDACION_SUP,_,True
LT1:200-S:01,34.55778301886792,16.15,-7.87,34.55778301886792,-0.0,-7.87,12,20,both,Y,FUNDACION_SUP,_,True
LT1:200-S:01,34.758254716981135,16.15,-7.87,34.758254716981135,-0.0,-7.87,12,20,both,Y,FUNDACION_SUP,_,True
LT1:200-S:01,34.95872641509434,16.15,-7.87,34.95872641509434,-0.0,-7.87,12,20,both,Y,FUNDACION_SUP,_,True
LT1:200-S:01,35.159198113207545,16.15,-7.87,35.159198113207545,-0.0,-7.87,12,20,both,Y,FUNDACION_SUP,_,True
LT1:200-S:01,35.35966981132076,16.15,-7.87,35.35966981132076,-0.0,-7.87,12,20,both,Y,FUNDACION_SUP,_,True
LT1:200-S:01,35.56014150943396,16.15,-7.87,35.56014150943396,-0.0,-7.87,12,20,both,Y,FUNDACION_SUP,_,True
LT1:200-S:01,35.760613207547166,16.15,-7.87,35.760613207547166,-0.0,-7.87,12,20,both,Y,FUNDACION_SUP,_,True
LT1:200-S:01,35.96108490566038,16.15,-7.87,35.96108490566038,-0.0,-7.87,12,20,both,Y,FUNDACION_SUP,_,True
LT1:200-S:01,36.16155660377358,16.15,-7.87,36.16155660377358,-0.0,-7.87,12,20,both,Y,FUNDACION_SUP,_,True
LT1:200-S:01,36.362028301886795,16.15,-7.87,36.362028301886795,-0.0,-7.87,12,20,both,Y,FUNDACION_SUP,_,True
LT1:200-S:01,36.5625,16.15,-7.87,36.5625,-0.0,-7.87,12,20,both,Y,FUNDACION_SUP,_,True
LT1:200-S:01,36.762971698113205,16.15,-7.87,36.762971698113205,-0.0,-7.87,12,20,both,Y,FUNDACION_SUP,_,True
LT1:200-S:01,36.96344339622642,16.15,-7.87,36.96344339622642,-0.0,-7.87,12,20,both,Y,FUNDACION_SUP,_,True
LT1:200-S:01,37.16391509433962,16.15,-7.87,37.16391509433962,-0.0,-7.87,12,20,both,Y,FUNDACION_SUP,_,True
LT1:200-S:01,37.364386792452834,16.15,-7.87,37.364386792452834,-0.0,-7.87,12,20,both,Y,FUNDACION_SUP,_,True
LT1:200-S:01,37.56485849056604,16.15,-7.87,37.56485849056604,-0.0,-7.87,12,20,both,Y,FUNDACION_SUP,_,True
LT1:200-S:01,37.76533018867924,16.15,-7.87,37.76533018867924,-0.0,-7.87,12,20,both,Y,FUNDACION_SUP,_,True
LT1:200-S:01,37.965801886792455,16.15,-7.87,37.965801886792455,-0.0,-7.87,12,20,both,Y,FUNDACION_SUP,_,True
LT1:200-S:01,38.16627358490566,16.15,-7.87,38.16627358490566,-0.0,-7.87,12,20,both,Y,FUNDACION_SUP,_,True
LT1:200-S:01,38.366745283018865,16.15,-7.87,38.366745283018865,-0.0,-7.87,12,20,both,Y,FUNDACION_SUP,_,True
LT1:200-S:01,38.56721698113208,16.15,-7.87,38.56721698113208,-0.0,-7.87,12,20,both,Y,FUNDACION_SUP,_,True
LT1:200-S:01,38.76768867924528,16.15,-7.87,38.76768867924528,-0.0,-7.87,12,20,both,Y,FUNDACION_SUP,_,True
LT1:200-S:01,38.96816037735849,16.15,-7.87,38.96816037735849,-0.0,-7.87,12,20,both,Y,FUNDACION_SUP,_,True
LT1:200-S:01,39.1686320754717,16.15,-7.87,39.1686320754717,-0.0,-7.87,12,20,both,Y,FUNDACION_SUP,_,True
LT1:200-S:01,39.369103773584904,16.15,-7.87,39.369103773584904,-0.0,-7.87,12,20,both,Y,FUNDACION_SUP,_,True
LT1:200-S:01,39.569575471698116,16.15,-7.87,39.569575471698116,-0.0,-7.87,12,20,both,Y,FUNDACION_SUP,_,True
LT1:200-S:01,39.77004716981132,16.15,-7.87,39.77004716981132,-0.0,-7.87,12,20,both,Y,FUNDACION_SUP,_,True
LT1:200-S:01,39.970518867924525,16.15,-7.87,39.970518867924525,-0.0,-7.87,12,20,both,Y,FUNDACION_SUP,_,True
LT1:200-S:01,40.17099056603774,16.15,-7.87,40.17099056603774,-0.0,-7.87,12,20,both,Y,FUNDACION_SUP,_,True
LT1:200-S:01,40.37146226415094,16.15,-7.87,40.37146226415094,-0.0,-7.87,12,20,both,Y,FUNDACION_SUP,_,True
LT1:200-S:01,40.571933962264154,16.15,-7.87,40.571933962264154,-0.0,-7.87,12,20,both,Y,FUNDACION_SUP,_,True
LT1:200-S:01,40.77240566037736,16.15,-7.87,40.77240566037736,-0.0,-7.87,12,20,both,Y,FUNDACION_SUP,_,True
LT1:200-S:01,40.972877358490564,16.15,-7.87,40.972877358490564,-0.0,-7.87,12,20,both,Y,FUNDACION_SUP,_,True
LT1:200-S:01,41.173349056603776,16.15,-7.87,41.173349056603776,-0.0,-7.87,12,20,both,Y,FUNDACION_SUP,_,True
LT1:200-S:01,41.37382075471698,16.15,-7.87,41.37382075471698,-0.0,-7.87,12,20,both,Y,FUNDACION_SUP,_,True
LT1:200-S:01,41.57429245283019,16.15,-7.87,41.57429245283019,-0.0,-7.87,12,20,both,Y,FUNDACION_SUP,_,True
LT1:200-S:01,41.7747641509434,16.15,-7.87,41.7747641509434,-0.0,-7.87,12,20,both,Y,FUNDACION_SUP,_,True
LT1:200-S:01,41.9752358490566,16.15,-7.87,41.9752358490566,-0.0,-7.87,12,20,both,Y,FUNDACION_SUP,_,True
LT1:200-S:01,42.17570754716981,16.15,-7.87,42.17570754716981,-0.0,-7.87,12,20,both,Y,FUNDACION_SUP,_,True
LT1:200-S:01,42.37617924528302,16.15,-7.87,42.37617924528302,-0.0,-7.87,12,20,both,Y,FUNDACION_SUP,_,True
LT1:200-S:01,42.576650943396224,16.15,-7.87,42.576650943396224,-0.0,-7.87,12,20,both,Y,FUNDACION_SUP,_,True
LT1:200-S:01,42.777122641509436,16.15,-7.87,42.777122641509436,-0.0,-7.87,12,20,both,Y,FUNDACION_SUP,_,True
LT1:200-S:01,42.97759433962264,16.15,-7.87,42.97759433962264,-0.0,-7.87,12,20,both,Y,FUNDACION_SUP,_,True
LT1:200-S:01,43.178066037735846,16.15,-7.87,43.178066037735846,-0.0,-7.87,12,20,both,Y,FUNDACION_SUP,_,True
LT1:200-S:01,43.37853773584906,16.15,-7.87,43.37853773584906,-0.0,-7.87,12,20,both,Y,FUNDACION_SUP,_,True
LT1:200-S:01,43.57900943396226,16.15,-7.87,43.57900943396226,-0.0,-7.87,12,20,both,Y,FUNDACION_SUP,_,True
LT1:200-S:01,43.779481132075475,16.15,-7.87,43.779481132075475,-0.0,-7.87,12,20,both,Y,FUNDACION_SUP,_,True
LT1:200-S:01,43.97995283018868,16.15,-7.87,43.97995283018868,-0.0,-7.87,12,20,both,Y,FUNDACION_SUP,_,True
LT1:200-S:01,44.180424528301884,16.15,-7.87,44.180424528301884,-0.0,-7.87,12,20,both,Y,FUNDACION_SUP,_,True
LT1:200-S:01,44.380896226415096,16.15,-7.87,44.380896226415096,-0.0,-7.87,12,20,both,Y,FUNDACION_SUP,_,True
LT1:200-S:01,44.5813679245283,16.15,-7.87,44.5813679245283,-0.0,-7.87,12,20,both,Y,FUNDACION_SUP,_,True
LT1:200-S:01,44.78183962264151,16.15,-7.87,44.78183962264151,-0.0,-7.87,12,20,both,Y,FUNDACION_SUP,_,True
LT1:200-S:01,44.98231132075472,16.15,-7.87,44.98231132075472,-0.0,-7.87,12,20,both,Y,FUNDACION_SUP,_,True
LT1:200-S:01,45.18278301886792,16.15,-7.87,45.18278301886792,-0.0,-7.87,12,20,both,Y,FUNDACION_SUP,_,True
LT1:200-S:01,45.38325471698113,16.15,-7.87,45.38325471698113,-0.0,-7.87,12,20,both,Y,FUNDACION_SUP,_,True
LT1:200-S:01,45.58372641509434,16.15,-7.87,45.58372641509434,-0.0,-7.87,12,20,both,Y,FUNDACION_SUP,_,True
LT1:200-S:01,45.784198113207545,16.15,-7.87,45.784198113207545,-0.0,-7.87,12,20,both,Y,FUNDACION_SUP,_,True
LT1:200-S:01,45.98466981132076,16.15,-7.87,45.98466981132076,-0.0,-7.87,12,20,both,Y,FUNDACION_SUP,_,True
LT1:200-S:01,46.18514150943396,16.15,-7.87,46.18514150943396,-0.0,-7.87,12,20,both,Y,FUNDACION_SUP,_,True
LT1:200-S:01,46.385613207547166,16.15,-7.87,46.385613207547166,-0.0,-7.87,12,20,both,Y,FUNDACION_SUP,_,True
LT1:200-S:01,46.58608490566038,16.15,-7.87,46.58608490566038,-0.0,-7.87,12,20,both,Y,FUNDACION_SUP,_,True
LT1:200-S:01,46.78655660377358,16.15,-7.87,46.78655660377358,-0.0,-7.87,12,20,both,Y,FUNDACION_SUP,_,True
LT1:200-S:01,46.987028301886795,16.15,-7.87,46.987028301886795,-0.0,-7.87,12,20,both,Y,FUNDACION_SUP,_,True
LT1:200-S:01,47.1875,16.15,-7.87,47.1875,-0.0,-7.87,12,20,both,Y,FUNDACION_SUP,_,True
LT1:200-S:01,47.387971698113205,16.15,-7.87,47.387971698113205,-0.0,-7.87,12,20,both,Y,FUNDACION_SUP,_,True
LT1:200-S:01,47.58844339622642,16.15,-7.87,47.58844339622642,-0.0,-7.87,12,20,both,Y,FUNDACION_SUP,_,True
LT1:200-S:01,47.78891509433962,16.15,-7.87,47.78891509433962,-0.0,-7.87,12,20,both,Y,FUNDACION_SUP,_,True
LT1:200-S:01,47.989386792452834,16.15,-7.87,47.989386792452834,-0.0,-7.87,12,20,both,Y,FUNDACION_SUP,_,True
LT1:200-S:01,48.18985849056604,16.15,-7.87,48.18985849056604,-0.0,-7.87,12,20,both,Y,FUNDACION_SUP,_,True
LT1:200-S:01,48.39033018867924,16.15,-7.87,48.39033018867924,-0.0,-7.87,12,20,both,Y,FUNDACION_SUP,_,True
LT1:200-S:01,48.59080188679245,16.15,-7.87,48.59080188679245,-0.0,-7.87,12,20,both,Y,FUNDACION_SUP,_,True
LT1:200-S:01,48.79127358490566,16.15,-7.87,48.79127358490566,-0.0,-7.87,12,20,both,Y,FUNDACION_SUP,_,True
LT1:200-S:01,48.99174528301887,16.15,-7.87,48.99174528301887,-0.0,-7.87,12,20,both,Y,FUNDACION_SUP,_,True
LT1:200-S:01,49.19221698113208,16.15,-7.87,49.19221698113208,-0.0,-7.87,12,20,both,Y,FUNDACION_SUP,_,True
LT1:200-S:01,49.39268867924528,16.15,-7.87,49.39268867924528,-0.0,-7.87,12,20,both,Y,FUNDACION_SUP,_,True
LT1:200-S:01,49.59316037735849,16.15,-7.87,49.59316037735849,-0.0,-7.87,12,20,both,Y,FUNDACION_SUP,_,True
LT1:200-S:01,49.7936320754717,16.15,-7.87,49.7936320754717,-0.0,-7.87,12,20,both,Y,FUNDACION_SUP,_,True
LT1:200-S:01,49.99410377358491,16.15,-7.87,49.99410377358491,-0.0,-7.87,12,20,both,Y,FUNDACION_SUP,_,True
LT1:200-S:01,50.194575471698116,16.15,-7.87,50.194575471698116,-0.0,-7.87,12,20,both,Y,FUNDACION_SUP,_,True
LT1:200-S:01,50.39504716981132,16.15,-7.87,50.39504716981132,-0.0,-7.87,12,20,both,Y,FUNDACION_SUP,_,True
LT1:200-S:01,50.595518867924525,16.15,-7.87,50.595518867924525,-0.0,-7.87,12,20,both,Y,FUNDACION_SUP,_,True
LT1:200-S:01,50.79599056603774,16.15,-7.87,50.79599056603774,-0.0,-7.87,12,20,both,Y,FUNDACION_SUP,_,True
LT1:200-S:01,50.99646226415094,16.15,-7.87,50.99646226415094,-0.0,-7.87,12,20,both,Y,FUNDACION_SUP,_,True
LT1:200-S:01,51.196933962264154,16.15,-7.87,51.196933962264154,-0.0,-7.87,12,20,both,Y,FUNDACION_SUP,_,True
LT1:200-S:01,51.39740566037736,16.15,-7.87,51.39740566037736,-0.0,-7.87,12,20,both,Y,FUNDACION_SUP,_,True
LT1:200-S:01,51.597877358490564,16.15,-7.87,51.597877358490564,-0.0,-7.87,12,20,both,Y,FUNDACION_SUP,_,True
LT1:200-S:01,51.79834905660377,16.15,-7.87,51.79834905660377,-0.0,-7.87,12,20,both,Y,FUNDACION_SUP,_,True
LT1:200-S:01,51.99882075471698,16.15,-7.87,51.99882075471698,-0.0,-7.87,12,20,both,Y,FUNDACION_SUP,_,True
LT1:200-S:01,52.19929245283019,16.15,-7.87,52.19929245283019,-0.0,-7.87,12,20,both,Y,FUNDACION_SUP,_,True
LT1:200-S:01,52.3997641509434,16.15,-7.87,52.3997641509434,-0.0,-7.87,12,20,both,Y,FUNDACION_SUP,_,True
LT1:200-S:01,52.6002358490566,16.15,-7.87,52.6002358490566,-0.0,-7.87,12,20,both,Y,FUNDACION_SUP,_,True
LT1:200-S:01,52.80070754716981,16.15,-7.87,52.80070754716981,-0.0,-7.87,12,20,both,Y,FUNDACION_SUP,_,True
LT1:200-S:01,53.00117924528302,16.15,-7.87,53.00117924528302,-0.0,-7.87,12,20,both,Y,FUNDACION_SUP,_,True
LT1:200-S:01,53.20165094339623,16.15,-7.87,53.20165094339623,-0.0,-7.87,12,20,both,Y,FUNDACION_SUP,_,True
LT1:200-S:01,53.402122641509436,16.15,-7.87,53.402122641509436,-0.0,-7.87,12,20,both,Y,FUNDACION_SUP,_,True
LT1:200-S:01,53.60259433962264,16.15,-7.87,53.60259433962264,-0.0,-7.87,12,20,both,Y,FUNDACION_SUP,_,True
LT1:200-S:01,53.803066037735846,16.15,-7.87,53.803066037735846,-0.0,-7.87,12,20,both,Y,FUNDACION_SUP,_,True
LT1:200-S:01,54.00353773584906,16.15,-7.87,54.00353773584906,-0.0,-7.87,12,20,both,Y,FUNDACION_SUP,_,True
LT1:200-S:01,54.20400943396226,16.15,-7.87,54.20400943396226,-0.0,-7.87,12,20,both,Y,FUNDACION_SUP,_,True
LT1:200-S:01,54.404481132075475,16.15,-7.87,54.404481132075475,-0.0,-7.87,12,20,both,Y,FUNDACION_SUP,_,True
LT1:200-S:01,54.60495283018868,16.15,-7.87,54.60495283018868,-0.0,-7.87,12,20,both,Y,FUNDACION_SUP,_,True
LT1:200-S:01,54.805424528301884,16.15,-7.87,54.805424528301884,-0.0,-7.87,12,20,both,Y,FUNDACION_SUP,_,True
LT1:200-S:01,55.00589622641509,16.15,-7.87,55.00589622641509,-0.0,-7.87,12,20,both,Y,FUNDACION_SUP,_,True
LT1:200-S:01,55.2063679245283,16.15,-7.87,55.2063679245283,-0.0,-7.87,12,20,both,Y,FUNDACION_SUP,_,True
LT1:200-S:01,55.40683962264151,16.15,-7.87,55.40683962264151,-0.0,-7.87,12,20,both,Y,FUNDACION_SUP,_,True
LT1:200-S:01,55.60731132075472,16.15,-7.87,55.60731132075472,-0.0,-7.87,12,20,both,Y,FUNDACION_SUP,_,True
LT1:200-S:01,55.80778301886792,16.15,-7.87,55.80778301886792,-0.0,-7.87,12,20,both,Y,FUNDACION_SUP,_,True
LT1:200-S:01,56.00825471698113,16.15,-7.87,56.00825471698113,-0.0,-7.87,12,20,both,Y,FUNDACION_SUP,_,True
LT1:200-S:01,56.20872641509434,16.15,-7.87,56.20872641509434,-0.0,-7.87,12,20,both,Y,FUNDACION_SUP,_,True
LT1:200-S:01,56.40919811320755,16.15,-7.87,56.40919811320755,-0.0,-7.87,12,20,both,Y,FUNDACION_SUP,_,True
LT1:200-S:01,56.60966981132076,16.15,-7.87,56.60966981132076,-0.0,-7.87,12,20,both,Y,FUNDACION_SUP,_,True
LT1:200-S:01,56.81014150943396,16.15,-7.87,56.81014150943396,-0.0,-7.87,12,20,both,Y,FUNDACION_SUP,_,True
LT1:200-S:01,57.010613207547166,16.15,-7.87,57.010613207547166,-0.0,-7.87,12,20,both,Y,FUNDACION_SUP,_,True
LT1:200-S:01,57.21108490566038,16.15,-7.87,57.21108490566038,-0.0,-7.87,12,20,both,Y,FUNDACION_SUP,_,True
LT1:200-S:01,57.41155660377358,16.15,-7.87,57.41155660377358,-0.0,-7.87,12,20,both,Y,FUNDACION_SUP,_,True
LT1:200-S:01,57.612028301886795,16.15,-7.87,57.612028301886795,-0.0,-7.87,12,20,both,Y,FUNDACION_SUP,_,True
LT1:200-S:01,57.8125,16.15,-7.87,57.8125,-0.0,-7.87,12,20,both,Y,FUNDACION_SUP,_,True
LT1:200-S:01,58.012971698113205,16.15,-7.87,58.012971698113205,-0.0,-7.87,12,20,both,Y,FUNDACION_SUP,_,True
LT1:200-S:01,58.21344339622642,16.15,-7.87,58.21344339622642,-0.0,-7.87,12,20,both,Y,FUNDACION_SUP,_,True
LT1:200-S:01,58.41391509433962,16.15,-7.87,58.41391509433962,-0.0,-7.87,12,20,both,Y,FUNDACION_SUP,_,True
LT1:200-S:01,58.614386792452834,16.15,-7.87,58.614386792452834,-0.0,-7.87,12,20,both,Y,FUNDACION_SUP,_,True
LT1:200-S:01,58.81485849056604,16.15,-7.87,58.81485849056604,-0.0,-7.87,12,20,both,Y,FUNDACION_SUP,_,True
LT1:200-S:01,59.01533018867924,16.15,-7.87,59.01533018867924,-0.0,-7.87,12,20,both,Y,FUNDACION_SUP,_,True
LT1:200-S:01,59.21580188679245,16.15,-7.87,59.21580188679245,-0.0,-7.87,12,20,both,Y,FUNDACION_SUP,_,True
LT1:200-S:01,59.41627358490566,16.15,-7.87,59.41627358490566,-0.0,-7.87,12,20,both,Y,FUNDACION_SUP,_,True
LT1:200-S:01,59.61674528301887,16.15,-7.87,59.61674528301887,-0.0,-7.87,12,20,both,Y,FUNDACION_SUP,_,True
LT1:200-S:01,59.81721698113208,16.15,-7.87,59.81721698113208,-0.0,-7.87,12,20,both,Y,FUNDACION_SUP,_,True
LT1:200-S:01,60.01768867924528,16.15,-7.87,60.01768867924528,-0.0,-7.87,12,20,both,Y,FUNDACION_SUP,_,True
LT1:200-S:01,60.21816037735849,16.15,-7.87,60.21816037735849,-0.0,-7.87,12,20,both,Y,FUNDACION_SUP,_,True
LT1:200-S:01,60.4186320754717,16.15,-7.87,60.4186320754717,-0.0,-7.87,12,20,both,Y,FUNDACION_SUP,_,True
LT1:200-S:01,60.61910377358491,16.15,-7.87,60.61910377358491,-0.0,-7.87,12,20,both,Y,FUNDACION_SUP,_,True
LT1:200-S:01,60.819575471698116,16.15,-7.87,60.819575471698116,-0.0,-7.87,12,20,both,Y,FUNDACION_SUP,_,True
LT1:200-S:01,61.02004716981132,16.15,-7.87,61.02004716981132,-0.0,-7.87,12,20,both,Y,FUNDACION_SUP,_,True
LT1:200-S:01,61.220518867924525,16.15,-7.87,61.220518867924525,-0.0,-7.87,12,20,both,Y,FUNDACION_SUP,_,True
LT1:200-S:01,61.42099056603774,16.15,-7.87,61.42099056603774,-0.0,-7.87,12,20,both,Y,FUNDACION_SUP,_,True
LT1:200-S:01,61.62146226415094,16.15,-7.87,61.62146226415094,-0.0,-7.87,12,20,both,Y,FUNDACION_SUP,_,True
LT1:200-S:01,61.821933962264154,16.15,-7.87,61.821933962264154,-0.0,-7.87,12,20,both,Y,FUNDACION_SUP,_,True
LT1:200-S:01,62.02240566037736,16.15,-7.87,62.02240566037736,-0.0,-7.87,12,20,both,Y,FUNDACION_SUP,_,True
LT1:200-S:01,62.222877358490564,16.15,-7.87,62.222877358490564,-0.0,-7.87,12,20,both,Y,FUNDACION_SUP,_,True
LT1:200-S:01,62.42334905660377,16.15,-7.87,62.42334905660377,-0.0,-7.87,12,20,both,Y,FUNDACION_SUP,_,True
LT1:200-S:01,62.62382075471698,16.15,-7.87,62.62382075471698,-0.0,-7.87,12,20,both,Y,FUNDACION_SUP,_,True
LT1:200-S:01,62.82429245283019,16.15,-7.87,62.82429245283019,-0.0,-7.87,12,20,both,Y,FUNDACION_SUP,_,True
LT1:200-S:01,63.0247641509434,16.15,-7.87,63.0247641509434,-0.0,-7.87,12,20,both,Y,FUNDACION_SUP,_,True
LT1:200-S:01,63.2252358490566,16.15,-7.87,63.2252358490566,-0.0,-7.87,12,20,both,Y,FUNDACION_SUP,_,True
LT1:200-S:01,63.425707547169814,16.15,-7.87,63.425707547169814,-0.0,-7.87,12,20,both,Y,FUNDACION_SUP,_,True
LT1:200-S:01,63.62617924528302,16.15,-7.87,63.62617924528302,-0.0,-7.87,12,20,both,Y,FUNDACION_SUP,_,True
LT1:200-S:01,63.826650943396224,16.15,-7.87,63.826650943396224,-0.0,-7.87,12,20,both,Y,FUNDACION_SUP,_,True
LT1:200-S:01,64.02712264150944,16.15,-7.87,64.02712264150944,-0.0,-7.87,12,20,both,Y,FUNDACION_SUP,_,True
LT1:200-S:01,64.22759433962264,16.15,-7.87,64.22759433962264,-0.0,-7.87,12,20,both,Y,FUNDACION_SUP,_,True
LT1:200-S:01,64.42806603773585,16.15,-7.87,64.42806603773585,-0.0,-7.87,12,20,both,Y,FUNDACION_SUP,_,True
LT1:200-S:01,64.62853773584905,16.15,-7.87,64.62853773584905,-0.0,-7.87,12,20,both,Y,FUNDACION_SUP,_,True
LT1:200-S:01,64.82900943396226,16.15,-7.87,64.82900943396226,-0.0,-7.87,12,20,both,Y,FUNDACION_SUP,_,True
LT1:200-S:01,65.02948113207547,16.15,-7.87,65.02948113207547,-0.0,-7.87,12,20,both,Y,FUNDACION_SUP,_,True
LT1:200-S:01,65.22995283018868,16.15,-7.87,65.22995283018868,-0.0,-7.87,12,20,both,Y,FUNDACION_SUP,_,True
LT1:200-S:01,65.43042452830188,16.15,-7.87,65.43042452830188,-0.0,-7.87,12,20,both,Y,FUNDACION_SUP,_,True
LT1:200-S:01,65.6308962264151,16.15,-7.87,65.6308962264151,-0.0,-7.87,12,20,both,Y,FUNDACION_SUP,_,True
LT1:200-S:01,65.83136792452831,16.15,-7.87,65.83136792452831,-0.0,-7.87,12,20,both,Y,FUNDACION_SUP,_,True
LT1:200-S:01,66.03183962264151,16.15,-7.87,66.03183962264151,-0.0,-7.87,12,20,both,Y,FUNDACION_SUP,_,True
LT1:200-S:01,66.23231132075472,16.15,-7.87,66.23231132075472,-0.0,-7.87,12,20,both,Y,FUNDACION_SUP,_,True
LT1:200-S:01,66.43278301886792,16.15,-7.87,66.43278301886792,-0.0,-7.87,12,20,both,Y,FUNDACION_SUP,_,True
LT1:200-S:01,66.63325471698113,16.15,-7.87,66.63325471698113,-0.0,-7.87,12,20,both,Y,FUNDACION_SUP,_,True
LT1:200-S:01,66.83372641509433,16.15,-7.87,66.83372641509433,-0.0,-7.87,12,20,both,Y,FUNDACION_SUP,_,True
LT1:200-S:01,67.03419811320754,16.15,-7.87,67.03419811320754,-0.0,-7.87,12,20,both,Y,FUNDACION_SUP,_,True
LT1:200-S:01,67.23466981132076,16.15,-7.87,67.23466981132076,-0.0,-7.87,12,20,both,Y,FUNDACION_SUP,_,True
LT1:200-S:01,67.43514150943396,16.15,-7.87,67.43514150943396,-0.0,-7.87,12,20,both,Y,FUNDACION_SUP,_,True
LT1:200-S:01,67.63561320754717,16.15,-7.87,67.63561320754717,-0.0,-7.87,12,20,both,Y,FUNDACION_SUP,_,True
LT1:200-S:01,67.83608490566039,16.15,-7.87,67.83608490566039,-0.0,-7.87,12,20,both,Y,FUNDACION_SUP,_,True
LT1:200-S:01,68.03655660377359,16.15,-7.87,68.03655660377359,-0.0,-7.87,12,20,both,Y,FUNDACION_SUP,_,True
LT1:200-S:01,68.2370283018868,16.15,-7.87,68.2370283018868,-0.0,-7.87,12,20,both,Y,FUNDACION_SUP,_,True
LT1:200-S:01,68.4375,16.15,-7.87,68.4375,-0.0,-7.87,12,20,both,Y,FUNDACION_SUP,_,True
LT1:200-S:01,68.6379716981132,16.15,-7.87,68.6379716981132,-0.0,-7.87,12,20,both,Y,FUNDACION_SUP,_,True
LT1:200-S:01,68.83844339622641,16.15,-7.87,68.83844339622641,-0.0,-7.87,12,20,both,Y,FUNDACION_SUP,_,True
LT1:200-S:01,69.03891509433961,16.15,-7.87,69.03891509433961,-0.0,-7.87,12,20,both,Y,FUNDACION_SUP,_,True
LT1:200-S:01,69.23938679245283,16.15,-7.87,69.23938679245283,-0.0,-7.87,12,20,both,Y,FUNDACION_SUP,_,True
LT1:200-S:01,69.43985849056604,16.15,-7.87,69.43985849056604,-0.0,-7.87,12,20,both,Y,FUNDACION_SUP,_,True
LT1:200-S:01,69.64033018867924,16.15,-7.87,69.64033018867924,-0.0,-7.87,12,20,both,Y,FUNDACION_SUP,_,True
LT1:200-S:01,69.84080188679246,16.15,-7.87,69.84080188679246,-0.0,-7.87,12,20,both,Y,FUNDACION_SUP,_,True
LT1:200-S:01,70.04127358490567,16.15,-7.87,70.04127358490567,-0.0,-7.87,12,20,both,Y,FUNDACION_SUP,_,True
LT1:200-S:01,70.24174528301887,16.15,-7.87,70.24174528301887,-0.0,-7.87,12,20,both,Y,FUNDACION_SUP,_,True
LT1:200-S:01,70.44221698113208,16.15,-7.87,70.44221698113208,-0.0,-7.87,12,20,both,Y,FUNDACION_SUP,_,True
LT1:200-S:01,70.64268867924528,16.15,-7.87,70.64268867924528,-0.0,-7.87,12,20,both,Y,FUNDACION_SUP,_,True
LT1:200-S:01,70.84316037735849,16.15,-7.87,70.84316037735849,-0.0,-7.87,12,20,both,Y,FUNDACION_SUP,_,True
LT1:200-S:01,71.04363207547169,16.15,-7.87,71.04363207547169,-0.0,-7.87,12,20,both,Y,FUNDACION_SUP,_,True
LT1:200-S:01,71.2441037735849,16.15,-7.87,71.2441037735849,-0.0,-7.87,12,20,both,Y,FUNDACION_SUP,_,True
LT1:200-S:01,71.44457547169812,16.15,-7.87,71.44457547169812,-0.0,-7.87,12,20,both,Y,FUNDACION_SUP,_,True
LT1:200-S:01,71.64504716981132,16.15,-7.87,71.64504716981132,-0.0,-7.87,12,20,both,Y,FUNDACION_SUP,_,True
LT1:200-S:01,71.84551886792453,16.15,-7.87,71.84551886792453,-0.0,-7.87,12,20,both,Y,FUNDACION_SUP,_,True
LT1:200-S:01,72.04599056603774,16.15,-7.87,72.04599056603774,-0.0,-7.87,12,20,both,Y,FUNDACION_SUP,_,True
LT1:200-S:01,72.24646226415095,16.15,-7.87,72.24646226415095,-0.0,-7.87,12,20,both,Y,FUNDACION_SUP,_,True
LT1:200-S:01,72.44693396226415,16.15,-7.87,72.44693396226415,-0.0,-7.87,12,20,both,Y,FUNDACION_SUP,_,True
LT1:200-S:01,72.64740566037736,16.15,-7.87,72.64740566037736,-0.0,-7.87,12,20,both,Y,FUNDACION_SUP,_,True
LT1:200-S:01,72.84787735849056,16.15,-7.87,72.84787735849056,-0.0,-7.87,12,20,both,Y,FUNDACION_SUP,_,True
LT1:200-S:01,73.04834905660377,16.15,-7.87,73.04834905660377,-0.0,-7.87,12,20,both,Y,FUNDACION_SUP,_,True
LT1:200-S:01,73.24882075471697,16.15,-7.87,73.24882075471697,-0.0,-7.87,12,20,both,Y,FUNDACION_SUP,_,True
LT1:200-S:01,73.44929245283018,16.15,-7.87,73.44929245283018,-0.0,-7.87,12,20,both,Y,FUNDACION_SUP,_,True
LT1:200-S:01,73.6497641509434,16.15,-7.87,73.6497641509434,-0.0,-7.87,12,20,both,Y,FUNDACION_SUP,_,True
LT1:200-S:05,31.25,12.524999999999999,-7.87,41.25,12.524999999999999,-7.87,16,14,both,X,FUNDACION_SUP,_,True
LT1:200-S:05,31.320422535211268,16.15,-7.87,31.320422535211268,8.9,-7.87,16,14,both,Y,FUNDACION_SUP,_,True
LT1:200-S:05,31.461267605633804,16.15,-7.87,31.461267605633804,8.9,-7.87,16,14,both,Y,FUNDACION_SUP,_,True
LT1:200-S:05,31.602112676056336,16.15,-7.87,31.602112676056336,8.9,-7.87,16,14,both,Y,FUNDACION_SUP,_,True
LT1:200-S:05,31.742957746478872,16.15,-7.87,31.742957746478872,8.9,-7.87,16,14,both,Y,FUNDACION_SUP,_,True
LT1:200-S:05,31.883802816901408,16.15,-7.87,31.883802816901408,8.9,-7.87,16,14,both,Y,FUNDACION_SUP,_,True
LT1:200-S:05,32.024647887323944,16.15,-7.87,32.024647887323944,8.9,-7.87,16,14,both,Y,FUNDACION_SUP,_,True
LT1:200-S:05,32.16549295774648,16.15,-7.87,32.16549295774648,8.9,-7.87,16,14,both,Y,FUNDACION_SUP,_,True
LT1:200-S:05,32.306338028169016,16.15,-7.87,32.306338028169016,8.9,-7.87,16,14,both,Y,FUNDACION_SUP,_,True
LT1:200-S:05,32.44718309859155,16.15,-7.87,32.44718309859155,8.9,-7.87,16,14,both,Y,FUNDACION_SUP,_,True
LT1:200-S:05,32.58802816901409,16.15,-7.87,32.58802816901409,8.9,-7.87,16,14,both,Y,FUNDACION_SUP,_,True
LT1:200-S:05,32.728873239436616,16.15,-7.87,32.728873239436616,8.9,-7.87,16,14,both,Y,FUNDACION_SUP,_,True
LT1:200-S:05,32.86971830985915,16.15,-7.87,32.86971830985915,8.9,-7.87,16,14,both,Y,FUNDACION_SUP,_,True
LT1:200-S:05,33.01056338028169,16.15,-7.87,33.01056338028169,8.9,-7.87,16,14,both,Y,FUNDACION_SUP,_,True
LT1:200-S:05,33.151408450704224,16.15,-7.87,33.151408450704224,8.9,-7.87,16,14,both,Y,FUNDACION_SUP,_,True
LT1:200-S:05,33.29225352112676,16.15,-7.87,33.29225352112676,8.9,-7.87,16,14,both,Y,FUNDACION_SUP,_,True
LT1:200-S:05,33.433098591549296,16.15,-7.87,33.433098591549296,8.9,-7.87,16,14,both,Y,FUNDACION_SUP,_,True
LT1:200-S:05,33.57394366197183,16.15,-7.87,33.57394366197183,8.9,-7.87,16,14,both,Y,FUNDACION_SUP,_,True
LT1:200-S:05,33.71478873239437,16.15,-7.87,33.71478873239437,8.9,-7.87,16,14,both,Y,FUNDACION_SUP,_,True
LT1:200-S:05,33.855633802816904,16.15,-7.87,33.855633802816904,8.9,-7.87,16,14,both,Y,FUNDACION_SUP,_,True
LT1:200-S:05,33.99647887323944,16.15,-7.87,33.99647887323944,8.9,-7.87,16,14,both,Y,FUNDACION_SUP,_,True
LT1:200-S:05,34.13732394366197,16.15,-7.87,34.13732394366197,8.9,-7.87,16,14,both,Y,FUNDACION_SUP,_,True
LT1:200-S:05,34.278169014084504,16.15,-7.87,34.278169014084504,8.9,-7.87,16,14,both,Y,FUNDACION_SUP,_,True
LT1:200-S:05,34.41901408450704,16.15,-7.87,34.41901408450704,8.9,-7.87,16,14,both,Y,FUNDACION_SUP,_,True
LT1:200-S:05,34.559859154929576,16.15,-7.87,34.559859154929576,8.9,-7.87,16,14,both,Y,FUNDACION_SUP,_,True
LT1:200-S:05,34.70070422535211,16.15,-7.87,34.70070422535211,8.9,-7.87,16,14,both,Y,FUNDACION_SUP,_,True
LT1:200-S:05,34.84154929577465,16.15,-7.87,34.84154929577465,8.9,-7.87,16,14,both,Y,FUNDACION_SUP,_,True
LT1:200-S:05,34.982394366197184,16.15,-7.87,34.982394366197184,8.9,-7.87,16,14,both,Y,FUNDACION_SUP,_,True
LT1:200-S:05,35.12323943661972,16.15,-7.87,35.12323943661972,8.9,-7.87,16,14,both,Y,FUNDACION_SUP,_,True
LT1:200-S:05,35.264084507042256,16.15,-7.87,35.264084507042256,8.9,-7.87,16,14,both,Y,FUNDACION_SUP,_,True
LT1:200-S:05,35.40492957746479,16.15,-7.87,35.40492957746479,8.9,-7.87,16,14,both,Y,FUNDACION_SUP,_,True
LT1:200-S:05,35.54577464788733,16.15,-7.87,35.54577464788733,8.9,-7.87,16,14,both,Y,FUNDACION_SUP,_,True
LT1:200-S:05,35.686619718309856,16.15,-7.87,35.686619718309856,8.9,-7.87,16,14,both,Y,FUNDACION_SUP,_,True
LT1:200-S:05,35.82746478873239,16.15,-7.87,35.82746478873239,8.9,-7.87,16,14,both,Y,FUNDACION_SUP,_,True
LT1:200-S:05,35.96830985915493,16.15,-7.87,35.96830985915493,8.9,-7.87,16,14,both,Y,FUNDACION_SUP,_,True
LT1:200-S:05,36.109154929577464,16.15,-7.87,36.109154929577464,8.9,-7.87,16,14,both,Y,FUNDACION_SUP,_,True
LT1:200-S:05,36.25,16.15,-7.87,36.25,8.9,-7.87,16,14,both,Y,FUNDACION_SUP,_,True
LT1:200-S:05,36.390845070422536,16.15,-7.87,36.390845070422536,8.9,-7.87,16,14,both,Y,FUNDACION_SUP,_,True
LT1:200-S:05,36.53169014084507,16.15,-7.87,36.53169014084507,8.9,-7.87,16,14,both,Y,FUNDACION_SUP,_,True
LT1:200-S:05,36.67253521126761,16.15,-7.87,36.67253521126761,8.9,-7.87,16,14,both,Y,FUNDACION_SUP,_,True
LT1:200-S:05,36.813380281690144,16.15,-7.87,36.813380281690144,8.9,-7.87,16,14,both,Y,FUNDACION_SUP,_,True
LT1:200-S:05,36.95422535211267,16.15,-7.87,36.95422535211267,8.9,-7.87,16,14,both,Y,FUNDACION_SUP,_,True
LT1:200-S:05,37.09507042253521,16.15,-7.87,37.09507042253521,8.9,-7.87,16,14,both,Y,FUNDACION_SUP,_,True
LT1:200-S:05,37.235915492957744,16.15,-7.87,37.235915492957744,8.9,-7.87,16,14,both,Y,FUNDACION_SUP,_,True
LT1:200-S:05,37.37676056338028,16.15,-7.87,37.37676056338028,8.9,-7.87,16,14,both,Y,FUNDACION_SUP,_,True
LT1:200-S:05,37.517605633802816,16.15,-7.87,37.517605633802816,8.9,-7.87,16,14,both,Y,FUNDACION_SUP,_,True
LT1:200-S:05,37.65845070422535,16.15,-7.87,37.65845070422535,8.9,-7.87,16,14,both,Y,FUNDACION_SUP,_,True
LT1:200-S:05,37.79929577464789,16.15,-7.87,37.79929577464789,8.9,-7.87,16,14,both,Y,FUNDACION_SUP,_,True
LT1:200-S:05,37.940140845070424,16.15,-7.87,37.940140845070424,8.9,-7.87,16,14,both,Y,FUNDACION_SUP,_,True
LT1:200-S:05,38.08098591549296,16.15,-7.87,38.08098591549296,8.9,-7.87,16,14,both,Y,FUNDACION_SUP,_,True
LT1:200-S:05,38.221830985915496,16.15,-7.87,38.221830985915496,8.9,-7.87,16,14,both,Y,FUNDACION_SUP,_,True
LT1:200-S:05,38.36267605633803,16.15,-7.87,38.36267605633803,8.9,-7.87,16,14,both,Y,FUNDACION_SUP,_,True
LT1:200-S:05,38.50352112676056,16.15,-7.87,38.50352112676056,8.9,-7.87,16,14,both,Y,FUNDACION_SUP,_,True
LT1:200-S:05,38.644366197183096,16.15,-7.87,38.644366197183096,8.9,-7.87,16,14,both,Y,FUNDACION_SUP,_,True
LT1:200-S:05,38.78521126760563,16.15,-7.87,38.78521126760563,8.9,-7.87,16,14,both,Y,FUNDACION_SUP,_,True
LT1:200-S:05,38.92605633802817,16.15,-7.87,38.92605633802817,8.9,-7.87,16,14,both,Y,FUNDACION_SUP,_,True
LT1:200-S:05,39.066901408450704,16.15,-7.87,39.066901408450704,8.9,-7.87,16,14,both,Y,FUNDACION_SUP,_,True
LT1:200-S:05,39.20774647887324,16.15,-7.87,39.20774647887324,8.9,-7.87,16,14,both,Y,FUNDACION_SUP,_,True
LT1:200-S:05,39.348591549295776,16.15,-7.87,39.348591549295776,8.9,-7.87,16,14,both,Y,FUNDACION_SUP,_,True
LT1:200-S:05,39.48943661971831,16.15,-7.87,39.48943661971831,8.9,-7.87,16,14,both,Y,FUNDACION_SUP,_,True
LT1:200-S:05,39.63028169014085,16.15,-7.87,39.63028169014085,8.9,-7.87,16,14,both,Y,FUNDACION_SUP,_,True
LT1:200-S:05,39.77112676056338,16.15,-7.87,39.77112676056338,8.9,-7.87,16,14,both,Y,FUNDACION_SUP,_,True
LT1:200-S:05,39.91197183098592,16.15,-7.87,39.91197183098592,8.9,-7.87,16,14,both,Y,FUNDACION_SUP,_,True
LT1:200-S:05,40.05281690140845,16.15,-7.87,40.05281690140845,8.9,-7.87,16,14,both,Y,FUNDACION_SUP,_,True
LT1:200-S:05,40.193661971830984,16.15,-7.87,40.193661971830984,8.9,-7.87,16,14,both,Y,FUNDACION_SUP,_,True
LT1:200-S:05,40.33450704225352,16.15,-7.87,40.33450704225352,8.9,-7.87,16,14,both,Y,FUNDACION_SUP,_,True
LT1:200-S:05,40.475352112676056,16.15,-7.87,40.475352112676056,8.9,-7.87,16,14,both,Y,FUNDACION_SUP,_,True
LT1:200-S:05,40.61619718309859,16.15,-7.87,40.61619718309859,8.9,-7.87,16,14,both,Y,FUNDACION_SUP,_,True
LT1:200-S:05,40.75704225352113,16.15,-7.87,40.75704225352113,8.9,-7.87,16,14,both,Y,FUNDACION_SUP,_,True
LT1:200-S:05,40.897887323943664,16.15,-7.87,40.897887323943664,8.9,-7.87,16,14,both,Y,FUNDACION_SUP,_,True
LT1:200-S:05,41.0387323943662,16.15,-7.87,41.0387323943662,8.9,-7.87,16,14,both,Y,FUNDACION_SUP,_,True
LT1:200-S:05,41.179577464788736,16.15,-7.87,41.179577464788736,8.9,-7.87,16,14,both,Y,FUNDACION_SUP,_,True
LT1:200-S:06,31.25,12.524999999999999,-7.87,41.25,12.524999999999999,-7.87,12,12,both,X,FUNDACION_SUP,_,True
LT1:200-S:06,31.31024096385542,16.15,-7.87,31.31024096385542,8.9,-7.87,12,12,both,Y,FUNDACION_SUP,_,True
LT1:200-S:06,31.430722891566266,16.15,-7.87,31.430722891566266,8.9,-7.87,12,12,both,Y,FUNDACION_SUP,_,True
LT1:200-S:06,31.551204819277107,16.15,-7.87,31.551204819277107,8.9,-7.87,12,12,both,Y,FUNDACION_SUP,_,True
LT1:200-S:06,31.67168674698795,16.15,-7.87,31.67168674698795,8.9,-7.87,12,12,both,Y,FUNDACION_SUP,_,True
LT1:200-S:06,31.792168674698797,16.15,-7.87,31.792168674698797,8.9,-7.87,12,12,both,Y,FUNDACION_SUP,_,True
LT1:200-S:06,31.912650602409638,16.15,-7.87,31.912650602409638,8.9,-7.87,12,12,both,Y,FUNDACION_SUP,_,True
LT1:200-S:06,32.03313253012048,16.15,-7.87,32.03313253012048,8.9,-7.87,12,12,both,Y,FUNDACION_SUP,_,True
LT1:200-S:06,32.153614457831324,16.15,-7.87,32.153614457831324,8.9,-7.87,12,12,both,Y,FUNDACION_SUP,_,True
LT1:200-S:06,32.274096385542165,16.15,-7.87,32.274096385542165,8.9,-7.87,12,12,both,Y,FUNDACION_SUP,_,True
LT1:200-S:06,32.394578313253014,16.15,-7.87,32.394578313253014,8.9,-7.87,12,12,both,Y,FUNDACION_SUP,_,True
LT1:200-S:06,32.515060240963855,16.15,-7.87,32.515060240963855,8.9,-7.87,12,12,both,Y,FUNDACION_SUP,_,True
LT1:200-S:06,32.6355421686747,16.15,-7.87,32.6355421686747,8.9,-7.87,12,12,both,Y,FUNDACION_SUP,_,True
LT1:200-S:06,32.756024096385545,16.15,-7.87,32.756024096385545,8.9,-7.87,12,12,both,Y,FUNDACION_SUP,_,True
LT1:200-S:06,32.876506024096386,16.15,-7.87,32.876506024096386,8.9,-7.87,12,12,both,Y,FUNDACION_SUP,_,True
LT1:200-S:06,32.99698795180723,16.15,-7.87,32.99698795180723,8.9,-7.87,12,12,both,Y,FUNDACION_SUP,_,True
LT1:200-S:06,33.11746987951807,16.15,-7.87,33.11746987951807,8.9,-7.87,12,12,both,Y,FUNDACION_SUP,_,True
LT1:200-S:06,33.23795180722892,16.15,-7.87,33.23795180722892,8.9,-7.87,12,12,both,Y,FUNDACION_SUP,_,True
LT1:200-S:06,33.35843373493976,16.15,-7.87,33.35843373493976,8.9,-7.87,12,12,both,Y,FUNDACION_SUP,_,True
LT1:200-S:06,33.4789156626506,16.15,-7.87,33.4789156626506,8.9,-7.87,12,12,both,Y,FUNDACION_SUP,_,True
LT1:200-S:06,33.59939759036145,16.15,-7.87,33.59939759036145,8.9,-7.87,12,12,both,Y,FUNDACION_SUP,_,True
LT1:200-S:06,33.71987951807229,16.15,-7.87,33.71987951807229,8.9,-7.87,12,12,both,Y,FUNDACION_SUP,_,True
LT1:200-S:06,33.84036144578313,16.15,-7.87,33.84036144578313,8.9,-7.87,12,12,both,Y,FUNDACION_SUP,_,True
LT1:200-S:06,33.96084337349397,16.15,-7.87,33.96084337349397,8.9,-7.87,12,12,both,Y,FUNDACION_SUP,_,True
LT1:200-S:06,34.08132530120482,16.15,-7.87,34.08132530120482,8.9,-7.87,12,12,both,Y,FUNDACION_SUP,_,True
LT1:200-S:06,34.20180722891566,16.15,-7.87,34.20180722891566,8.9,-7.87,12,12,both,Y,FUNDACION_SUP,_,True
LT1:200-S:06,34.3222891566265,16.15,-7.87,34.3222891566265,8.9,-7.87,12,12,both,Y,FUNDACION_SUP,_,True
LT1:200-S:06,34.44277108433735,16.15,-7.87,34.44277108433735,8.9,-7.87,12,12,both,Y,FUNDACION_SUP,_,True
LT1:200-S:06,34.56325301204819,16.15,-7.87,34.56325301204819,8.9,-7.87,12,12,both,Y,FUNDACION_SUP,_,True
LT1:200-S:06,34.683734939759034,16.15,-7.87,34.683734939759034,8.9,-7.87,12,12,both,Y,FUNDACION_SUP,_,True
LT1:200-S:06,34.804216867469876,16.15,-7.87,34.804216867469876,8.9,-7.87,12,12,both,Y,FUNDACION_SUP,_,True
LT1:200-S:06,34.924698795180724,16.15,-7.87,34.924698795180724,8.9,-7.87,12,12,both,Y,FUNDACION_SUP,_,True
LT1:200-S:06,35.045180722891565,16.15,-7.87,35.045180722891565,8.9,-7.87,12,12,both,Y,FUNDACION_SUP,_,True
LT1:200-S:06,35.16566265060241,16.15,-7.87,35.16566265060241,8.9,-7.87,12,12,both,Y,FUNDACION_SUP,_,True
LT1:200-S:06,35.286144578313255,16.15,-7.87,35.286144578313255,8.9,-7.87,12,12,both,Y,FUNDACION_SUP,_,True
LT1:200-S:06,35.4066265060241,16.15,-7.87,35.4066265060241,8.9,-7.87,12,12,both,Y,FUNDACION_SUP,_,True
LT1:200-S:06,35.52710843373494,16.15,-7.87,35.52710843373494,8.9,-7.87,12,12,both,Y,FUNDACION_SUP,_,True
LT1:200-S:06,35.64759036144578,16.15,-7.87,35.64759036144578,8.9,-7.87,12,12,both,Y,FUNDACION_SUP,_,True
LT1:200-S:06,35.76807228915663,16.15,-7.87,35.76807228915663,8.9,-7.87,12,12,both,Y,FUNDACION_SUP,_,True
LT1:200-S:06,35.88855421686747,16.15,-7.87,35.88855421686747,8.9,-7.87,12,12,both,Y,FUNDACION_SUP,_,True
LT1:200-S:06,36.00903614457831,16.15,-7.87,36.00903614457831,8.9,-7.87,12,12,both,Y,FUNDACION_SUP,_,True
LT1:200-S:06,36.12951807228916,16.15,-7.87,36.12951807228916,8.9,-7.87,12,12,both,Y,FUNDACION_SUP,_,True
LT1:200-S:06,36.25,16.15,-7.87,36.25,8.9,-7.87,12,12,both,Y,FUNDACION_SUP,_,True
LT1:200-S:06,36.37048192771084,16.15,-7.87,36.37048192771084,8.9,-7.87,12,12,both,Y,FUNDACION_SUP,_,True
LT1:200-S:06,36.49096385542169,16.15,-7.87,36.49096385542169,8.9,-7.87,12,12,both,Y,FUNDACION_SUP,_,True
LT1:200-S:06,36.61144578313253,16.15,-7.87,36.61144578313253,8.9,-7.87,12,12,both,Y,FUNDACION_SUP,_,True
LT1:200-S:06,36.73192771084337,16.15,-7.87,36.73192771084337,8.9,-7.87,12,12,both,Y,FUNDACION_SUP,_,True
LT1:200-S:06,36.85240963855422,16.15,-7.87,36.85240963855422,8.9,-7.87,12,12,both,Y,FUNDACION_SUP,_,True
LT1:200-S:06,36.97289156626506,16.15,-7.87,36.97289156626506,8.9,-7.87,12,12,both,Y,FUNDACION_SUP,_,True
LT1:200-S:06,37.0933734939759,16.15,-7.87,37.0933734939759,8.9,-7.87,12,12,both,Y,FUNDACION_SUP,_,True
LT1:200-S:06,37.213855421686745,16.15,-7.87,37.213855421686745,8.9,-7.87,12,12,both,Y,FUNDACION_SUP,_,True
LT1:200-S:06,37.33433734939759,16.15,-7.87,37.33433734939759,8.9,-7.87,12,12,both,Y,FUNDACION_SUP,_,True
LT1:200-S:06,37.454819277108435,16.15,-7.87,37.454819277108435,8.9,-7.87,12,12,both,Y,FUNDACION_SUP,_,True
LT1:200-S:06,37.575301204819276,16.15,-7.87,37.575301204819276,8.9,-7.87,12,12,both,Y,FUNDACION_SUP,_,True
LT1:200-S:06,37.695783132530124,16.15,-7.87,37.695783132530124,8.9,-7.87,12,12,both,Y,FUNDACION_SUP,_,True
LT1:200-S:06,37.816265060240966,16.15,-7.87,37.816265060240966,8.9,-7.87,12,12,both,Y,FUNDACION_SUP,_,True
LT1:200-S:06,37.93674698795181,16.15,-7.87,37.93674698795181,8.9,-7.87,12,12,both,Y,FUNDACION_SUP,_,True
LT1:200-S:06,38.05722891566265,16.15,-7.87,38.05722891566265,8.9,-7.87,12,12,both,Y,FUNDACION_SUP,_,True
LT1:200-S:06,38.1777108433735,16.15,-7.87,38.1777108433735,8.9,-7.87,12,12,both,Y,FUNDACION_SUP,_,True
LT1:200-S:06,38.29819277108434,16.15,-7.87,38.29819277108434,8.9,-7.87,12,12,both,Y,FUNDACION_SUP,_,True
LT1:200-S:06,38.41867469879518,16.15,-7.87,38.41867469879518,8.9,-7.87,12,12,both,Y,FUNDACION_SUP,_,True
LT1:200-S:06,38.53915662650603,16.15,-7.87,38.53915662650603,8.9,-7.87,12,12,both,Y,FUNDACION_SUP,_,True
LT1:200-S:06,38.65963855421687,16.15,-7.87,38.65963855421687,8.9,-7.87,12,12,both,Y,FUNDACION_SUP,_,True
LT1:200-S:06,38.78012048192771,16.15,-7.87,38.78012048192771,8.9,-7.87,12,12,both,Y,FUNDACION_SUP,_,True
LT1:200-S:06,38.90060240963855,16.15,-7.87,38.90060240963855,8.9,-7.87,12,12,both,Y,FUNDACION_SUP,_,True
LT1:200-S:06,39.0210843373494,16.15,-7.87,39.0210843373494,8.9,-7.87,12,12,both,Y,FUNDACION_SUP,_,True
LT1:200-S:06,39.14156626506024,16.15,-7.87,39.14156626506024,8.9,-7.87,12,12,both,Y,FUNDACION_SUP,_,True
LT1:200-S:06,39.26204819277108,16.15,-7.87,39.26204819277108,8.9,-7.87,12,12,both,Y,FUNDACION_SUP,_,True
LT1:200-S:06,39.38253012048193,16.15,-7.87,39.38253012048193,8.9,-7.87,12,12,both,Y,FUNDACION_SUP,_,True
LT1:200-S:06,39.50301204819277,16.15,-7.87,39.50301204819277,8.9,-7.87,12,12,both,Y,FUNDACION_SUP,_,True
LT1:200-S:06,39.623493975903614,16.15,-7.87,39.623493975903614,8.9,-7.87,12,12,both,Y,FUNDACION_SUP,_,True
LT1:200-S:06,39.743975903614455,16.15,-7.87,39.743975903614455,8.9,-7.87,12,12,both,Y,FUNDACION_SUP,_,True
LT1:200-S:06,39.8644578313253,16.15,-7.87,39.8644578313253,8.9,-7.87,12,12,both,Y,FUNDACION_SUP,_,True
LT1:200-S:06,39.984939759036145,16.15,-7.87,39.984939759036145,8.9,-7.87,12,12,both,Y,FUNDACION_SUP,_,True
LT1:200-S:06,40.105421686746986,16.15,-7.87,40.105421686746986,8.9,-7.87,12,12,both,Y,FUNDACION_SUP,_,True
LT1:200-S:06,40.225903614457835,16.15,-7.87,40.225903614457835,8.9,-7.87,12,12,both,Y,FUNDACION_SUP,_,True
LT1:200-S:06,40.346385542168676,16.15,-7.87,40.346385542168676,8.9,-7.87,12,12,both,Y,FUNDACION_SUP,_,True
LT1:200-S:06,40.46686746987952,16.15,-7.87,40.46686746987952,8.9,-7.87,12,12,both,Y,FUNDACION_SUP,_,True
LT1:200-S:06,40.58734939759036,16.15,-7.87,40.58734939759036,8.9,-7.87,12,12,both,Y,FUNDACION_SUP,_,True
LT1:200-S:06,40.70783132530121,16.15,-7.87,40.70783132530121,8.9,-7.87,12,12,both,Y,FUNDACION_SUP,_,True
LT1:200-S:06,40.82831325301205,16.15,-7.87,40.82831325301205,8.9,-7.87,12,12,both,Y,FUNDACION_SUP,_,True
LT1:200-S:06,40.94879518072289,16.15,-7.87,40.94879518072289,8.9,-7.87,12,12,both,Y,FUNDACION_SUP,_,True
LT1:200-S:06,41.06927710843374,16.15,-7.87,41.06927710843374,8.9,-7.87,12,12,both,Y,FUNDACION_SUP,_,True
LT1:200-S:06,41.18975903614458,16.15,-7.87,41.18975903614458,8.9,-7.87,12,12,both,Y,FUNDACION_SUP,_,True
LT1:201:01,31.25,8.075,0.05,73.75,8.075,0.05,8,18,both,X,PISO_1,PISO_1_P11;PISO_1_P12;PISO_1_P21;PISO_1_P22;PISO_1_P31;PISO_1_P32;PISO_1_P41;PISO_1_P42;PISO_1_P51;PISO_1_P52,True
LT1:201:01,31.340042372881356,16.15,0.05,31.340042372881356,-0.0,0.05,8,18,both,Y,PISO_1,PISO_1_P11;PISO_1_P12;PISO_1_P21;PISO_1_P22;PISO_1_P31;PISO_1_P32;PISO_1_P41;PISO_1_P42;PISO_1_P51;PISO_1_P52,True
LT1:201:01,31.52012711864407,16.15,0.05,31.52012711864407,-0.0,0.05,8,18,both,Y,PISO_1,PISO_1_P11;PISO_1_P12;PISO_1_P21;PISO_1_P22;PISO_1_P31;PISO_1_P32;PISO_1_P41;PISO_1_P42;PISO_1_P51;PISO_1_P52,True
LT1:201:01,31.70021186440678,16.15,0.05,31.70021186440678,-0.0,0.05,8,18,both,Y,PISO_1,PISO_1_P11;PISO_1_P12;PISO_1_P21;PISO_1_P22;PISO_1_P31;PISO_1_P32;PISO_1_P41;PISO_1_P42;PISO_1_P51;PISO_1_P52,True
LT1:201:01,31.88029661016949,16.15,0.05,31.88029661016949,-0.0,0.05,8,18,both,Y,PISO_1,PISO_1_P11;PISO_1_P12;PISO_1_P21;PISO_1_P22;PISO_1_P31;PISO_1_P32;PISO_1_P41;PISO_1_P42;PISO_1_P51;PISO_1_P52,True
LT1:201:01,32.0603813559322,16.15,0.05,32.0603813559322,-0.0,0.05,8,18,both,Y,PISO_1,PISO_1_P11;PISO_1_P12;PISO_1_P21;PISO_1_P22;PISO_1_P31;PISO_1_P32;PISO_1_P41;PISO_1_P42;PISO_1_P51;PISO_1_P52,True
LT1:201:01,32.24046610169491,16.15,0.05,32.24046610169491,-0.0,0.05,8,18,both,Y,PISO_1,PISO_1_P11;PISO_1_P12;PISO_1_P21;PISO_1_P22;PISO_1_P31;PISO_1_P32;PISO_1_P41;PISO_1_P42;PISO_1_P51;PISO_1_P52,True
LT1:201:01,32.420550847457626,16.15,0.05,32.420550847457626,-0.0,0.05,8,18,both,Y,PISO_1,PISO_1_P11;PISO_1_P12;PISO_1_P21;PISO_1_P22;PISO_1_P31;PISO_1_P32;PISO_1_P41;PISO_1_P42;PISO_1_P51;PISO_1_P52,True
LT1:201:01,32.60063559322034,16.15,0.05,32.60063559322034,-0.0,0.05,8,18,both,Y,PISO_1,PISO_1_P11;PISO_1_P12;PISO_1_P21;PISO_1_P22;PISO_1_P31;PISO_1_P32;PISO_1_P41;PISO_1_P42;PISO_1_P51;PISO_1_P52,True
LT1:201:01,32.78072033898305,16.15,0.05,32.78072033898305,-0.0,0.05,8,18,both,Y,PISO_1,PISO_1_P11;PISO_1_P12;PISO_1_P21;PISO_1_P22;PISO_1_P31;PISO_1_P32;PISO_1_P41;PISO_1_P42;PISO_1_P51;PISO_1_P52,True
LT1:201:01,32.960805084745765,16.15,0.05,32.960805084745765,-0.0,0.05,8,18,both,Y,PISO_1,PISO_1_P11;PISO_1_P12;PISO_1_P21;PISO_1_P22;PISO_1_P31;PISO_1_P32;PISO_1_P41;PISO_1_P42;PISO_1_P51;PISO_1_P52,True
LT1:201:01,33.14088983050848,16.15,0.05,33.14088983050848,-0.0,0.05,8,18,both,Y,PISO_1,PISO_1_P11;PISO_1_P12;PISO_1_P21;PISO_1_P22;PISO_1_P31;PISO_1_P32;PISO_1_P41;PISO_1_P42;PISO_1_P51;PISO_1_P52,True
LT1:201:01,33.32097457627118,16.15,0.05,33.32097457627118,-0.0,0.05,8,18,both,Y,PISO_1,PISO_1_P11;PISO_1_P12;PISO_1_P21;PISO_1_P22;PISO_1_P31;PISO_1_P32;PISO_1_P41;PISO_1_P42;PISO_1_P51;PISO_1_P52,True
LT1:201:01,33.501059322033896,16.15,0.05,33.501059322033896,-0.0,0.05,8,18,both,Y,PISO_1,PISO_1_P11;PISO_1_P12;PISO_1_P21;PISO_1_P22;PISO_1_P31;PISO_1_P32;PISO_1_P41;PISO_1_P42;PISO_1_P51;PISO_1_P52,True
LT1:201:01,33.68114406779661,16.15,0.05,33.68114406779661,-0.0,0.05,8,18,both,Y,PISO_1,PISO_1_P11;PISO_1_P12;PISO_1_P21;PISO_1_P22;PISO_1_P31;PISO_1_P32;PISO_1_P41;PISO_1_P42;PISO_1_P51;PISO_1_P52,True
LT1:201:01,33.86122881355932,16.15,0.05,33.86122881355932,-0.0,0.05,8,18,both,Y,PISO_1,PISO_1_P11;PISO_1_P12;PISO_1_P21;PISO_1_P22;PISO_1_P31;PISO_1_P32;PISO_1_P41;PISO_1_P42;PISO_1_P51;PISO_1_P52,True
LT1:201:01,34.041313559322035,16.15,0.05,34.041313559322035,-0.0,0.05,8,18,both,Y,PISO_1,PISO_1_P11;PISO_1_P12;PISO_1_P21;PISO_1_P22;PISO_1_P31;PISO_1_P32;PISO_1_P41;PISO_1_P42;PISO_1_P51;PISO_1_P52,True
LT1:201:01,34.22139830508475,16.15,0.05,34.22139830508475,-0.0,0.05,8,18,both,Y,PISO_1,PISO_1_P11;PISO_1_P12;PISO_1_P21;PISO_1_P22;PISO_1_P31;PISO_1_P32;PISO_1_P41;PISO_1_P42;PISO_1_P51;PISO_1_P52,True
LT1:201:01,34.40148305084746,16.15,0.05,34.40148305084746,-0.0,0.05,8,18,both,Y,PISO_1,PISO_1_P11;PISO_1_P12;PISO_1_P21;PISO_1_P22;PISO_1_P31;PISO_1_P32;PISO_1_P41;PISO_1_P42;PISO_1_P51;PISO_1_P52,True
LT1:201:01,34.58156779661017,16.15,0.05,34.58156779661017,-0.0,0.05,8,18,both,Y,PISO_1,PISO_1_P11;PISO_1_P12;PISO_1_P21;PISO_1_P22;PISO_1_P31;PISO_1_P32;PISO_1_P41;PISO_1_P42;PISO_1_P51;PISO_1_P52,True
LT1:201:01,34.76165254237288,16.15,0.05,34.76165254237288,-0.0,0.05,8,18,both,Y,PISO_1,PISO_1_P11;PISO_1_P12;PISO_1_P21;PISO_1_P22;PISO_1_P31;PISO_1_P32;PISO_1_P41;PISO_1_P42;PISO_1_P51;PISO_1_P52,True
LT1:201:01,34.94173728813559,16.15,0.05,34.94173728813559,-0.0,0.05,8,18,both,Y,PISO_1,PISO_1_P11;PISO_1_P12;PISO_1_P21;PISO_1_P22;PISO_1_P31;PISO_1_P32;PISO_1_P41;PISO_1_P42;PISO_1_P51;PISO_1_P52,True
LT1:201:01,35.121822033898304,16.15,0.05,35.121822033898304,-0.0,0.05,8,18,both,Y,PISO_1,PISO_1_P11;PISO_1_P12;PISO_1_P21;PISO_1_P22;PISO_1_P31;PISO_1_P32;PISO_1_P41;PISO_1_P42;PISO_1_P51;PISO_1_P52,True
LT1:201:01,35.30190677966102,16.15,0.05,35.30190677966102,-0.0,0.05,8,18,both,Y,PISO_1,PISO_1_P11;PISO_1_P12;PISO_1_P21;PISO_1_P22;PISO_1_P31;PISO_1_P32;PISO_1_P41;PISO_1_P42;PISO_1_P51;PISO_1_P52,True
LT1:201:01,35.48199152542373,16.15,0.05,35.48199152542373,-0.0,0.05,8,18,both,Y,PISO_1,PISO_1_P11;PISO_1_P12;PISO_1_P21;PISO_1_P22;PISO_1_P31;PISO_1_P32;PISO_1_P41;PISO_1_P42;PISO_1_P51;PISO_1_P52,True
LT1:201:01,35.66207627118644,16.15,0.05,35.66207627118644,-0.0,0.05,8,18,both,Y,PISO_1,PISO_1_P11;PISO_1_P12;PISO_1_P21;PISO_1_P22;PISO_1_P31;PISO_1_P32;PISO_1_P41;PISO_1_P42;PISO_1_P51;PISO_1_P52,True
LT1:201:01,35.84216101694915,16.15,0.05,35.84216101694915,-0.0,0.05,8,18,both,Y,PISO_1,PISO_1_P11;PISO_1_P12;PISO_1_P21;PISO_1_P22;PISO_1_P31;PISO_1_P32;PISO_1_P41;PISO_1_P42;PISO_1_P51;PISO_1_P52,True
LT1:201:01,36.02224576271186,16.15,0.05,36.02224576271186,-0.0,0.05,8,18,both,Y,PISO_1,PISO_1_P11;PISO_1_P12;PISO_1_P21;PISO_1_P22;PISO_1_P31;PISO_1_P32;PISO_1_P41;PISO_1_P42;PISO_1_P51;PISO_1_P52,True
LT1:201:01,36.202330508474574,16.15,0.05,36.202330508474574,-0.0,0.05,8,18,both,Y,PISO_1,PISO_1_P11;PISO_1_P12;PISO_1_P21;PISO_1_P22;PISO_1_P31;PISO_1_P32;PISO_1_P41;PISO_1_P42;PISO_1_P51;PISO_1_P52,True
LT1:201:01,36.38241525423729,16.15,0.05,36.38241525423729,-0.0,0.05,8,18,both,Y,PISO_1,PISO_1_P11;PISO_1_P12;PISO_1_P21;PISO_1_P22;PISO_1_P31;PISO_1_P32;PISO_1_P41;PISO_1_P42;PISO_1_P51;PISO_1_P52,True
LT1:201:01,36.5625,16.15,0.05,36.5625,-0.0,0.05,8,18,both,Y,PISO_1,PISO_1_P11;PISO_1_P12;PISO_1_P21;PISO_1_P22;PISO_1_P31;PISO_1_P32;PISO_1_P41;PISO_1_P42;PISO_1_P51;PISO_1_P52,True
LT1:201:01,36.74258474576271,16.15,0.05,36.74258474576271,-0.0,0.05,8,18,both,Y,PISO_1,PISO_1_P11;PISO_1_P12;PISO_1_P21;PISO_1_P22;PISO_1_P31;PISO_1_P32;PISO_1_P41;PISO_1_P42;PISO_1_P51;PISO_1_P52,True
LT1:201:01,36.922669491525426,16.15,0.05,36.922669491525426,-0.0,0.05,8,18,both,Y,PISO_1,PISO_1_P11;PISO_1_P12;PISO_1_P21;PISO_1_P22;PISO_1_P31;PISO_1_P32;PISO_1_P41;PISO_1_P42;PISO_1_P51;PISO_1_P52,True
LT1:201:01,37.10275423728814,16.15,0.05,37.10275423728814,-0.0,0.05,8,18,both,Y,PISO_1,PISO_1_P11;PISO_1_P12;PISO_1_P21;PISO_1_P22;PISO_1_P31;PISO_1_P32;PISO_1_P41;PISO_1_P42;PISO_1_P51;PISO_1_P52,True
LT1:201:01,37.28283898305085,16.15,0.05,37.28283898305085,-0.0,0.05,8,18,both,Y,PISO_1,PISO_1_P11;PISO_1_P12;PISO_1_P21;PISO_1_P22;PISO_1_P31;PISO_1_P32;PISO_1_P41;PISO_1_P42;PISO_1_P51;PISO_1_P52,True
LT1:201:01,37.46292372881356,16.15,0.05,37.46292372881356,-0.0,0.05,8,18,both,Y,PISO_1,PISO_1_P11;PISO_1_P12;PISO_1_P21;PISO_1_P22;PISO_1_P31;PISO_1_P32;PISO_1_P41;PISO_1_P42;PISO_1_P51;PISO_1_P52,True
LT1:201:01,37.64300847457627,16.15,0.05,37.64300847457627,-0.0,0.05,8,18,both,Y,PISO_1,PISO_1_P11;PISO_1_P12;PISO_1_P21;PISO_1_P22;PISO_1_P31;PISO_1_P32;PISO_1_P41;PISO_1_P42;PISO_1_P51;PISO_1_P52,True
LT1:201:01,37.82309322033898,16.15,0.05,37.82309322033898,-0.0,0.05,8,18,both,Y,PISO_1,PISO_1_P11;PISO_1_P12;PISO_1_P21;PISO_1_P22;PISO_1_P31;PISO_1_P32;PISO_1_P41;PISO_1_P42;PISO_1_P51;PISO_1_P52,True
LT1:201:01,38.003177966101696,16.15,0.05,38.003177966101696,-0.0,0.05,8,18,both,Y,PISO_1,PISO_1_P11;PISO_1_P12;PISO_1_P21;PISO_1_P22;PISO_1_P31;PISO_1_P32;PISO_1_P41;PISO_1_P42;PISO_1_P51;PISO_1_P52,True
LT1:201:01,38.18326271186441,16.15,0.05,38.18326271186441,-0.0,0.05,8,18,both,Y,PISO_1,PISO_1_P11;PISO_1_P12;PISO_1_P21;PISO_1_P22;PISO_1_P31;PISO_1_P32;PISO_1_P41;PISO_1_P42;PISO_1_P51;PISO_1_P52,True
LT1:201:01,38.36334745762712,16.15,0.05,38.36334745762712,-0.0,0.05,8,18,both,Y,PISO_1,PISO_1_P11;PISO_1_P12;PISO_1_P21;PISO_1_P22;PISO_1_P31;PISO_1_P32;PISO_1_P41;PISO_1_P42;PISO_1_P51;PISO_1_P52,True
LT1:201:01,38.54343220338983,16.15,0.05,38.54343220338983,-0.0,0.05,8,18,both,Y,PISO_1,PISO_1_P11;PISO_1_P12;PISO_1_P21;PISO_1_P22;PISO_1_P31;PISO_1_P32;PISO_1_P41;PISO_1_P42;PISO_1_P51;PISO_1_P52,True
LT1:201:01,38.72351694915254,16.15,0.05,38.72351694915254,-0.0,0.05,8,18,both,Y,PISO_1,PISO_1_P11;PISO_1_P12;PISO_1_P21;PISO_1_P22;PISO_1_P31;PISO_1_P32;PISO_1_P41;PISO_1_P42;PISO_1_P51;PISO_1_P52,True
LT1:201:01,38.90360169491525,16.15,0.05,38.90360169491525,-0.0,0.05,8,18,both,Y,PISO_1,PISO_1_P11;PISO_1_P12;PISO_1_P21;PISO_1_P22;PISO_1_P31;PISO_1_P32;PISO_1_P41;PISO_1_P42;PISO_1_P51;PISO_1_P52,True
LT1:201:01,39.083686440677965,16.15,0.05,39.083686440677965,-0.0,0.05,8,18,both,Y,PISO_1,PISO_1_P11;PISO_1_P12;PISO_1_P21;PISO_1_P22;PISO_1_P31;PISO_1_P32;PISO_1_P41;PISO_1_P42;PISO_1_P51;PISO_1_P52,True
LT1:201:01,39.26377118644068,16.15,0.05,39.26377118644068,-0.0,0.05,8,18,both,Y,PISO_1,PISO_1_P11;PISO_1_P12;PISO_1_P21;PISO_1_P22;PISO_1_P31;PISO_1_P32;PISO_1_P41;PISO_1_P42;PISO_1_P51;PISO_1_P52,True
LT1:201:01,39.44385593220339,16.15,0.05,39.44385593220339,-0.0,0.05,8,18,both,Y,PISO_1,PISO_1_P11;PISO_1_P12;PISO_1_P21;PISO_1_P22;PISO_1_P31;PISO_1_P32;PISO_1_P41;PISO_1_P42;PISO_1_P51;PISO_1_P52,True
LT1:201:01,39.623940677966104,16.15,0.05,39.623940677966104,-0.0,0.05,8,18,both,Y,PISO_1,PISO_1_P11;PISO_1_P12;PISO_1_P21;PISO_1_P22;PISO_1_P31;PISO_1_P32;PISO_1_P41;PISO_1_P42;PISO_1_P51;PISO_1_P52,True
LT1:201:01,39.80402542372882,16.15,0.05,39.80402542372882,-0.0,0.05,8,18,both,Y,PISO_1,PISO_1_P11;PISO_1_P12;PISO_1_P21;PISO_1_P22;PISO_1_P31;PISO_1_P32;PISO_1_P41;PISO_1_P42;PISO_1_P51;PISO_1_P52,True
LT1:201:01,39.98411016949153,16.15,0.05,39.98411016949153,-0.0,0.05,8,18,both,Y,PISO_1,PISO_1_P11;PISO_1_P12;PISO_1_P21;PISO_1_P22;PISO_1_P31;PISO_1_P32;PISO_1_P41;PISO_1_P42;PISO_1_P51;PISO_1_P52,True
LT1:201:01,40.164194915254235,16.15,0.05,40.164194915254235,-0.0,0.05,8,18,both,Y,PISO_1,PISO_1_P11;PISO_1_P12;PISO_1_P21;PISO_1_P22;PISO_1_P31;PISO_1_P32;PISO_1_P41;PISO_1_P42;PISO_1_P51;PISO_1_P52,True
LT1:201:01,40.34427966101695,16.15,0.05,40.34427966101695,-0.0,0.05,8,18,both,Y,PISO_1,PISO_1_P11;PISO_1_P12;PISO_1_P21;PISO_1_P22;PISO_1_P31;PISO_1_P32;PISO_1_P41;PISO_1_P42;PISO_1_P51;PISO_1_P52,True
LT1:201:01,40.52436440677966,16.15,0.05,40.52436440677966,-0.0,0.05,8,18,both,Y,PISO_1,PISO_1_P11;PISO_1_P12;PISO_1_P21;PISO_1_P22;PISO_1_P31;PISO_1_P32;PISO_1_P41;PISO_1_P42;PISO_1_P51;PISO_1_P52,True
LT1:201:01,40.704449152542374,16.15,0.05,40.704449152542374,-0.0,0.05,8,18,both,Y,PISO_1,PISO_1_P11;PISO_1_P12;PISO_1_P21;PISO_1_P22;PISO_1_P31;PISO_1_P32;PISO_1_P41;PISO_1_P42;PISO_1_P51;PISO_1_P52,True
LT1:201:01,40.88453389830509,16.15,0.05,40.88453389830509,-0.0,0.05,8,18,both,Y,PISO_1,PISO_1_P11;PISO_1_P12;PISO_1_P21;PISO_1_P22;PISO_1_P31;PISO_1_P32;PISO_1_P41;PISO_1_P42;PISO_1_P51;PISO_1_P52,True
LT1:201:01,41.06461864406779,16.15,0.05,41.06461864406779,-0.0,0.05,8,18,both,Y,PISO_1,PISO_1_P11;PISO_1_P12;PISO_1_P21;PISO_1_P22;PISO_1_P31;PISO_1_P32;PISO_1_P41;PISO_1_P42;PISO_1_P51;PISO_1_P52,True
LT1:201:01,41.244703389830505,16.15,0.05,41.244703389830505,-0.0,0.05,8,18,both,Y,PISO_1,PISO_1_P11;PISO_1_P12;PISO_1_P21;PISO_1_P22;PISO_1_P31;PISO_1_P32;PISO_1_P41;PISO_1_P42;PISO_1_P51;PISO_1_P52,True
LT1:201:01,41.42478813559322,16.15,0.05,41.42478813559322,-0.0,0.05,8,18,both,Y,PISO_1,PISO_1_P11;PISO_1_P12;PISO_1_P21;PISO_1_P22;PISO_1_P31;PISO_1_P32;PISO_1_P41;PISO_1_P42;PISO_1_P51;PISO_1_P52,True
LT1:201:01,41.60487288135593,16.15,0.05,41.60487288135593,-0.0,0.05,8,18,both,Y,PISO_1,PISO_1_P11;PISO_1_P12;PISO_1_P21;PISO_1_P22;PISO_1_P31;PISO_1_P32;PISO_1_P41;PISO_1_P42;PISO_1_P51;PISO_1_P52,True
LT1:201:01,41.784957627118644,16.15,0.05,41.784957627118644,-0.0,0.05,8,18,both,Y,PISO_1,PISO_1_P11;PISO_1_P12;PISO_1_P21;PISO_1_P22;PISO_1_P31;PISO_1_P32;PISO_1_P41;PISO_1_P42;PISO_1_P51;PISO_1_P52,True
LT1:201:01,41.965042372881356,16.15,0.05,41.965042372881356,-0.0,0.05,8,18,both,Y,PISO_1,PISO_1_P11;PISO_1_P12;PISO_1_P21;PISO_1_P22;PISO_1_P31;PISO_1_P32;PISO_1_P41;PISO_1_P42;PISO_1_P51;PISO_1_P52,True
LT1:201:01,42.14512711864407,16.15,0.05,42.14512711864407,-0.0,0.05,8,18,both,Y,PISO_1,PISO_1_P11;PISO_1_P12;PISO_1_P21;PISO_1_P22;PISO_1_P31;PISO_1_P32;PISO_1_P41;PISO_1_P42;PISO_1_P51;PISO_1_P52,True
LT1:201:01,42.32521186440678,16.15,0.05,42.32521186440678,-0.0,0.05,8,18,both,Y,PISO_1,PISO_1_P11;PISO_1_P12;PISO_1_P21;PISO_1_P22;PISO_1_P31;PISO_1_P32;PISO_1_P41;PISO_1_P42;PISO_1_P51;PISO_1_P52,True
LT1:201:01,42.505296610169495,16.15,0.05,42.505296610169495,-0.0,0.05,8,18,both,Y,PISO_1,PISO_1_P11;PISO_1_P12;PISO_1_P21;PISO_1_P22;PISO_1_P31;PISO_1_P32;PISO_1_P41;PISO_1_P42;PISO_1_P51;PISO_1_P52,True
LT1:201:01,42.68538135593221,16.15,0.05,42.68538135593221,-0.0,0.05,8,18,both,Y,PISO_1,PISO_1_P11;PISO_1_P12;PISO_1_P21;PISO_1_P22;PISO_1_P31;PISO_1_P32;PISO_1_P41;PISO_1_P42;PISO_1_P51;PISO_1_P52,True
LT1:201:01,42.86546610169491,16.15,0.05,42.86546610169491,-0.0,0.05,8,18,both,Y,PISO_1,PISO_1_P11;PISO_1_P12;PISO_1_P21;PISO_1_P22;PISO_1_P31;PISO_1_P32;PISO_1_P41;PISO_1_P42;PISO_1_P51;PISO_1_P52,True
LT1:201:01,43.045550847457626,16.15,0.05,43.045550847457626,-0.0,0.05,8,18,both,Y,PISO_1,PISO_1_P11;PISO_1_P12;PISO_1_P21;PISO_1_P22;PISO_1_P31;PISO_1_P32;PISO_1_P41;PISO_1_P42;PISO_1_P51;PISO_1_P52,True
LT1:201:01,43.22563559322034,16.15,0.05,43.22563559322034,-0.0,0.05,8,18,both,Y,PISO_1,PISO_1_P11;PISO_1_P12;PISO_1_P21;PISO_1_P22;PISO_1_P31;PISO_1_P32;PISO_1_P41;PISO_1_P42;PISO_1_P51;PISO_1_P52,True
LT1:201:01,43.40572033898305,16.15,0.05,43.40572033898305,-0.0,0.05,8,18,both,Y,PISO_1,PISO_1_P11;PISO_1_P12;PISO_1_P21;PISO_1_P22;PISO_1_P31;PISO_1_P32;PISO_1_P41;PISO_1_P42;PISO_1_P51;PISO_1_P52,True
LT1:201:01,43.585805084745765,16.15,0.05,43.585805084745765,-0.0,0.05,8,18,both,Y,PISO_1,PISO_1_P11;PISO_1_P12;PISO_1_P21;PISO_1_P22;PISO_1_P31;PISO_1_P32;PISO_1_P41;PISO_1_P42;PISO_1_P51;PISO_1_P52,True
LT1:201:01,43.76588983050847,16.15,0.05,43.76588983050847,-0.0,0.05,8,18,both,Y,PISO_1,PISO_1_P11;PISO_1_P12;PISO_1_P21;PISO_1_P22;PISO_1_P31;PISO_1_P32;PISO_1_P41;PISO_1_P42;PISO_1_P51;PISO_1_P52,True
LT1:201:01,43.94597457627118,16.15,0.05,43.94597457627118,-0.0,0.05,8,18,both,Y,PISO_1,PISO_1_P11;PISO_1_P12;PISO_1_P21;PISO_1_P22;PISO_1_P31;PISO_1_P32;PISO_1_P41;PISO_1_P42;PISO_1_P51;PISO_1_P52,True
LT1:201:01,44.126059322033896,16.15,0.05,44.126059322033896,-0.0,0.05,8,18,both,Y,PISO_1,PISO_1_P11;PISO_1_P12;PISO_1_P21;PISO_1_P22;PISO_1_P31;PISO_1_P32;PISO_1_P41;PISO_1_P42;PISO_1_P51;PISO_1_P52,True
LT1:201:01,44.30614406779661,16.15,0.05,44.30614406779661,-0.0,0.05,8,18,both,Y,PISO_1,PISO_1_P11;PISO_1_P12;PISO_1_P21;PISO_1_P22;PISO_1_P31;PISO_1_P32;PISO_1_P41;PISO_1_P42;PISO_1_P51;PISO_1_P52,True
LT1:201:01,44.48622881355932,16.15,0.05,44.48622881355932,-0.0,0.05,8,18,both,Y,PISO_1,PISO_1_P11;PISO_1_P12;PISO_1_P21;PISO_1_P22;PISO_1_P31;PISO_1_P32;PISO_1_P41;PISO_1_P42;PISO_1_P51;PISO_1_P52,True
LT1:201:01,44.666313559322035,16.15,0.05,44.666313559322035,-0.0,0.05,8,18,both,Y,PISO_1,PISO_1_P11;PISO_1_P12;PISO_1_P21;PISO_1_P22;PISO_1_P31;PISO_1_P32;PISO_1_P41;PISO_1_P42;PISO_1_P51;PISO_1_P52,True
LT1:201:01,44.84639830508475,16.15,0.05,44.84639830508475,-0.0,0.05,8,18,both,Y,PISO_1,PISO_1_P11;PISO_1_P12;PISO_1_P21;PISO_1_P22;PISO_1_P31;PISO_1_P32;PISO_1_P41;PISO_1_P42;PISO_1_P51;PISO_1_P52,True
LT1:201:01,45.02648305084746,16.15,0.05,45.02648305084746,-0.0,0.05,8,18,both,Y,PISO_1,PISO_1_P11;PISO_1_P12;PISO_1_P21;PISO_1_P22;PISO_1_P31;PISO_1_P32;PISO_1_P41;PISO_1_P42;PISO_1_P51;PISO_1_P52,True
LT1:201:01,45.20656779661017,16.15,0.05,45.20656779661017,-0.0,0.05,8,18,both,Y,PISO_1,PISO_1_P11;PISO_1_P12;PISO_1_P21;PISO_1_P22;PISO_1_P31;PISO_1_P32;PISO_1_P41;PISO_1_P42;PISO_1_P51;PISO_1_P52,True
LT1:201:01,45.38665254237288,16.15,0.05,45.38665254237288,-0.0,0.05,8,18,both,Y,PISO_1,PISO_1_P11;PISO_1_P12;PISO_1_P21;PISO_1_P22;PISO_1_P31;PISO_1_P32;PISO_1_P41;PISO_1_P42;PISO_1_P51;PISO_1_P52,True
LT1:201:01,45.56673728813559,16.15,0.05,45.56673728813559,-0.0,0.05,8,18,both,Y,PISO_1,PISO_1_P11;PISO_1_P12;PISO_1_P21;PISO_1_P22;PISO_1_P31;PISO_1_P32;PISO_1_P41;PISO_1_P42;PISO_1_P51;PISO_1_P52,True
LT1:201:01,45.746822033898304,16.15,0.05,45.746822033898304,-0.0,0.05,8,18,both,Y,PISO_1,PISO_1_P11;PISO_1_P12;PISO_1_P21;PISO_1_P22;PISO_1_P31;PISO_1_P32;PISO_1_P41;PISO_1_P42;PISO_1_P51;PISO_1_P52,True
LT1:201:01,45.92690677966102,16.15,0.05,45.92690677966102,-0.0,0.05,8,18,both,Y,PISO_1,PISO_1_P11;PISO_1_P12;PISO_1_P21;PISO_1_P22;PISO_1_P31;PISO_1_P32;PISO_1_P41;PISO_1_P42;PISO_1_P51;PISO_1_P52,True
LT1:201:01,46.10699152542373,16.15,0.05,46.10699152542373,-0.0,0.05,8,18,both,Y,PISO_1,PISO_1_P11;PISO_1_P12;PISO_1_P21;PISO_1_P22;PISO_1_P31;PISO_1_P32;PISO_1_P41;PISO_1_P42;PISO_1_P51;PISO_1_P52,True
LT1:201:01,46.28707627118644,16.15,0.05,46.28707627118644,-0.0,0.05,8,18,both,Y,PISO_1,PISO_1_P11;PISO_1_P12;PISO_1_P21;PISO_1_P22;PISO_1_P31;PISO_1_P32;PISO_1_P41;PISO_1_P42;PISO_1_P51;PISO_1_P52,True
LT1:201:01,46.46716101694915,16.15,0.05,46.46716101694915,-0.0,0.05,8,18,both,Y,PISO_1,PISO_1_P11;PISO_1_P12;PISO_1_P21;PISO_1_P22;PISO_1_P31;PISO_1_P32;PISO_1_P41;PISO_1_P42;PISO_1_P51;PISO_1_P52,True
LT1:201:01,46.64724576271186,16.15,0.05,46.64724576271186,-0.0,0.05,8,18,both,Y,PISO_1,PISO_1_P11;PISO_1_P12;PISO_1_P21;PISO_1_P22;PISO_1_P31;PISO_1_P32;PISO_1_P41;PISO_1_P42;PISO_1_P51;PISO_1_P52,True
LT1:201:01,46.827330508474574,16.15,0.05,46.827330508474574,-0.0,0.05,8,18,both,Y,PISO_1,PISO_1_P11;PISO_1_P12;PISO_1_P21;PISO_1_P22;PISO_1_P31;PISO_1_P32;PISO_1_P41;PISO_1_P42;PISO_1_P51;PISO_1_P52,True
LT1:201:01,47.00741525423729,16.15,0.05,47.00741525423729,-0.0,0.05,8,18,both,Y,PISO_1,PISO_1_P11;PISO_1_P12;PISO_1_P21;PISO_1_P22;PISO_1_P31;PISO_1_P32;PISO_1_P41;PISO_1_P42;PISO_1_P51;PISO_1_P52,True
LT1:201:01,47.1875,16.15,0.05,47.1875,-0.0,0.05,8,18,both,Y,PISO_1,PISO_1_P11;PISO_1_P12;PISO_1_P21;PISO_1_P22;PISO_1_P31;PISO_1_P32;PISO_1_P41;PISO_1_P42;PISO_1_P51;PISO_1_P52,True
LT1:201:01,47.36758474576271,16.15,0.05,47.36758474576271,-0.0,0.05,8,18,both,Y,PISO_1,PISO_1_P11;PISO_1_P12;PISO_1_P21;PISO_1_P22;PISO_1_P31;PISO_1_P32;PISO_1_P41;PISO_1_P42;PISO_1_P51;PISO_1_P52,True
LT1:201:01,47.547669491525426,16.15,0.05,47.547669491525426,-0.0,0.05,8,18,both,Y,PISO_1,PISO_1_P11;PISO_1_P12;PISO_1_P21;PISO_1_P22;PISO_1_P31;PISO_1_P32;PISO_1_P41;PISO_1_P42;PISO_1_P51;PISO_1_P52,True
LT1:201:01,47.72775423728814,16.15,0.05,47.72775423728814,-0.0,0.05,8,18,both,Y,PISO_1,PISO_1_P11;PISO_1_P12;PISO_1_P21;PISO_1_P22;PISO_1_P31;PISO_1_P32;PISO_1_P41;PISO_1_P42;PISO_1_P51;PISO_1_P52,True
LT1:201:01,47.90783898305085,16.15,0.05,47.90783898305085,-0.0,0.05,8,18,both,Y,PISO_1,PISO_1_P11;PISO_1_P12;PISO_1_P21;PISO_1_P22;PISO_1_P31;PISO_1_P32;PISO_1_P41;PISO_1_P42;PISO_1_P51;PISO_1_P52,True
LT1:201:01,48.087923728813564,16.15,0.05,48.087923728813564,-0.0,0.05,8,18,both,Y,PISO_1,PISO_1_P11;PISO_1_P12;PISO_1_P21;PISO_1_P22;PISO_1_P31;PISO_1_P32;PISO_1_P41;PISO_1_P42;PISO_1_P51;PISO_1_P52,True
LT1:201:01,48.26800847457627,16.15,0.05,48.26800847457627,-0.0,0.05,8,18,both,Y,PISO_1,PISO_1_P11;PISO_1_P12;PISO_1_P21;PISO_1_P22;PISO_1_P31;PISO_1_P32;PISO_1_P41;PISO_1_P42;PISO_1_P51;PISO_1_P52,True
LT1:201:01,48.44809322033898,16.15,0.05,48.44809322033898,-0.0,0.05,8,18,both,Y,PISO_1,PISO_1_P11;PISO_1_P12;PISO_1_P21;PISO_1_P22;PISO_1_P31;PISO_1_P32;PISO_1_P41;PISO_1_P42;PISO_1_P51;PISO_1_P52,True
LT1:201:01,48.628177966101696,16.15,0.05,48.628177966101696,-0.0,0.05,8,18,both,Y,PISO_1,PISO_1_P11;PISO_1_P12;PISO_1_P21;PISO_1_P22;PISO_1_P31;PISO_1_P32;PISO_1_P41;PISO_1_P42;PISO_1_P51;PISO_1_P52,True
LT1:201:01,48.80826271186441,16.15,0.05,48.80826271186441,-0.0,0.05,8,18,both,Y,PISO_1,PISO_1_P11;PISO_1_P12;PISO_1_P21;PISO_1_P22;PISO_1_P31;PISO_1_P32;PISO_1_P41;PISO_1_P42;PISO_1_P51;PISO_1_P52,True
LT1:201:01,48.988347457627114,16.15,0.05,48.988347457627114,-0.0,0.05,8,18,both,Y,PISO_1,PISO_1_P11;PISO_1_P12;PISO_1_P21;PISO_1_P22;PISO_1_P31;PISO_1_P32;PISO_1_P41;PISO_1_P42;PISO_1_P51;PISO_1_P52,True
LT1:201:01,49.16843220338983,16.15,0.05,49.16843220338983,-0.0,0.05,8,18,both,Y,PISO_1,PISO_1_P11;PISO_1_P12;PISO_1_P21;PISO_1_P22;PISO_1_P31;PISO_1_P32;PISO_1_P41;PISO_1_P42;PISO_1_P51;PISO_1_P52,True
LT1:201:01,49.34851694915254,16.15,0.05,49.34851694915254,-0.0,0.05,8,18,both,Y,PISO_1,PISO_1_P11;PISO_1_P12;PISO_1_P21;PISO_1_P22;PISO_1_P31;PISO_1_P32;PISO_1_P41;PISO_1_P42;PISO_1_P51;PISO_1_P52,True
LT1:201:01,49.52860169491525,16.15,0.05,49.52860169491525,-0.0,0.05,8,18,both,Y,PISO_1,PISO_1_P11;PISO_1_P12;PISO_1_P21;PISO_1_P22;PISO_1_P31;PISO_1_P32;PISO_1_P41;PISO_1_P42;PISO_1_P51;PISO_1_P52,True
LT1:201:01,49.708686440677965,16.15,0.05,49.708686440677965,-0.0,0.05,8,18,both,Y,PISO_1,PISO_1_P11;PISO_1_P12;PISO_1_P21;PISO_1_P22;PISO_1_P31;PISO_1_P32;PISO_1_P41;PISO_1_P42;PISO_1_P51;PISO_1_P52,True
LT1:201:01,49.88877118644068,16.15,0.05,49.88877118644068,-0.0,0.05,8,18,both,Y,PISO_1,PISO_1_P11;PISO_1_P12;PISO_1_P21;PISO_1_P22;PISO_1_P31;PISO_1_P32;PISO_1_P41;PISO_1_P42;PISO_1_P51;PISO_1_P52,True
LT1:201:01,50.06885593220339,16.15,0.05,50.06885593220339,-0.0,0.05,8,18,both,Y,PISO_1,PISO_1_P11;PISO_1_P12;PISO_1_P21;PISO_1_P22;PISO_1_P31;PISO_1_P32;PISO_1_P41;PISO_1_P42;PISO_1_P51;PISO_1_P52,True
LT1:201:01,50.248940677966104,16.15,0.05,50.248940677966104,-0.0,0.05,8,18,both,Y,PISO_1,PISO_1_P11;PISO_1_P12;PISO_1_P21;PISO_1_P22;PISO_1_P31;PISO_1_P32;PISO_1_P41;PISO_1_P42;PISO_1_P51;PISO_1_P52,True
LT1:201:01,50.42902542372882,16.15,0.05,50.42902542372882,-0.0,0.05,8,18,both,Y,PISO_1,PISO_1_P11;PISO_1_P12;PISO_1_P21;PISO_1_P22;PISO_1_P31;PISO_1_P32;PISO_1_P41;PISO_1_P42;PISO_1_P51;PISO_1_P52,True
LT1:201:01,50.60911016949153,16.15,0.05,50.60911016949153,-0.0,0.05,8,18,both,Y,PISO_1,PISO_1_P11;PISO_1_P12;PISO_1_P21;PISO_1_P22;PISO_1_P31;PISO_1_P32;PISO_1_P41;PISO_1_P42;PISO_1_P51;PISO_1_P52,True
LT1:201:01,50.78919491525424,16.15,0.05,50.78919491525424,-0.0,0.05,8,18,both,Y,PISO_1,PISO_1_P11;PISO_1_P12;PISO_1_P21;PISO_1_P22;PISO_1_P31;PISO_1_P32;PISO_1_P41;PISO_1_P42;PISO_1_P51;PISO_1_P52,True
LT1:201:01,50.96927966101695,16.15,0.05,50.96927966101695,-0.0,0.05,8,18,both,Y,PISO_1,PISO_1_P11;PISO_1_P12;PISO_1_P21;PISO_1_P22;PISO_1_P31;PISO_1_P32;PISO_1_P41;PISO_1_P42;PISO_1_P51;PISO_1_P52,True
LT1:201:01,51.14936440677966,16.15,0.05,51.14936440677966,-0.0,0.05,8,18,both,Y,PISO_1,PISO_1_P11;PISO_1_P12;PISO_1_P21;PISO_1_P22;PISO_1_P31;PISO_1_P32;PISO_1_P41;PISO_1_P42;PISO_1_P51;PISO_1_P52,True
LT1:201:01,51.329449152542374,16.15,0.05,51.329449152542374,-0.0,0.05,8,18,both,Y,PISO_1,PISO_1_P11;PISO_1_P12;PISO_1_P21;PISO_1_P22;PISO_1_P31;PISO_1_P32;PISO_1_P41;PISO_1_P42;PISO_1_P51;PISO_1_P52,True
LT1:201:01,51.50953389830508,16.15,0.05,51.50953389830508,-0.0,0.05,8,18,both,Y,PISO_1,PISO_1_P11;PISO_1_P12;PISO_1_P21;PISO_1_P22;PISO_1_P31;PISO_1_P32;PISO_1_P41;PISO_1_P42;PISO_1_P51;PISO_1_P52,True
LT1:201:01,51.68961864406779,16.15,0.05,51.68961864406779,-0.0,0.05,8,18,both,Y,PISO_1,PISO_1_P11;PISO_1_P12;PISO_1_P21;PISO_1_P22;PISO_1_P31;PISO_1_P32;PISO_1_P41;PISO_1_P42;PISO_1_P51;PISO_1_P52,True
LT1:201:01,51.869703389830505,16.15,0.05,51.869703389830505,-0.0,0.05,8,18,both,Y,PISO_1,PISO_1_P11;PISO_1_P12;PISO_1_P21;PISO_1_P22;PISO_1_P31;PISO_1_P32;PISO_1_P41;PISO_1_P42;PISO_1_P51;PISO_1_P52,True
LT1:201:01,52.04978813559322,16.15,0.05,52.04978813559322,-0.0,0.05,8,18,both,Y,PISO_1,PISO_1_P11;PISO_1_P12;PISO_1_P21;PISO_1_P22;PISO_1_P31;PISO_1_P32;PISO_1_P41;PISO_1_P42;PISO_1_P51;PISO_1_P52,True
LT1:201:01,52.22987288135593,16.15,0.05,52.22987288135593,-0.0,0.05,8,18,both,Y,PISO_1,PISO_1_P11;PISO_1_P12;PISO_1_P21;PISO_1_P22;PISO_1_P31;PISO_1_P32;PISO_1_P41;PISO_1_P42;PISO_1_P51;PISO_1_P52,True
LT1:201:01,52.409957627118644,16.15,0.05,52.409957627118644,-0.0,0.05,8,18,both,Y,PISO_1,PISO_1_P11;PISO_1_P12;PISO_1_P21;PISO_1_P22;PISO_1_P31;PISO_1_P32;PISO_1_P41;PISO_1_P42;PISO_1_P51;PISO_1_P52,True
LT1:201:01,52.590042372881356,16.15,0.05,52.590042372881356,-0.0,0.05,8,18,both,Y,PISO_1,PISO_1_P11;PISO_1_P12;PISO_1_P21;PISO_1_P22;PISO_1_P31;PISO_1_P32;PISO_1_P41;PISO_1_P42;PISO_1_P51;PISO_1_P52,True
LT1:201:01,52.77012711864407,16.15,0.05,52.77012711864407,-0.0,0.05,8,18,both,Y,PISO_1,PISO_1_P11;PISO_1_P12;PISO_1_P21;PISO_1_P22;PISO_1_P31;PISO_1_P32;PISO_1_P41;PISO_1_P42;PISO_1_P51;PISO_1_P52,True
LT1:201:01,52.95021186440678,16.15,0.05,52.95021186440678,-0.0,0.05,8,18,both,Y,PISO_1,PISO_1_P11;PISO_1_P12;PISO_1_P21;PISO_1_P22;PISO_1_P31;PISO_1_P32;PISO_1_P41;PISO_1_P42;PISO_1_P51;PISO_1_P52,True
LT1:201:01,53.130296610169495,16.15,0.05,53.130296610169495,-0.0,0.05,8,18,both,Y,PISO_1,PISO_1_P11;PISO_1_P12;PISO_1_P21;PISO_1_P22;PISO_1_P31;PISO_1_P32;PISO_1_P41;PISO_1_P42;PISO_1_P51;PISO_1_P52,True
LT1:201:01,53.31038135593221,16.15,0.05,53.31038135593221,-0.0,0.05,8,18,both,Y,PISO_1,PISO_1_P11;PISO_1_P12;PISO_1_P21;PISO_1_P22;PISO_1_P31;PISO_1_P32;PISO_1_P41;PISO_1_P42;PISO_1_P51;PISO_1_P52,True
LT1:201:01,53.49046610169492,16.15,0.05,53.49046610169492,-0.0,0.05,8,18,both,Y,PISO_1,PISO_1_P11;PISO_1_P12;PISO_1_P21;PISO_1_P22;PISO_1_P31;PISO_1_P32;PISO_1_P41;PISO_1_P42;PISO_1_P51;PISO_1_P52,True
LT1:201:01,53.670550847457626,16.15,0.05,53.670550847457626,-0.0,0.05,8,18,both,Y,PISO_1,PISO_1_P11;PISO_1_P12;PISO_1_P21;PISO_1_P22;PISO_1_P31;PISO_1_P32;PISO_1_P41;PISO_1_P42;PISO_1_P51;PISO_1_P52,True
LT1:201:01,53.85063559322034,16.15,0.05,53.85063559322034,-0.0,0.05,8,18,both,Y,PISO_1,PISO_1_P11;PISO_1_P12;PISO_1_P21;PISO_1_P22;PISO_1_P31;PISO_1_P32;PISO_1_P41;PISO_1_P42;PISO_1_P51;PISO_1_P52,True
LT1:201:01,54.03072033898305,16.15,0.05,54.03072033898305,-0.0,0.05,8,18,both,Y,PISO_1,PISO_1_P11;PISO_1_P12;PISO_1_P21;PISO_1_P22;PISO_1_P31;PISO_1_P32;PISO_1_P41;PISO_1_P42;PISO_1_P51;PISO_1_P52,True
LT1:201:01,54.21080508474576,16.15,0.05,54.21080508474576,-0.0,0.05,8,18,both,Y,PISO_1,PISO_1_P11;PISO_1_P12;PISO_1_P21;PISO_1_P22;PISO_1_P31;PISO_1_P32;PISO_1_P41;PISO_1_P42;PISO_1_P51;PISO_1_P52,True
LT1:201:01,54.39088983050847,16.15,0.05,54.39088983050847,-0.0,0.05,8,18,both,Y,PISO_1,PISO_1_P11;PISO_1_P12;PISO_1_P21;PISO_1_P22;PISO_1_P31;PISO_1_P32;PISO_1_P41;PISO_1_P42;PISO_1_P51;PISO_1_P52,True
LT1:201:01,54.57097457627118,16.15,0.05,54.57097457627118,-0.0,0.05,8,18,both,Y,PISO_1,PISO_1_P11;PISO_1_P12;PISO_1_P21;PISO_1_P22;PISO_1_P31;PISO_1_P32;PISO_1_P41;PISO_1_P42;PISO_1_P51;PISO_1_P52,True
LT1:201:01,54.751059322033896,16.15,0.05,54.751059322033896,-0.0,0.05,8,18,both,Y,PISO_1,PISO_1_P11;PISO_1_P12;PISO_1_P21;PISO_1_P22;PISO_1_P31;PISO_1_P32;PISO_1_P41;PISO_1_P42;PISO_1_P51;PISO_1_P52,True
LT1:201:01,54.93114406779661,16.15,0.05,54.93114406779661,-0.0,0.05,8,18,both,Y,PISO_1,PISO_1_P11;PISO_1_P12;PISO_1_P21;PISO_1_P22;PISO_1_P31;PISO_1_P32;PISO_1_P41;PISO_1_P42;PISO_1_P51;PISO_1_P52,True
LT1:201:01,55.11122881355932,16.15,0.05,55.11122881355932,-0.0,0.05,8,18,both,Y,PISO_1,PISO_1_P11;PISO_1_P12;PISO_1_P21;PISO_1_P22;PISO_1_P31;PISO_1_P32;PISO_1_P41;PISO_1_P42;PISO_1_P51;PISO_1_P52,True
LT1:201:01,55.291313559322035,16.15,0.05,55.291313559322035,-0.0,0.05,8,18,both,Y,PISO_1,PISO_1_P11;PISO_1_P12;PISO_1_P21;PISO_1_P22;PISO_1_P31;PISO_1_P32;PISO_1_P41;PISO_1_P42;PISO_1_P51;PISO_1_P52,True
LT1:201:01,55.47139830508475,16.15,0.05,55.47139830508475,-0.0,0.05,8,18,both,Y,PISO_1,PISO_1_P11;PISO_1_P12;PISO_1_P21;PISO_1_P22;PISO_1_P31;PISO_1_P32;PISO_1_P41;PISO_1_P42;PISO_1_P51;PISO_1_P52,True
LT1:201:01,55.65148305084746,16.15,0.05,55.65148305084746,-0.0,0.05,8,18,both,Y,PISO_1,PISO_1_P11;PISO_1_P12;PISO_1_P21;PISO_1_P22;PISO_1_P31;PISO_1_P32;PISO_1_P41;PISO_1_P42;PISO_1_P51;PISO_1_P52,True
LT1:201:01,55.83156779661017,16.15,0.05,55.83156779661017,-0.0,0.05,8,18,both,Y,PISO_1,PISO_1_P11;PISO_1_P12;PISO_1_P21;PISO_1_P22;PISO_1_P31;PISO_1_P32;PISO_1_P41;PISO_1_P42;PISO_1_P51;PISO_1_P52,True
LT1:201:01,56.011652542372886,16.15,0.05,56.011652542372886,-0.0,0.05,8,18,both,Y,PISO_1,PISO_1_P11;PISO_1_P12;PISO_1_P21;PISO_1_P22;PISO_1_P31;PISO_1_P32;PISO_1_P41;PISO_1_P42;PISO_1_P51;PISO_1_P52,True
LT1:201:01,56.19173728813559,16.15,0.05,56.19173728813559,-0.0,0.05,8,18,both,Y,PISO_1,PISO_1_P11;PISO_1_P12;PISO_1_P21;PISO_1_P22;PISO_1_P31;PISO_1_P32;PISO_1_P41;PISO_1_P42;PISO_1_P51;PISO_1_P52,True
LT1:201:01,56.371822033898304,16.15,0.05,56.371822033898304,-0.0,0.05,8,18,both,Y,PISO_1,PISO_1_P11;PISO_1_P12;PISO_1_P21;PISO_1_P22;PISO_1_P31;PISO_1_P32;PISO_1_P41;PISO_1_P42;PISO_1_P51;PISO_1_P52,True
LT1:201:01,56.55190677966102,16.15,0.05,56.55190677966102,-0.0,0.05,8,18,both,Y,PISO_1,PISO_1_P11;PISO_1_P12;PISO_1_P21;PISO_1_P22;PISO_1_P31;PISO_1_P32;PISO_1_P41;PISO_1_P42;PISO_1_P51;PISO_1_P52,True
LT1:201:01,56.73199152542373,16.15,0.05,56.73199152542373,-0.0,0.05,8,18,both,Y,PISO_1,PISO_1_P11;PISO_1_P12;PISO_1_P21;PISO_1_P22;PISO_1_P31;PISO_1_P32;PISO_1_P41;PISO_1_P42;PISO_1_P51;PISO_1_P52,True
LT1:201:01,56.912076271186436,16.15,0.05,56.912076271186436,-0.0,0.05,8,18,both,Y,PISO_1,PISO_1_P11;PISO_1_P12;PISO_1_P21;PISO_1_P22;PISO_1_P31;PISO_1_P32;PISO_1_P41;PISO_1_P42;PISO_1_P51;PISO_1_P52,True
LT1:201:01,57.09216101694915,16.15,0.05,57.09216101694915,-0.0,0.05,8,18,both,Y,PISO_1,PISO_1_P11;PISO_1_P12;PISO_1_P21;PISO_1_P22;PISO_1_P31;PISO_1_P32;PISO_1_P41;PISO_1_P42;PISO_1_P51;PISO_1_P52,True
LT1:201:01,57.27224576271186,16.15,0.05,57.27224576271186,-0.0,0.05,8,18,both,Y,PISO_1,PISO_1_P11;PISO_1_P12;PISO_1_P21;PISO_1_P22;PISO_1_P31;PISO_1_P32;PISO_1_P41;PISO_1_P42;PISO_1_P51;PISO_1_P52,True
LT1:201:01,57.452330508474574,16.15,0.05,57.452330508474574,-0.0,0.05,8,18,both,Y,PISO_1,PISO_1_P11;PISO_1_P12;PISO_1_P21;PISO_1_P22;PISO_1_P31;PISO_1_P32;PISO_1_P41;PISO_1_P42;PISO_1_P51;PISO_1_P52,True
LT1:201:01,57.63241525423729,16.15,0.05,57.63241525423729,-0.0,0.05,8,18,both,Y,PISO_1,PISO_1_P11;PISO_1_P12;PISO_1_P21;PISO_1_P22;PISO_1_P31;PISO_1_P32;PISO_1_P41;PISO_1_P42;PISO_1_P51;PISO_1_P52,True
LT1:201:01,57.8125,16.15,0.05,57.8125,-0.0,0.05,8,18,both,Y,PISO_1,PISO_1_P11;PISO_1_P12;PISO_1_P21;PISO_1_P22;PISO_1_P31;PISO_1_P32;PISO_1_P41;PISO_1_P42;PISO_1_P51;PISO_1_P52,True
LT1:201:01,57.99258474576271,16.15,0.05,57.99258474576271,-0.0,0.05,8,18,both,Y,PISO_1,PISO_1_P11;PISO_1_P12;PISO_1_P21;PISO_1_P22;PISO_1_P31;PISO_1_P32;PISO_1_P41;PISO_1_P42;PISO_1_P51;PISO_1_P52,True
LT1:201:01,58.172669491525426,16.15,0.05,58.172669491525426,-0.0,0.05,8,18,both,Y,PISO_1,PISO_1_P11;PISO_1_P12;PISO_1_P21;PISO_1_P22;PISO_1_P31;PISO_1_P32;PISO_1_P41;PISO_1_P42;PISO_1_P51;PISO_1_P52,True
LT1:201:01,58.35275423728814,16.15,0.05,58.35275423728814,-0.0,0.05,8,18,both,Y,PISO_1,PISO_1_P11;PISO_1_P12;PISO_1_P21;PISO_1_P22;PISO_1_P31;PISO_1_P32;PISO_1_P41;PISO_1_P42;PISO_1_P51;PISO_1_P52,True
LT1:201:01,58.53283898305085,16.15,0.05,58.53283898305085,-0.0,0.05,8,18,both,Y,PISO_1,PISO_1_P11;PISO_1_P12;PISO_1_P21;PISO_1_P22;PISO_1_P31;PISO_1_P32;PISO_1_P41;PISO_1_P42;PISO_1_P51;PISO_1_P52,True
LT1:201:01,58.712923728813564,16.15,0.05,58.712923728813564,-0.0,0.05,8,18,both,Y,PISO_1,PISO_1_P11;PISO_1_P12;PISO_1_P21;PISO_1_P22;PISO_1_P31;PISO_1_P32;PISO_1_P41;PISO_1_P42;PISO_1_P51;PISO_1_P52,True
LT1:201:01,58.89300847457627,16.15,0.05,58.89300847457627,-0.0,0.05,8,18,both,Y,PISO_1,PISO_1_P11;PISO_1_P12;PISO_1_P21;PISO_1_P22;PISO_1_P31;PISO_1_P32;PISO_1_P41;PISO_1_P42;PISO_1_P51;PISO_1_P52,True
LT1:201:01,59.07309322033898,16.15,0.05,59.07309322033898,-0.0,0.05,8,18,both,Y,PISO_1,PISO_1_P11;PISO_1_P12;PISO_1_P21;PISO_1_P22;PISO_1_P31;PISO_1_P32;PISO_1_P41;PISO_1_P42;PISO_1_P51;PISO_1_P52,True
LT1:201:01,59.253177966101696,16.15,0.05,59.253177966101696,-0.0,0.05,8,18,both,Y,PISO_1,PISO_1_P11;PISO_1_P12;PISO_1_P21;PISO_1_P22;PISO_1_P31;PISO_1_P32;PISO_1_P41;PISO_1_P42;PISO_1_P51;PISO_1_P52,True
LT1:201:01,59.43326271186441,16.15,0.05,59.43326271186441,-0.0,0.05,8,18,both,Y,PISO_1,PISO_1_P11;PISO_1_P12;PISO_1_P21;PISO_1_P22;PISO_1_P31;PISO_1_P32;PISO_1_P41;PISO_1_P42;PISO_1_P51;PISO_1_P52,True
LT1:201:01,59.613347457627114,16.15,0.05,59.613347457627114,-0.0,0.05,8,18,both,Y,PISO_1,PISO_1_P11;PISO_1_P12;PISO_1_P21;PISO_1_P22;PISO_1_P31;PISO_1_P32;PISO_1_P41;PISO_1_P42;PISO_1_P51;PISO_1_P52,True
LT1:201:01,59.79343220338983,16.15,0.05,59.79343220338983,-0.0,0.05,8,18,both,Y,PISO_1,PISO_1_P11;PISO_1_P12;PISO_1_P21;PISO_1_P22;PISO_1_P31;PISO_1_P32;PISO_1_P41;PISO_1_P42;PISO_1_P51;PISO_1_P52,True
LT1:201:01,59.97351694915254,16.15,0.05,59.97351694915254,-0.0,0.05,8,18,both,Y,PISO_1,PISO_1_P11;PISO_1_P12;PISO_1_P21;PISO_1_P22;PISO_1_P31;PISO_1_P32;PISO_1_P41;PISO_1_P42;PISO_1_P51;PISO_1_P52,True
LT1:201:01,60.15360169491525,16.15,0.05,60.15360169491525,-0.0,0.05,8,18,both,Y,PISO_1,PISO_1_P11;PISO_1_P12;PISO_1_P21;PISO_1_P22;PISO_1_P31;PISO_1_P32;PISO_1_P41;PISO_1_P42;PISO_1_P51;PISO_1_P52,True
LT1:201:01,60.333686440677965,16.15,0.05,60.333686440677965,-0.0,0.05,8,18,both,Y,PISO_1,PISO_1_P11;PISO_1_P12;PISO_1_P21;PISO_1_P22;PISO_1_P31;PISO_1_P32;PISO_1_P41;PISO_1_P42;PISO_1_P51;PISO_1_P52,True
LT1:201:01,60.51377118644068,16.15,0.05,60.51377118644068,-0.0,0.05,8,18,both,Y,PISO_1,PISO_1_P11;PISO_1_P12;PISO_1_P21;PISO_1_P22;PISO_1_P31;PISO_1_P32;PISO_1_P41;PISO_1_P42;PISO_1_P51;PISO_1_P52,True
LT1:201:01,60.69385593220339,16.15,0.05,60.69385593220339,-0.0,0.05,8,18,both,Y,PISO_1,PISO_1_P11;PISO_1_P12;PISO_1_P21;PISO_1_P22;PISO_1_P31;PISO_1_P32;PISO_1_P41;PISO_1_P42;PISO_1_P51;PISO_1_P52,True
LT1:201:01,60.873940677966104,16.15,0.05,60.873940677966104,-0.0,0.05,8,18,both,Y,PISO_1,PISO_1_P11;PISO_1_P12;PISO_1_P21;PISO_1_P22;PISO_1_P31;PISO_1_P32;PISO_1_P41;PISO_1_P42;PISO_1_P51;PISO_1_P52,True
LT1:201:01,61.05402542372882,16.15,0.05,61.05402542372882,-0.0,0.05,8,18,both,Y,PISO_1,PISO_1_P11;PISO_1_P12;PISO_1_P21;PISO_1_P22;PISO_1_P31;PISO_1_P32;PISO_1_P41;PISO_1_P42;PISO_1_P51;PISO_1_P52,True
LT1:201:01,61.23411016949153,16.15,0.05,61.23411016949153,-0.0,0.05,8,18,both,Y,PISO_1,PISO_1_P11;PISO_1_P12;PISO_1_P21;PISO_1_P22;PISO_1_P31;PISO_1_P32;PISO_1_P41;PISO_1_P42;PISO_1_P51;PISO_1_P52,True
LT1:201:01,61.41419491525424,16.15,0.05,61.41419491525424,-0.0,0.05,8,18,both,Y,PISO_1,PISO_1_P11;PISO_1_P12;PISO_1_P21;PISO_1_P22;PISO_1_P31;PISO_1_P32;PISO_1_P41;PISO_1_P42;PISO_1_P51;PISO_1_P52,True
LT1:201:01,61.59427966101695,16.15,0.05,61.59427966101695,-0.0,0.05,8,18,both,Y,PISO_1,PISO_1_P11;PISO_1_P12;PISO_1_P21;PISO_1_P22;PISO_1_P31;PISO_1_P32;PISO_1_P41;PISO_1_P42;PISO_1_P51;PISO_1_P52,True
LT1:201:01,61.77436440677966,16.15,0.05,61.77436440677966,-0.0,0.05,8,18,both,Y,PISO_1,PISO_1_P11;PISO_1_P12;PISO_1_P21;PISO_1_P22;PISO_1_P31;PISO_1_P32;PISO_1_P41;PISO_1_P42;PISO_1_P51;PISO_1_P52,True
LT1:201:01,61.954449152542374,16.15,0.05,61.954449152542374,-0.0,0.05,8,18,both,Y,PISO_1,PISO_1_P11;PISO_1_P12;PISO_1_P21;PISO_1_P22;PISO_1_P31;PISO_1_P32;PISO_1_P41;PISO_1_P42;PISO_1_P51;PISO_1_P52,True
LT1:201:01,62.13453389830508,16.15,0.05,62.13453389830508,-0.0,0.05,8,18,both,Y,PISO_1,PISO_1_P11;PISO_1_P12;PISO_1_P21;PISO_1_P22;PISO_1_P31;PISO_1_P32;PISO_1_P41;PISO_1_P42;PISO_1_P51;PISO_1_P52,True
LT1:201:01,62.31461864406779,16.15,0.05,62.31461864406779,-0.0,0.05,8,18,both,Y,PISO_1,PISO_1_P11;PISO_1_P12;PISO_1_P21;PISO_1_P22;PISO_1_P31;PISO_1_P32;PISO_1_P41;PISO_1_P42;PISO_1_P51;PISO_1_P52,True
LT1:201:01,62.494703389830505,16.15,0.05,62.494703389830505,-0.0,0.05,8,18,both,Y,PISO_1,PISO_1_P11;PISO_1_P12;PISO_1_P21;PISO_1_P22;PISO_1_P31;PISO_1_P32;PISO_1_P41;PISO_1_P42;PISO_1_P51;PISO_1_P52,True
LT1:201:01,62.67478813559322,16.15,0.05,62.67478813559322,-0.0,0.05,8,18,both,Y,PISO_1,PISO_1_P11;PISO_1_P12;PISO_1_P21;PISO_1_P22;PISO_1_P31;PISO_1_P32;PISO_1_P41;PISO_1_P42;PISO_1_P51;PISO_1_P52,True
LT1:201:01,62.85487288135593,16.15,0.05,62.85487288135593,-0.0,0.05,8,18,both,Y,PISO_1,PISO_1_P11;PISO_1_P12;PISO_1_P21;PISO_1_P22;PISO_1_P31;PISO_1_P32;PISO_1_P41;PISO_1_P42;PISO_1_P51;PISO_1_P52,True
LT1:201:01,63.034957627118644,16.15,0.05,63.034957627118644,-0.0,0.05,8,18,both,Y,PISO_1,PISO_1_P11;PISO_1_P12;PISO_1_P21;PISO_1_P22;PISO_1_P31;PISO_1_P32;PISO_1_P41;PISO_1_P42;PISO_1_P51;PISO_1_P52,True
LT1:201:01,63.215042372881356,16.15,0.05,63.215042372881356,-0.0,0.05,8,18,both,Y,PISO_1,PISO_1_P11;PISO_1_P12;PISO_1_P21;PISO_1_P22;PISO_1_P31;PISO_1_P32;PISO_1_P41;PISO_1_P42;PISO_1_P51;PISO_1_P52,True
LT1:201:01,63.39512711864407,16.15,0.05,63.39512711864407,-0.0,0.05,8,18,both,Y,PISO_1,PISO_1_P11;PISO_1_P12;PISO_1_P21;PISO_1_P22;PISO_1_P31;PISO_1_P32;PISO_1_P41;PISO_1_P42;PISO_1_P51;PISO_1_P52,True
LT1:201:01,63.57521186440678,16.15,0.05,63.57521186440678,-0.0,0.05,8,18,both,Y,PISO_1,PISO_1_P11;PISO_1_P12;PISO_1_P21;PISO_1_P22;PISO_1_P31;PISO_1_P32;PISO_1_P41;PISO_1_P42;PISO_1_P51;PISO_1_P52,True
LT1:201:01,63.755296610169495,16.15,0.05,63.755296610169495,-0.0,0.05,8,18,both,Y,PISO_1,PISO_1_P11;PISO_1_P12;PISO_1_P21;PISO_1_P22;PISO_1_P31;PISO_1_P32;PISO_1_P41;PISO_1_P42;PISO_1_P51;PISO_1_P52,True
LT1:201:01,63.9353813559322,16.15,0.05,63.9353813559322,-0.0,0.05,8,18,both,Y,PISO_1,PISO_1_P11;PISO_1_P12;PISO_1_P21;PISO_1_P22;PISO_1_P31;PISO_1_P32;PISO_1_P41;PISO_1_P42;PISO_1_P51;PISO_1_P52,True
LT1:201:01,64.11546610169492,16.15,0.05,64.11546610169492,-0.0,0.05,8,18,both,Y,PISO_1,PISO_1_P11;PISO_1_P12;PISO_1_P21;PISO_1_P22;PISO_1_P31;PISO_1_P32;PISO_1_P41;PISO_1_P42;PISO_1_P51;PISO_1_P52,True
LT1:201:01,64.29555084745763,16.15,0.05,64.29555084745763,-0.0,0.05,8,18,both,Y,PISO_1,PISO_1_P11;PISO_1_P12;PISO_1_P21;PISO_1_P22;PISO_1_P31;PISO_1_P32;PISO_1_P41;PISO_1_P42;PISO_1_P51;PISO_1_P52,True
LT1:201:01,64.47563559322035,16.15,0.05,64.47563559322035,-0.0,0.05,8,18,both,Y,PISO_1,PISO_1_P11;PISO_1_P12;PISO_1_P21;PISO_1_P22;PISO_1_P31;PISO_1_P32;PISO_1_P41;PISO_1_P42;PISO_1_P51;PISO_1_P52,True
LT1:201:01,64.65572033898306,16.15,0.05,64.65572033898306,-0.0,0.05,8,18,both,Y,PISO_1,PISO_1_P11;PISO_1_P12;PISO_1_P21;PISO_1_P22;PISO_1_P31;PISO_1_P32;PISO_1_P41;PISO_1_P42;PISO_1_P51;PISO_1_P52,True
LT1:201:01,64.83580508474577,16.15,0.05,64.83580508474577,-0.0,0.05,8,18,both,Y,PISO_1,PISO_1_P11;PISO_1_P12;PISO_1_P21;PISO_1_P22;PISO_1_P31;PISO_1_P32;PISO_1_P41;PISO_1_P42;PISO_1_P51;PISO_1_P52,True
LT1:201:01,65.01588983050848,16.15,0.05,65.01588983050848,-0.0,0.05,8,18,both,Y,PISO_1,PISO_1_P11;PISO_1_P12;PISO_1_P21;PISO_1_P22;PISO_1_P31;PISO_1_P32;PISO_1_P41;PISO_1_P42;PISO_1_P51;PISO_1_P52,True
LT1:201:01,65.19597457627118,16.15,0.05,65.19597457627118,-0.0,0.05,8,18,both,Y,PISO_1,PISO_1_P11;PISO_1_P12;PISO_1_P21;PISO_1_P22;PISO_1_P31;PISO_1_P32;PISO_1_P41;PISO_1_P42;PISO_1_P51;PISO_1_P52,True
LT1:201:01,65.3760593220339,16.15,0.05,65.3760593220339,-0.0,0.05,8,18,both,Y,PISO_1,PISO_1_P11;PISO_1_P12;PISO_1_P21;PISO_1_P22;PISO_1_P31;PISO_1_P32;PISO_1_P41;PISO_1_P42;PISO_1_P51;PISO_1_P52,True
LT1:201:01,65.55614406779661,16.15,0.05,65.55614406779661,-0.0,0.05,8,18,both,Y,PISO_1,PISO_1_P11;PISO_1_P12;PISO_1_P21;PISO_1_P22;PISO_1_P31;PISO_1_P32;PISO_1_P41;PISO_1_P42;PISO_1_P51;PISO_1_P52,True
LT1:201:01,65.73622881355932,16.15,0.05,65.73622881355932,-0.0,0.05,8,18,both,Y,PISO_1,PISO_1_P11;PISO_1_P12;PISO_1_P21;PISO_1_P22;PISO_1_P31;PISO_1_P32;PISO_1_P41;PISO_1_P42;PISO_1_P51;PISO_1_P52,True
LT1:201:01,65.91631355932203,16.15,0.05,65.91631355932203,-0.0,0.05,8,18,both,Y,PISO_1,PISO_1_P11;PISO_1_P12;PISO_1_P21;PISO_1_P22;PISO_1_P31;PISO_1_P32;PISO_1_P41;PISO_1_P42;PISO_1_P51;PISO_1_P52,True
LT1:201:01,66.09639830508475,16.15,0.05,66.09639830508475,-0.0,0.05,8,18,both,Y,PISO_1,PISO_1_P11;PISO_1_P12;PISO_1_P21;PISO_1_P22;PISO_1_P31;PISO_1_P32;PISO_1_P41;PISO_1_P42;PISO_1_P51;PISO_1_P52,True
LT1:201:01,66.27648305084746,16.15,0.05,66.27648305084746,-0.0,0.05,8,18,both,Y,PISO_1,PISO_1_P11;PISO_1_P12;PISO_1_P21;PISO_1_P22;PISO_1_P31;PISO_1_P32;PISO_1_P41;PISO_1_P42;PISO_1_P51;PISO_1_P52,True
LT1:201:01,66.45656779661016,16.15,0.05,66.45656779661016,-0.0,0.05,8,18,both,Y,PISO_1,PISO_1_P11;PISO_1_P12;PISO_1_P21;PISO_1_P22;PISO_1_P31;PISO_1_P32;PISO_1_P41;PISO_1_P42;PISO_1_P51;PISO_1_P52,True
LT1:201:01,66.63665254237287,16.15,0.05,66.63665254237287,-0.0,0.05,8,18,both,Y,PISO_1,PISO_1_P11;PISO_1_P12;PISO_1_P21;PISO_1_P22;PISO_1_P31;PISO_1_P32;PISO_1_P41;PISO_1_P42;PISO_1_P51;PISO_1_P52,True
LT1:201:01,66.81673728813558,16.15,0.05,66.81673728813558,-0.0,0.05,8,18,both,Y,PISO_1,PISO_1_P11;PISO_1_P12;PISO_1_P21;PISO_1_P22;PISO_1_P31;PISO_1_P32;PISO_1_P41;PISO_1_P42;PISO_1_P51;PISO_1_P52,True
LT1:201:01,66.9968220338983,16.15,0.05,66.9968220338983,-0.0,0.05,8,18,both,Y,PISO_1,PISO_1_P11;PISO_1_P12;PISO_1_P21;PISO_1_P22;PISO_1_P31;PISO_1_P32;PISO_1_P41;PISO_1_P42;PISO_1_P51;PISO_1_P52,True
LT1:201:01,67.17690677966101,16.15,0.05,67.17690677966101,-0.0,0.05,8,18,both,Y,PISO_1,PISO_1_P11;PISO_1_P12;PISO_1_P21;PISO_1_P22;PISO_1_P31;PISO_1_P32;PISO_1_P41;PISO_1_P42;PISO_1_P51;PISO_1_P52,True
LT1:201:01,67.35699152542372,16.15,0.05,67.35699152542372,-0.0,0.05,8,18,both,Y,PISO_1,PISO_1_P11;PISO_1_P12;PISO_1_P21;PISO_1_P22;PISO_1_P31;PISO_1_P32;PISO_1_P41;PISO_1_P42;PISO_1_P51;PISO_1_P52,True
LT1:201:01,67.53707627118644,16.15,0.05,67.53707627118644,-0.0,0.05,8,18,both,Y,PISO_1,PISO_1_P11;PISO_1_P12;PISO_1_P21;PISO_1_P22;PISO_1_P31;PISO_1_P32;PISO_1_P41;PISO_1_P42;PISO_1_P51;PISO_1_P52,True
LT1:201:01,67.71716101694915,16.15,0.05,67.71716101694915,-0.0,0.05,8,18,both,Y,PISO_1,PISO_1_P11;PISO_1_P12;PISO_1_P21;PISO_1_P22;PISO_1_P31;PISO_1_P32;PISO_1_P41;PISO_1_P42;PISO_1_P51;PISO_1_P52,True
LT1:201:01,67.89724576271186,16.15,0.05,67.89724576271186,-0.0,0.05,8,18,both,Y,PISO_1,PISO_1_P11;PISO_1_P12;PISO_1_P21;PISO_1_P22;PISO_1_P31;PISO_1_P32;PISO_1_P41;PISO_1_P42;PISO_1_P51;PISO_1_P52,True
LT1:201:01,68.07733050847457,16.15,0.05,68.07733050847457,-0.0,0.05,8,18,both,Y,PISO_1,PISO_1_P11;PISO_1_P12;PISO_1_P21;PISO_1_P22;PISO_1_P31;PISO_1_P32;PISO_1_P41;PISO_1_P42;PISO_1_P51;PISO_1_P52,True
LT1:201:01,68.25741525423729,16.15,0.05,68.25741525423729,-0.0,0.05,8,18,both,Y,PISO_1,PISO_1_P11;PISO_1_P12;PISO_1_P21;PISO_1_P22;PISO_1_P31;PISO_1_P32;PISO_1_P41;PISO_1_P42;PISO_1_P51;PISO_1_P52,True
LT1:201:01,68.4375,16.15,0.05,68.4375,-0.0,0.05,8,18,both,Y,PISO_1,PISO_1_P11;PISO_1_P12;PISO_1_P21;PISO_1_P22;PISO_1_P31;PISO_1_P32;PISO_1_P41;PISO_1_P42;PISO_1_P51;PISO_1_P52,True
LT1:201:01,68.61758474576271,16.15,0.05,68.61758474576271,-0.0,0.05,8,18,both,Y,PISO_1,PISO_1_P11;PISO_1_P12;PISO_1_P21;PISO_1_P22;PISO_1_P31;PISO_1_P32;PISO_1_P41;PISO_1_P42;PISO_1_P51;PISO_1_P52,True
LT1:201:01,68.79766949152543,16.15,0.05,68.79766949152543,-0.0,0.05,8,18,both,Y,PISO_1,PISO_1_P11;PISO_1_P12;PISO_1_P21;PISO_1_P22;PISO_1_P31;PISO_1_P32;PISO_1_P41;PISO_1_P42;PISO_1_P51;PISO_1_P52,True
LT1:201:01,68.97775423728814,16.15,0.05,68.97775423728814,-0.0,0.05,8,18,both,Y,PISO_1,PISO_1_P11;PISO_1_P12;PISO_1_P21;PISO_1_P22;PISO_1_P31;PISO_1_P32;PISO_1_P41;PISO_1_P42;PISO_1_P51;PISO_1_P52,True
LT1:201:01,69.15783898305085,16.15,0.05,69.15783898305085,-0.0,0.05,8,18,both,Y,PISO_1,PISO_1_P11;PISO_1_P12;PISO_1_P21;PISO_1_P22;PISO_1_P31;PISO_1_P32;PISO_1_P41;PISO_1_P42;PISO_1_P51;PISO_1_P52,True
LT1:201:01,69.33792372881356,16.15,0.05,69.33792372881356,-0.0,0.05,8,18,both,Y,PISO_1,PISO_1_P11;PISO_1_P12;PISO_1_P21;PISO_1_P22;PISO_1_P31;PISO_1_P32;PISO_1_P41;PISO_1_P42;PISO_1_P51;PISO_1_P52,True
LT1:201:01,69.51800847457628,16.15,0.05,69.51800847457628,-0.0,0.05,8,18,both,Y,PISO_1,PISO_1_P11;PISO_1_P12;PISO_1_P21;PISO_1_P22;PISO_1_P31;PISO_1_P32;PISO_1_P41;PISO_1_P42;PISO_1_P51;PISO_1_P52,True
LT1:201:01,69.69809322033899,16.15,0.05,69.69809322033899,-0.0,0.05,8,18,both,Y,PISO_1,PISO_1_P11;PISO_1_P12;PISO_1_P21;PISO_1_P22;PISO_1_P31;PISO_1_P32;PISO_1_P41;PISO_1_P42;PISO_1_P51;PISO_1_P52,True
LT1:201:01,69.8781779661017,16.15,0.05,69.8781779661017,-0.0,0.05,8,18,both,Y,PISO_1,PISO_1_P11;PISO_1_P12;PISO_1_P21;PISO_1_P22;PISO_1_P31;PISO_1_P32;PISO_1_P41;PISO_1_P42;PISO_1_P51;PISO_1_P52,True
LT1:201:01,70.05826271186442,16.15,0.05,70.05826271186442,-0.0,0.05,8,18,both,Y,PISO_1,PISO_1_P11;PISO_1_P12;PISO_1_P21;PISO_1_P22;PISO_1_P31;PISO_1_P32;PISO_1_P41;PISO_1_P42;PISO_1_P51;PISO_1_P52,True
LT1:201:01,70.23834745762713,16.15,0.05,70.23834745762713,-0.0,0.05,8,18,both,Y,PISO_1,PISO_1_P11;PISO_1_P12;PISO_1_P21;PISO_1_P22;PISO_1_P31;PISO_1_P32;PISO_1_P41;PISO_1_P42;PISO_1_P51;PISO_1_P52,True
LT1:201:01,70.41843220338984,16.15,0.05,70.41843220338984,-0.0,0.05,8,18,both,Y,PISO_1,PISO_1_P11;PISO_1_P12;PISO_1_P21;PISO_1_P22;PISO_1_P31;PISO_1_P32;PISO_1_P41;PISO_1_P42;PISO_1_P51;PISO_1_P52,True
LT1:201:01,70.59851694915254,16.15,0.05,70.59851694915254,-0.0,0.05,8,18,both,Y,PISO_1,PISO_1_P11;PISO_1_P12;PISO_1_P21;PISO_1_P22;PISO_1_P31;PISO_1_P32;PISO_1_P41;PISO_1_P42;PISO_1_P51;PISO_1_P52,True
LT1:201:01,70.77860169491525,16.15,0.05,70.77860169491525,-0.0,0.05,8,18,both,Y,PISO_1,PISO_1_P11;PISO_1_P12;PISO_1_P21;PISO_1_P22;PISO_1_P31;PISO_1_P32;PISO_1_P41;PISO_1_P42;PISO_1_P51;PISO_1_P52,True
LT1:201:01,70.95868644067797,16.15,0.05,70.95868644067797,-0.0,0.05,8,18,both,Y,PISO_1,PISO_1_P11;PISO_1_P12;PISO_1_P21;PISO_1_P22;PISO_1_P31;PISO_1_P32;PISO_1_P41;PISO_1_P42;PISO_1_P51;PISO_1_P52,True
LT1:201:01,71.13877118644068,16.15,0.05,71.13877118644068,-0.0,0.05,8,18,both,Y,PISO_1,PISO_1_P11;PISO_1_P12;PISO_1_P21;PISO_1_P22;PISO_1_P31;PISO_1_P32;PISO_1_P41;PISO_1_P42;PISO_1_P51;PISO_1_P52,True
LT1:201:01,71.31885593220339,16.15,0.05,71.31885593220339,-0.0,0.05,8,18,both,Y,PISO_1,PISO_1_P11;PISO_1_P12;PISO_1_P21;PISO_1_P22;PISO_1_P31;PISO_1_P32;PISO_1_P41;PISO_1_P42;PISO_1_P51;PISO_1_P52,True
LT1:201:01,71.4989406779661,16.15,0.05,71.4989406779661,-0.0,0.05,8,18,both,Y,PISO_1,PISO_1_P11;PISO_1_P12;PISO_1_P21;PISO_1_P22;PISO_1_P31;PISO_1_P32;PISO_1_P41;PISO_1_P42;PISO_1_P51;PISO_1_P52,True
LT1:201:01,71.67902542372882,16.15,0.05,71.67902542372882,-0.0,0.05,8,18,both,Y,PISO_1,PISO_1_P11;PISO_1_P12;PISO_1_P21;PISO_1_P22;PISO_1_P31;PISO_1_P32;PISO_1_P41;PISO_1_P42;PISO_1_P51;PISO_1_P52,True
LT1:201:01,71.85911016949152,16.15,0.05,71.85911016949152,-0.0,0.05,8,18,both,Y,PISO_1,PISO_1_P11;PISO_1_P12;PISO_1_P21;PISO_1_P22;PISO_1_P31;PISO_1_P32;PISO_1_P41;PISO_1_P42;PISO_1_P51;PISO_1_P52,True
LT1:201:01,72.03919491525423,16.15,0.05,72.03919491525423,-0.0,0.05,8,18,both,Y,PISO_1,PISO_1_P11;PISO_1_P12;PISO_1_P21;PISO_1_P22;PISO_1_P31;PISO_1_P32;PISO_1_P41;PISO_1_P42;PISO_1_P51;PISO_1_P52,True
LT1:201:01,72.21927966101694,16.15,0.05,72.21927966101694,-0.0,0.05,8,18,both,Y,PISO_1,PISO_1_P11;PISO_1_P12;PISO_1_P21;PISO_1_P22;PISO_1_P31;PISO_1_P32;PISO_1_P41;PISO_1_P42;PISO_1_P51;PISO_1_P52,True
LT1:201:01,72.39936440677965,16.15,0.05,72.39936440677965,-0.0,0.05,8,18,both,Y,PISO_1,PISO_1_P11;PISO_1_P12;PISO_1_P21;PISO_1_P22;PISO_1_P31;PISO_1_P32;PISO_1_P41;PISO_1_P42;PISO_1_P51;PISO_1_P52,True
LT1:201:01,72.57944915254237,16.15,0.05,72.57944915254237,-0.0,0.05,8,18,both,Y,PISO_1,PISO_1_P11;PISO_1_P12;PISO_1_P21;PISO_1_P22;PISO_1_P31;PISO_1_P32;PISO_1_P41;PISO_1_P42;PISO_1_P51;PISO_1_P52,True
LT1:201:01,72.75953389830508,16.15,0.05,72.75953389830508,-0.0,0.05,8,18,both,Y,PISO_1,PISO_1_P11;PISO_1_P12;PISO_1_P21;PISO_1_P22;PISO_1_P31;PISO_1_P32;PISO_1_P41;PISO_1_P42;PISO_1_P51;PISO_1_P52,True
LT1:201:01,72.93961864406779,16.15,0.05,72.93961864406779,-0.0,0.05,8,18,both,Y,PISO_1,PISO_1_P11;PISO_1_P12;PISO_1_P21;PISO_1_P22;PISO_1_P31;PISO_1_P32;PISO_1_P41;PISO_1_P42;PISO_1_P51;PISO_1_P52,True
LT1:201:01,73.1197033898305,16.15,0.05,73.1197033898305,-0.0,0.05,8,18,both,Y,PISO_1,PISO_1_P11;PISO_1_P12;PISO_1_P21;PISO_1_P22;PISO_1_P31;PISO_1_P32;PISO_1_P41;PISO_1_P42;PISO_1_P51;PISO_1_P52,True
LT1:201:01,73.29978813559322,16.15,0.05,73.29978813559322,-0.0,0.05,8,18,both,Y,PISO_1,PISO_1_P11;PISO_1_P12;PISO_1_P21;PISO_1_P22;PISO_1_P31;PISO_1_P32;PISO_1_P41;PISO_1_P42;PISO_1_P51;PISO_1_P52,True
LT1:201:01,73.47987288135593,16.15,0.05,73.47987288135593,-0.0,0.05,8,18,both,Y,PISO_1,PISO_1_P11;PISO_1_P12;PISO_1_P21;PISO_1_P22;PISO_1_P31;PISO_1_P32;PISO_1_P41;PISO_1_P42;PISO_1_P51;PISO_1_P52,True
LT1:201:01,73.65995762711864,16.15,0.05,73.65995762711864,-0.0,0.05,8,18,both,Y,PISO_1,PISO_1_P11;PISO_1_P12;PISO_1_P21;PISO_1_P22;PISO_1_P31;PISO_1_P32;PISO_1_P41;PISO_1_P42;PISO_1_P51;PISO_1_P52,True
LT1:201:02,31.25,12.524999999999999,0.05,41.25,12.524999999999999,0.05,8,18,both,X,PISO_1,PISO_1_P12,True
LT1:201:02,31.339285714285715,16.15,0.05,31.339285714285715,8.9,0.05,8,18,both,Y,PISO_1,PISO_1_P12,True
LT1:201:02,31.517857142857142,16.15,0.05,31.517857142857142,8.9,0.05,8,18,both,Y,PISO_1,PISO_1_P12,True
LT1:201:02,31.696428571428573,16.15,0.05,31.696428571428573,8.9,0.05,8,18,both,Y,PISO_1,PISO_1_P12,True
LT1:201:02,31.875,16.15,0.05,31.875,8.9,0.05,8,18,both,Y,PISO_1,PISO_1_P12,True
LT1:201:02,32.05357142857143,16.15,0.05,32.05357142857143,8.9,0.05,8,18,both,Y,PISO_1,PISO_1_P12,True
LT1:201:02,32.232142857142854,16.15,0.05,32.232142857142854,8.9,0.05,8,18,both,Y,PISO_1,PISO_1_P12,True
LT1:201:02,32.410714285714285,16.15,0.05,32.410714285714285,8.9,0.05,8,18,both,Y,PISO_1,PISO_1_P12,True
LT1:201:02,32.589285714285715,16.15,0.05,32.589285714285715,8.9,0.05,8,18,both,Y,PISO_1,PISO_1_P12,True
LT1:201:02,32.767857142857146,16.15,0.05,32.767857142857146,8.9,0.05,8,18,both,Y,PISO_1,PISO_1_P12,True
LT1:201:02,32.94642857142857,16.15,0.05,32.94642857142857,8.9,0.05,8,18,both,Y,PISO_1,PISO_1_P12,True
LT1:201:02,33.125,16.15,0.05,33.125,8.9,0.05,8,18,both,Y,PISO_1,PISO_1_P12,True
LT1:201:02,33.30357142857143,16.15,0.05,33.30357142857143,8.9,0.05,8,18,both,Y,PISO_1,PISO_1_P12,True
LT1:201:02,33.482142857142854,16.15,0.05,33.482142857142854,8.9,0.05,8,18,both,Y,PISO_1,PISO_1_P12,True
LT1:201:02,33.660714285714285,16.15,0.05,33.660714285714285,8.9,0.05,8,18,both,Y,PISO_1,PISO_1_P12,True
LT1:201:02,33.839285714285715,16.15,0.05,33.839285714285715,8.9,0.05,8,18,both,Y,PISO_1,PISO_1_P12,True
LT1:201:02,34.017857142857146,16.15,0.05,34.017857142857146,8.9,0.05,8,18,both,Y,PISO_1,PISO_1_P12,True
LT1:201:02,34.19642857142857,16.15,0.05,34.19642857142857,8.9,0.05,8,18,both,Y,PISO_1,PISO_1_P12,True
LT1:201:02,34.375,16.15,0.05,34.375,8.9,0.05,8,18,both,Y,PISO_1,PISO_1_P12,True
LT1:201:02,34.55357142857143,16.15,0.05,34.55357142857143,8.9,0.05,8,18,both,Y,PISO_1,PISO_1_P12,True
LT1:201:02,34.732142857142854,16.15,0.05,34.732142857142854,8.9,0.05,8,18,both,Y,PISO_1,PISO_1_P12,True
LT1:201:02,34.910714285714285,16.15,0.05,34.910714285714285,8.9,0.05,8,18,both,Y,PISO_1,PISO_1_P12,True
LT1:201:02,35.089285714285715,16.15,0.05,35.089285714285715,8.9,0.05,8,18,both,Y,PISO_1,PISO_1_P12,True
LT1:201:02,35.267857142857146,16.15,0.05,35.267857142857146,8.9,0.05,8,18,both,Y,PISO_1,PISO_1_P12,True
LT1:201:02,35.44642857142857,16.15,0.05,35.44642857142857,8.9,0.05,8,18,both,Y,PISO_1,PISO_1_P12,True
LT1:201:02,35.625,16.15,0.05,35.625,8.9,0.05,8,18,both,Y,PISO_1,PISO_1_P12,True
LT1:201:02,35.80357142857143,16.15,0.05,35.80357142857143,8.9,0.05,8,18,both,Y,PISO_1,PISO_1_P12,True
LT1:201:02,35.982142857142854,16.15,0.05,35.982142857142854,8.9,0.05,8,18,both,Y,PISO_1,PISO_1_P12,True
LT1:201:02,36.160714285714285,16.15,0.05,36.160714285714285,8.9,0.05,8,18,both,Y,PISO_1,PISO_1_P12,True
LT1:201:02,36.339285714285715,16.15,0.05,36.339285714285715,8.9,0.05,8,18,both,Y,PISO_1,PISO_1_P12,True
LT1:201:02,36.517857142857146,16.15,0.05,36.517857142857146,8.9,0.05,8,18,both,Y,PISO_1,PISO_1_P12,True
LT1:201:02,36.69642857142857,16.15,0.05,36.69642857142857,8.9,0.05,8,18,both,Y,PISO_1,PISO_1_P12,True
LT1:201:02,36.875,16.15,0.05,36.875,8.9,0.05,8,18,both,Y,PISO_1,PISO_1_P12,True
LT1:201:02,37.05357142857143,16.15,0.05,37.05357142857143,8.9,0.05,8,18,both,Y,PISO_1,PISO_1_P12,True
LT1:201:02,37.232142857142854,16.15,0.05,37.232142857142854,8.9,0.05,8,18,both,Y,PISO_1,PISO_1_P12,True
LT1:201:02,37.410714285714285,16.15,0.05,37.410714285714285,8.9,0.05,8,18,both,Y,PISO_1,PISO_1_P12,True
LT1:201:02,37.589285714285715,16.15,0.05,37.589285714285715,8.9,0.05,8,18,both,Y,PISO_1,PISO_1_P12,True
LT1:201:02,37.767857142857146,16.15,0.05,37.767857142857146,8.9,0.05,8,18,both,Y,PISO_1,PISO_1_P12,True
LT1:201:02,37.94642857142857,16.15,0.05,37.94642857142857,8.9,0.05,8,18,both,Y,PISO_1,PISO_1_P12,True
LT1:201:02,38.125,16.15,0.05,38.125,8.9,0.05,8,18,both,Y,PISO_1,PISO_1_P12,True
LT1:201:02,38.30357142857143,16.15,0.05,38.30357142857143,8.9,0.05,8,18,both,Y,PISO_1,PISO_1_P12,True
LT1:201:02,38.482142857142854,16.15,0.05,38.482142857142854,8.9,0.05,8,18,both,Y,PISO_1,PISO_1_P12,True
LT1:201:02,38.660714285714285,16.15,0.05,38.660714285714285,8.9,0.05,8,18,both,Y,PISO_1,PISO_1_P12,True
LT1:201:02,38.839285714285715,16.15,0.05,38.839285714285715,8.9,0.05,8,18,both,Y,PISO_1,PISO_1_P12,True
LT1:201:02,39.017857142857146,16.15,0.05,39.017857142857146,8.9,0.05,8,18,both,Y,PISO_1,PISO_1_P12,True
LT1:201:02,39.19642857142857,16.15,0.05,39.19642857142857,8.9,0.05,8,18,both,Y,PISO_1,PISO_1_P12,True
LT1:201:02,39.375,16.15,0.05,39.375,8.9,0.05,8,18,both,Y,PISO_1,PISO_1_P12,True
LT1:201:02,39.55357142857143,16.15,0.05,39.55357142857143,8.9,0.05,8,18,both,Y,PISO_1,PISO_1_P12,True
LT1:201:02,39.73214285714286,16.15,0.05,39.73214285714286,8.9,0.05,8,18,both,Y,PISO_1,PISO_1_P12,True
LT1:201:02,39.910714285714285,16.15,0.05,39.910714285714285,8.9,0.05,8,18,both,Y,PISO_1,PISO_1_P12,True
LT1:201:02,40.089285714285715,16.15,0.05,40.089285714285715,8.9,0.05,8,18,both,Y,PISO_1,PISO_1_P12,True
LT1:201:02,40.26785714285714,16.15,0.05,40.26785714285714,8.9,0.05,8,18,both,Y,PISO_1,PISO_1_P12,True
LT1:201:02,40.44642857142857,16.15,0.05,40.44642857142857,8.9,0.05,8,18,both,Y,PISO_1,PISO_1_P12,True
LT1:201:02,40.625,16.15,0.05,40.625,8.9,0.05,8,18,both,Y,PISO_1,PISO_1_P12,True
LT1:201:02,40.80357142857143,16.15,0.05,40.80357142857143,8.9,0.05,8,18,both,Y,PISO_1,PISO_1_P12,True
LT1:201:02,40.98214285714286,16.15,0.05,40.98214285714286,8.9,0.05,8,18,both,Y,PISO_1,PISO_1_P12,True
LT1:201:02,41.160714285714285,16.15,0.05,41.160714285714285,8.9,0.05,8,18,both,Y,PISO_1,PISO_1_P12,True
LT1:201:03,31.25,12.524999999999999,0.05,41.25,12.524999999999999,0.05,10,14,both,X,PISO_1,PISO_1_P12,True
LT1:201:03,31.320422535211268,16.15,0.05,31.320422535211268,8.9,0.05,10,14,both,Y,PISO_1,PISO_1_P12,True
LT1:201:03,31.461267605633804,16.15,0.05,31.461267605633804,8.9,0.05,10,14,both,Y,PISO_1,PISO_1_P12,True
LT1:201:03,31.602112676056336,16.15,0.05,31.602112676056336,8.9,0.05,10,14,both,Y,PISO_1,PISO_1_P12,True
LT1:201:03,31.742957746478872,16.15,0.05,31.742957746478872,8.9,0.05,10,14,both,Y,PISO_1,PISO_1_P12,True
LT1:201:03,31.883802816901408,16.15,0.05,31.883802816901408,8.9,0.05,10,14,both,Y,PISO_1,PISO_1_P12,True
LT1:201:03,32.024647887323944,16.15,0.05,32.024647887323944,8.9,0.05,10,14,both,Y,PISO_1,PISO_1_P12,True
LT1:201:03,32.16549295774648,16.15,0.05,32.16549295774648,8.9,0.05,10,14,both,Y,PISO_1,PISO_1_P12,True
LT1:201:03,32.306338028169016,16.15,0.05,32.306338028169016,8.9,0.05,10,14,both,Y,PISO_1,PISO_1_P12,True
LT1:201:03,32.44718309859155,16.15,0.05,32.44718309859155,8.9,0.05,10,14,both,Y,PISO_1,PISO_1_P12,True
LT1:201:03,32.58802816901409,16.15,0.05,32.58802816901409,8.9,0.05,10,14,both,Y,PISO_1,PISO_1_P12,True
LT1:201:03,32.728873239436616,16.15,0.05,32.728873239436616,8.9,0.05,10,14,both,Y,PISO_1,PISO_1_P12,True
LT1:201:03,32.86971830985915,16.15,0.05,32.86971830985915,8.9,0.05,10,14,both,Y,PISO_1,PISO_1_P12,True
LT1:201:03,33.01056338028169,16.15,0.05,33.01056338028169,8.9,0.05,10,14,both,Y,PISO_1,PISO_1_P12,True
LT1:201:03,33.151408450704224,16.15,0.05,33.151408450704224,8.9,0.05,10,14,both,Y,PISO_1,PISO_1_P12,True
LT1:201:03,33.29225352112676,16.15,0.05,33.29225352112676,8.9,0.05,10,14,both,Y,PISO_1,PISO_1_P12,True
LT1:201:03,33.433098591549296,16.15,0.05,33.433098591549296,8.9,0.05,10,14,both,Y,PISO_1,PISO_1_P12,True
LT1:201:03,33.57394366197183,16.15,0.05,33.57394366197183,8.9,0.05,10,14,both,Y,PISO_1,PISO_1_P12,True
LT1:201:03,33.71478873239437,16.15,0.05,33.71478873239437,8.9,0.05,10,14,both,Y,PISO_1,PISO_1_P12,True
LT1:201:03,33.855633802816904,16.15,0.05,33.855633802816904,8.9,0.05,10,14,both,Y,PISO_1,PISO_1_P12,True
LT1:201:03,33.99647887323944,16.15,0.05,33.99647887323944,8.9,0.05,10,14,both,Y,PISO_1,PISO_1_P12,True
LT1:201:03,34.13732394366197,16.15,0.05,34.13732394366197,8.9,0.05,10,14,both,Y,PISO_1,PISO_1_P12,True
LT1:201:03,34.278169014084504,16.15,0.05,34.278169014084504,8.9,0.05,10,14,both,Y,PISO_1,PISO_1_P12,True
LT1:201:03,34.41901408450704,16.15,0.05,34.41901408450704,8.9,0.05,10,14,both,Y,PISO_1,PISO_1_P12,True
LT1:201:03,34.559859154929576,16.15,0.05,34.559859154929576,8.9,0.05,10,14,both,Y,PISO_1,PISO_1_P12,True
LT1:201:03,34.70070422535211,16.15,0.05,34.70070422535211,8.9,0.05,10,14,both,Y,PISO_1,PISO_1_P12,True
LT1:201:03,34.84154929577465,16.15,0.05,34.84154929577465,8.9,0.05,10,14,both,Y,PISO_1,PISO_1_P12,True
LT1:201:03,34.982394366197184,16.15,0.05,34.982394366197184,8.9,0.05,10,14,both,Y,PISO_1,PISO_1_P12,True
LT1:201:03,35.12323943661972,16.15,0.05,35.12323943661972,8.9,0.05,10,14,both,Y,PISO_1,PISO_1_P12,True
LT1:201:03,35.264084507042256,16.15,0.05,35.264084507042256,8.9,0.05,10,14,both,Y,PISO_1,PISO_1_P12,True
LT1:201:03,35.40492957746479,16.15,0.05,35.40492957746479,8.9,0.05,10,14,both,Y,PISO_1,PISO_1_P12,True
LT1:201:03,35.54577464788733,16.15,0.05,35.54577464788733,8.9,0.05,10,14,both,Y,PISO_1,PISO_1_P12,True
LT1:201:03,35.686619718309856,16.15,0.05,35.686619718309856,8.9,0.05,10,14,both,Y,PISO_1,PISO_1_P12,True
LT1:201:03,35.82746478873239,16.15,0.05,35.82746478873239,8.9,0.05,10,14,both,Y,PISO_1,PISO_1_P12,True
LT1:201:03,35.96830985915493,16.15,0.05,35.96830985915493,8.9,0.05,10,14,both,Y,PISO_1,PISO_1_P12,True
LT1:201:03,36.109154929577464,16.15,0.05,36.109154929577464,8.9,0.05,10,14,both,Y,PISO_1,PISO_1_P12,True
LT1:201:03,36.25,16.15,0.05,36.25,8.9,0.05,10,14,both,Y,PISO_1,PISO_1_P12,True
LT1:201:03,36.390845070422536,16.15,0.05,36.390845070422536,8.9,0.05,10,14,both,Y,PISO_1,PISO_1_P12,True
LT1:201:03,36.53169014084507,16.15,0.05,36.53169014084507,8.9,0.05,10,14,both,Y,PISO_1,PISO_1_P12,True
LT1:201:03,36.67253521126761,16.15,0.05,36.67253521126761,8.9,0.05,10,14,both,Y,PISO_1,PISO_1_P12,True
LT1:201:03,36.813380281690144,16.15,0.05,36.813380281690144,8.9,0.05,10,14,both,Y,PISO_1,PISO_1_P12,True
LT1:201:03,36.95422535211267,16.15,0.05,36.95422535211267,8.9,0.05,10,14,both,Y,PISO_1,PISO_1_P12,True
LT1:201:03,37.09507042253521,16.15,0.05,37.09507042253521,8.9,0.05,10,14,both,Y,PISO_1,PISO_1_P12,True
LT1:201:03,37.235915492957744,16.15,0.05,37.235915492957744,8.9,0.05,10,14,both,Y,PISO_1,PISO_1_P12,True
LT1:201:03,37.37676056338028,16.15,0.05,37.37676056338028,8.9,0.05,10,14,both,Y,PISO_1,PISO_1_P12,True
LT1:201:03,37.517605633802816,16.15,0.05,37.517605633802816,8.9,0.05,10,14,both,Y,PISO_1,PISO_1_P12,True
LT1:201:03,37.65845070422535,16.15,0.05,37.65845070422535,8.9,0.05,10,14,both,Y,PISO_1,PISO_1_P12,True
LT1:201:03,37.79929577464789,16.15,0.05,37.79929577464789,8.9,0.05,10,14,both,Y,PISO_1,PISO_1_P12,True
LT1:201:03,37.940140845070424,16.15,0.05,37.940140845070424,8.9,0.05,10,14,both,Y,PISO_1,PISO_1_P12,True
LT1:201:03,38.08098591549296,16.15,0.05,38.08098591549296,8.9,0.05,10,14,both,Y,PISO_1,PISO_1_P12,True
LT1:201:03,38.221830985915496,16.15,0.05,38.221830985915496,8.9,0.05,10,14,both,Y,PISO_1,PISO_1_P12,True
LT1:201:03,38.36267605633803,16.15,0.05,38.36267605633803,8.9,0.05,10,14,both,Y,PISO_1,PISO_1_P12,True
LT1:201:03,38.50352112676056,16.15,0.05,38.50352112676056,8.9,0.05,10,14,both,Y,PISO_1,PISO_1_P12,True
LT1:201:03,38.644366197183096,16.15,0.05,38.644366197183096,8.9,0.05,10,14,both,Y,PISO_1,PISO_1_P12,True
LT1:201:03,38.78521126760563,16.15,0.05,38.78521126760563,8.9,0.05,10,14,both,Y,PISO_1,PISO_1_P12,True
LT1:201:03,38.92605633802817,16.15,0.05,38.92605633802817,8.9,0.05,10,14,both,Y,PISO_1,PISO_1_P12,True
LT1:201:03,39.066901408450704,16.15,0.05,39.066901408450704,8.9,0.05,10,14,both,Y,PISO_1,PISO_1_P12,True
LT1:201:03,39.20774647887324,16.15,0.05,39.20774647887324,8.9,0.05,10,14,both,Y,PISO_1,PISO_1_P12,True
LT1:201:03,39.348591549295776,16.15,0.05,39.348591549295776,8.9,0.05,10,14,both,Y,PISO_1,PISO_1_P12,True
LT1:201:03,39.48943661971831,16.15,0.05,39.48943661971831,8.9,0.05,10,14,both,Y,PISO_1,PISO_1_P12,True
LT1:201:03,39.63028169014085,16.15,0.05,39.63028169014085,8.9,0.05,10,14,both,Y,PISO_1,PISO_1_P12,True
LT1:201:03,39.77112676056338,16.15,0.05,39.77112676056338,8.9,0.05,10,14,both,Y,PISO_1,PISO_1_P12,True
LT1:201:03,39.91197183098592,16.15,0.05,39.91197183098592,8.9,0.05,10,14,both,Y,PISO_1,PISO_1_P12,True
LT1:201:03,40.05281690140845,16.15,0.05,40.05281690140845,8.9,0.05,10,14,both,Y,PISO_1,PISO_1_P12,True
LT1:201:03,40.193661971830984,16.15,0.05,40.193661971830984,8.9,0.05,10,14,both,Y,PISO_1,PISO_1_P12,True
LT1:201:03,40.33450704225352,16.15,0.05,40.33450704225352,8.9,0.05,10,14,both,Y,PISO_1,PISO_1_P12,True
LT1:201:03,40.475352112676056,16.15,0.05,40.475352112676056,8.9,0.05,10,14,both,Y,PISO_1,PISO_1_P12,True
LT1:201:03,40.61619718309859,16.15,0.05,40.61619718309859,8.9,0.05,10,14,both,Y,PISO_1,PISO_1_P12,True
LT1:201:03,40.75704225352113,16.15,0.05,40.75704225352113,8.9,0.05,10,14,both,Y,PISO_1,PISO_1_P12,True
LT1:201:03,40.897887323943664,16.15,0.05,40.897887323943664,8.9,0.05,10,14,both,Y,PISO_1,PISO_1_P12,True
LT1:201:03,41.0387323943662,16.15,0.05,41.0387323943662,8.9,0.05,10,14,both,Y,PISO_1,PISO_1_P12,True
LT1:201:03,41.179577464788736,16.15,0.05,41.179577464788736,8.9,0.05,10,14,both,Y,PISO_1,PISO_1_P12,True
LT1:201:04,31.25,4.45,0.05,41.25,4.45,0.05,8,18,both,X,PISO_1,PISO_1_P11,True
LT1:201:04,31.339285714285715,8.9,0.05,31.339285714285715,-0.0,0.05,8,18,both,Y,PISO_1,PISO_1_P11,True
LT1:201:04,31.517857142857142,8.9,0.05,31.517857142857142,-0.0,0.05,8,18,both,Y,PISO_1,PISO_1_P11,True
LT1:201:04,31.696428571428573,8.9,0.05,31.696428571428573,-0.0,0.05,8,18,both,Y,PISO_1,PISO_1_P11,True
LT1:201:04,31.875,8.9,0.05,31.875,-0.0,0.05,8,18,both,Y,PISO_1,PISO_1_P11,True
LT1:201:04,32.05357142857143,8.9,0.05,32.05357142857143,-0.0,0.05,8,18,both,Y,PISO_1,PISO_1_P11,True
LT1:201:04,32.232142857142854,8.9,0.05,32.232142857142854,-0.0,0.05,8,18,both,Y,PISO_1,PISO_1_P11,True
LT1:201:04,32.410714285714285,8.9,0.05,32.410714285714285,-0.0,0.05,8,18,both,Y,PISO_1,PISO_1_P11,True
LT1:201:04,32.589285714285715,8.9,0.05,32.589285714285715,-0.0,0.05,8,18,both,Y,PISO_1,PISO_1_P11,True
LT1:201:04,32.767857142857146,8.9,0.05,32.767857142857146,-0.0,0.05,8,18,both,Y,PISO_1,PISO_1_P11,True
LT1:201:04,32.94642857142857,8.9,0.05,32.94642857142857,-0.0,0.05,8,18,both,Y,PISO_1,PISO_1_P11,True
LT1:201:04,33.125,8.9,0.05,33.125,-0.0,0.05,8,18,both,Y,PISO_1,PISO_1_P11,True
LT1:201:04,33.30357142857143,8.9,0.05,33.30357142857143,-0.0,0.05,8,18,both,Y,PISO_1,PISO_1_P11,True
LT1:201:04,33.482142857142854,8.9,0.05,33.482142857142854,-0.0,0.05,8,18,both,Y,PISO_1,PISO_1_P11,True
LT1:201:04,33.660714285714285,8.9,0.05,33.660714285714285,-0.0,0.05,8,18,both,Y,PISO_1,PISO_1_P11,True
LT1:201:04,33.839285714285715,8.9,0.05,33.839285714285715,-0.0,0.05,8,18,both,Y,PISO_1,PISO_1_P11,True
LT1:201:04,34.017857142857146,8.9,0.05,34.017857142857146,-0.0,0.05,8,18,both,Y,PISO_1,PISO_1_P11,True
LT1:201:04,34.19642857142857,8.9,0.05,34.19642857142857,-0.0,0.05,8,18,both,Y,PISO_1,PISO_1_P11,True
LT1:201:04,34.375,8.9,0.05,34.375,-0.0,0.05,8,18,both,Y,PISO_1,PISO_1_P11,True
LT1:201:04,34.55357142857143,8.9,0.05,34.55357142857143,-0.0,0.05,8,18,both,Y,PISO_1,PISO_1_P11,True
LT1:201:04,34.732142857142854,8.9,0.05,34.732142857142854,-0.0,0.05,8,18,both,Y,PISO_1,PISO_1_P11,True
LT1:201:04,34.910714285714285,8.9,0.05,34.910714285714285,-0.0,0.05,8,18,both,Y,PISO_1,PISO_1_P11,True
LT1:201:04,35.089285714285715,8.9,0.05,35.089285714285715,-0.0,0.05,8,18,both,Y,PISO_1,PISO_1_P11,True
LT1:201:04,35.267857142857146,8.9,0.05,35.267857142857146,-0.0,0.05,8,18,both,Y,PISO_1,PISO_1_P11,True
LT1:201:04,35.44642857142857,8.9,0.05,35.44642857142857,-0.0,0.05,8,18,both,Y,PISO_1,PISO_1_P11,True
LT1:201:04,35.625,8.9,0.05,35.625,-0.0,0.05,8,18,both,Y,PISO_1,PISO_1_P11,True
LT1:201:04,35.80357142857143,8.9,0.05,35.80357142857143,-0.0,0.05,8,18,both,Y,PISO_1,PISO_1_P11,True
LT1:201:04,35.982142857142854,8.9,0.05,35.982142857142854,-0.0,0.05,8,18,both,Y,PISO_1,PISO_1_P11,True
LT1:201:04,36.160714285714285,8.9,0.05,36.160714285714285,-0.0,0.05,8,18,both,Y,PISO_1,PISO_1_P11,True
LT1:201:04,36.339285714285715,8.9,0.05,36.339285714285715,-0.0,0.05,8,18,both,Y,PISO_1,PISO_1_P11,True
LT1:201:04,36.517857142857146,8.9,0.05,36.517857142857146,-0.0,0.05,8,18,both,Y,PISO_1,PISO_1_P11,True
LT1:201:04,36.69642857142857,8.9,0.05,36.69642857142857,-0.0,0.05,8,18,both,Y,PISO_1,PISO_1_P11,True
LT1:201:04,36.875,8.9,0.05,36.875,-0.0,0.05,8,18,both,Y,PISO_1,PISO_1_P11,True
LT1:201:04,37.05357142857143,8.9,0.05,37.05357142857143,-0.0,0.05,8,18,both,Y,PISO_1,PISO_1_P11,True
LT1:201:04,37.232142857142854,8.9,0.05,37.232142857142854,-0.0,0.05,8,18,both,Y,PISO_1,PISO_1_P11,True
LT1:201:04,37.410714285714285,8.9,0.05,37.410714285714285,-0.0,0.05,8,18,both,Y,PISO_1,PISO_1_P11,True
LT1:201:04,37.589285714285715,8.9,0.05,37.589285714285715,-0.0,0.05,8,18,both,Y,PISO_1,PISO_1_P11,True
LT1:201:04,37.767857142857146,8.9,0.05,37.767857142857146,-0.0,0.05,8,18,both,Y,PISO_1,PISO_1_P11,True
LT1:201:04,37.94642857142857,8.9,0.05,37.94642857142857,-0.0,0.05,8,18,both,Y,PISO_1,PISO_1_P11,True
LT1:201:04,38.125,8.9,0.05,38.125,-0.0,0.05,8,18,both,Y,PISO_1,PISO_1_P11,True
LT1:201:04,38.30357142857143,8.9,0.05,38.30357142857143,-0.0,0.05,8,18,both,Y,PISO_1,PISO_1_P11,True
LT1:201:04,38.482142857142854,8.9,0.05,38.482142857142854,-0.0,0.05,8,18,both,Y,PISO_1,PISO_1_P11,True
LT1:201:04,38.660714285714285,8.9,0.05,38.660714285714285,-0.0,0.05,8,18,both,Y,PISO_1,PISO_1_P11,True
LT1:201:04,38.839285714285715,8.9,0.05,38.839285714285715,-0.0,0.05,8,18,both,Y,PISO_1,PISO_1_P11,True
LT1:201:04,39.017857142857146,8.9,0.05,39.017857142857146,-0.0,0.05,8,18,both,Y,PISO_1,PISO_1_P11,True
LT1:201:04,39.19642857142857,8.9,0.05,39.19642857142857,-0.0,0.05,8,18,both,Y,PISO_1,PISO_1_P11,True
LT1:201:04,39.375,8.9,0.05,39.375,-0.0,0.05,8,18,both,Y,PISO_1,PISO_1_P11,True
LT1:201:04,39.55357142857143,8.9,0.05,39.55357142857143,-0.0,0.05,8,18,both,Y,PISO_1,PISO_1_P11,True
LT1:201:04,39.73214285714286,8.9,0.05,39.73214285714286,-0.0,0.05,8,18,both,Y,PISO_1,PISO_1_P11,True
LT1:201:04,39.910714285714285,8.9,0.05,39.910714285714285,-0.0,0.05,8,18,both,Y,PISO_1,PISO_1_P11,True
LT1:201:04,40.089285714285715,8.9,0.05,40.089285714285715,-0.0,0.05,8,18,both,Y,PISO_1,PISO_1_P11,True
LT1:201:04,40.26785714285714,8.9,0.05,40.26785714285714,-0.0,0.05,8,18,both,Y,PISO_1,PISO_1_P11,True
LT1:201:04,40.44642857142857,8.9,0.05,40.44642857142857,-0.0,0.05,8,18,both,Y,PISO_1,PISO_1_P11,True
LT1:201:04,40.625,8.9,0.05,40.625,-0.0,0.05,8,18,both,Y,PISO_1,PISO_1_P11,True
LT1:201:04,40.80357142857143,8.9,0.05,40.80357142857143,-0.0,0.05,8,18,both,Y,PISO_1,PISO_1_P11,True
LT1:201:04,40.98214285714286,8.9,0.05,40.98214285714286,-0.0,0.05,8,18,both,Y,PISO_1,PISO_1_P11,True
LT1:201:04,41.160714285714285,8.9,0.05,41.160714285714285,-0.0,0.05,8,18,both,Y,PISO_1,PISO_1_P11,True
LT1:201:05,31.25,4.45,0.05,41.25,4.45,0.05,8,14,both,X,PISO_1,PISO_1_P11,True
LT1:201:05,31.320422535211268,8.9,0.05,31.320422535211268,-0.0,0.05,8,14,both,Y,PISO_1,PISO_1_P11,True
LT1:201:05,31.461267605633804,8.9,0.05,31.461267605633804,-0.0,0.05,8,14,both,Y,PISO_1,PISO_1_P11,True
LT1:201:05,31.602112676056336,8.9,0.05,31.602112676056336,-0.0,0.05,8,14,both,Y,PISO_1,PISO_1_P11,True
LT1:201:05,31.742957746478872,8.9,0.05,31.742957746478872,-0.0,0.05,8,14,both,Y,PISO_1,PISO_1_P11,True
LT1:201:05,31.883802816901408,8.9,0.05,31.883802816901408,-0.0,0.05,8,14,both,Y,PISO_1,PISO_1_P11,True
LT1:201:05,32.024647887323944,8.9,0.05,32.024647887323944,-0.0,0.05,8,14,both,Y,PISO_1,PISO_1_P11,True
LT1:201:05,32.16549295774648,8.9,0.05,32.16549295774648,-0.0,0.05,8,14,both,Y,PISO_1,PISO_1_P11,True
LT1:201:05,32.306338028169016,8.9,0.05,32.306338028169016,-0.0,0.05,8,14,both,Y,PISO_1,PISO_1_P11,True
LT1:201:05,32.44718309859155,8.9,0.05,32.44718309859155,-0.0,0.05,8,14,both,Y,PISO_1,PISO_1_P11,True
LT1:201:05,32.58802816901409,8.9,0.05,32.58802816901409,-0.0,0.05,8,14,both,Y,PISO_1,PISO_1_P11,True
LT1:201:05,32.728873239436616,8.9,0.05,32.728873239436616,-0.0,0.05,8,14,both,Y,PISO_1,PISO_1_P11,True
LT1:201:05,32.86971830985915,8.9,0.05,32.86971830985915,-0.0,0.05,8,14,both,Y,PISO_1,PISO_1_P11,True
LT1:201:05,33.01056338028169,8.9,0.05,33.01056338028169,-0.0,0.05,8,14,both,Y,PISO_1,PISO_1_P11,True
LT1:201:05,33.151408450704224,8.9,0.05,33.151408450704224,-0.0,0.05,8,14,both,Y,PISO_1,PISO_1_P11,True
LT1:201:05,33.29225352112676,8.9,0.05,33.29225352112676,-0.0,0.05,8,14,both,Y,PISO_1,PISO_1_P11,True
LT1:201:05,33.433098591549296,8.9,0.05,33.433098591549296,-0.0,0.05,8,14,both,Y,PISO_1,PISO_1_P11,True
LT1:201:05,33.57394366197183,8.9,0.05,33.57394366197183,-0.0,0.05,8,14,both,Y,PISO_1,PISO_1_P11,True
LT1:201:05,33.71478873239437,8.9,0.05,33.71478873239437,-0.0,0.05,8,14,both,Y,PISO_1,PISO_1_P11,True
LT1:201:05,33.855633802816904,8.9,0.05,33.855633802816904,-0.0,0.05,8,14,both,Y,PISO_1,PISO_1_P11,True
LT1:201:05,33.99647887323944,8.9,0.05,33.99647887323944,-0.0,0.05,8,14,both,Y,PISO_1,PISO_1_P11,True
LT1:201:05,34.13732394366197,8.9,0.05,34.13732394366197,-0.0,0.05,8,14,both,Y,PISO_1,PISO_1_P11,True
LT1:201:05,34.278169014084504,8.9,0.05,34.278169014084504,-0.0,0.05,8,14,both,Y,PISO_1,PISO_1_P11,True
LT1:201:05,34.41901408450704,8.9,0.05,34.41901408450704,-0.0,0.05,8,14,both,Y,PISO_1,PISO_1_P11,True
LT1:201:05,34.559859154929576,8.9,0.05,34.559859154929576,-0.0,0.05,8,14,both,Y,PISO_1,PISO_1_P11,True
LT1:201:05,34.70070422535211,8.9,0.05,34.70070422535211,-0.0,0.05,8,14,both,Y,PISO_1,PISO_1_P11,True
LT1:201:05,34.84154929577465,8.9,0.05,34.84154929577465,-0.0,0.05,8,14,both,Y,PISO_1,PISO_1_P11,True
LT1:201:05,34.982394366197184,8.9,0.05,34.982394366197184,-0.0,0.05,8,14,both,Y,PISO_1,PISO_1_P11,True
LT1:201:05,35.12323943661972,8.9,0.05,35.12323943661972,-0.0,0.05,8,14,both,Y,PISO_1,PISO_1_P11,True
LT1:201:05,35.264084507042256,8.9,0.05,35.264084507042256,-0.0,0.05,8,14,both,Y,PISO_1,PISO_1_P11,True
LT1:201:05,35.40492957746479,8.9,0.05,35.40492957746479,-0.0,0.05,8,14,both,Y,PISO_1,PISO_1_P11,True
LT1:201:05,35.54577464788733,8.9,0.05,35.54577464788733,-0.0,0.05,8,14,both,Y,PISO_1,PISO_1_P11,True
LT1:201:05,35.686619718309856,8.9,0.05,35.686619718309856,-0.0,0.05,8,14,both,Y,PISO_1,PISO_1_P11,True
LT1:201:05,35.82746478873239,8.9,0.05,35.82746478873239,-0.0,0.05,8,14,both,Y,PISO_1,PISO_1_P11,True
LT1:201:05,35.96830985915493,8.9,0.05,35.96830985915493,-0.0,0.05,8,14,both,Y,PISO_1,PISO_1_P11,True
LT1:201:05,36.109154929577464,8.9,0.05,36.109154929577464,-0.0,0.05,8,14,both,Y,PISO_1,PISO_1_P11,True
LT1:201:05,36.25,8.9,0.05,36.25,-0.0,0.05,8,14,both,Y,PISO_1,PISO_1_P11,True
LT1:201:05,36.390845070422536,8.9,0.05,36.390845070422536,-0.0,0.05,8,14,both,Y,PISO_1,PISO_1_P11,True
LT1:201:05,36.53169014084507,8.9,0.05,36.53169014084507,-0.0,0.05,8,14,both,Y,PISO_1,PISO_1_P11,True
LT1:201:05,36.67253521126761,8.9,0.05,36.67253521126761,-0.0,0.05,8,14,both,Y,PISO_1,PISO_1_P11,True
LT1:201:05,36.813380281690144,8.9,0.05,36.813380281690144,-0.0,0.05,8,14,both,Y,PISO_1,PISO_1_P11,True
LT1:201:05,36.95422535211267,8.9,0.05,36.95422535211267,-0.0,0.05,8,14,both,Y,PISO_1,PISO_1_P11,True
LT1:201:05,37.09507042253521,8.9,0.05,37.09507042253521,-0.0,0.05,8,14,both,Y,PISO_1,PISO_1_P11,True
LT1:201:05,37.235915492957744,8.9,0.05,37.235915492957744,-0.0,0.05,8,14,both,Y,PISO_1,PISO_1_P11,True
LT1:201:05,37.37676056338028,8.9,0.05,37.37676056338028,-0.0,0.05,8,14,both,Y,PISO_1,PISO_1_P11,True
LT1:201:05,37.517605633802816,8.9,0.05,37.517605633802816,-0.0,0.05,8,14,both,Y,PISO_1,PISO_1_P11,True
LT1:201:05,37.65845070422535,8.9,0.05,37.65845070422535,-0.0,0.05,8,14,both,Y,PISO_1,PISO_1_P11,True
LT1:201:05,37.79929577464789,8.9,0.05,37.79929577464789,-0.0,0.05,8,14,both,Y,PISO_1,PISO_1_P11,True
LT1:201:05,37.940140845070424,8.9,0.05,37.940140845070424,-0.0,0.05,8,14,both,Y,PISO_1,PISO_1_P11,True
LT1:201:05,38.08098591549296,8.9,0.05,38.08098591549296,-0.0,0.05,8,14,both,Y,PISO_1,PISO_1_P11,True
LT1:201:05,38.221830985915496,8.9,0.05,38.221830985915496,-0.0,0.05,8,14,both,Y,PISO_1,PISO_1_P11,True
LT1:201:05,38.36267605633803,8.9,0.05,38.36267605633803,-0.0,0.05,8,14,both,Y,PISO_1,PISO_1_P11,True
LT1:201:05,38.50352112676056,8.9,0.05,38.50352112676056,-0.0,0.05,8,14,both,Y,PISO_1,PISO_1_P11,True
LT1:201:05,38.644366197183096,8.9,0.05,38.644366197183096,-0.0,0.05,8,14,both,Y,PISO_1,PISO_1_P11,True
LT1:201:05,38.78521126760563,8.9,0.05,38.78521126760563,-0.0,0.05,8,14,both,Y,PISO_1,PISO_1_P11,True
LT1:201:05,38.92605633802817,8.9,0.05,38.92605633802817,-0.0,0.05,8,14,both,Y,PISO_1,PISO_1_P11,True
LT1:201:05,39.066901408450704,8.9,0.05,39.066901408450704,-0.0,0.05,8,14,both,Y,PISO_1,PISO_1_P11,True
LT1:201:05,39.20774647887324,8.9,0.05,39.20774647887324,-0.0,0.05,8,14,both,Y,PISO_1,PISO_1_P11,True
LT1:201:05,39.348591549295776,8.9,0.05,39.348591549295776,-0.0,0.05,8,14,both,Y,PISO_1,PISO_1_P11,True
LT1:201:05,39.48943661971831,8.9,0.05,39.48943661971831,-0.0,0.05,8,14,both,Y,PISO_1,PISO_1_P11,True
LT1:201:05,39.63028169014085,8.9,0.05,39.63028169014085,-0.0,0.05,8,14,both,Y,PISO_1,PISO_1_P11,True
LT1:201:05,39.77112676056338,8.9,0.05,39.77112676056338,-0.0,0.05,8,14,both,Y,PISO_1,PISO_1_P11,True
LT1:201:05,39.91197183098592,8.9,0.05,39.91197183098592,-0.0,0.05,8,14,both,Y,PISO_1,PISO_1_P11,True
LT1:201:05,40.05281690140845,8.9,0.05,40.05281690140845,-0.0,0.05,8,14,both,Y,PISO_1,PISO_1_P11,True
LT1:201:05,40.193661971830984,8.9,0.05,40.193661971830984,-0.0,0.05,8,14,both,Y,PISO_1,PISO_1_P11,True
LT1:201:05,40.33450704225352,8.9,0.05,40.33450704225352,-0.0,0.05,8,14,both,Y,PISO_1,PISO_1_P11,True
LT1:201:05,40.475352112676056,8.9,0.05,40.475352112676056,-0.0,0.05,8,14,both,Y,PISO_1,PISO_1_P11,True
LT1:201:05,40.61619718309859,8.9,0.05,40.61619718309859,-0.0,0.05,8,14,both,Y,PISO_1,PISO_1_P11,True
LT1:201:05,40.75704225352113,8.9,0.05,40.75704225352113,-0.0,0.05,8,14,both,Y,PISO_1,PISO_1_P11,True
LT1:201:05,40.897887323943664,8.9,0.05,40.897887323943664,-0.0,0.05,8,14,both,Y,PISO_1,PISO_1_P11,True
LT1:201:05,41.0387323943662,8.9,0.05,41.0387323943662,-0.0,0.05,8,14,both,Y,PISO_1,PISO_1_P11,True
LT1:201:05,41.179577464788736,8.9,0.05,41.179577464788736,-0.0,0.05,8,14,both,Y,PISO_1,PISO_1_P11,True
LT1:201:06,31.25,4.45,0.05,41.25,4.45,0.05,8,16,both,X,PISO_1,PISO_1_P11,True
LT1:201:06,31.330645161290324,8.9,0.05,31.330645161290324,-0.0,0.05,8,16,both,Y,PISO_1,PISO_1_P11,True
LT1:201:06,31.491935483870968,8.9,0.05,31.491935483870968,-0.0,0.05,8,16,both,Y,PISO_1,PISO_1_P11,True
LT1:201:06,31.653225806451612,8.9,0.05,31.653225806451612,-0.0,0.05,8,16,both,Y,PISO_1,PISO_1_P11,True
LT1:201:06,31.81451612903226,8.9,0.05,31.81451612903226,-0.0,0.05,8,16,both,Y,PISO_1,PISO_1_P11,True
LT1:201:06,31.975806451612904,8.9,0.05,31.975806451612904,-0.0,0.05,8,16,both,Y,PISO_1,PISO_1_P11,True
LT1:201:06,32.13709677419355,8.9,0.05,32.13709677419355,-0.0,0.05,8,16,both,Y,PISO_1,PISO_1_P11,True
LT1:201:06,32.29838709677419,8.9,0.05,32.29838709677419,-0.0,0.05,8,16,both,Y,PISO_1,PISO_1_P11,True
LT1:201:06,32.45967741935484,8.9,0.05,32.45967741935484,-0.0,0.05,8,16,both,Y,PISO_1,PISO_1_P11,True
LT1:201:06,32.62096774193548,8.9,0.05,32.62096774193548,-0.0,0.05,8,16,both,Y,PISO_1,PISO_1_P11,True
LT1:201:06,32.78225806451613,8.9,0.05,32.78225806451613,-0.0,0.05,8,16,both,Y,PISO_1,PISO_1_P11,True
LT1:201:06,32.943548387096776,8.9,0.05,32.943548387096776,-0.0,0.05,8,16,both,Y,PISO_1,PISO_1_P11,True
LT1:201:06,33.104838709677416,8.9,0.05,33.104838709677416,-0.0,0.05,8,16,both,Y,PISO_1,PISO_1_P11,True
LT1:201:06,33.266129032258064,8.9,0.05,33.266129032258064,-0.0,0.05,8,16,both,Y,PISO_1,PISO_1_P11,True
LT1:201:06,33.42741935483871,8.9,0.05,33.42741935483871,-0.0,0.05,8,16,both,Y,PISO_1,PISO_1_P11,True
LT1:201:06,33.58870967741935,8.9,0.05,33.58870967741935,-0.0,0.05,8,16,both,Y,PISO_1,PISO_1_P11,True
LT1:201:06,33.75,8.9,0.05,33.75,-0.0,0.05,8,16,both,Y,PISO_1,PISO_1_P11,True
LT1:201:06,33.91129032258065,8.9,0.05,33.91129032258065,-0.0,0.05,8,16,both,Y,PISO_1,PISO_1_P11,True
LT1:201:06,34.07258064516129,8.9,0.05,34.07258064516129,-0.0,0.05,8,16,both,Y,PISO_1,PISO_1_P11,True
LT1:201:06,34.233870967741936,8.9,0.05,34.233870967741936,-0.0,0.05,8,16,both,Y,PISO_1,PISO_1_P11,True
LT1:201:06,34.395161290322584,8.9,0.05,34.395161290322584,-0.0,0.05,8,16,both,Y,PISO_1,PISO_1_P11,True
LT1:201:06,34.556451612903224,8.9,0.05,34.556451612903224,-0.0,0.05,8,16,both,Y,PISO_1,PISO_1_P11,True
LT1:201:06,34.71774193548387,8.9,0.05,34.71774193548387,-0.0,0.05,8,16,both,Y,PISO_1,PISO_1_P11,True
LT1:201:06,34.87903225806451,8.9,0.05,34.87903225806451,-0.0,0.05,8,16,both,Y,PISO_1,PISO_1_P11,True
LT1:201:06,35.04032258064516,8.9,0.05,35.04032258064516,-0.0,0.05,8,16,both,Y,PISO_1,PISO_1_P11,True
LT1:201:06,35.20161290322581,8.9,0.05,35.20161290322581,-0.0,0.05,8,16,both,Y,PISO_1,PISO_1_P11,True
LT1:201:06,35.36290322580645,8.9,0.05,35.36290322580645,-0.0,0.05,8,16,both,Y,PISO_1,PISO_1_P11,True
LT1:201:06,35.524193548387096,8.9,0.05,35.524193548387096,-0.0,0.05,8,16,both,Y,PISO_1,PISO_1_P11,True
LT1:201:06,35.685483870967744,8.9,0.05,35.685483870967744,-0.0,0.05,8,16,both,Y,PISO_1,PISO_1_P11,True
LT1:201:06,35.846774193548384,8.9,0.05,35.846774193548384,-0.0,0.05,8,16,both,Y,PISO_1,PISO_1_P11,True
LT1:201:06,36.00806451612903,8.9,0.05,36.00806451612903,-0.0,0.05,8,16,both,Y,PISO_1,PISO_1_P11,True
LT1:201:06,36.16935483870968,8.9,0.05,36.16935483870968,-0.0,0.05,8,16,both,Y,PISO_1,PISO_1_P11,True
LT1:201:06,36.33064516129032,8.9,0.05,36.33064516129032,-0.0,0.05,8,16,both,Y,PISO_1,PISO_1_P11,True
LT1:201:06,36.49193548387097,8.9,0.05,36.49193548387097,-0.0,0.05,8,16,both,Y,PISO_1,PISO_1_P11,True
LT1:201:06,36.653225806451616,8.9,0.05,36.653225806451616,-0.0,0.05,8,16,both,Y,PISO_1,PISO_1_P11,True
LT1:201:06,36.814516129032256,8.9,0.05,36.814516129032256,-0.0,0.05,8,16,both,Y,PISO_1,PISO_1_P11,True
LT1:201:06,36.975806451612904,8.9,0.05,36.975806451612904,-0.0,0.05,8,16,both,Y,PISO_1,PISO_1_P11,True
LT1:201:06,37.13709677419355,8.9,0.05,37.13709677419355,-0.0,0.05,8,16,both,Y,PISO_1,PISO_1_P11,True
LT1:201:06,37.29838709677419,8.9,0.05,37.29838709677419,-0.0,0.05,8,16,both,Y,PISO_1,PISO_1_P11,True
LT1:201:06,37.45967741935484,8.9,0.05,37.45967741935484,-0.0,0.05,8,16,both,Y,PISO_1,PISO_1_P11,True
LT1:201:06,37.62096774193549,8.9,0.05,37.62096774193549,-0.0,0.05,8,16,both,Y,PISO_1,PISO_1_P11,True
LT1:201:06,37.78225806451613,8.9,0.05,37.78225806451613,-0.0,0.05,8,16,both,Y,PISO_1,PISO_1_P11,True
LT1:201:06,37.943548387096776,8.9,0.05,37.943548387096776,-0.0,0.05,8,16,both,Y,PISO_1,PISO_1_P11,True
LT1:201:06,38.104838709677416,8.9,0.05,38.104838709677416,-0.0,0.05,8,16,both,Y,PISO_1,PISO_1_P11,True
LT1:201:06,38.266129032258064,8.9,0.05,38.266129032258064,-0.0,0.05,8,16,both,Y,PISO_1,PISO_1_P11,True
LT1:201:06,38.42741935483871,8.9,0.05,38.42741935483871,-0.0,0.05,8,16,both,Y,PISO_1,PISO_1_P11,True
LT1:201:06,38.58870967741935,8.9,0.05,38.58870967741935,-0.0,0.05,8,16,both,Y,PISO_1,PISO_1_P11,True
LT1:201:06,38.75,8.9,0.05,38.75,-0.0,0.05,8,16,both,Y,PISO_1,PISO_1_P11,True
LT1:201:06,38.91129032258065,8.9,0.05,38.91129032258065,-0.0,0.05,8,16,both,Y,PISO_1,PISO_1_P11,True
LT1:201:06,39.07258064516129,8.9,0.05,39.07258064516129,-0.0,0.05,8,16,both,Y,PISO_1,PISO_1_P11,True
LT1:201:06,39.233870967741936,8.9,0.05,39.233870967741936,-0.0,0.05,8,16,both,Y,PISO_1,PISO_1_P11,True
LT1:201:06,39.39516129032258,8.9,0.05,39.39516129032258,-0.0,0.05,8,16,both,Y,PISO_1,PISO_1_P11,True
LT1:201:06,39.556451612903224,8.9,0.05,39.556451612903224,-0.0,0.05,8,16,both,Y,PISO_1,PISO_1_P11,True
LT1:201:06,39.71774193548387,8.9,0.05,39.71774193548387,-0.0,0.05,8,16,both,Y,PISO_1,PISO_1_P11,True
LT1:201:06,39.87903225806451,8.9,0.05,39.87903225806451,-0.0,0.05,8,16,both,Y,PISO_1,PISO_1_P11,True
LT1:201:06,40.04032258064516,8.9,0.05,40.04032258064516,-0.0,0.05,8,16,both,Y,PISO_1,PISO_1_P11,True
LT1:201:06,40.20161290322581,8.9,0.05,40.20161290322581,-0.0,0.05,8,16,both,Y,PISO_1,PISO_1_P11,True
LT1:201:06,40.36290322580645,8.9,0.05,40.36290322580645,-0.0,0.05,8,16,both,Y,PISO_1,PISO_1_P11,True
LT1:201:06,40.524193548387096,8.9,0.05,40.524193548387096,-0.0,0.05,8,16,both,Y,PISO_1,PISO_1_P11,True
LT1:201:06,40.685483870967744,8.9,0.05,40.685483870967744,-0.0,0.05,8,16,both,Y,PISO_1,PISO_1_P11,True
LT1:201:06,40.846774193548384,8.9,0.05,40.846774193548384,-0.0,0.05,8,16,both,Y,PISO_1,PISO_1_P11,True
LT1:201:06,41.00806451612903,8.9,0.05,41.00806451612903,-0.0,0.05,8,16,both,Y,PISO_1,PISO_1_P11,True
LT1:201:06,41.16935483870968,8.9,0.05,41.16935483870968,-0.0,0.05,8,16,both,Y,PISO_1,PISO_1_P11,True
LT1:201:07,31.25,4.45,0.05,41.25,4.45,0.05,10,18,both,X,PISO_1,PISO_1_P11,True
LT1:201:07,31.339285714285715,8.9,0.05,31.339285714285715,-0.0,0.05,10,18,both,Y,PISO_1,PISO_1_P11,True
LT1:201:07,31.517857142857142,8.9,0.05,31.517857142857142,-0.0,0.05,10,18,both,Y,PISO_1,PISO_1_P11,True
LT1:201:07,31.696428571428573,8.9,0.05,31.696428571428573,-0.0,0.05,10,18,both,Y,PISO_1,PISO_1_P11,True
LT1:201:07,31.875,8.9,0.05,31.875,-0.0,0.05,10,18,both,Y,PISO_1,PISO_1_P11,True
LT1:201:07,32.05357142857143,8.9,0.05,32.05357142857143,-0.0,0.05,10,18,both,Y,PISO_1,PISO_1_P11,True
LT1:201:07,32.232142857142854,8.9,0.05,32.232142857142854,-0.0,0.05,10,18,both,Y,PISO_1,PISO_1_P11,True
LT1:201:07,32.410714285714285,8.9,0.05,32.410714285714285,-0.0,0.05,10,18,both,Y,PISO_1,PISO_1_P11,True
LT1:201:07,32.589285714285715,8.9,0.05,32.589285714285715,-0.0,0.05,10,18,both,Y,PISO_1,PISO_1_P11,True
LT1:201:07,32.767857142857146,8.9,0.05,32.767857142857146,-0.0,0.05,10,18,both,Y,PISO_1,PISO_1_P11,True
LT1:201:07,32.94642857142857,8.9,0.05,32.94642857142857,-0.0,0.05,10,18,both,Y,PISO_1,PISO_1_P11,True
LT1:201:07,33.125,8.9,0.05,33.125,-0.0,0.05,10,18,both,Y,PISO_1,PISO_1_P11,True
LT1:201:07,33.30357142857143,8.9,0.05,33.30357142857143,-0.0,0.05,10,18,both,Y,PISO_1,PISO_1_P11,True
LT1:201:07,33.482142857142854,8.9,0.05,33.482142857142854,-0.0,0.05,10,18,both,Y,PISO_1,PISO_1_P11,True
LT1:201:07,33.660714285714285,8.9,0.05,33.660714285714285,-0.0,0.05,10,18,both,Y,PISO_1,PISO_1_P11,True
LT1:201:07,33.839285714285715,8.9,0.05,33.839285714285715,-0.0,0.05,10,18,both,Y,PISO_1,PISO_1_P11,True
LT1:201:07,34.017857142857146,8.9,0.05,34.017857142857146,-0.0,0.05,10,18,both,Y,PISO_1,PISO_1_P11,True
LT1:201:07,34.19642857142857,8.9,0.05,34.19642857142857,-0.0,0.05,10,18,both,Y,PISO_1,PISO_1_P11,True
LT1:201:07,34.375,8.9,0.05,34.375,-0.0,0.05,10,18,both,Y,PISO_1,PISO_1_P11,True
LT1:201:07,34.55357142857143,8.9,0.05,34.55357142857143,-0.0,0.05,10,18,both,Y,PISO_1,PISO_1_P11,True
LT1:201:07,34.732142857142854,8.9,0.05,34.732142857142854,-0.0,0.05,10,18,both,Y,PISO_1,PISO_1_P11,True
LT1:201:07,34.910714285714285,8.9,0.05,34.910714285714285,-0.0,0.05,10,18,both,Y,PISO_1,PISO_1_P11,True
LT1:201:07,35.089285714285715,8.9,0.05,35.089285714285715,-0.0,0.05,10,18,both,Y,PISO_1,PISO_1_P11,True
LT1:201:07,35.267857142857146,8.9,0.05,35.267857142857146,-0.0,0.05,10,18,both,Y,PISO_1,PISO_1_P11,True
LT1:201:07,35.44642857142857,8.9,0.05,35.44642857142857,-0.0,0.05,10,18,both,Y,PISO_1,PISO_1_P11,True
LT1:201:07,35.625,8.9,0.05,35.625,-0.0,0.05,10,18,both,Y,PISO_1,PISO_1_P11,True
LT1:201:07,35.80357142857143,8.9,0.05,35.80357142857143,-0.0,0.05,10,18,both,Y,PISO_1,PISO_1_P11,True
LT1:201:07,35.982142857142854,8.9,0.05,35.982142857142854,-0.0,0.05,10,18,both,Y,PISO_1,PISO_1_P11,True
LT1:201:07,36.160714285714285,8.9,0.05,36.160714285714285,-0.0,0.05,10,18,both,Y,PISO_1,PISO_1_P11,True
LT1:201:07,36.339285714285715,8.9,0.05,36.339285714285715,-0.0,0.05,10,18,both,Y,PISO_1,PISO_1_P11,True
LT1:201:07,36.517857142857146,8.9,0.05,36.517857142857146,-0.0,0.05,10,18,both,Y,PISO_1,PISO_1_P11,True
LT1:201:07,36.69642857142857,8.9,0.05,36.69642857142857,-0.0,0.05,10,18,both,Y,PISO_1,PISO_1_P11,True
LT1:201:07,36.875,8.9,0.05,36.875,-0.0,0.05,10,18,both,Y,PISO_1,PISO_1_P11,True
LT1:201:07,37.05357142857143,8.9,0.05,37.05357142857143,-0.0,0.05,10,18,both,Y,PISO_1,PISO_1_P11,True
LT1:201:07,37.232142857142854,8.9,0.05,37.232142857142854,-0.0,0.05,10,18,both,Y,PISO_1,PISO_1_P11,True
LT1:201:07,37.410714285714285,8.9,0.05,37.410714285714285,-0.0,0.05,10,18,both,Y,PISO_1,PISO_1_P11,True
LT1:201:07,37.589285714285715,8.9,0.05,37.589285714285715,-0.0,0.05,10,18,both,Y,PISO_1,PISO_1_P11,True
LT1:201:07,37.767857142857146,8.9,0.05,37.767857142857146,-0.0,0.05,10,18,both,Y,PISO_1,PISO_1_P11,True
LT1:201:07,37.94642857142857,8.9,0.05,37.94642857142857,-0.0,0.05,10,18,both,Y,PISO_1,PISO_1_P11,True
LT1:201:07,38.125,8.9,0.05,38.125,-0.0,0.05,10,18,both,Y,PISO_1,PISO_1_P11,True
LT1:201:07,38.30357142857143,8.9,0.05,38.30357142857143,-0.0,0.05,10,18,both,Y,PISO_1,PISO_1_P11,True
LT1:201:07,38.482142857142854,8.9,0.05,38.482142857142854,-0.0,0.05,10,18,both,Y,PISO_1,PISO_1_P11,True
LT1:201:07,38.660714285714285,8.9,0.05,38.660714285714285,-0.0,0.05,10,18,both,Y,PISO_1,PISO_1_P11,True
LT1:201:07,38.839285714285715,8.9,0.05,38.839285714285715,-0.0,0.05,10,18,both,Y,PISO_1,PISO_1_P11,True
LT1:201:07,39.017857142857146,8.9,0.05,39.017857142857146,-0.0,0.05,10,18,both,Y,PISO_1,PISO_1_P11,True
LT1:201:07,39.19642857142857,8.9,0.05,39.19642857142857,-0.0,0.05,10,18,both,Y,PISO_1,PISO_1_P11,True
LT1:201:07,39.375,8.9,0.05,39.375,-0.0,0.05,10,18,both,Y,PISO_1,PISO_1_P11,True
LT1:201:07,39.55357142857143,8.9,0.05,39.55357142857143,-0.0,0.05,10,18,both,Y,PISO_1,PISO_1_P11,True
LT1:201:07,39.73214285714286,8.9,0.05,39.73214285714286,-0.0,0.05,10,18,both,Y,PISO_1,PISO_1_P11,True
LT1:201:07,39.910714285714285,8.9,0.05,39.910714285714285,-0.0,0.05,10,18,both,Y,PISO_1,PISO_1_P11,True
LT1:201:07,40.089285714285715,8.9,0.05,40.089285714285715,-0.0,0.05,10,18,both,Y,PISO_1,PISO_1_P11,True
LT1:201:07,40.26785714285714,8.9,0.05,40.26785714285714,-0.0,0.05,10,18,both,Y,PISO_1,PISO_1_P11,True
LT1:201:07,40.44642857142857,8.9,0.05,40.44642857142857,-0.0,0.05,10,18,both,Y,PISO_1,PISO_1_P11,True
LT1:201:07,40.625,8.9,0.05,40.625,-0.0,0.05,10,18,both,Y,PISO_1,PISO_1_P11,True
LT1:201:07,40.80357142857143,8.9,0.05,40.80357142857143,-0.0,0.05,10,18,both,Y,PISO_1,PISO_1_P11,True
LT1:201:07,40.98214285714286,8.9,0.05,40.98214285714286,-0.0,0.05,10,18,both,Y,PISO_1,PISO_1_P11,True
LT1:201:07,41.160714285714285,8.9,0.05,41.160714285714285,-0.0,0.05,10,18,both,Y,PISO_1,PISO_1_P11,True
LT1:201:08,31.25,0.0,0.05,73.75,0.0,0.05,8,14,both,X,PISO_1,_,True
LT1:201:08,31.319901315789473,-0.0,0.05,31.319901315789473,-0.0,0.05,8,14,both,Y,PISO_1,_,True
LT1:201:08,31.45970394736842,-0.0,0.05,31.45970394736842,-0.0,0.05,8,14,both,Y,PISO_1,_,True
LT1:201:08,31.59950657894737,-0.0,0.05,31.59950657894737,-0.0,0.05,8,14,both,Y,PISO_1,_,True
LT1:201:08,31.739309210526315,-0.0,0.05,31.739309210526315,-0.0,0.05,8,14,both,Y,PISO_1,_,True
LT1:201:08,31.879111842105264,-0.0,0.05,31.879111842105264,-0.0,0.05,8,14,both,Y,PISO_1,_,True
LT1:201:08,32.01891447368421,-0.0,0.05,32.01891447368421,-0.0,0.05,8,14,both,Y,PISO_1,_,True
LT1:201:08,32.15871710526316,-0.0,0.05,32.15871710526316,-0.0,0.05,8,14,both,Y,PISO_1,_,True
LT1:201:08,32.2985197368421,-0.0,0.05,32.2985197368421,-0.0,0.05,8,14,both,Y,PISO_1,_,True
LT1:201:08,32.438322368421055,-0.0,0.05,32.438322368421055,-0.0,0.05,8,14,both,Y,PISO_1,_,True
LT1:201:08,32.578125,-0.0,0.05,32.578125,-0.0,0.05,8,14,both,Y,PISO_1,_,True
LT1:201:08,32.717927631578945,-0.0,0.05,32.717927631578945,-0.0,0.05,8,14,both,Y,PISO_1,_,True
LT1:201:08,32.8577302631579,-0.0,0.05,32.8577302631579,-0.0,0.05,8,14,both,Y,PISO_1,_,True
LT1:201:08,32.99753289473684,-0.0,0.05,32.99753289473684,-0.0,0.05,8,14,both,Y,PISO_1,_,True
LT1:201:08,33.13733552631579,-0.0,0.05,33.13733552631579,-0.0,0.05,8,14,both,Y,PISO_1,_,True
LT1:201:08,33.27713815789474,-0.0,0.05,33.27713815789474,-0.0,0.05,8,14,both,Y,PISO_1,_,True
LT1:201:08,33.416940789473685,-0.0,0.05,33.416940789473685,-0.0,0.05,8,14,both,Y,PISO_1,_,True
LT1:201:08,33.55674342105263,-0.0,0.05,33.55674342105263,-0.0,0.05,8,14,both,Y,PISO_1,_,True
LT1:201:08,33.696546052631575,-0.0,0.05,33.696546052631575,-0.0,0.05,8,14,both,Y,PISO_1,_,True
LT1:201:08,33.83634868421053,-0.0,0.05,33.83634868421053,-0.0,0.05,8,14,both,Y,PISO_1,_,True
LT1:201:08,33.97615131578947,-0.0,0.05,33.97615131578947,-0.0,0.05,8,14,both,Y,PISO_1,_,True
LT1:201:08,34.115953947368425,-0.0,0.05,34.115953947368425,-0.0,0.05,8,14,both,Y,PISO_1,_,True
LT1:201:08,34.25575657894737,-0.0,0.05,34.25575657894737,-0.0,0.05,8,14,both,Y,PISO_1,_,True
LT1:201:08,34.395559210526315,-0.0,0.05,34.395559210526315,-0.0,0.05,8,14,both,Y,PISO_1,_,True
LT1:201:08,34.53536184210526,-0.0,0.05,34.53536184210526,-0.0,0.05,8,14,both,Y,PISO_1,_,True
LT1:201:08,34.67516447368421,-0.0,0.05,34.67516447368421,-0.0,0.05,8,14,both,Y,PISO_1,_,True
LT1:201:08,34.81496710526316,-0.0,0.05,34.81496710526316,-0.0,0.05,8,14,both,Y,PISO_1,_,True
LT1:201:08,34.9547697368421,-0.0,0.05,34.9547697368421,-0.0,0.05,8,14,both,Y,PISO_1,_,True
LT1:201:08,35.094572368421055,-0.0,0.05,35.094572368421055,-0.0,0.05,8,14,both,Y,PISO_1,_,True
LT1:201:08,35.234375,-0.0,0.05,35.234375,-0.0,0.05,8,14,both,Y,PISO_1,_,True
LT1:201:08,35.374177631578945,-0.0,0.05,35.374177631578945,-0.0,0.05,8,14,both,Y,PISO_1,_,True
LT1:201:08,35.5139802631579,-0.0,0.05,35.5139802631579,-0.0,0.05,8,14,both,Y,PISO_1,_,True
LT1:201:08,35.65378289473684,-0.0,0.05,35.65378289473684,-0.0,0.05,8,14,both,Y,PISO_1,_,True
LT1:201:08,35.79358552631579,-0.0,0.05,35.79358552631579,-0.0,0.05,8,14,both,Y,PISO_1,_,True
LT1:201:08,35.93338815789474,-0.0,0.05,35.93338815789474,-0.0,0.05,8,14,both,Y,PISO_1,_,True
LT1:201:08,36.073190789473685,-0.0,0.05,36.073190789473685,-0.0,0.05,8,14,both,Y,PISO_1,_,True
LT1:201:08,36.21299342105263,-0.0,0.05,36.21299342105263,-0.0,0.05,8,14,both,Y,PISO_1,_,True
LT1:201:08,36.352796052631575,-0.0,0.05,36.352796052631575,-0.0,0.05,8,14,both,Y,PISO_1,_,True
LT1:201:08,36.49259868421053,-0.0,0.05,36.49259868421053,-0.0,0.05,8,14,both,Y,PISO_1,_,True
LT1:201:08,36.63240131578947,-0.0,0.05,36.63240131578947,-0.0,0.05,8,14,both,Y,PISO_1,_,True
LT1:201:08,36.772203947368425,-0.0,0.05,36.772203947368425,-0.0,0.05,8,14,both,Y,PISO_1,_,True
LT1:201:08,36.91200657894737,-0.0,0.05,36.91200657894737,-0.0,0.05,8,14,both,Y,PISO_1,_,True
LT1:201:08,37.051809210526315,-0.0,0.05,37.051809210526315,-0.0,0.05,8,14,both,Y,PISO_1,_,True
LT1:201:08,37.19161184210526,-0.0,0.05,37.19161184210526,-0.0,0.05,8,14,both,Y,PISO_1,_,True
LT1:201:08,37.33141447368421,-0.0,0.05,37.33141447368421,-0.0,0.05,8,14,both,Y,PISO_1,_,True
LT1:201:08,37.47121710526316,-0.0,0.05,37.47121710526316,-0.0,0.05,8,14,both,Y,PISO_1,_,True
LT1:201:08,37.6110197368421,-0.0,0.05,37.6110197368421,-0.0,0.05,8,14,both,Y,PISO_1,_,True
LT1:201:08,37.750822368421055,-0.0,0.05,37.750822368421055,-0.0,0.05,8,14,both,Y,PISO_1,_,True
LT1:201:08,37.890625,-0.0,0.05,37.890625,-0.0,0.05,8,14,both,Y,PISO_1,_,True
LT1:201:08,38.030427631578945,-0.0,0.05,38.030427631578945,-0.0,0.05,8,14,both,Y,PISO_1,_,True
LT1:201:08,38.1702302631579,-0.0,0.05,38.1702302631579,-0.0,0.05,8,14,both,Y,PISO_1,_,True
LT1:201:08,38.31003289473684,-0.0,0.05,38.31003289473684,-0.0,0.05,8,14,both,Y,PISO_1,_,True
LT1:201:08,38.44983552631579,-0.0,0.05,38.44983552631579,-0.0,0.05,8,14,both,Y,PISO_1,_,True
LT1:201:08,38.58963815789474,-0.0,0.05,38.58963815789474,-0.0,0.05,8,14,both,Y,PISO_1,_,True
LT1:201:08,38.729440789473685,-0.0,0.05,38.729440789473685,-0.0,0.05,8,14,both,Y,PISO_1,_,True
LT1:201:08,38.86924342105263,-0.0,0.05,38.86924342105263,-0.0,0.05,8,14,both,Y,PISO_1,_,True
LT1:201:08,39.009046052631575,-0.0,0.05,39.009046052631575,-0.0,0.05,8,14,both,Y,PISO_1,_,True
LT1:201:08,39.14884868421053,-0.0,0.05,39.14884868421053,-0.0,0.05,8,14,both,Y,PISO_1,_,True
LT1:201:08,39.28865131578947,-0.0,0.05,39.28865131578947,-0.0,0.05,8,14,both,Y,PISO_1,_,True
LT1:201:08,39.428453947368425,-0.0,0.05,39.428453947368425,-0.0,0.05,8,14,both,Y,PISO_1,_,True
LT1:201:08,39.56825657894737,-0.0,0.05,39.56825657894737,-0.0,0.05,8,14,both,Y,PISO_1,_,True
LT1:201:08,39.708059210526315,-0.0,0.05,39.708059210526315,-0.0,0.05,8,14,both,Y,PISO_1,_,True
LT1:201:08,39.84786184210526,-0.0,0.05,39.84786184210526,-0.0,0.05,8,14,both,Y,PISO_1,_,True
LT1:201:08,39.98766447368421,-0.0,0.05,39.98766447368421,-0.0,0.05,8,14,both,Y,PISO_1,_,True
LT1:201:08,40.12746710526316,-0.0,0.05,40.12746710526316,-0.0,0.05,8,14,both,Y,PISO_1,_,True
LT1:201:08,40.2672697368421,-0.0,0.05,40.2672697368421,-0.0,0.05,8,14,both,Y,PISO_1,_,True
LT1:201:08,40.407072368421055,-0.0,0.05,40.407072368421055,-0.0,0.05,8,14,both,Y,PISO_1,_,True
LT1:201:08,40.546875,-0.0,0.05,40.546875,-0.0,0.05,8,14,both,Y,PISO_1,_,True
LT1:201:08,40.686677631578945,-0.0,0.05,40.686677631578945,-0.0,0.05,8,14,both,Y,PISO_1,_,True
LT1:201:08,40.8264802631579,-0.0,0.05,40.8264802631579,-0.0,0.05,8,14,both,Y,PISO_1,_,True
LT1:201:08,40.96628289473684,-0.0,0.05,40.96628289473684,-0.0,0.05,8,14,both,Y,PISO_1,_,True
LT1:201:08,41.10608552631579,-0.0,0.05,41.10608552631579,-0.0,0.05,8,14,both,Y,PISO_1,_,True
LT1:201:08,41.24588815789474,-0.0,0.05,41.24588815789474,-0.0,0.05,8,14,both,Y,PISO_1,_,True
LT1:201:08,41.385690789473685,-0.0,0.05,41.385690789473685,-0.0,0.05,8,14,both,Y,PISO_1,_,True
LT1:201:08,41.52549342105263,-0.0,0.05,41.52549342105263,-0.0,0.05,8,14,both,Y,PISO_1,_,True
LT1:201:08,41.665296052631575,-0.0,0.05,41.665296052631575,-0.0,0.05,8,14,both,Y,PISO_1,_,True
LT1:201:08,41.80509868421053,-0.0,0.05,41.80509868421053,-0.0,0.05,8,14,both,Y,PISO_1,_,True
LT1:201:08,41.94490131578947,-0.0,0.05,41.94490131578947,-0.0,0.05,8,14,both,Y,PISO_1,_,True
LT1:201:08,42.084703947368425,-0.0,0.05,42.084703947368425,-0.0,0.05,8,14,both,Y,PISO_1,_,True
LT1:201:08,42.22450657894737,-0.0,0.05,42.22450657894737,-0.0,0.05,8,14,both,Y,PISO_1,_,True
LT1:201:08,42.364309210526315,-0.0,0.05,42.364309210526315,-0.0,0.05,8,14,both,Y,PISO_1,_,True
LT1:201:08,42.50411184210526,-0.0,0.05,42.50411184210526,-0.0,0.05,8,14,both,Y,PISO_1,_,True
LT1:201:08,42.64391447368421,-0.0,0.05,42.64391447368421,-0.0,0.05,8,14,both,Y,PISO_1,_,True
LT1:201:08,42.78371710526316,-0.0,0.05,42.78371710526316,-0.0,0.05,8,14,both,Y,PISO_1,_,True
LT1:201:08,42.9235197368421,-0.0,0.05,42.9235197368421,-0.0,0.05,8,14,both,Y,PISO_1,_,True
LT1:201:08,43.063322368421055,-0.0,0.05,43.063322368421055,-0.0,0.05,8,14,both,Y,PISO_1,_,True
LT1:201:08,43.203125,-0.0,0.05,43.203125,-0.0,0.05,8,14,both,Y,PISO_1,_,True
LT1:201:08,43.342927631578945,-0.0,0.05,43.342927631578945,-0.0,0.05,8,14,both,Y,PISO_1,_,True
LT1:201:08,43.4827302631579,-0.0,0.05,43.4827302631579,-0.0,0.05,8,14,both,Y,PISO_1,_,True
LT1:201:08,43.62253289473684,-0.0,0.05,43.62253289473684,-0.0,0.05,8,14,both,Y,PISO_1,_,True
LT1:201:08,43.76233552631579,-0.0,0.05,43.76233552631579,-0.0,0.05,8,14,both,Y,PISO_1,_,True
LT1:201:08,43.90213815789474,-0.0,0.05,43.90213815789474,-0.0,0.05,8,14,both,Y,PISO_1,_,True
LT1:201:08,44.041940789473685,-0.0,0.05,44.041940789473685,-0.0,0.05,8,14,both,Y,PISO_1,_,True
LT1:201:08,44.18174342105263,-0.0,0.05,44.18174342105263,-0.0,0.05,8,14,both,Y,PISO_1,_,True
LT1:201:08,44.321546052631575,-0.0,0.05,44.321546052631575,-0.0,0.05,8,14,both,Y,PISO_1,_,True
LT1:201:08,44.46134868421053,-0.0,0.05,44.46134868421053,-0.0,0.05,8,14,both,Y,PISO_1,_,True
LT1:201:08,44.60115131578947,-0.0,0.05,44.60115131578947,-0.0,0.05,8,14,both,Y,PISO_1,_,True
LT1:201:08,44.740953947368425,-0.0,0.05,44.740953947368425,-0.0,0.05,8,14,both,Y,PISO_1,_,True
LT1:201:08,44.88075657894737,-0.0,0.05,44.88075657894737,-0.0,0.05,8,14,both,Y,PISO_1,_,True
LT1:201:08,45.020559210526315,-0.0,0.05,45.020559210526315,-0.0,0.05,8,14,both,Y,PISO_1,_,True
LT1:201:08,45.16036184210526,-0.0,0.05,45.16036184210526,-0.0,0.05,8,14,both,Y,PISO_1,_,True
LT1:201:08,45.30016447368421,-0.0,0.05,45.30016447368421,-0.0,0.05,8,14,both,Y,PISO_1,_,True
LT1:201:08,45.43996710526316,-0.0,0.05,45.43996710526316,-0.0,0.05,8,14,both,Y,PISO_1,_,True
LT1:201:08,45.5797697368421,-0.0,0.05,45.5797697368421,-0.0,0.05,8,14,both,Y,PISO_1,_,True
LT1:201:08,45.719572368421055,-0.0,0.05,45.719572368421055,-0.0,0.05,8,14,both,Y,PISO_1,_,True
LT1:201:08,45.859375,-0.0,0.05,45.859375,-0.0,0.05,8,14,both,Y,PISO_1,_,True
LT1:201:08,45.999177631578945,-0.0,0.05,45.999177631578945,-0.0,0.05,8,14,both,Y,PISO_1,_,True
LT1:201:08,46.1389802631579,-0.0,0.05,46.1389802631579,-0.0,0.05,8,14,both,Y,PISO_1,_,True
LT1:201:08,46.27878289473684,-0.0,0.05,46.27878289473684,-0.0,0.05,8,14,both,Y,PISO_1,_,True
LT1:201:08,46.41858552631579,-0.0,0.05,46.41858552631579,-0.0,0.05,8,14,both,Y,PISO_1,_,True
LT1:201:08,46.55838815789474,-0.0,0.05,46.55838815789474,-0.0,0.05,8,14,both,Y,PISO_1,_,True
LT1:201:08,46.698190789473685,-0.0,0.05,46.698190789473685,-0.0,0.05,8,14,both,Y,PISO_1,_,True
LT1:201:08,46.83799342105263,-0.0,0.05,46.83799342105263,-0.0,0.05,8,14,both,Y,PISO_1,_,True
LT1:201:08,46.977796052631575,-0.0,0.05,46.977796052631575,-0.0,0.05,8,14,both,Y,PISO_1,_,True
LT1:201:08,47.11759868421053,-0.0,0.05,47.11759868421053,-0.0,0.05,8,14,both,Y,PISO_1,_,True
LT1:201:08,47.25740131578947,-0.0,0.05,47.25740131578947,-0.0,0.05,8,14,both,Y,PISO_1,_,True
LT1:201:08,47.397203947368425,-0.0,0.05,47.397203947368425,-0.0,0.05,8,14,both,Y,PISO_1,_,True
LT1:201:08,47.53700657894737,-0.0,0.05,47.53700657894737,-0.0,0.05,8,14,both,Y,PISO_1,_,True
LT1:201:08,47.676809210526315,-0.0,0.05,47.676809210526315,-0.0,0.05,8,14,both,Y,PISO_1,_,True
LT1:201:08,47.81661184210526,-0.0,0.05,47.81661184210526,-0.0,0.05,8,14,both,Y,PISO_1,_,True
LT1:201:08,47.956414473684205,-0.0,0.05,47.956414473684205,-0.0,0.05,8,14,both,Y,PISO_1,_,True
LT1:201:08,48.09621710526316,-0.0,0.05,48.09621710526316,-0.0,0.05,8,14,both,Y,PISO_1,_,True
LT1:201:08,48.23601973684211,-0.0,0.05,48.23601973684211,-0.0,0.05,8,14,both,Y,PISO_1,_,True
LT1:201:08,48.375822368421055,-0.0,0.05,48.375822368421055,-0.0,0.05,8,14,both,Y,PISO_1,_,True
LT1:201:08,48.515625,-0.0,0.05,48.515625,-0.0,0.05,8,14,both,Y,PISO_1,_,True
LT1:201:08,48.655427631578945,-0.0,0.05,48.655427631578945,-0.0,0.05,8,14,both,Y,PISO_1,_,True
LT1:201:08,48.79523026315789,-0.0,0.05,48.79523026315789,-0.0,0.05,8,14,both,Y,PISO_1,_,True
LT1:201:08,48.93503289473684,-0.0,0.05,48.93503289473684,-0.0,0.05,8,14,both,Y,PISO_1,_,True
LT1:201:08,49.074835526315795,-0.0,0.05,49.074835526315795,-0.0,0.05,8,14,both,Y,PISO_1,_,True
LT1:201:08,49.21463815789474,-0.0,0.05,49.21463815789474,-0.0,0.05,8,14,both,Y,PISO_1,_,True
LT1:201:08,49.354440789473685,-0.0,0.05,49.354440789473685,-0.0,0.05,8,14,both,Y,PISO_1,_,True
LT1:201:08,49.49424342105263,-0.0,0.05,49.49424342105263,-0.0,0.05,8,14,both,Y,PISO_1,_,True
LT1:201:08,49.634046052631575,-0.0,0.05,49.634046052631575,-0.0,0.05,8,14,both,Y,PISO_1,_,True
LT1:201:08,49.77384868421053,-0.0,0.05,49.77384868421053,-0.0,0.05,8,14,both,Y,PISO_1,_,True
LT1:201:08,49.91365131578947,-0.0,0.05,49.91365131578947,-0.0,0.05,8,14,both,Y,PISO_1,_,True
LT1:201:08,50.053453947368425,-0.0,0.05,50.053453947368425,-0.0,0.05,8,14,both,Y,PISO_1,_,True
LT1:201:08,50.19325657894737,-0.0,0.05,50.19325657894737,-0.0,0.05,8,14,both,Y,PISO_1,_,True
LT1:201:08,50.333059210526315,-0.0,0.05,50.333059210526315,-0.0,0.05,8,14,both,Y,PISO_1,_,True
LT1:201:08,50.47286184210526,-0.0,0.05,50.47286184210526,-0.0,0.05,8,14,both,Y,PISO_1,_,True
LT1:201:08,50.612664473684205,-0.0,0.05,50.612664473684205,-0.0,0.05,8,14,both,Y,PISO_1,_,True
LT1:201:08,50.75246710526316,-0.0,0.05,50.75246710526316,-0.0,0.05,8,14,both,Y,PISO_1,_,True
LT1:201:08,50.89226973684211,-0.0,0.05,50.89226973684211,-0.0,0.05,8,14,both,Y,PISO_1,_,True
LT1:201:08,51.032072368421055,-0.0,0.05,51.032072368421055,-0.0,0.05,8,14,both,Y,PISO_1,_,True
LT1:201:08,51.171875,-0.0,0.05,51.171875,-0.0,0.05,8,14,both,Y,PISO_1,_,True
LT1:201:08,51.311677631578945,-0.0,0.05,51.311677631578945,-0.0,0.05,8,14,both,Y,PISO_1,_,True
LT1:201:08,51.45148026315789,-0.0,0.05,51.45148026315789,-0.0,0.05,8,14,both,Y,PISO_1,_,True
LT1:201:08,51.59128289473684,-0.0,0.05,51.59128289473684,-0.0,0.05,8,14,both,Y,PISO_1,_,True
LT1:201:08,51.731085526315795,-0.0,0.05,51.731085526315795,-0.0,0.05,8,14,both,Y,PISO_1,_,True
LT1:201:08,51.87088815789474,-0.0,0.05,51.87088815789474,-0.0,0.05,8,14,both,Y,PISO_1,_,True
LT1:201:08,52.010690789473685,-0.0,0.05,52.010690789473685,-0.0,0.05,8,14,both,Y,PISO_1,_,True
LT1:201:08,52.15049342105263,-0.0,0.05,52.15049342105263,-0.0,0.05,8,14,both,Y,PISO_1,_,True
LT1:201:08,52.290296052631575,-0.0,0.05,52.290296052631575,-0.0,0.05,8,14,both,Y,PISO_1,_,True
LT1:201:08,52.43009868421053,-0.0,0.05,52.43009868421053,-0.0,0.05,8,14,both,Y,PISO_1,_,True
LT1:201:08,52.56990131578947,-0.0,0.05,52.56990131578947,-0.0,0.05,8,14,both,Y,PISO_1,_,True
LT1:201:08,52.709703947368425,-0.0,0.05,52.709703947368425,-0.0,0.05,8,14,both,Y,PISO_1,_,True
LT1:201:08,52.84950657894737,-0.0,0.05,52.84950657894737,-0.0,0.05,8,14,both,Y,PISO_1,_,True
LT1:201:08,52.989309210526315,-0.0,0.05,52.989309210526315,-0.0,0.05,8,14,both,Y,PISO_1,_,True
LT1:201:08,53.12911184210526,-0.0,0.05,53.12911184210526,-0.0,0.05,8,14,both,Y,PISO_1,_,True
LT1:201:08,53.268914473684205,-0.0,0.05,53.268914473684205,-0.0,0.05,8,14,both,Y,PISO_1,_,True
LT1:201:08,53.40871710526316,-0.0,0.05,53.40871710526316,-0.0,0.05,8,14,both,Y,PISO_1,_,True
LT1:201:08,53.54851973684211,-0.0,0.05,53.54851973684211,-0.0,0.05,8,14,both,Y,PISO_1,_,True
LT1:201:08,53.688322368421055,-0.0,0.05,53.688322368421055,-0.0,0.05,8,14,both,Y,PISO_1,_,True
LT1:201:08,53.828125,-0.0,0.05,53.828125,-0.0,0.05,8,14,both,Y,PISO_1,_,True
LT1:201:08,53.967927631578945,-0.0,0.05,53.967927631578945,-0.0,0.05,8,14,both,Y,PISO_1,_,True
LT1:201:08,54.10773026315789,-0.0,0.05,54.10773026315789,-0.0,0.05,8,14,both,Y,PISO_1,_,True
LT1:201:08,54.24753289473684,-0.0,0.05,54.24753289473684,-0.0,0.05,8,14,both,Y,PISO_1,_,True
LT1:201:08,54.387335526315795,-0.0,0.05,54.387335526315795,-0.0,0.05,8,14,both,Y,PISO_1,_,True
LT1:201:08,54.52713815789474,-0.0,0.05,54.52713815789474,-0.0,0.05,8,14,both,Y,PISO_1,_,True
LT1:201:08,54.666940789473685,-0.0,0.05,54.666940789473685,-0.0,0.05,8,14,both,Y,PISO_1,_,True
LT1:201:08,54.80674342105263,-0.0,0.05,54.80674342105263,-0.0,0.05,8,14,both,Y,PISO_1,_,True
LT1:201:08,54.946546052631575,-0.0,0.05,54.946546052631575,-0.0,0.05,8,14,both,Y,PISO_1,_,True
LT1:201:08,55.08634868421053,-0.0,0.05,55.08634868421053,-0.0,0.05,8,14,both,Y,PISO_1,_,True
LT1:201:08,55.22615131578947,-0.0,0.05,55.22615131578947,-0.0,0.05,8,14,both,Y,PISO_1,_,True
LT1:201:08,55.365953947368425,-0.0,0.05,55.365953947368425,-0.0,0.05,8,14,both,Y,PISO_1,_,True
LT1:201:08,55.50575657894737,-0.0,0.05,55.50575657894737,-0.0,0.05,8,14,both,Y,PISO_1,_,True
LT1:201:08,55.645559210526315,-0.0,0.05,55.645559210526315,-0.0,0.05,8,14,both,Y,PISO_1,_,True
LT1:201:08,55.78536184210526,-0.0,0.05,55.78536184210526,-0.0,0.05,8,14,both,Y,PISO_1,_,True
LT1:201:08,55.925164473684205,-0.0,0.05,55.925164473684205,-0.0,0.05,8,14,both,Y,PISO_1,_,True
LT1:201:08,56.06496710526316,-0.0,0.05,56.06496710526316,-0.0,0.05,8,14,both,Y,PISO_1,_,True
LT1:201:08,56.20476973684211,-0.0,0.05,56.20476973684211,-0.0,0.05,8,14,both,Y,PISO_1,_,True
LT1:201:08,56.344572368421055,-0.0,0.05,56.344572368421055,-0.0,0.05,8,14,both,Y,PISO_1,_,True
LT1:201:08,56.484375,-0.0,0.05,56.484375,-0.0,0.05,8,14,both,Y,PISO_1,_,True
LT1:201:08,56.624177631578945,-0.0,0.05,56.624177631578945,-0.0,0.05,8,14,both,Y,PISO_1,_,True
LT1:201:08,56.76398026315789,-0.0,0.05,56.76398026315789,-0.0,0.05,8,14,both,Y,PISO_1,_,True
LT1:201:08,56.90378289473684,-0.0,0.05,56.90378289473684,-0.0,0.05,8,14,both,Y,PISO_1,_,True
LT1:201:08,57.043585526315795,-0.0,0.05,57.043585526315795,-0.0,0.05,8,14,both,Y,PISO_1,_,True
LT1:201:08,57.18338815789474,-0.0,0.05,57.18338815789474,-0.0,0.05,8,14,both,Y,PISO_1,_,True
LT1:201:08,57.323190789473685,-0.0,0.05,57.323190789473685,-0.0,0.05,8,14,both,Y,PISO_1,_,True
LT1:201:08,57.46299342105263,-0.0,0.05,57.46299342105263,-0.0,0.05,8,14,both,Y,PISO_1,_,True
LT1:201:08,57.602796052631575,-0.0,0.05,57.602796052631575,-0.0,0.05,8,14,both,Y,PISO_1,_,True
LT1:201:08,57.74259868421053,-0.0,0.05,57.74259868421053,-0.0,0.05,8,14,both,Y,PISO_1,_,True
LT1:201:08,57.88240131578947,-0.0,0.05,57.88240131578947,-0.0,0.05,8,14,both,Y,PISO_1,_,True
LT1:201:08,58.022203947368425,-0.0,0.05,58.022203947368425,-0.0,0.05,8,14,both,Y,PISO_1,_,True
LT1:201:08,58.16200657894737,-0.0,0.05,58.16200657894737,-0.0,0.05,8,14,both,Y,PISO_1,_,True
LT1:201:08,58.301809210526315,-0.0,0.05,58.301809210526315,-0.0,0.05,8,14,both,Y,PISO_1,_,True
LT1:201:08,58.44161184210526,-0.0,0.05,58.44161184210526,-0.0,0.05,8,14,both,Y,PISO_1,_,True
LT1:201:08,58.581414473684205,-0.0,0.05,58.581414473684205,-0.0,0.05,8,14,both,Y,PISO_1,_,True
LT1:201:08,58.72121710526316,-0.0,0.05,58.72121710526316,-0.0,0.05,8,14,both,Y,PISO_1,_,True
LT1:201:08,58.86101973684211,-0.0,0.05,58.86101973684211,-0.0,0.05,8,14,both,Y,PISO_1,_,True
LT1:201:08,59.000822368421055,-0.0,0.05,59.000822368421055,-0.0,0.05,8,14,both,Y,PISO_1,_,True
LT1:201:08,59.140625,-0.0,0.05,59.140625,-0.0,0.05,8,14,both,Y,PISO_1,_,True
LT1:201:08,59.280427631578945,-0.0,0.05,59.280427631578945,-0.0,0.05,8,14,both,Y,PISO_1,_,True
LT1:201:08,59.42023026315789,-0.0,0.05,59.42023026315789,-0.0,0.05,8,14,both,Y,PISO_1,_,True
LT1:201:08,59.56003289473684,-0.0,0.05,59.56003289473684,-0.0,0.05,8,14,both,Y,PISO_1,_,True
LT1:201:08,59.699835526315795,-0.0,0.05,59.699835526315795,-0.0,0.05,8,14,both,Y,PISO_1,_,True
LT1:201:08,59.83963815789474,-0.0,0.05,59.83963815789474,-0.0,0.05,8,14,both,Y,PISO_1,_,True
LT1:201:08,59.979440789473685,-0.0,0.05,59.979440789473685,-0.0,0.05,8,14,both,Y,PISO_1,_,True
LT1:201:08,60.11924342105263,-0.0,0.05,60.11924342105263,-0.0,0.05,8,14,both,Y,PISO_1,_,True
LT1:201:08,60.259046052631575,-0.0,0.05,60.259046052631575,-0.0,0.05,8,14,both,Y,PISO_1,_,True
LT1:201:08,60.39884868421053,-0.0,0.05,60.39884868421053,-0.0,0.05,8,14,both,Y,PISO_1,_,True
LT1:201:08,60.53865131578947,-0.0,0.05,60.53865131578947,-0.0,0.05,8,14,both,Y,PISO_1,_,True
LT1:201:08,60.678453947368425,-0.0,0.05,60.678453947368425,-0.0,0.05,8,14,both,Y,PISO_1,_,True
LT1:201:08,60.81825657894737,-0.0,0.05,60.81825657894737,-0.0,0.05,8,14,both,Y,PISO_1,_,True
LT1:201:08,60.958059210526315,-0.0,0.05,60.958059210526315,-0.0,0.05,8,14,both,Y,PISO_1,_,True
LT1:201:08,61.09786184210526,-0.0,0.05,61.09786184210526,-0.0,0.05,8,14,both,Y,PISO_1,_,True
LT1:201:08,61.237664473684205,-0.0,0.05,61.237664473684205,-0.0,0.05,8,14,both,Y,PISO_1,_,True
LT1:201:08,61.37746710526316,-0.0,0.05,61.37746710526316,-0.0,0.05,8,14,both,Y,PISO_1,_,True
LT1:201:08,61.51726973684211,-0.0,0.05,61.51726973684211,-0.0,0.05,8,14,both,Y,PISO_1,_,True
LT1:201:08,61.657072368421055,-0.0,0.05,61.657072368421055,-0.0,0.05,8,14,both,Y,PISO_1,_,True
LT1:201:08,61.796875,-0.0,0.05,61.796875,-0.0,0.05,8,14,both,Y,PISO_1,_,True
LT1:201:08,61.936677631578945,-0.0,0.05,61.936677631578945,-0.0,0.05,8,14,both,Y,PISO_1,_,True
LT1:201:08,62.07648026315789,-0.0,0.05,62.07648026315789,-0.0,0.05,8,14,both,Y,PISO_1,_,True
LT1:201:08,62.21628289473684,-0.0,0.05,62.21628289473684,-0.0,0.05,8,14,both,Y,PISO_1,_,True
LT1:201:08,62.356085526315795,-0.0,0.05,62.356085526315795,-0.0,0.05,8,14,both,Y,PISO_1,_,True
LT1:201:08,62.49588815789474,-0.0,0.05,62.49588815789474,-0.0,0.05,8,14,both,Y,PISO_1,_,True
LT1:201:08,62.635690789473685,-0.0,0.05,62.635690789473685,-0.0,0.05,8,14,both,Y,PISO_1,_,True
LT1:201:08,62.77549342105263,-0.0,0.05,62.77549342105263,-0.0,0.05,8,14,both,Y,PISO_1,_,True
LT1:201:08,62.915296052631575,-0.0,0.05,62.915296052631575,-0.0,0.05,8,14,both,Y,PISO_1,_,True
LT1:201:08,63.05509868421053,-0.0,0.05,63.05509868421053,-0.0,0.05,8,14,both,Y,PISO_1,_,True
LT1:201:08,63.19490131578947,-0.0,0.05,63.19490131578947,-0.0,0.05,8,14,both,Y,PISO_1,_,True
LT1:201:08,63.33470394736842,-0.0,0.05,63.33470394736842,-0.0,0.05,8,14,both,Y,PISO_1,_,True
LT1:201:08,63.47450657894737,-0.0,0.05,63.47450657894737,-0.0,0.05,8,14,both,Y,PISO_1,_,True
LT1:201:08,63.614309210526315,-0.0,0.05,63.614309210526315,-0.0,0.05,8,14,both,Y,PISO_1,_,True
LT1:201:08,63.75411184210526,-0.0,0.05,63.75411184210526,-0.0,0.05,8,14,both,Y,PISO_1,_,True
LT1:201:08,63.89391447368421,-0.0,0.05,63.89391447368421,-0.0,0.05,8,14,both,Y,PISO_1,_,True
LT1:201:08,64.03371710526315,-0.0,0.05,64.03371710526315,-0.0,0.05,8,14,both,Y,PISO_1,_,True
LT1:201:08,64.17351973684211,-0.0,0.05,64.17351973684211,-0.0,0.05,8,14,both,Y,PISO_1,_,True
LT1:201:08,64.31332236842105,-0.0,0.05,64.31332236842105,-0.0,0.05,8,14,both,Y,PISO_1,_,True
LT1:201:08,64.453125,-0.0,0.05,64.453125,-0.0,0.05,8,14,both,Y,PISO_1,_,True
LT1:201:08,64.59292763157895,-0.0,0.05,64.59292763157895,-0.0,0.05,8,14,both,Y,PISO_1,_,True
LT1:201:08,64.73273026315789,-0.0,0.05,64.73273026315789,-0.0,0.05,8,14,both,Y,PISO_1,_,True
LT1:201:08,64.87253289473685,-0.0,0.05,64.87253289473685,-0.0,0.05,8,14,both,Y,PISO_1,_,True
LT1:201:08,65.01233552631578,-0.0,0.05,65.01233552631578,-0.0,0.05,8,14,both,Y,PISO_1,_,True
LT1:201:08,65.15213815789474,-0.0,0.05,65.15213815789474,-0.0,0.05,8,14,both,Y,PISO_1,_,True
LT1:201:08,65.29194078947368,-0.0,0.05,65.29194078947368,-0.0,0.05,8,14,both,Y,PISO_1,_,True
LT1:201:08,65.43174342105263,-0.0,0.05,65.43174342105263,-0.0,0.05,8,14,both,Y,PISO_1,_,True
LT1:201:08,65.57154605263159,-0.0,0.05,65.57154605263159,-0.0,0.05,8,14,both,Y,PISO_1,_,True
LT1:201:08,65.71134868421052,-0.0,0.05,65.71134868421052,-0.0,0.05,8,14,both,Y,PISO_1,_,True
LT1:201:08,65.85115131578948,-0.0,0.05,65.85115131578948,-0.0,0.05,8,14,both,Y,PISO_1,_,True
LT1:201:08,65.99095394736841,-0.0,0.05,65.99095394736841,-0.0,0.05,8,14,both,Y,PISO_1,_,True
LT1:201:08,66.13075657894737,-0.0,0.05,66.13075657894737,-0.0,0.05,8,14,both,Y,PISO_1,_,True
LT1:201:08,66.27055921052632,-0.0,0.05,66.27055921052632,-0.0,0.05,8,14,both,Y,PISO_1,_,True
LT1:201:08,66.41036184210526,-0.0,0.05,66.41036184210526,-0.0,0.05,8,14,both,Y,PISO_1,_,True
LT1:201:08,66.55016447368422,-0.0,0.05,66.55016447368422,-0.0,0.05,8,14,both,Y,PISO_1,_,True
LT1:201:08,66.68996710526315,-0.0,0.05,66.68996710526315,-0.0,0.05,8,14,both,Y,PISO_1,_,True
LT1:201:08,66.82976973684211,-0.0,0.05,66.82976973684211,-0.0,0.05,8,14,both,Y,PISO_1,_,True
LT1:201:08,66.96957236842105,-0.0,0.05,66.96957236842105,-0.0,0.05,8,14,both,Y,PISO_1,_,True
LT1:201:08,67.109375,-0.0,0.05,67.109375,-0.0,0.05,8,14,both,Y,PISO_1,_,True
LT1:201:08,67.24917763157895,-0.0,0.05,67.24917763157895,-0.0,0.05,8,14,both,Y,PISO_1,_,True
LT1:201:08,67.38898026315789,-0.0,0.05,67.38898026315789,-0.0,0.05,8,14,both,Y,PISO_1,_,True
LT1:201:08,67.52878289473685,-0.0,0.05,67.52878289473685,-0.0,0.05,8,14,both,Y,PISO_1,_,True
LT1:201:08,67.66858552631578,-0.0,0.05,67.66858552631578,-0.0,0.05,8,14,both,Y,PISO_1,_,True
LT1:201:08,67.80838815789474,-0.0,0.05,67.80838815789474,-0.0,0.05,8,14,both,Y,PISO_1,_,True
LT1:201:08,67.94819078947368,-0.0,0.05,67.94819078947368,-0.0,0.05,8,14,both,Y,PISO_1,_,True
LT1:201:08,68.08799342105263,-0.0,0.05,68.08799342105263,-0.0,0.05,8,14,both,Y,PISO_1,_,True
LT1:201:08,68.22779605263159,-0.0,0.05,68.22779605263159,-0.0,0.05,8,14,both,Y,PISO_1,_,True
LT1:201:08,68.36759868421052,-0.0,0.05,68.36759868421052,-0.0,0.05,8,14,both,Y,PISO_1,_,True
LT1:201:08,68.50740131578948,-0.0,0.05,68.50740131578948,-0.0,0.05,8,14,both,Y,PISO_1,_,True
LT1:201:08,68.64720394736841,-0.0,0.05,68.64720394736841,-0.0,0.05,8,14,both,Y,PISO_1,_,True
LT1:201:08,68.78700657894737,-0.0,0.05,68.78700657894737,-0.0,0.05,8,14,both,Y,PISO_1,_,True
LT1:201:08,68.92680921052632,-0.0,0.05,68.92680921052632,-0.0,0.05,8,14,both,Y,PISO_1,_,True
LT1:201:08,69.06661184210526,-0.0,0.05,69.06661184210526,-0.0,0.05,8,14,both,Y,PISO_1,_,True
LT1:201:08,69.20641447368422,-0.0,0.05,69.20641447368422,-0.0,0.05,8,14,both,Y,PISO_1,_,True
LT1:201:08,69.34621710526315,-0.0,0.05,69.34621710526315,-0.0,0.05,8,14,both,Y,PISO_1,_,True
LT1:201:08,69.48601973684211,-0.0,0.05,69.48601973684211,-0.0,0.05,8,14,both,Y,PISO_1,_,True
LT1:201:08,69.62582236842105,-0.0,0.05,69.62582236842105,-0.0,0.05,8,14,both,Y,PISO_1,_,True
LT1:201:08,69.765625,-0.0,0.05,69.765625,-0.0,0.05,8,14,both,Y,PISO_1,_,True
LT1:201:08,69.90542763157895,-0.0,0.05,69.90542763157895,-0.0,0.05,8,14,both,Y,PISO_1,_,True
LT1:201:08,70.04523026315789,-0.0,0.05,70.04523026315789,-0.0,0.05,8,14,both,Y,PISO_1,_,True
LT1:201:08,70.18503289473685,-0.0,0.05,70.18503289473685,-0.0,0.05,8,14,both,Y,PISO_1,_,True
LT1:201:08,70.32483552631578,-0.0,0.05,70.32483552631578,-0.0,0.05,8,14,both,Y,PISO_1,_,True
LT1:201:08,70.46463815789474,-0.0,0.05,70.46463815789474,-0.0,0.05,8,14,both,Y,PISO_1,_,True
LT1:201:08,70.60444078947368,-0.0,0.05,70.60444078947368,-0.0,0.05,8,14,both,Y,PISO_1,_,True
LT1:201:08,70.74424342105263,-0.0,0.05,70.74424342105263,-0.0,0.05,8,14,both,Y,PISO_1,_,True
LT1:201:08,70.88404605263159,-0.0,0.05,70.88404605263159,-0.0,0.05,8,14,both,Y,PISO_1,_,True
LT1:201:08,71.02384868421052,-0.0,0.05,71.02384868421052,-0.0,0.05,8,14,both,Y,PISO_1,_,True
LT1:201:08,71.16365131578948,-0.0,0.05,71.16365131578948,-0.0,0.05,8,14,both,Y,PISO_1,_,True
LT1:201:08,71.30345394736841,-0.0,0.05,71.30345394736841,-0.0,0.05,8,14,both,Y,PISO_1,_,True
LT1:201:08,71.44325657894737,-0.0,0.05,71.44325657894737,-0.0,0.05,8,14,both,Y,PISO_1,_,True
LT1:201:08,71.58305921052632,-0.0,0.05,71.58305921052632,-0.0,0.05,8,14,both,Y,PISO_1,_,True
LT1:201:08,71.72286184210526,-0.0,0.05,71.72286184210526,-0.0,0.05,8,14,both,Y,PISO_1,_,True
LT1:201:08,71.86266447368422,-0.0,0.05,71.86266447368422,-0.0,0.05,8,14,both,Y,PISO_1,_,True
LT1:201:08,72.00246710526315,-0.0,0.05,72.00246710526315,-0.0,0.05,8,14,both,Y,PISO_1,_,True
LT1:201:08,72.14226973684211,-0.0,0.05,72.14226973684211,-0.0,0.05,8,14,both,Y,PISO_1,_,True
LT1:201:08,72.28207236842105,-0.0,0.05,72.28207236842105,-0.0,0.05,8,14,both,Y,PISO_1,_,True
LT1:201:08,72.421875,-0.0,0.05,72.421875,-0.0,0.05,8,14,both,Y,PISO_1,_,True
LT1:201:08,72.56167763157895,-0.0,0.05,72.56167763157895,-0.0,0.05,8,14,both,Y,PISO_1,_,True
LT1:201:08,72.70148026315789,-0.0,0.05,72.70148026315789,-0.0,0.05,8,14,both,Y,PISO_1,_,True
LT1:201:08,72.84128289473685,-0.0,0.05,72.84128289473685,-0.0,0.05,8,14,both,Y,PISO_1,_,True
LT1:201:08,72.98108552631578,-0.0,0.05,72.98108552631578,-0.0,0.05,8,14,both,Y,PISO_1,_,True
LT1:201:08,73.12088815789474,-0.0,0.05,73.12088815789474,-0.0,0.05,8,14,both,Y,PISO_1,_,True
LT1:201:08,73.26069078947368,-0.0,0.05,73.26069078947368,-0.0,0.05,8,14,both,Y,PISO_1,_,True
LT1:201:08,73.40049342105263,-0.0,0.05,73.40049342105263,-0.0,0.05,8,14,both,Y,PISO_1,_,True
LT1:201:08,73.54029605263159,-0.0,0.05,73.54029605263159,-0.0,0.05,8,14,both,Y,PISO_1,_,True
LT1:201:08,73.68009868421052,-0.0,0.05,73.68009868421052,-0.0,0.05,8,14,both,Y,PISO_1,_,True
LT1:202-S:01,31.25,8.075,0.05,73.75,8.075,0.05,10,10,upper,X,PISO_1,PISO_1_P11;PISO_1_P12;PISO_1_P21;PISO_1_P22;PISO_1_P31;PISO_1_P32;PISO_1_P41;PISO_1_P42;PISO_1_P51;PISO_1_P52,True
LT1:202-S:01,31.3,16.15,0.05,31.3,-0.0,0.05,10,10,upper,Y,PISO_1,PISO_1_P11;PISO_1_P12;PISO_1_P21;PISO_1_P22;PISO_1_P31;PISO_1_P32;PISO_1_P41;PISO_1_P42;PISO_1_P51;PISO_1_P52,True
LT1:202-S:01,31.4,16.15,0.05,31.4,-0.0,0.05,10,10,upper,Y,PISO_1,PISO_1_P11;PISO_1_P12;PISO_1_P21;PISO_1_P22;PISO_1_P31;PISO_1_P32;PISO_1_P41;PISO_1_P42;PISO_1_P51;PISO_1_P52,True
LT1:202-S:01,31.5,16.15,0.05,31.5,-0.0,0.05,10,10,upper,Y,PISO_1,PISO_1_P11;PISO_1_P12;PISO_1_P21;PISO_1_P22;PISO_1_P31;PISO_1_P32;PISO_1_P41;PISO_1_P42;PISO_1_P51;PISO_1_P52,True
LT1:202-S:01,31.6,16.15,0.05,31.6,-0.0,0.05,10,10,upper,Y,PISO_1,PISO_1_P11;PISO_1_P12;PISO_1_P21;PISO_1_P22;PISO_1_P31;PISO_1_P32;PISO_1_P41;PISO_1_P42;PISO_1_P51;PISO_1_P52,True
LT1:202-S:01,31.7,16.15,0.05,31.7,-0.0,0.05,10,10,upper,Y,PISO_1,PISO_1_P11;PISO_1_P12;PISO_1_P21;PISO_1_P22;PISO_1_P31;PISO_1_P32;PISO_1_P41;PISO_1_P42;PISO_1_P51;PISO_1_P52,True
LT1:202-S:01,31.8,16.15,0.05,31.8,-0.0,0.05,10,10,upper,Y,PISO_1,PISO_1_P11;PISO_1_P12;PISO_1_P21;PISO_1_P22;PISO_1_P31;PISO_1_P32;PISO_1_P41;PISO_1_P42;PISO_1_P51;PISO_1_P52,True
LT1:202-S:01,31.9,16.15,0.05,31.9,-0.0,0.05,10,10,upper,Y,PISO_1,PISO_1_P11;PISO_1_P12;PISO_1_P21;PISO_1_P22;PISO_1_P31;PISO_1_P32;PISO_1_P41;PISO_1_P42;PISO_1_P51;PISO_1_P52,True
LT1:202-S:01,32.0,16.15,0.05,32.0,-0.0,0.05,10,10,upper,Y,PISO_1,PISO_1_P11;PISO_1_P12;PISO_1_P21;PISO_1_P22;PISO_1_P31;PISO_1_P32;PISO_1_P41;PISO_1_P42;PISO_1_P51;PISO_1_P52,True
LT1:202-S:01,32.1,16.15,0.05,32.1,-0.0,0.05,10,10,upper,Y,PISO_1,PISO_1_P11;PISO_1_P12;PISO_1_P21;PISO_1_P22;PISO_1_P31;PISO_1_P32;PISO_1_P41;PISO_1_P42;PISO_1_P51;PISO_1_P52,True
LT1:202-S:01,32.2,16.15,0.05,32.2,-0.0,0.05,10,10,upper,Y,PISO_1,PISO_1_P11;PISO_1_P12;PISO_1_P21;PISO_1_P22;PISO_1_P31;PISO_1_P32;PISO_1_P41;PISO_1_P42;PISO_1_P51;PISO_1_P52,True
LT1:202-S:01,32.3,16.15,0.05,32.3,-0.0,0.05,10,10,upper,Y,PISO_1,PISO_1_P11;PISO_1_P12;PISO_1_P21;PISO_1_P22;PISO_1_P31;PISO_1_P32;PISO_1_P41;PISO_1_P42;PISO_1_P51;PISO_1_P52,True
LT1:202-S:01,32.4,16.15,0.05,32.4,-0.0,0.05,10,10,upper,Y,PISO_1,PISO_1_P11;PISO_1_P12;PISO_1_P21;PISO_1_P22;PISO_1_P31;PISO_1_P32;PISO_1_P41;PISO_1_P42;PISO_1_P51;PISO_1_P52,True
LT1:202-S:01,32.5,16.15,0.05,32.5,-0.0,0.05,10,10,upper,Y,PISO_1,PISO_1_P11;PISO_1_P12;PISO_1_P21;PISO_1_P22;PISO_1_P31;PISO_1_P32;PISO_1_P41;PISO_1_P42;PISO_1_P51;PISO_1_P52,True
LT1:202-S:01,32.6,16.15,0.05,32.6,-0.0,0.05,10,10,upper,Y,PISO_1,PISO_1_P11;PISO_1_P12;PISO_1_P21;PISO_1_P22;PISO_1_P31;PISO_1_P32;PISO_1_P41;PISO_1_P42;PISO_1_P51;PISO_1_P52,True
LT1:202-S:01,32.7,16.15,0.05,32.7,-0.0,0.05,10,10,upper,Y,PISO_1,PISO_1_P11;PISO_1_P12;PISO_1_P21;PISO_1_P22;PISO_1_P31;PISO_1_P32;PISO_1_P41;PISO_1_P42;PISO_1_P51;PISO_1_P52,True
LT1:202-S:01,32.8,16.15,0.05,32.8,-0.0,0.05,10,10,upper,Y,PISO_1,PISO_1_P11;PISO_1_P12;PISO_1_P21;PISO_1_P22;PISO_1_P31;PISO_1_P32;PISO_1_P41;PISO_1_P42;PISO_1_P51;PISO_1_P52,True
LT1:202-S:01,32.9,16.15,0.05,32.9,-0.0,0.05,10,10,upper,Y,PISO_1,PISO_1_P11;PISO_1_P12;PISO_1_P21;PISO_1_P22;PISO_1_P31;PISO_1_P32;PISO_1_P41;PISO_1_P42;PISO_1_P51;PISO_1_P52,True
LT1:202-S:01,33.0,16.15,0.05,33.0,-0.0,0.05,10,10,upper,Y,PISO_1,PISO_1_P11;PISO_1_P12;PISO_1_P21;PISO_1_P22;PISO_1_P31;PISO_1_P32;PISO_1_P41;PISO_1_P42;PISO_1_P51;PISO_1_P52,True
LT1:202-S:01,33.1,16.15,0.05,33.1,-0.0,0.05,10,10,upper,Y,PISO_1,PISO_1_P11;PISO_1_P12;PISO_1_P21;PISO_1_P22;PISO_1_P31;PISO_1_P32;PISO_1_P41;PISO_1_P42;PISO_1_P51;PISO_1_P52,True
LT1:202-S:01,33.2,16.15,0.05,33.2,-0.0,0.05,10,10,upper,Y,PISO_1,PISO_1_P11;PISO_1_P12;PISO_1_P21;PISO_1_P22;PISO_1_P31;PISO_1_P32;PISO_1_P41;PISO_1_P42;PISO_1_P51;PISO_1_P52,True
LT1:202-S:01,33.3,16.15,0.05,33.3,-0.0,0.05,10,10,upper,Y,PISO_1,PISO_1_P11;PISO_1_P12;PISO_1_P21;PISO_1_P22;PISO_1_P31;PISO_1_P32;PISO_1_P41;PISO_1_P42;PISO_1_P51;PISO_1_P52,True
LT1:202-S:01,33.4,16.15,0.05,33.4,-0.0,0.05,10,10,upper,Y,PISO_1,PISO_1_P11;PISO_1_P12;PISO_1_P21;PISO_1_P22;PISO_1_P31;PISO_1_P32;PISO_1_P41;PISO_1_P42;PISO_1_P51;PISO_1_P52,True
LT1:202-S:01,33.5,16.15,0.05,33.5,-0.0,0.05,10,10,upper,Y,PISO_1,PISO_1_P11;PISO_1_P12;PISO_1_P21;PISO_1_P22;PISO_1_P31;PISO_1_P32;PISO_1_P41;PISO_1_P42;PISO_1_P51;PISO_1_P52,True
LT1:202-S:01,33.6,16.15,0.05,33.6,-0.0,0.05,10,10,upper,Y,PISO_1,PISO_1_P11;PISO_1_P12;PISO_1_P21;PISO_1_P22;PISO_1_P31;PISO_1_P32;PISO_1_P41;PISO_1_P42;PISO_1_P51;PISO_1_P52,True
LT1:202-S:01,33.7,16.15,0.05,33.7,-0.0,0.05,10,10,upper,Y,PISO_1,PISO_1_P11;PISO_1_P12;PISO_1_P21;PISO_1_P22;PISO_1_P31;PISO_1_P32;PISO_1_P41;PISO_1_P42;PISO_1_P51;PISO_1_P52,True
LT1:202-S:01,33.8,16.15,0.05,33.8,-0.0,0.05,10,10,upper,Y,PISO_1,PISO_1_P11;PISO_1_P12;PISO_1_P21;PISO_1_P22;PISO_1_P31;PISO_1_P32;PISO_1_P41;PISO_1_P42;PISO_1_P51;PISO_1_P52,True
LT1:202-S:01,33.9,16.15,0.05,33.9,-0.0,0.05,10,10,upper,Y,PISO_1,PISO_1_P11;PISO_1_P12;PISO_1_P21;PISO_1_P22;PISO_1_P31;PISO_1_P32;PISO_1_P41;PISO_1_P42;PISO_1_P51;PISO_1_P52,True
LT1:202-S:01,34.0,16.15,0.05,34.0,-0.0,0.05,10,10,upper,Y,PISO_1,PISO_1_P11;PISO_1_P12;PISO_1_P21;PISO_1_P22;PISO_1_P31;PISO_1_P32;PISO_1_P41;PISO_1_P42;PISO_1_P51;PISO_1_P52,True
LT1:202-S:01,34.1,16.15,0.05,34.1,-0.0,0.05,10,10,upper,Y,PISO_1,PISO_1_P11;PISO_1_P12;PISO_1_P21;PISO_1_P22;PISO_1_P31;PISO_1_P32;PISO_1_P41;PISO_1_P42;PISO_1_P51;PISO_1_P52,True
LT1:202-S:01,34.2,16.15,0.05,34.2,-0.0,0.05,10,10,upper,Y,PISO_1,PISO_1_P11;PISO_1_P12;PISO_1_P21;PISO_1_P22;PISO_1_P31;PISO_1_P32;PISO_1_P41;PISO_1_P42;PISO_1_P51;PISO_1_P52,True
LT1:202-S:01,34.3,16.15,0.05,34.3,-0.0,0.05,10,10,upper,Y,PISO_1,PISO_1_P11;PISO_1_P12;PISO_1_P21;PISO_1_P22;PISO_1_P31;PISO_1_P32;PISO_1_P41;PISO_1_P42;PISO_1_P51;PISO_1_P52,True
LT1:202-S:01,34.4,16.15,0.05,34.4,-0.0,0.05,10,10,upper,Y,PISO_1,PISO_1_P11;PISO_1_P12;PISO_1_P21;PISO_1_P22;PISO_1_P31;PISO_1_P32;PISO_1_P41;PISO_1_P42;PISO_1_P51;PISO_1_P52,True
LT1:202-S:01,34.5,16.15,0.05,34.5,-0.0,0.05,10,10,upper,Y,PISO_1,PISO_1_P11;PISO_1_P12;PISO_1_P21;PISO_1_P22;PISO_1_P31;PISO_1_P32;PISO_1_P41;PISO_1_P42;PISO_1_P51;PISO_1_P52,True
LT1:202-S:01,34.6,16.15,0.05,34.6,-0.0,0.05,10,10,upper,Y,PISO_1,PISO_1_P11;PISO_1_P12;PISO_1_P21;PISO_1_P22;PISO_1_P31;PISO_1_P32;PISO_1_P41;PISO_1_P42;PISO_1_P51;PISO_1_P52,True
LT1:202-S:01,34.7,16.15,0.05,34.7,-0.0,0.05,10,10,upper,Y,PISO_1,PISO_1_P11;PISO_1_P12;PISO_1_P21;PISO_1_P22;PISO_1_P31;PISO_1_P32;PISO_1_P41;PISO_1_P42;PISO_1_P51;PISO_1_P52,True
LT1:202-S:01,34.8,16.15,0.05,34.8,-0.0,0.05,10,10,upper,Y,PISO_1,PISO_1_P11;PISO_1_P12;PISO_1_P21;PISO_1_P22;PISO_1_P31;PISO_1_P32;PISO_1_P41;PISO_1_P42;PISO_1_P51;PISO_1_P52,True
LT1:202-S:01,34.9,16.15,0.05,34.9,-0.0,0.05,10,10,upper,Y,PISO_1,PISO_1_P11;PISO_1_P12;PISO_1_P21;PISO_1_P22;PISO_1_P31;PISO_1_P32;PISO_1_P41;PISO_1_P42;PISO_1_P51;PISO_1_P52,True
LT1:202-S:01,35.0,16.15,0.05,35.0,-0.0,0.05,10,10,upper,Y,PISO_1,PISO_1_P11;PISO_1_P12;PISO_1_P21;PISO_1_P22;PISO_1_P31;PISO_1_P32;PISO_1_P41;PISO_1_P42;PISO_1_P51;PISO_1_P52,True
LT1:202-S:01,35.1,16.15,0.05,35.1,-0.0,0.05,10,10,upper,Y,PISO_1,PISO_1_P11;PISO_1_P12;PISO_1_P21;PISO_1_P22;PISO_1_P31;PISO_1_P32;PISO_1_P41;PISO_1_P42;PISO_1_P51;PISO_1_P52,True
LT1:202-S:01,35.2,16.15,0.05,35.2,-0.0,0.05,10,10,upper,Y,PISO_1,PISO_1_P11;PISO_1_P12;PISO_1_P21;PISO_1_P22;PISO_1_P31;PISO_1_P32;PISO_1_P41;PISO_1_P42;PISO_1_P51;PISO_1_P52,True
LT1:202-S:01,35.3,16.15,0.05,35.3,-0.0,0.05,10,10,upper,Y,PISO_1,PISO_1_P11;PISO_1_P12;PISO_1_P21;PISO_1_P22;PISO_1_P31;PISO_1_P32;PISO_1_P41;PISO_1_P42;PISO_1_P51;PISO_1_P52,True
LT1:202-S:01,35.4,16.15,0.05,35.4,-0.0,0.05,10,10,upper,Y,PISO_1,PISO_1_P11;PISO_1_P12;PISO_1_P21;PISO_1_P22;PISO_1_P31;PISO_1_P32;PISO_1_P41;PISO_1_P42;PISO_1_P51;PISO_1_P52,True
LT1:202-S:01,35.5,16.15,0.05,35.5,-0.0,0.05,10,10,upper,Y,PISO_1,PISO_1_P11;PISO_1_P12;PISO_1_P21;PISO_1_P22;PISO_1_P31;PISO_1_P32;PISO_1_P41;PISO_1_P42;PISO_1_P51;PISO_1_P52,True
LT1:202-S:01,35.6,16.15,0.05,35.6,-0.0,0.05,10,10,upper,Y,PISO_1,PISO_1_P11;PISO_1_P12;PISO_1_P21;PISO_1_P22;PISO_1_P31;PISO_1_P32;PISO_1_P41;PISO_1_P42;PISO_1_P51;PISO_1_P52,True
LT1:202-S:01,35.7,16.15,0.05,35.7,-0.0,0.05,10,10,upper,Y,PISO_1,PISO_1_P11;PISO_1_P12;PISO_1_P21;PISO_1_P22;PISO_1_P31;PISO_1_P32;PISO_1_P41;PISO_1_P42;PISO_1_P51;PISO_1_P52,True
LT1:202-S:01,35.8,16.15,0.05,35.8,-0.0,0.05,10,10,upper,Y,PISO_1,PISO_1_P11;PISO_1_P12;PISO_1_P21;PISO_1_P22;PISO_1_P31;PISO_1_P32;PISO_1_P41;PISO_1_P42;PISO_1_P51;PISO_1_P52,True
LT1:202-S:01,35.9,16.15,0.05,35.9,-0.0,0.05,10,10,upper,Y,PISO_1,PISO_1_P11;PISO_1_P12;PISO_1_P21;PISO_1_P22;PISO_1_P31;PISO_1_P32;PISO_1_P41;PISO_1_P42;PISO_1_P51;PISO_1_P52,True
LT1:202-S:01,36.0,16.15,0.05,36.0,-0.0,0.05,10,10,upper,Y,PISO_1,PISO_1_P11;PISO_1_P12;PISO_1_P21;PISO_1_P22;PISO_1_P31;PISO_1_P32;PISO_1_P41;PISO_1_P42;PISO_1_P51;PISO_1_P52,True
LT1:202-S:01,36.1,16.15,0.05,36.1,-0.0,0.05,10,10,upper,Y,PISO_1,PISO_1_P11;PISO_1_P12;PISO_1_P21;PISO_1_P22;PISO_1_P31;PISO_1_P32;PISO_1_P41;PISO_1_P42;PISO_1_P51;PISO_1_P52,True
LT1:202-S:01,36.2,16.15,0.05,36.2,-0.0,0.05,10,10,upper,Y,PISO_1,PISO_1_P11;PISO_1_P12;PISO_1_P21;PISO_1_P22;PISO_1_P31;PISO_1_P32;PISO_1_P41;PISO_1_P42;PISO_1_P51;PISO_1_P52,True
LT1:202-S:01,36.3,16.15,0.05,36.3,-0.0,0.05,10,10,upper,Y,PISO_1,PISO_1_P11;PISO_1_P12;PISO_1_P21;PISO_1_P22;PISO_1_P31;PISO_1_P32;PISO_1_P41;PISO_1_P42;PISO_1_P51;PISO_1_P52,True
LT1:202-S:01,36.4,16.15,0.05,36.4,-0.0,0.05,10,10,upper,Y,PISO_1,PISO_1_P11;PISO_1_P12;PISO_1_P21;PISO_1_P22;PISO_1_P31;PISO_1_P32;PISO_1_P41;PISO_1_P42;PISO_1_P51;PISO_1_P52,True
LT1:202-S:01,36.5,16.15,0.05,36.5,-0.0,0.05,10,10,upper,Y,PISO_1,PISO_1_P11;PISO_1_P12;PISO_1_P21;PISO_1_P22;PISO_1_P31;PISO_1_P32;PISO_1_P41;PISO_1_P42;PISO_1_P51;PISO_1_P52,True
LT1:202-S:01,36.6,16.15,0.05,36.6,-0.0,0.05,10,10,upper,Y,PISO_1,PISO_1_P11;PISO_1_P12;PISO_1_P21;PISO_1_P22;PISO_1_P31;PISO_1_P32;PISO_1_P41;PISO_1_P42;PISO_1_P51;PISO_1_P52,True
LT1:202-S:01,36.7,16.15,0.05,36.7,-0.0,0.05,10,10,upper,Y,PISO_1,PISO_1_P11;PISO_1_P12;PISO_1_P21;PISO_1_P22;PISO_1_P31;PISO_1_P32;PISO_1_P41;PISO_1_P42;PISO_1_P51;PISO_1_P52,True
LT1:202-S:01,36.8,16.15,0.05,36.8,-0.0,0.05,10,10,upper,Y,PISO_1,PISO_1_P11;PISO_1_P12;PISO_1_P21;PISO_1_P22;PISO_1_P31;PISO_1_P32;PISO_1_P41;PISO_1_P42;PISO_1_P51;PISO_1_P52,True
LT1:202-S:01,36.9,16.15,0.05,36.9,-0.0,0.05,10,10,upper,Y,PISO_1,PISO_1_P11;PISO_1_P12;PISO_1_P21;PISO_1_P22;PISO_1_P31;PISO_1_P32;PISO_1_P41;PISO_1_P42;PISO_1_P51;PISO_1_P52,True
LT1:202-S:01,37.0,16.15,0.05,37.0,-0.0,0.05,10,10,upper,Y,PISO_1,PISO_1_P11;PISO_1_P12;PISO_1_P21;PISO_1_P22;PISO_1_P31;PISO_1_P32;PISO_1_P41;PISO_1_P42;PISO_1_P51;PISO_1_P52,True
LT1:202-S:01,37.1,16.15,0.05,37.1,-0.0,0.05,10,10,upper,Y,PISO_1,PISO_1_P11;PISO_1_P12;PISO_1_P21;PISO_1_P22;PISO_1_P31;PISO_1_P32;PISO_1_P41;PISO_1_P42;PISO_1_P51;PISO_1_P52,True
LT1:202-S:01,37.2,16.15,0.05,37.2,-0.0,0.05,10,10,upper,Y,PISO_1,PISO_1_P11;PISO_1_P12;PISO_1_P21;PISO_1_P22;PISO_1_P31;PISO_1_P32;PISO_1_P41;PISO_1_P42;PISO_1_P51;PISO_1_P52,True
LT1:202-S:01,37.3,16.15,0.05,37.3,-0.0,0.05,10,10,upper,Y,PISO_1,PISO_1_P11;PISO_1_P12;PISO_1_P21;PISO_1_P22;PISO_1_P31;PISO_1_P32;PISO_1_P41;PISO_1_P42;PISO_1_P51;PISO_1_P52,True
LT1:202-S:01,37.4,16.15,0.05,37.4,-0.0,0.05,10,10,upper,Y,PISO_1,PISO_1_P11;PISO_1_P12;PISO_1_P21;PISO_1_P22;PISO_1_P31;PISO_1_P32;PISO_1_P41;PISO_1_P42;PISO_1_P51;PISO_1_P52,True
LT1:202-S:01,37.5,16.15,0.05,37.5,-0.0,0.05,10,10,upper,Y,PISO_1,PISO_1_P11;PISO_1_P12;PISO_1_P21;PISO_1_P22;PISO_1_P31;PISO_1_P32;PISO_1_P41;PISO_1_P42;PISO_1_P51;PISO_1_P52,True
LT1:202-S:01,37.6,16.15,0.05,37.6,-0.0,0.05,10,10,upper,Y,PISO_1,PISO_1_P11;PISO_1_P12;PISO_1_P21;PISO_1_P22;PISO_1_P31;PISO_1_P32;PISO_1_P41;PISO_1_P42;PISO_1_P51;PISO_1_P52,True
LT1:202-S:01,37.7,16.15,0.05,37.7,-0.0,0.05,10,10,upper,Y,PISO_1,PISO_1_P11;PISO_1_P12;PISO_1_P21;PISO_1_P22;PISO_1_P31;PISO_1_P32;PISO_1_P41;PISO_1_P42;PISO_1_P51;PISO_1_P52,True
LT1:202-S:01,37.8,16.15,0.05,37.8,-0.0,0.05,10,10,upper,Y,PISO_1,PISO_1_P11;PISO_1_P12;PISO_1_P21;PISO_1_P22;PISO_1_P31;PISO_1_P32;PISO_1_P41;PISO_1_P42;PISO_1_P51;PISO_1_P52,True
LT1:202-S:01,37.9,16.15,0.05,37.9,-0.0,0.05,10,10,upper,Y,PISO_1,PISO_1_P11;PISO_1_P12;PISO_1_P21;PISO_1_P22;PISO_1_P31;PISO_1_P32;PISO_1_P41;PISO_1_P42;PISO_1_P51;PISO_1_P52,True
LT1:202-S:01,38.0,16.15,0.05,38.0,-0.0,0.05,10,10,upper,Y,PISO_1,PISO_1_P11;PISO_1_P12;PISO_1_P21;PISO_1_P22;PISO_1_P31;PISO_1_P32;PISO_1_P41;PISO_1_P42;PISO_1_P51;PISO_1_P52,True
LT1:202-S:01,38.1,16.15,0.05,38.1,-0.0,0.05,10,10,upper,Y,PISO_1,PISO_1_P11;PISO_1_P12;PISO_1_P21;PISO_1_P22;PISO_1_P31;PISO_1_P32;PISO_1_P41;PISO_1_P42;PISO_1_P51;PISO_1_P52,True
LT1:202-S:01,38.2,16.15,0.05,38.2,-0.0,0.05,10,10,upper,Y,PISO_1,PISO_1_P11;PISO_1_P12;PISO_1_P21;PISO_1_P22;PISO_1_P31;PISO_1_P32;PISO_1_P41;PISO_1_P42;PISO_1_P51;PISO_1_P52,True
LT1:202-S:01,38.3,16.15,0.05,38.3,-0.0,0.05,10,10,upper,Y,PISO_1,PISO_1_P11;PISO_1_P12;PISO_1_P21;PISO_1_P22;PISO_1_P31;PISO_1_P32;PISO_1_P41;PISO_1_P42;PISO_1_P51;PISO_1_P52,True
LT1:202-S:01,38.4,16.15,0.05,38.4,-0.0,0.05,10,10,upper,Y,PISO_1,PISO_1_P11;PISO_1_P12;PISO_1_P21;PISO_1_P22;PISO_1_P31;PISO_1_P32;PISO_1_P41;PISO_1_P42;PISO_1_P51;PISO_1_P52,True
LT1:202-S:01,38.5,16.15,0.05,38.5,-0.0,0.05,10,10,upper,Y,PISO_1,PISO_1_P11;PISO_1_P12;PISO_1_P21;PISO_1_P22;PISO_1_P31;PISO_1_P32;PISO_1_P41;PISO_1_P42;PISO_1_P51;PISO_1_P52,True
LT1:202-S:01,38.6,16.15,0.05,38.6,-0.0,0.05,10,10,upper,Y,PISO_1,PISO_1_P11;PISO_1_P12;PISO_1_P21;PISO_1_P22;PISO_1_P31;PISO_1_P32;PISO_1_P41;PISO_1_P42;PISO_1_P51;PISO_1_P52,True
LT1:202-S:01,38.7,16.15,0.05,38.7,-0.0,0.05,10,10,upper,Y,PISO_1,PISO_1_P11;PISO_1_P12;PISO_1_P21;PISO_1_P22;PISO_1_P31;PISO_1_P32;PISO_1_P41;PISO_1_P42;PISO_1_P51;PISO_1_P52,True
LT1:202-S:01,38.8,16.15,0.05,38.8,-0.0,0.05,10,10,upper,Y,PISO_1,PISO_1_P11;PISO_1_P12;PISO_1_P21;PISO_1_P22;PISO_1_P31;PISO_1_P32;PISO_1_P41;PISO_1_P42;PISO_1_P51;PISO_1_P52,True
LT1:202-S:01,38.9,16.15,0.05,38.9,-0.0,0.05,10,10,upper,Y,PISO_1,PISO_1_P11;PISO_1_P12;PISO_1_P21;PISO_1_P22;PISO_1_P31;PISO_1_P32;PISO_1_P41;PISO_1_P42;PISO_1_P51;PISO_1_P52,True
LT1:202-S:01,39.0,16.15,0.05,39.0,-0.0,0.05,10,10,upper,Y,PISO_1,PISO_1_P11;PISO_1_P12;PISO_1_P21;PISO_1_P22;PISO_1_P31;PISO_1_P32;PISO_1_P41;PISO_1_P42;PISO_1_P51;PISO_1_P52,True
LT1:202-S:01,39.1,16.15,0.05,39.1,-0.0,0.05,10,10,upper,Y,PISO_1,PISO_1_P11;PISO_1_P12;PISO_1_P21;PISO_1_P22;PISO_1_P31;PISO_1_P32;PISO_1_P41;PISO_1_P42;PISO_1_P51;PISO_1_P52,True
LT1:202-S:01,39.2,16.15,0.05,39.2,-0.0,0.05,10,10,upper,Y,PISO_1,PISO_1_P11;PISO_1_P12;PISO_1_P21;PISO_1_P22;PISO_1_P31;PISO_1_P32;PISO_1_P41;PISO_1_P42;PISO_1_P51;PISO_1_P52,True
LT1:202-S:01,39.3,16.15,0.05,39.3,-0.0,0.05,10,10,upper,Y,PISO_1,PISO_1_P11;PISO_1_P12;PISO_1_P21;PISO_1_P22;PISO_1_P31;PISO_1_P32;PISO_1_P41;PISO_1_P42;PISO_1_P51;PISO_1_P52,True
LT1:202-S:01,39.4,16.15,0.05,39.4,-0.0,0.05,10,10,upper,Y,PISO_1,PISO_1_P11;PISO_1_P12;PISO_1_P21;PISO_1_P22;PISO_1_P31;PISO_1_P32;PISO_1_P41;PISO_1_P42;PISO_1_P51;PISO_1_P52,True
LT1:202-S:01,39.5,16.15,0.05,39.5,-0.0,0.05,10,10,upper,Y,PISO_1,PISO_1_P11;PISO_1_P12;PISO_1_P21;PISO_1_P22;PISO_1_P31;PISO_1_P32;PISO_1_P41;PISO_1_P42;PISO_1_P51;PISO_1_P52,True
LT1:202-S:01,39.6,16.15,0.05,39.6,-0.0,0.05,10,10,upper,Y,PISO_1,PISO_1_P11;PISO_1_P12;PISO_1_P21;PISO_1_P22;PISO_1_P31;PISO_1_P32;PISO_1_P41;PISO_1_P42;PISO_1_P51;PISO_1_P52,True
LT1:202-S:01,39.7,16.15,0.05,39.7,-0.0,0.05,10,10,upper,Y,PISO_1,PISO_1_P11;PISO_1_P12;PISO_1_P21;PISO_1_P22;PISO_1_P31;PISO_1_P32;PISO_1_P41;PISO_1_P42;PISO_1_P51;PISO_1_P52,True
LT1:202-S:01,39.8,16.15,0.05,39.8,-0.0,0.05,10,10,upper,Y,PISO_1,PISO_1_P11;PISO_1_P12;PISO_1_P21;PISO_1_P22;PISO_1_P31;PISO_1_P32;PISO_1_P41;PISO_1_P42;PISO_1_P51;PISO_1_P52,True
LT1:202-S:01,39.9,16.15,0.05,39.9,-0.0,0.05,10,10,upper,Y,PISO_1,PISO_1_P11;PISO_1_P12;PISO_1_P21;PISO_1_P22;PISO_1_P31;PISO_1_P32;PISO_1_P41;PISO_1_P42;PISO_1_P51;PISO_1_P52,True
LT1:202-S:01,40.0,16.15,0.05,40.0,-0.0,0.05,10,10,upper,Y,PISO_1,PISO_1_P11;PISO_1_P12;PISO_1_P21;PISO_1_P22;PISO_1_P31;PISO_1_P32;PISO_1_P41;PISO_1_P42;PISO_1_P51;PISO_1_P52,True
LT1:202-S:01,40.1,16.15,0.05,40.1,-0.0,0.05,10,10,upper,Y,PISO_1,PISO_1_P11;PISO_1_P12;PISO_1_P21;PISO_1_P22;PISO_1_P31;PISO_1_P32;PISO_1_P41;PISO_1_P42;PISO_1_P51;PISO_1_P52,True
LT1:202-S:01,40.2,16.15,0.05,40.2,-0.0,0.05,10,10,upper,Y,PISO_1,PISO_1_P11;PISO_1_P12;PISO_1_P21;PISO_1_P22;PISO_1_P31;PISO_1_P32;PISO_1_P41;PISO_1_P42;PISO_1_P51;PISO_1_P52,True
LT1:202-S:01,40.3,16.15,0.05,40.3,-0.0,0.05,10,10,upper,Y,PISO_1,PISO_1_P11;PISO_1_P12;PISO_1_P21;PISO_1_P22;PISO_1_P31;PISO_1_P32;PISO_1_P41;PISO_1_P42;PISO_1_P51;PISO_1_P52,True
LT1:202-S:01,40.4,16.15,0.05,40.4,-0.0,0.05,10,10,upper,Y,PISO_1,PISO_1_P11;PISO_1_P12;PISO_1_P21;PISO_1_P22;PISO_1_P31;PISO_1_P32;PISO_1_P41;PISO_1_P42;PISO_1_P51;PISO_1_P52,True
LT1:202-S:01,40.5,16.15,0.05,40.5,-0.0,0.05,10,10,upper,Y,PISO_1,PISO_1_P11;PISO_1_P12;PISO_1_P21;PISO_1_P22;PISO_1_P31;PISO_1_P32;PISO_1_P41;PISO_1_P42;PISO_1_P51;PISO_1_P52,True
LT1:202-S:01,40.6,16.15,0.05,40.6,-0.0,0.05,10,10,upper,Y,PISO_1,PISO_1_P11;PISO_1_P12;PISO_1_P21;PISO_1_P22;PISO_1_P31;PISO_1_P32;PISO_1_P41;PISO_1_P42;PISO_1_P51;PISO_1_P52,True
LT1:202-S:01,40.7,16.15,0.05,40.7,-0.0,0.05,10,10,upper,Y,PISO_1,PISO_1_P11;PISO_1_P12;PISO_1_P21;PISO_1_P22;PISO_1_P31;PISO_1_P32;PISO_1_P41;PISO_1_P42;PISO_1_P51;PISO_1_P52,True
LT1:202-S:01,40.8,16.15,0.05,40.8,-0.0,0.05,10,10,upper,Y,PISO_1,PISO_1_P11;PISO_1_P12;PISO_1_P21;PISO_1_P22;PISO_1_P31;PISO_1_P32;PISO_1_P41;PISO_1_P42;PISO_1_P51;PISO_1_P52,True
LT1:202-S:01,40.9,16.15,0.05,40.9,-0.0,0.05,10,10,upper,Y,PISO_1,PISO_1_P11;PISO_1_P12;PISO_1_P21;PISO_1_P22;PISO_1_P31;PISO_1_P32;PISO_1_P41;PISO_1_P42;PISO_1_P51;PISO_1_P52,True
LT1:202-S:01,41.0,16.15,0.05,41.0,-0.0,0.05,10,10,upper,Y,PISO_1,PISO_1_P11;PISO_1_P12;PISO_1_P21;PISO_1_P22;PISO_1_P31;PISO_1_P32;PISO_1_P41;PISO_1_P42;PISO_1_P51;PISO_1_P52,True
LT1:202-S:01,41.1,16.15,0.05,41.1,-0.0,0.05,10,10,upper,Y,PISO_1,PISO_1_P11;PISO_1_P12;PISO_1_P21;PISO_1_P22;PISO_1_P31;PISO_1_P32;PISO_1_P41;PISO_1_P42;PISO_1_P51;PISO_1_P52,True
LT1:202-S:01,41.2,16.15,0.05,41.2,-0.0,0.05,10,10,upper,Y,PISO_1,PISO_1_P11;PISO_1_P12;PISO_1_P21;PISO_1_P22;PISO_1_P31;PISO_1_P32;PISO_1_P41;PISO_1_P42;PISO_1_P51;PISO_1_P52,True
LT1:202-S:01,41.3,16.15,0.05,41.3,-0.0,0.05,10,10,upper,Y,PISO_1,PISO_1_P11;PISO_1_P12;PISO_1_P21;PISO_1_P22;PISO_1_P31;PISO_1_P32;PISO_1_P41;PISO_1_P42;PISO_1_P51;PISO_1_P52,True
LT1:202-S:01,41.4,16.15,0.05,41.4,-0.0,0.05,10,10,upper,Y,PISO_1,PISO_1_P11;PISO_1_P12;PISO_1_P21;PISO_1_P22;PISO_1_P31;PISO_1_P32;PISO_1_P41;PISO_1_P42;PISO_1_P51;PISO_1_P52,True
LT1:202-S:01,41.5,16.15,0.05,41.5,-0.0,0.05,10,10,upper,Y,PISO_1,PISO_1_P11;PISO_1_P12;PISO_1_P21;PISO_1_P22;PISO_1_P31;PISO_1_P32;PISO_1_P41;PISO_1_P42;PISO_1_P51;PISO_1_P52,True
LT1:202-S:01,41.6,16.15,0.05,41.6,-0.0,0.05,10,10,upper,Y,PISO_1,PISO_1_P11;PISO_1_P12;PISO_1_P21;PISO_1_P22;PISO_1_P31;PISO_1_P32;PISO_1_P41;PISO_1_P42;PISO_1_P51;PISO_1_P52,True
LT1:202-S:01,41.7,16.15,0.05,41.7,-0.0,0.05,10,10,upper,Y,PISO_1,PISO_1_P11;PISO_1_P12;PISO_1_P21;PISO_1_P22;PISO_1_P31;PISO_1_P32;PISO_1_P41;PISO_1_P42;PISO_1_P51;PISO_1_P52,True
LT1:202-S:01,41.8,16.15,0.05,41.8,-0.0,0.05,10,10,upper,Y,PISO_1,PISO_1_P11;PISO_1_P12;PISO_1_P21;PISO_1_P22;PISO_1_P31;PISO_1_P32;PISO_1_P41;PISO_1_P42;PISO_1_P51;PISO_1_P52,True
LT1:202-S:01,41.9,16.15,0.05,41.9,-0.0,0.05,10,10,upper,Y,PISO_1,PISO_1_P11;PISO_1_P12;PISO_1_P21;PISO_1_P22;PISO_1_P31;PISO_1_P32;PISO_1_P41;PISO_1_P42;PISO_1_P51;PISO_1_P52,True
LT1:202-S:01,42.0,16.15,0.05,42.0,-0.0,0.05,10,10,upper,Y,PISO_1,PISO_1_P11;PISO_1_P12;PISO_1_P21;PISO_1_P22;PISO_1_P31;PISO_1_P32;PISO_1_P41;PISO_1_P42;PISO_1_P51;PISO_1_P52,True
LT1:202-S:01,42.1,16.15,0.05,42.1,-0.0,0.05,10,10,upper,Y,PISO_1,PISO_1_P11;PISO_1_P12;PISO_1_P21;PISO_1_P22;PISO_1_P31;PISO_1_P32;PISO_1_P41;PISO_1_P42;PISO_1_P51;PISO_1_P52,True
LT1:202-S:01,42.2,16.15,0.05,42.2,-0.0,0.05,10,10,upper,Y,PISO_1,PISO_1_P11;PISO_1_P12;PISO_1_P21;PISO_1_P22;PISO_1_P31;PISO_1_P32;PISO_1_P41;PISO_1_P42;PISO_1_P51;PISO_1_P52,True
LT1:202-S:01,42.3,16.15,0.05,42.3,-0.0,0.05,10,10,upper,Y,PISO_1,PISO_1_P11;PISO_1_P12;PISO_1_P21;PISO_1_P22;PISO_1_P31;PISO_1_P32;PISO_1_P41;PISO_1_P42;PISO_1_P51;PISO_1_P52,True
LT1:202-S:01,42.4,16.15,0.05,42.4,-0.0,0.05,10,10,upper,Y,PISO_1,PISO_1_P11;PISO_1_P12;PISO_1_P21;PISO_1_P22;PISO_1_P31;PISO_1_P32;PISO_1_P41;PISO_1_P42;PISO_1_P51;PISO_1_P52,True
LT1:202-S:01,42.5,16.15,0.05,42.5,-0.0,0.05,10,10,upper,Y,PISO_1,PISO_1_P11;PISO_1_P12;PISO_1_P21;PISO_1_P22;PISO_1_P31;PISO_1_P32;PISO_1_P41;PISO_1_P42;PISO_1_P51;PISO_1_P52,True
LT1:202-S:01,42.6,16.15,0.05,42.6,-0.0,0.05,10,10,upper,Y,PISO_1,PISO_1_P11;PISO_1_P12;PISO_1_P21;PISO_1_P22;PISO_1_P31;PISO_1_P32;PISO_1_P41;PISO_1_P42;PISO_1_P51;PISO_1_P52,True
LT1:202-S:01,42.7,16.15,0.05,42.7,-0.0,0.05,10,10,upper,Y,PISO_1,PISO_1_P11;PISO_1_P12;PISO_1_P21;PISO_1_P22;PISO_1_P31;PISO_1_P32;PISO_1_P41;PISO_1_P42;PISO_1_P51;PISO_1_P52,True
LT1:202-S:01,42.8,16.15,0.05,42.8,-0.0,0.05,10,10,upper,Y,PISO_1,PISO_1_P11;PISO_1_P12;PISO_1_P21;PISO_1_P22;PISO_1_P31;PISO_1_P32;PISO_1_P41;PISO_1_P42;PISO_1_P51;PISO_1_P52,True
LT1:202-S:01,42.9,16.15,0.05,42.9,-0.0,0.05,10,10,upper,Y,PISO_1,PISO_1_P11;PISO_1_P12;PISO_1_P21;PISO_1_P22;PISO_1_P31;PISO_1_P32;PISO_1_P41;PISO_1_P42;PISO_1_P51;PISO_1_P52,True
LT1:202-S:01,43.0,16.15,0.05,43.0,-0.0,0.05,10,10,upper,Y,PISO_1,PISO_1_P11;PISO_1_P12;PISO_1_P21;PISO_1_P22;PISO_1_P31;PISO_1_P32;PISO_1_P41;PISO_1_P42;PISO_1_P51;PISO_1_P52,True
LT1:202-S:01,43.1,16.15,0.05,43.1,-0.0,0.05,10,10,upper,Y,PISO_1,PISO_1_P11;PISO_1_P12;PISO_1_P21;PISO_1_P22;PISO_1_P31;PISO_1_P32;PISO_1_P41;PISO_1_P42;PISO_1_P51;PISO_1_P52,True
LT1:202-S:01,43.2,16.15,0.05,43.2,-0.0,0.05,10,10,upper,Y,PISO_1,PISO_1_P11;PISO_1_P12;PISO_1_P21;PISO_1_P22;PISO_1_P31;PISO_1_P32;PISO_1_P41;PISO_1_P42;PISO_1_P51;PISO_1_P52,True
LT1:202-S:01,43.3,16.15,0.05,43.3,-0.0,0.05,10,10,upper,Y,PISO_1,PISO_1_P11;PISO_1_P12;PISO_1_P21;PISO_1_P22;PISO_1_P31;PISO_1_P32;PISO_1_P41;PISO_1_P42;PISO_1_P51;PISO_1_P52,True
LT1:202-S:01,43.4,16.15,0.05,43.4,-0.0,0.05,10,10,upper,Y,PISO_1,PISO_1_P11;PISO_1_P12;PISO_1_P21;PISO_1_P22;PISO_1_P31;PISO_1_P32;PISO_1_P41;PISO_1_P42;PISO_1_P51;PISO_1_P52,True
LT1:202-S:01,43.5,16.15,0.05,43.5,-0.0,0.05,10,10,upper,Y,PISO_1,PISO_1_P11;PISO_1_P12;PISO_1_P21;PISO_1_P22;PISO_1_P31;PISO_1_P32;PISO_1_P41;PISO_1_P42;PISO_1_P51;PISO_1_P52,True
LT1:202-S:01,43.6,16.15,0.05,43.6,-0.0,0.05,10,10,upper,Y,PISO_1,PISO_1_P11;PISO_1_P12;PISO_1_P21;PISO_1_P22;PISO_1_P31;PISO_1_P32;PISO_1_P41;PISO_1_P42;PISO_1_P51;PISO_1_P52,True
LT1:202-S:01,43.7,16.15,0.05,43.7,-0.0,0.05,10,10,upper,Y,PISO_1,PISO_1_P11;PISO_1_P12;PISO_1_P21;PISO_1_P22;PISO_1_P31;PISO_1_P32;PISO_1_P41;PISO_1_P42;PISO_1_P51;PISO_1_P52,True
LT1:202-S:01,43.8,16.15,0.05,43.8,-0.0,0.05,10,10,upper,Y,PISO_1,PISO_1_P11;PISO_1_P12;PISO_1_P21;PISO_1_P22;PISO_1_P31;PISO_1_P32;PISO_1_P41;PISO_1_P42;PISO_1_P51;PISO_1_P52,True
LT1:202-S:01,43.9,16.15,0.05,43.9,-0.0,0.05,10,10,upper,Y,PISO_1,PISO_1_P11;PISO_1_P12;PISO_1_P21;PISO_1_P22;PISO_1_P31;PISO_1_P32;PISO_1_P41;PISO_1_P42;PISO_1_P51;PISO_1_P52,True
LT1:202-S:01,44.0,16.15,0.05,44.0,-0.0,0.05,10,10,upper,Y,PISO_1,PISO_1_P11;PISO_1_P12;PISO_1_P21;PISO_1_P22;PISO_1_P31;PISO_1_P32;PISO_1_P41;PISO_1_P42;PISO_1_P51;PISO_1_P52,True
LT1:202-S:01,44.1,16.15,0.05,44.1,-0.0,0.05,10,10,upper,Y,PISO_1,PISO_1_P11;PISO_1_P12;PISO_1_P21;PISO_1_P22;PISO_1_P31;PISO_1_P32;PISO_1_P41;PISO_1_P42;PISO_1_P51;PISO_1_P52,True
LT1:202-S:01,44.2,16.15,0.05,44.2,-0.0,0.05,10,10,upper,Y,PISO_1,PISO_1_P11;PISO_1_P12;PISO_1_P21;PISO_1_P22;PISO_1_P31;PISO_1_P32;PISO_1_P41;PISO_1_P42;PISO_1_P51;PISO_1_P52,True
LT1:202-S:01,44.3,16.15,0.05,44.3,-0.0,0.05,10,10,upper,Y,PISO_1,PISO_1_P11;PISO_1_P12;PISO_1_P21;PISO_1_P22;PISO_1_P31;PISO_1_P32;PISO_1_P41;PISO_1_P42;PISO_1_P51;PISO_1_P52,True
LT1:202-S:01,44.4,16.15,0.05,44.4,-0.0,0.05,10,10,upper,Y,PISO_1,PISO_1_P11;PISO_1_P12;PISO_1_P21;PISO_1_P22;PISO_1_P31;PISO_1_P32;PISO_1_P41;PISO_1_P42;PISO_1_P51;PISO_1_P52,True
LT1:202-S:01,44.5,16.15,0.05,44.5,-0.0,0.05,10,10,upper,Y,PISO_1,PISO_1_P11;PISO_1_P12;PISO_1_P21;PISO_1_P22;PISO_1_P31;PISO_1_P32;PISO_1_P41;PISO_1_P42;PISO_1_P51;PISO_1_P52,True
LT1:202-S:01,44.6,16.15,0.05,44.6,-0.0,0.05,10,10,upper,Y,PISO_1,PISO_1_P11;PISO_1_P12;PISO_1_P21;PISO_1_P22;PISO_1_P31;PISO_1_P32;PISO_1_P41;PISO_1_P42;PISO_1_P51;PISO_1_P52,True
LT1:202-S:01,44.7,16.15,0.05,44.7,-0.0,0.05,10,10,upper,Y,PISO_1,PISO_1_P11;PISO_1_P12;PISO_1_P21;PISO_1_P22;PISO_1_P31;PISO_1_P32;PISO_1_P41;PISO_1_P42;PISO_1_P51;PISO_1_P52,True
LT1:202-S:01,44.8,16.15,0.05,44.8,-0.0,0.05,10,10,upper,Y,PISO_1,PISO_1_P11;PISO_1_P12;PISO_1_P21;PISO_1_P22;PISO_1_P31;PISO_1_P32;PISO_1_P41;PISO_1_P42;PISO_1_P51;PISO_1_P52,True
LT1:202-S:01,44.9,16.15,0.05,44.9,-0.0,0.05,10,10,upper,Y,PISO_1,PISO_1_P11;PISO_1_P12;PISO_1_P21;PISO_1_P22;PISO_1_P31;PISO_1_P32;PISO_1_P41;PISO_1_P42;PISO_1_P51;PISO_1_P52,True
LT1:202-S:01,45.0,16.15,0.05,45.0,-0.0,0.05,10,10,upper,Y,PISO_1,PISO_1_P11;PISO_1_P12;PISO_1_P21;PISO_1_P22;PISO_1_P31;PISO_1_P32;PISO_1_P41;PISO_1_P42;PISO_1_P51;PISO_1_P52,True
LT1:202-S:01,45.1,16.15,0.05,45.1,-0.0,0.05,10,10,upper,Y,PISO_1,PISO_1_P11;PISO_1_P12;PISO_1_P21;PISO_1_P22;PISO_1_P31;PISO_1_P32;PISO_1_P41;PISO_1_P42;PISO_1_P51;PISO_1_P52,True
LT1:202-S:01,45.2,16.15,0.05,45.2,-0.0,0.05,10,10,upper,Y,PISO_1,PISO_1_P11;PISO_1_P12;PISO_1_P21;PISO_1_P22;PISO_1_P31;PISO_1_P32;PISO_1_P41;PISO_1_P42;PISO_1_P51;PISO_1_P52,True
LT1:202-S:01,45.3,16.15,0.05,45.3,-0.0,0.05,10,10,upper,Y,PISO_1,PISO_1_P11;PISO_1_P12;PISO_1_P21;PISO_1_P22;PISO_1_P31;PISO_1_P32;PISO_1_P41;PISO_1_P42;PISO_1_P51;PISO_1_P52,True
LT1:202-S:01,45.4,16.15,0.05,45.4,-0.0,0.05,10,10,upper,Y,PISO_1,PISO_1_P11;PISO_1_P12;PISO_1_P21;PISO_1_P22;PISO_1_P31;PISO_1_P32;PISO_1_P41;PISO_1_P42;PISO_1_P51;PISO_1_P52,True
LT1:202-S:01,45.5,16.15,0.05,45.5,-0.0,0.05,10,10,upper,Y,PISO_1,PISO_1_P11;PISO_1_P12;PISO_1_P21;PISO_1_P22;PISO_1_P31;PISO_1_P32;PISO_1_P41;PISO_1_P42;PISO_1_P51;PISO_1_P52,True
LT1:202-S:01,45.6,16.15,0.05,45.6,-0.0,0.05,10,10,upper,Y,PISO_1,PISO_1_P11;PISO_1_P12;PISO_1_P21;PISO_1_P22;PISO_1_P31;PISO_1_P32;PISO_1_P41;PISO_1_P42;PISO_1_P51;PISO_1_P52,True
LT1:202-S:01,45.7,16.15,0.05,45.7,-0.0,0.05,10,10,upper,Y,PISO_1,PISO_1_P11;PISO_1_P12;PISO_1_P21;PISO_1_P22;PISO_1_P31;PISO_1_P32;PISO_1_P41;PISO_1_P42;PISO_1_P51;PISO_1_P52,True
LT1:202-S:01,45.8,16.15,0.05,45.8,-0.0,0.05,10,10,upper,Y,PISO_1,PISO_1_P11;PISO_1_P12;PISO_1_P21;PISO_1_P22;PISO_1_P31;PISO_1_P32;PISO_1_P41;PISO_1_P42;PISO_1_P51;PISO_1_P52,True
LT1:202-S:01,45.9,16.15,0.05,45.9,-0.0,0.05,10,10,upper,Y,PISO_1,PISO_1_P11;PISO_1_P12;PISO_1_P21;PISO_1_P22;PISO_1_P31;PISO_1_P32;PISO_1_P41;PISO_1_P42;PISO_1_P51;PISO_1_P52,True
LT1:202-S:01,46.0,16.15,0.05,46.0,-0.0,0.05,10,10,upper,Y,PISO_1,PISO_1_P11;PISO_1_P12;PISO_1_P21;PISO_1_P22;PISO_1_P31;PISO_1_P32;PISO_1_P41;PISO_1_P42;PISO_1_P51;PISO_1_P52,True
LT1:202-S:01,46.1,16.15,0.05,46.1,-0.0,0.05,10,10,upper,Y,PISO_1,PISO_1_P11;PISO_1_P12;PISO_1_P21;PISO_1_P22;PISO_1_P31;PISO_1_P32;PISO_1_P41;PISO_1_P42;PISO_1_P51;PISO_1_P52,True
LT1:202-S:01,46.2,16.15,0.05,46.2,-0.0,0.05,10,10,upper,Y,PISO_1,PISO_1_P11;PISO_1_P12;PISO_1_P21;PISO_1_P22;PISO_1_P31;PISO_1_P32;PISO_1_P41;PISO_1_P42;PISO_1_P51;PISO_1_P52,True
LT1:202-S:01,46.3,16.15,0.05,46.3,-0.0,0.05,10,10,upper,Y,PISO_1,PISO_1_P11;PISO_1_P12;PISO_1_P21;PISO_1_P22;PISO_1_P31;PISO_1_P32;PISO_1_P41;PISO_1_P42;PISO_1_P51;PISO_1_P52,True
LT1:202-S:01,46.4,16.15,0.05,46.4,-0.0,0.05,10,10,upper,Y,PISO_1,PISO_1_P11;PISO_1_P12;PISO_1_P21;PISO_1_P22;PISO_1_P31;PISO_1_P32;PISO_1_P41;PISO_1_P42;PISO_1_P51;PISO_1_P52,True
LT1:202-S:01,46.5,16.15,0.05,46.5,-0.0,0.05,10,10,upper,Y,PISO_1,PISO_1_P11;PISO_1_P12;PISO_1_P21;PISO_1_P22;PISO_1_P31;PISO_1_P32;PISO_1_P41;PISO_1_P42;PISO_1_P51;PISO_1_P52,True
LT1:202-S:01,46.6,16.15,0.05,46.6,-0.0,0.05,10,10,upper,Y,PISO_1,PISO_1_P11;PISO_1_P12;PISO_1_P21;PISO_1_P22;PISO_1_P31;PISO_1_P32;PISO_1_P41;PISO_1_P42;PISO_1_P51;PISO_1_P52,True
LT1:202-S:01,46.7,16.15,0.05,46.7,-0.0,0.05,10,10,upper,Y,PISO_1,PISO_1_P11;PISO_1_P12;PISO_1_P21;PISO_1_P22;PISO_1_P31;PISO_1_P32;PISO_1_P41;PISO_1_P42;PISO_1_P51;PISO_1_P52,True
LT1:202-S:01,46.8,16.15,0.05,46.8,-0.0,0.05,10,10,upper,Y,PISO_1,PISO_1_P11;PISO_1_P12;PISO_1_P21;PISO_1_P22;PISO_1_P31;PISO_1_P32;PISO_1_P41;PISO_1_P42;PISO_1_P51;PISO_1_P52,True
LT1:202-S:01,46.9,16.15,0.05,46.9,-0.0,0.05,10,10,upper,Y,PISO_1,PISO_1_P11;PISO_1_P12;PISO_1_P21;PISO_1_P22;PISO_1_P31;PISO_1_P32;PISO_1_P41;PISO_1_P42;PISO_1_P51;PISO_1_P52,True
LT1:202-S:01,47.0,16.15,0.05,47.0,-0.0,0.05,10,10,upper,Y,PISO_1,PISO_1_P11;PISO_1_P12;PISO_1_P21;PISO_1_P22;PISO_1_P31;PISO_1_P32;PISO_1_P41;PISO_1_P42;PISO_1_P51;PISO_1_P52,True
LT1:202-S:01,47.1,16.15,0.05,47.1,-0.0,0.05,10,10,upper,Y,PISO_1,PISO_1_P11;PISO_1_P12;PISO_1_P21;PISO_1_P22;PISO_1_P31;PISO_1_P32;PISO_1_P41;PISO_1_P42;PISO_1_P51;PISO_1_P52,True
LT1:202-S:01,47.2,16.15,0.05,47.2,-0.0,0.05,10,10,upper,Y,PISO_1,PISO_1_P11;PISO_1_P12;PISO_1_P21;PISO_1_P22;PISO_1_P31;PISO_1_P32;PISO_1_P41;PISO_1_P42;PISO_1_P51;PISO_1_P52,True
LT1:202-S:01,47.3,16.15,0.05,47.3,-0.0,0.05,10,10,upper,Y,PISO_1,PISO_1_P11;PISO_1_P12;PISO_1_P21;PISO_1_P22;PISO_1_P31;PISO_1_P32;PISO_1_P41;PISO_1_P42;PISO_1_P51;PISO_1_P52,True
LT1:202-S:01,47.4,16.15,0.05,47.4,-0.0,0.05,10,10,upper,Y,PISO_1,PISO_1_P11;PISO_1_P12;PISO_1_P21;PISO_1_P22;PISO_1_P31;PISO_1_P32;PISO_1_P41;PISO_1_P42;PISO_1_P51;PISO_1_P52,True
LT1:202-S:01,47.5,16.15,0.05,47.5,-0.0,0.05,10,10,upper,Y,PISO_1,PISO_1_P11;PISO_1_P12;PISO_1_P21;PISO_1_P22;PISO_1_P31;PISO_1_P32;PISO_1_P41;PISO_1_P42;PISO_1_P51;PISO_1_P52,True
LT1:202-S:01,47.6,16.15,0.05,47.6,-0.0,0.05,10,10,upper,Y,PISO_1,PISO_1_P11;PISO_1_P12;PISO_1_P21;PISO_1_P22;PISO_1_P31;PISO_1_P32;PISO_1_P41;PISO_1_P42;PISO_1_P51;PISO_1_P52,True
LT1:202-S:01,47.7,16.15,0.05,47.7,-0.0,0.05,10,10,upper,Y,PISO_1,PISO_1_P11;PISO_1_P12;PISO_1_P21;PISO_1_P22;PISO_1_P31;PISO_1_P32;PISO_1_P41;PISO_1_P42;PISO_1_P51;PISO_1_P52,True
LT1:202-S:01,47.8,16.15,0.05,47.8,-0.0,0.05,10,10,upper,Y,PISO_1,PISO_1_P11;PISO_1_P12;PISO_1_P21;PISO_1_P22;PISO_1_P31;PISO_1_P32;PISO_1_P41;PISO_1_P42;PISO_1_P51;PISO_1_P52,True
LT1:202-S:01,47.9,16.15,0.05,47.9,-0.0,0.05,10,10,upper,Y,PISO_1,PISO_1_P11;PISO_1_P12;PISO_1_P21;PISO_1_P22;PISO_1_P31;PISO_1_P32;PISO_1_P41;PISO_1_P42;PISO_1_P51;PISO_1_P52,True
LT1:202-S:01,48.0,16.15,0.05,48.0,-0.0,0.05,10,10,upper,Y,PISO_1,PISO_1_P11;PISO_1_P12;PISO_1_P21;PISO_1_P22;PISO_1_P31;PISO_1_P32;PISO_1_P41;PISO_1_P42;PISO_1_P51;PISO_1_P52,True
LT1:202-S:01,48.1,16.15,0.05,48.1,-0.0,0.05,10,10,upper,Y,PISO_1,PISO_1_P11;PISO_1_P12;PISO_1_P21;PISO_1_P22;PISO_1_P31;PISO_1_P32;PISO_1_P41;PISO_1_P42;PISO_1_P51;PISO_1_P52,True
LT1:202-S:01,48.2,16.15,0.05,48.2,-0.0,0.05,10,10,upper,Y,PISO_1,PISO_1_P11;PISO_1_P12;PISO_1_P21;PISO_1_P22;PISO_1_P31;PISO_1_P32;PISO_1_P41;PISO_1_P42;PISO_1_P51;PISO_1_P52,True
LT1:202-S:01,48.3,16.15,0.05,48.3,-0.0,0.05,10,10,upper,Y,PISO_1,PISO_1_P11;PISO_1_P12;PISO_1_P21;PISO_1_P22;PISO_1_P31;PISO_1_P32;PISO_1_P41;PISO_1_P42;PISO_1_P51;PISO_1_P52,True
LT1:202-S:01,48.4,16.15,0.05,48.4,-0.0,0.05,10,10,upper,Y,PISO_1,PISO_1_P11;PISO_1_P12;PISO_1_P21;PISO_1_P22;PISO_1_P31;PISO_1_P32;PISO_1_P41;PISO_1_P42;PISO_1_P51;PISO_1_P52,True
LT1:202-S:01,48.5,16.15,0.05,48.5,-0.0,0.05,10,10,upper,Y,PISO_1,PISO_1_P11;PISO_1_P12;PISO_1_P21;PISO_1_P22;PISO_1_P31;PISO_1_P32;PISO_1_P41;PISO_1_P42;PISO_1_P51;PISO_1_P52,True
LT1:202-S:01,48.6,16.15,0.05,48.6,-0.0,0.05,10,10,upper,Y,PISO_1,PISO_1_P11;PISO_1_P12;PISO_1_P21;PISO_1_P22;PISO_1_P31;PISO_1_P32;PISO_1_P41;PISO_1_P42;PISO_1_P51;PISO_1_P52,True
LT1:202-S:01,48.7,16.15,0.05,48.7,-0.0,0.05,10,10,upper,Y,PISO_1,PISO_1_P11;PISO_1_P12;PISO_1_P21;PISO_1_P22;PISO_1_P31;PISO_1_P32;PISO_1_P41;PISO_1_P42;PISO_1_P51;PISO_1_P52,True
LT1:202-S:01,48.8,16.15,0.05,48.8,-0.0,0.05,10,10,upper,Y,PISO_1,PISO_1_P11;PISO_1_P12;PISO_1_P21;PISO_1_P22;PISO_1_P31;PISO_1_P32;PISO_1_P41;PISO_1_P42;PISO_1_P51;PISO_1_P52,True
LT1:202-S:01,48.9,16.15,0.05,48.9,-0.0,0.05,10,10,upper,Y,PISO_1,PISO_1_P11;PISO_1_P12;PISO_1_P21;PISO_1_P22;PISO_1_P31;PISO_1_P32;PISO_1_P41;PISO_1_P42;PISO_1_P51;PISO_1_P52,True
LT1:202-S:01,49.0,16.15,0.05,49.0,-0.0,0.05,10,10,upper,Y,PISO_1,PISO_1_P11;PISO_1_P12;PISO_1_P21;PISO_1_P22;PISO_1_P31;PISO_1_P32;PISO_1_P41;PISO_1_P42;PISO_1_P51;PISO_1_P52,True
LT1:202-S:01,49.1,16.15,0.05,49.1,-0.0,0.05,10,10,upper,Y,PISO_1,PISO_1_P11;PISO_1_P12;PISO_1_P21;PISO_1_P22;PISO_1_P31;PISO_1_P32;PISO_1_P41;PISO_1_P42;PISO_1_P51;PISO_1_P52,True
LT1:202-S:01,49.2,16.15,0.05,49.2,-0.0,0.05,10,10,upper,Y,PISO_1,PISO_1_P11;PISO_1_P12;PISO_1_P21;PISO_1_P22;PISO_1_P31;PISO_1_P32;PISO_1_P41;PISO_1_P42;PISO_1_P51;PISO_1_P52,True
LT1:202-S:01,49.3,16.15,0.05,49.3,-0.0,0.05,10,10,upper,Y,PISO_1,PISO_1_P11;PISO_1_P12;PISO_1_P21;PISO_1_P22;PISO_1_P31;PISO_1_P32;PISO_1_P41;PISO_1_P42;PISO_1_P51;PISO_1_P52,True
LT1:202-S:01,49.4,16.15,0.05,49.4,-0.0,0.05,10,10,upper,Y,PISO_1,PISO_1_P11;PISO_1_P12;PISO_1_P21;PISO_1_P22;PISO_1_P31;PISO_1_P32;PISO_1_P41;PISO_1_P42;PISO_1_P51;PISO_1_P52,True
LT1:202-S:01,49.5,16.15,0.05,49.5,-0.0,0.05,10,10,upper,Y,PISO_1,PISO_1_P11;PISO_1_P12;PISO_1_P21;PISO_1_P22;PISO_1_P31;PISO_1_P32;PISO_1_P41;PISO_1_P42;PISO_1_P51;PISO_1_P52,True
LT1:202-S:01,49.6,16.15,0.05,49.6,-0.0,0.05,10,10,upper,Y,PISO_1,PISO_1_P11;PISO_1_P12;PISO_1_P21;PISO_1_P22;PISO_1_P31;PISO_1_P32;PISO_1_P41;PISO_1_P42;PISO_1_P51;PISO_1_P52,True
LT1:202-S:01,49.7,16.15,0.05,49.7,-0.0,0.05,10,10,upper,Y,PISO_1,PISO_1_P11;PISO_1_P12;PISO_1_P21;PISO_1_P22;PISO_1_P31;PISO_1_P32;PISO_1_P41;PISO_1_P42;PISO_1_P51;PISO_1_P52,True
LT1:202-S:01,49.8,16.15,0.05,49.8,-0.0,0.05,10,10,upper,Y,PISO_1,PISO_1_P11;PISO_1_P12;PISO_1_P21;PISO_1_P22;PISO_1_P31;PISO_1_P32;PISO_1_P41;PISO_1_P42;PISO_1_P51;PISO_1_P52,True
LT1:202-S:01,49.9,16.15,0.05,49.9,-0.0,0.05,10,10,upper,Y,PISO_1,PISO_1_P11;PISO_1_P12;PISO_1_P21;PISO_1_P22;PISO_1_P31;PISO_1_P32;PISO_1_P41;PISO_1_P42;PISO_1_P51;PISO_1_P52,True
LT1:202-S:01,50.0,16.15,0.05,50.0,-0.0,0.05,10,10,upper,Y,PISO_1,PISO_1_P11;PISO_1_P12;PISO_1_P21;PISO_1_P22;PISO_1_P31;PISO_1_P32;PISO_1_P41;PISO_1_P42;PISO_1_P51;PISO_1_P52,True
LT1:202-S:01,50.1,16.15,0.05,50.1,-0.0,0.05,10,10,upper,Y,PISO_1,PISO_1_P11;PISO_1_P12;PISO_1_P21;PISO_1_P22;PISO_1_P31;PISO_1_P32;PISO_1_P41;PISO_1_P42;PISO_1_P51;PISO_1_P52,True
LT1:202-S:01,50.2,16.15,0.05,50.2,-0.0,0.05,10,10,upper,Y,PISO_1,PISO_1_P11;PISO_1_P12;PISO_1_P21;PISO_1_P22;PISO_1_P31;PISO_1_P32;PISO_1_P41;PISO_1_P42;PISO_1_P51;PISO_1_P52,True
LT1:202-S:01,50.3,16.15,0.05,50.3,-0.0,0.05,10,10,upper,Y,PISO_1,PISO_1_P11;PISO_1_P12;PISO_1_P21;PISO_1_P22;PISO_1_P31;PISO_1_P32;PISO_1_P41;PISO_1_P42;PISO_1_P51;PISO_1_P52,True
LT1:202-S:01,50.4,16.15,0.05,50.4,-0.0,0.05,10,10,upper,Y,PISO_1,PISO_1_P11;PISO_1_P12;PISO_1_P21;PISO_1_P22;PISO_1_P31;PISO_1_P32;PISO_1_P41;PISO_1_P42;PISO_1_P51;PISO_1_P52,True
LT1:202-S:01,50.5,16.15,0.05,50.5,-0.0,0.05,10,10,upper,Y,PISO_1,PISO_1_P11;PISO_1_P12;PISO_1_P21;PISO_1_P22;PISO_1_P31;PISO_1_P32;PISO_1_P41;PISO_1_P42;PISO_1_P51;PISO_1_P52,True
LT1:202-S:01,50.6,16.15,0.05,50.6,-0.0,0.05,10,10,upper,Y,PISO_1,PISO_1_P11;PISO_1_P12;PISO_1_P21;PISO_1_P22;PISO_1_P31;PISO_1_P32;PISO_1_P41;PISO_1_P42;PISO_1_P51;PISO_1_P52,True
LT1:202-S:01,50.7,16.15,0.05,50.7,-0.0,0.05,10,10,upper,Y,PISO_1,PISO_1_P11;PISO_1_P12;PISO_1_P21;PISO_1_P22;PISO_1_P31;PISO_1_P32;PISO_1_P41;PISO_1_P42;PISO_1_P51;PISO_1_P52,True
LT1:202-S:01,50.8,16.15,0.05,50.8,-0.0,0.05,10,10,upper,Y,PISO_1,PISO_1_P11;PISO_1_P12;PISO_1_P21;PISO_1_P22;PISO_1_P31;PISO_1_P32;PISO_1_P41;PISO_1_P42;PISO_1_P51;PISO_1_P52,True
LT1:202-S:01,50.9,16.15,0.05,50.9,-0.0,0.05,10,10,upper,Y,PISO_1,PISO_1_P11;PISO_1_P12;PISO_1_P21;PISO_1_P22;PISO_1_P31;PISO_1_P32;PISO_1_P41;PISO_1_P42;PISO_1_P51;PISO_1_P52,True
LT1:202-S:01,51.0,16.15,0.05,51.0,-0.0,0.05,10,10,upper,Y,PISO_1,PISO_1_P11;PISO_1_P12;PISO_1_P21;PISO_1_P22;PISO_1_P31;PISO_1_P32;PISO_1_P41;PISO_1_P42;PISO_1_P51;PISO_1_P52,True
LT1:202-S:01,51.1,16.15,0.05,51.1,-0.0,0.05,10,10,upper,Y,PISO_1,PISO_1_P11;PISO_1_P12;PISO_1_P21;PISO_1_P22;PISO_1_P31;PISO_1_P32;PISO_1_P41;PISO_1_P42;PISO_1_P51;PISO_1_P52,True
LT1:202-S:01,51.2,16.15,0.05,51.2,-0.0,0.05,10,10,upper,Y,PISO_1,PISO_1_P11;PISO_1_P12;PISO_1_P21;PISO_1_P22;PISO_1_P31;PISO_1_P32;PISO_1_P41;PISO_1_P42;PISO_1_P51;PISO_1_P52,True
LT1:202-S:01,51.3,16.15,0.05,51.3,-0.0,0.05,10,10,upper,Y,PISO_1,PISO_1_P11;PISO_1_P12;PISO_1_P21;PISO_1_P22;PISO_1_P31;PISO_1_P32;PISO_1_P41;PISO_1_P42;PISO_1_P51;PISO_1_P52,True
LT1:202-S:01,51.4,16.15,0.05,51.4,-0.0,0.05,10,10,upper,Y,PISO_1,PISO_1_P11;PISO_1_P12;PISO_1_P21;PISO_1_P22;PISO_1_P31;PISO_1_P32;PISO_1_P41;PISO_1_P42;PISO_1_P51;PISO_1_P52,True
LT1:202-S:01,51.5,16.15,0.05,51.5,-0.0,0.05,10,10,upper,Y,PISO_1,PISO_1_P11;PISO_1_P12;PISO_1_P21;PISO_1_P22;PISO_1_P31;PISO_1_P32;PISO_1_P41;PISO_1_P42;PISO_1_P51;PISO_1_P52,True
LT1:202-S:01,51.6,16.15,0.05,51.6,-0.0,0.05,10,10,upper,Y,PISO_1,PISO_1_P11;PISO_1_P12;PISO_1_P21;PISO_1_P22;PISO_1_P31;PISO_1_P32;PISO_1_P41;PISO_1_P42;PISO_1_P51;PISO_1_P52,True
LT1:202-S:01,51.7,16.15,0.05,51.7,-0.0,0.05,10,10,upper,Y,PISO_1,PISO_1_P11;PISO_1_P12;PISO_1_P21;PISO_1_P22;PISO_1_P31;PISO_1_P32;PISO_1_P41;PISO_1_P42;PISO_1_P51;PISO_1_P52,True
LT1:202-S:01,51.8,16.15,0.05,51.8,-0.0,0.05,10,10,upper,Y,PISO_1,PISO_1_P11;PISO_1_P12;PISO_1_P21;PISO_1_P22;PISO_1_P31;PISO_1_P32;PISO_1_P41;PISO_1_P42;PISO_1_P51;PISO_1_P52,True
LT1:202-S:01,51.9,16.15,0.05,51.9,-0.0,0.05,10,10,upper,Y,PISO_1,PISO_1_P11;PISO_1_P12;PISO_1_P21;PISO_1_P22;PISO_1_P31;PISO_1_P32;PISO_1_P41;PISO_1_P42;PISO_1_P51;PISO_1_P52,True
LT1:202-S:01,52.0,16.15,0.05,52.0,-0.0,0.05,10,10,upper,Y,PISO_1,PISO_1_P11;PISO_1_P12;PISO_1_P21;PISO_1_P22;PISO_1_P31;PISO_1_P32;PISO_1_P41;PISO_1_P42;PISO_1_P51;PISO_1_P52,True
LT1:202-S:01,52.1,16.15,0.05,52.1,-0.0,0.05,10,10,upper,Y,PISO_1,PISO_1_P11;PISO_1_P12;PISO_1_P21;PISO_1_P22;PISO_1_P31;PISO_1_P32;PISO_1_P41;PISO_1_P42;PISO_1_P51;PISO_1_P52,True
LT1:202-S:01,52.2,16.15,0.05,52.2,-0.0,0.05,10,10,upper,Y,PISO_1,PISO_1_P11;PISO_1_P12;PISO_1_P21;PISO_1_P22;PISO_1_P31;PISO_1_P32;PISO_1_P41;PISO_1_P42;PISO_1_P51;PISO_1_P52,True
LT1:202-S:01,52.3,16.15,0.05,52.3,-0.0,0.05,10,10,upper,Y,PISO_1,PISO_1_P11;PISO_1_P12;PISO_1_P21;PISO_1_P22;PISO_1_P31;PISO_1_P32;PISO_1_P41;PISO_1_P42;PISO_1_P51;PISO_1_P52,True
LT1:202-S:01,52.4,16.15,0.05,52.4,-0.0,0.05,10,10,upper,Y,PISO_1,PISO_1_P11;PISO_1_P12;PISO_1_P21;PISO_1_P22;PISO_1_P31;PISO_1_P32;PISO_1_P41;PISO_1_P42;PISO_1_P51;PISO_1_P52,True
LT1:202-S:01,52.5,16.15,0.05,52.5,-0.0,0.05,10,10,upper,Y,PISO_1,PISO_1_P11;PISO_1_P12;PISO_1_P21;PISO_1_P22;PISO_1_P31;PISO_1_P32;PISO_1_P41;PISO_1_P42;PISO_1_P51;PISO_1_P52,True
LT1:202-S:01,52.6,16.15,0.05,52.6,-0.0,0.05,10,10,upper,Y,PISO_1,PISO_1_P11;PISO_1_P12;PISO_1_P21;PISO_1_P22;PISO_1_P31;PISO_1_P32;PISO_1_P41;PISO_1_P42;PISO_1_P51;PISO_1_P52,True
LT1:202-S:01,52.7,16.15,0.05,52.7,-0.0,0.05,10,10,upper,Y,PISO_1,PISO_1_P11;PISO_1_P12;PISO_1_P21;PISO_1_P22;PISO_1_P31;PISO_1_P32;PISO_1_P41;PISO_1_P42;PISO_1_P51;PISO_1_P52,True
LT1:202-S:01,52.8,16.15,0.05,52.8,-0.0,0.05,10,10,upper,Y,PISO_1,PISO_1_P11;PISO_1_P12;PISO_1_P21;PISO_1_P22;PISO_1_P31;PISO_1_P32;PISO_1_P41;PISO_1_P42;PISO_1_P51;PISO_1_P52,True
LT1:202-S:01,52.9,16.15,0.05,52.9,-0.0,0.05,10,10,upper,Y,PISO_1,PISO_1_P11;PISO_1_P12;PISO_1_P21;PISO_1_P22;PISO_1_P31;PISO_1_P32;PISO_1_P41;PISO_1_P42;PISO_1_P51;PISO_1_P52,True
LT1:202-S:01,53.0,16.15,0.05,53.0,-0.0,0.05,10,10,upper,Y,PISO_1,PISO_1_P11;PISO_1_P12;PISO_1_P21;PISO_1_P22;PISO_1_P31;PISO_1_P32;PISO_1_P41;PISO_1_P42;PISO_1_P51;PISO_1_P52,True
LT1:202-S:01,53.1,16.15,0.05,53.1,-0.0,0.05,10,10,upper,Y,PISO_1,PISO_1_P11;PISO_1_P12;PISO_1_P21;PISO_1_P22;PISO_1_P31;PISO_1_P32;PISO_1_P41;PISO_1_P42;PISO_1_P51;PISO_1_P52,True
LT1:202-S:01,53.2,16.15,0.05,53.2,-0.0,0.05,10,10,upper,Y,PISO_1,PISO_1_P11;PISO_1_P12;PISO_1_P21;PISO_1_P22;PISO_1_P31;PISO_1_P32;PISO_1_P41;PISO_1_P42;PISO_1_P51;PISO_1_P52,True
LT1:202-S:01,53.3,16.15,0.05,53.3,-0.0,0.05,10,10,upper,Y,PISO_1,PISO_1_P11;PISO_1_P12;PISO_1_P21;PISO_1_P22;PISO_1_P31;PISO_1_P32;PISO_1_P41;PISO_1_P42;PISO_1_P51;PISO_1_P52,True
LT1:202-S:01,53.4,16.15,0.05,53.4,-0.0,0.05,10,10,upper,Y,PISO_1,PISO_1_P11;PISO_1_P12;PISO_1_P21;PISO_1_P22;PISO_1_P31;PISO_1_P32;PISO_1_P41;PISO_1_P42;PISO_1_P51;PISO_1_P52,True
LT1:202-S:01,53.5,16.15,0.05,53.5,-0.0,0.05,10,10,upper,Y,PISO_1,PISO_1_P11;PISO_1_P12;PISO_1_P21;PISO_1_P22;PISO_1_P31;PISO_1_P32;PISO_1_P41;PISO_1_P42;PISO_1_P51;PISO_1_P52,True
LT1:202-S:01,53.6,16.15,0.05,53.6,-0.0,0.05,10,10,upper,Y,PISO_1,PISO_1_P11;PISO_1_P12;PISO_1_P21;PISO_1_P22;PISO_1_P31;PISO_1_P32;PISO_1_P41;PISO_1_P42;PISO_1_P51;PISO_1_P52,True
LT1:202-S:01,53.7,16.15,0.05,53.7,-0.0,0.05,10,10,upper,Y,PISO_1,PISO_1_P11;PISO_1_P12;PISO_1_P21;PISO_1_P22;PISO_1_P31;PISO_1_P32;PISO_1_P41;PISO_1_P42;PISO_1_P51;PISO_1_P52,True
LT1:202-S:01,53.8,16.15,0.05,53.8,-0.0,0.05,10,10,upper,Y,PISO_1,PISO_1_P11;PISO_1_P12;PISO_1_P21;PISO_1_P22;PISO_1_P31;PISO_1_P32;PISO_1_P41;PISO_1_P42;PISO_1_P51;PISO_1_P52,True
LT1:202-S:01,53.9,16.15,0.05,53.9,-0.0,0.05,10,10,upper,Y,PISO_1,PISO_1_P11;PISO_1_P12;PISO_1_P21;PISO_1_P22;PISO_1_P31;PISO_1_P32;PISO_1_P41;PISO_1_P42;PISO_1_P51;PISO_1_P52,True
LT1:202-S:01,54.0,16.15,0.05,54.0,-0.0,0.05,10,10,upper,Y,PISO_1,PISO_1_P11;PISO_1_P12;PISO_1_P21;PISO_1_P22;PISO_1_P31;PISO_1_P32;PISO_1_P41;PISO_1_P42;PISO_1_P51;PISO_1_P52,True
LT1:202-S:01,54.1,16.15,0.05,54.1,-0.0,0.05,10,10,upper,Y,PISO_1,PISO_1_P11;PISO_1_P12;PISO_1_P21;PISO_1_P22;PISO_1_P31;PISO_1_P32;PISO_1_P41;PISO_1_P42;PISO_1_P51;PISO_1_P52,True
LT1:202-S:01,54.2,16.15,0.05,54.2,-0.0,0.05,10,10,upper,Y,PISO_1,PISO_1_P11;PISO_1_P12;PISO_1_P21;PISO_1_P22;PISO_1_P31;PISO_1_P32;PISO_1_P41;PISO_1_P42;PISO_1_P51;PISO_1_P52,True
LT1:202-S:01,54.3,16.15,0.05,54.3,-0.0,0.05,10,10,upper,Y,PISO_1,PISO_1_P11;PISO_1_P12;PISO_1_P21;PISO_1_P22;PISO_1_P31;PISO_1_P32;PISO_1_P41;PISO_1_P42;PISO_1_P51;PISO_1_P52,True
LT1:202-S:01,54.4,16.15,0.05,54.4,-0.0,0.05,10,10,upper,Y,PISO_1,PISO_1_P11;PISO_1_P12;PISO_1_P21;PISO_1_P22;PISO_1_P31;PISO_1_P32;PISO_1_P41;PISO_1_P42;PISO_1_P51;PISO_1_P52,True
LT1:202-S:01,54.5,16.15,0.05,54.5,-0.0,0.05,10,10,upper,Y,PISO_1,PISO_1_P11;PISO_1_P12;PISO_1_P21;PISO_1_P22;PISO_1_P31;PISO_1_P32;PISO_1_P41;PISO_1_P42;PISO_1_P51;PISO_1_P52,True
LT1:202-S:01,54.6,16.15,0.05,54.6,-0.0,0.05,10,10,upper,Y,PISO_1,PISO_1_P11;PISO_1_P12;PISO_1_P21;PISO_1_P22;PISO_1_P31;PISO_1_P32;PISO_1_P41;PISO_1_P42;PISO_1_P51;PISO_1_P52,True
LT1:202-S:01,54.7,16.15,0.05,54.7,-0.0,0.05,10,10,upper,Y,PISO_1,PISO_1_P11;PISO_1_P12;PISO_1_P21;PISO_1_P22;PISO_1_P31;PISO_1_P32;PISO_1_P41;PISO_1_P42;PISO_1_P51;PISO_1_P52,True
LT1:202-S:01,54.8,16.15,0.05,54.8,-0.0,0.05,10,10,upper,Y,PISO_1,PISO_1_P11;PISO_1_P12;PISO_1_P21;PISO_1_P22;PISO_1_P31;PISO_1_P32;PISO_1_P41;PISO_1_P42;PISO_1_P51;PISO_1_P52,True
LT1:202-S:01,54.9,16.15,0.05,54.9,-0.0,0.05,10,10,upper,Y,PISO_1,PISO_1_P11;PISO_1_P12;PISO_1_P21;PISO_1_P22;PISO_1_P31;PISO_1_P32;PISO_1_P41;PISO_1_P42;PISO_1_P51;PISO_1_P52,True
LT1:202-S:01,55.0,16.15,0.05,55.0,-0.0,0.05,10,10,upper,Y,PISO_1,PISO_1_P11;PISO_1_P12;PISO_1_P21;PISO_1_P22;PISO_1_P31;PISO_1_P32;PISO_1_P41;PISO_1_P42;PISO_1_P51;PISO_1_P52,True
LT1:202-S:01,55.1,16.15,0.05,55.1,-0.0,0.05,10,10,upper,Y,PISO_1,PISO_1_P11;PISO_1_P12;PISO_1_P21;PISO_1_P22;PISO_1_P31;PISO_1_P32;PISO_1_P41;PISO_1_P42;PISO_1_P51;PISO_1_P52,True
LT1:202-S:01,55.2,16.15,0.05,55.2,-0.0,0.05,10,10,upper,Y,PISO_1,PISO_1_P11;PISO_1_P12;PISO_1_P21;PISO_1_P22;PISO_1_P31;PISO_1_P32;PISO_1_P41;PISO_1_P42;PISO_1_P51;PISO_1_P52,True
LT1:202-S:01,55.3,16.15,0.05,55.3,-0.0,0.05,10,10,upper,Y,PISO_1,PISO_1_P11;PISO_1_P12;PISO_1_P21;PISO_1_P22;PISO_1_P31;PISO_1_P32;PISO_1_P41;PISO_1_P42;PISO_1_P51;PISO_1_P52,True
LT1:202-S:01,55.4,16.15,0.05,55.4,-0.0,0.05,10,10,upper,Y,PISO_1,PISO_1_P11;PISO_1_P12;PISO_1_P21;PISO_1_P22;PISO_1_P31;PISO_1_P32;PISO_1_P41;PISO_1_P42;PISO_1_P51;PISO_1_P52,True
LT1:202-S:01,55.5,16.15,0.05,55.5,-0.0,0.05,10,10,upper,Y,PISO_1,PISO_1_P11;PISO_1_P12;PISO_1_P21;PISO_1_P22;PISO_1_P31;PISO_1_P32;PISO_1_P41;PISO_1_P42;PISO_1_P51;PISO_1_P52,True
LT1:202-S:01,55.6,16.15,0.05,55.6,-0.0,0.05,10,10,upper,Y,PISO_1,PISO_1_P11;PISO_1_P12;PISO_1_P21;PISO_1_P22;PISO_1_P31;PISO_1_P32;PISO_1_P41;PISO_1_P42;PISO_1_P51;PISO_1_P52,True
LT1:202-S:01,55.7,16.15,0.05,55.7,-0.0,0.05,10,10,upper,Y,PISO_1,PISO_1_P11;PISO_1_P12;PISO_1_P21;PISO_1_P22;PISO_1_P31;PISO_1_P32;PISO_1_P41;PISO_1_P42;PISO_1_P51;PISO_1_P52,True
LT1:202-S:01,55.8,16.15,0.05,55.8,-0.0,0.05,10,10,upper,Y,PISO_1,PISO_1_P11;PISO_1_P12;PISO_1_P21;PISO_1_P22;PISO_1_P31;PISO_1_P32;PISO_1_P41;PISO_1_P42;PISO_1_P51;PISO_1_P52,True
LT1:202-S:01,55.9,16.15,0.05,55.9,-0.0,0.05,10,10,upper,Y,PISO_1,PISO_1_P11;PISO_1_P12;PISO_1_P21;PISO_1_P22;PISO_1_P31;PISO_1_P32;PISO_1_P41;PISO_1_P42;PISO_1_P51;PISO_1_P52,True
LT1:202-S:01,56.0,16.15,0.05,56.0,-0.0,0.05,10,10,upper,Y,PISO_1,PISO_1_P11;PISO_1_P12;PISO_1_P21;PISO_1_P22;PISO_1_P31;PISO_1_P32;PISO_1_P41;PISO_1_P42;PISO_1_P51;PISO_1_P52,True
LT1:202-S:01,56.1,16.15,0.05,56.1,-0.0,0.05,10,10,upper,Y,PISO_1,PISO_1_P11;PISO_1_P12;PISO_1_P21;PISO_1_P22;PISO_1_P31;PISO_1_P32;PISO_1_P41;PISO_1_P42;PISO_1_P51;PISO_1_P52,True
LT1:202-S:01,56.2,16.15,0.05,56.2,-0.0,0.05,10,10,upper,Y,PISO_1,PISO_1_P11;PISO_1_P12;PISO_1_P21;PISO_1_P22;PISO_1_P31;PISO_1_P32;PISO_1_P41;PISO_1_P42;PISO_1_P51;PISO_1_P52,True
LT1:202-S:01,56.3,16.15,0.05,56.3,-0.0,0.05,10,10,upper,Y,PISO_1,PISO_1_P11;PISO_1_P12;PISO_1_P21;PISO_1_P22;PISO_1_P31;PISO_1_P32;PISO_1_P41;PISO_1_P42;PISO_1_P51;PISO_1_P52,True
LT1:202-S:01,56.4,16.15,0.05,56.4,-0.0,0.05,10,10,upper,Y,PISO_1,PISO_1_P11;PISO_1_P12;PISO_1_P21;PISO_1_P22;PISO_1_P31;PISO_1_P32;PISO_1_P41;PISO_1_P42;PISO_1_P51;PISO_1_P52,True
LT1:202-S:01,56.5,16.15,0.05,56.5,-0.0,0.05,10,10,upper,Y,PISO_1,PISO_1_P11;PISO_1_P12;PISO_1_P21;PISO_1_P22;PISO_1_P31;PISO_1_P32;PISO_1_P41;PISO_1_P42;PISO_1_P51;PISO_1_P52,True
LT1:202-S:01,56.6,16.15,0.05,56.6,-0.0,0.05,10,10,upper,Y,PISO_1,PISO_1_P11;PISO_1_P12;PISO_1_P21;PISO_1_P22;PISO_1_P31;PISO_1_P32;PISO_1_P41;PISO_1_P42;PISO_1_P51;PISO_1_P52,True
LT1:202-S:01,56.7,16.15,0.05,56.7,-0.0,0.05,10,10,upper,Y,PISO_1,PISO_1_P11;PISO_1_P12;PISO_1_P21;PISO_1_P22;PISO_1_P31;PISO_1_P32;PISO_1_P41;PISO_1_P42;PISO_1_P51;PISO_1_P52,True
LT1:202-S:01,56.8,16.15,0.05,56.8,-0.0,0.05,10,10,upper,Y,PISO_1,PISO_1_P11;PISO_1_P12;PISO_1_P21;PISO_1_P22;PISO_1_P31;PISO_1_P32;PISO_1_P41;PISO_1_P42;PISO_1_P51;PISO_1_P52,True
LT1:202-S:01,56.9,16.15,0.05,56.9,-0.0,0.05,10,10,upper,Y,PISO_1,PISO_1_P11;PISO_1_P12;PISO_1_P21;PISO_1_P22;PISO_1_P31;PISO_1_P32;PISO_1_P41;PISO_1_P42;PISO_1_P51;PISO_1_P52,True
LT1:202-S:01,57.0,16.15,0.05,57.0,-0.0,0.05,10,10,upper,Y,PISO_1,PISO_1_P11;PISO_1_P12;PISO_1_P21;PISO_1_P22;PISO_1_P31;PISO_1_P32;PISO_1_P41;PISO_1_P42;PISO_1_P51;PISO_1_P52,True
LT1:202-S:01,57.1,16.15,0.05,57.1,-0.0,0.05,10,10,upper,Y,PISO_1,PISO_1_P11;PISO_1_P12;PISO_1_P21;PISO_1_P22;PISO_1_P31;PISO_1_P32;PISO_1_P41;PISO_1_P42;PISO_1_P51;PISO_1_P52,True
LT1:202-S:01,57.2,16.15,0.05,57.2,-0.0,0.05,10,10,upper,Y,PISO_1,PISO_1_P11;PISO_1_P12;PISO_1_P21;PISO_1_P22;PISO_1_P31;PISO_1_P32;PISO_1_P41;PISO_1_P42;PISO_1_P51;PISO_1_P52,True
LT1:202-S:01,57.3,16.15,0.05,57.3,-0.0,0.05,10,10,upper,Y,PISO_1,PISO_1_P11;PISO_1_P12;PISO_1_P21;PISO_1_P22;PISO_1_P31;PISO_1_P32;PISO_1_P41;PISO_1_P42;PISO_1_P51;PISO_1_P52,True
LT1:202-S:01,57.4,16.15,0.05,57.4,-0.0,0.05,10,10,upper,Y,PISO_1,PISO_1_P11;PISO_1_P12;PISO_1_P21;PISO_1_P22;PISO_1_P31;PISO_1_P32;PISO_1_P41;PISO_1_P42;PISO_1_P51;PISO_1_P52,True
LT1:202-S:01,57.5,16.15,0.05,57.5,-0.0,0.05,10,10,upper,Y,PISO_1,PISO_1_P11;PISO_1_P12;PISO_1_P21;PISO_1_P22;PISO_1_P31;PISO_1_P32;PISO_1_P41;PISO_1_P42;PISO_1_P51;PISO_1_P52,True
LT1:202-S:01,57.6,16.15,0.05,57.6,-0.0,0.05,10,10,upper,Y,PISO_1,PISO_1_P11;PISO_1_P12;PISO_1_P21;PISO_1_P22;PISO_1_P31;PISO_1_P32;PISO_1_P41;PISO_1_P42;PISO_1_P51;PISO_1_P52,True
LT1:202-S:01,57.7,16.15,0.05,57.7,-0.0,0.05,10,10,upper,Y,PISO_1,PISO_1_P11;PISO_1_P12;PISO_1_P21;PISO_1_P22;PISO_1_P31;PISO_1_P32;PISO_1_P41;PISO_1_P42;PISO_1_P51;PISO_1_P52,True
LT1:202-S:01,57.8,16.15,0.05,57.8,-0.0,0.05,10,10,upper,Y,PISO_1,PISO_1_P11;PISO_1_P12;PISO_1_P21;PISO_1_P22;PISO_1_P31;PISO_1_P32;PISO_1_P41;PISO_1_P42;PISO_1_P51;PISO_1_P52,True
LT1:202-S:01,57.9,16.15,0.05,57.9,-0.0,0.05,10,10,upper,Y,PISO_1,PISO_1_P11;PISO_1_P12;PISO_1_P21;PISO_1_P22;PISO_1_P31;PISO_1_P32;PISO_1_P41;PISO_1_P42;PISO_1_P51;PISO_1_P52,True
LT1:202-S:01,58.0,16.15,0.05,58.0,-0.0,0.05,10,10,upper,Y,PISO_1,PISO_1_P11;PISO_1_P12;PISO_1_P21;PISO_1_P22;PISO_1_P31;PISO_1_P32;PISO_1_P41;PISO_1_P42;PISO_1_P51;PISO_1_P52,True
LT1:202-S:01,58.1,16.15,0.05,58.1,-0.0,0.05,10,10,upper,Y,PISO_1,PISO_1_P11;PISO_1_P12;PISO_1_P21;PISO_1_P22;PISO_1_P31;PISO_1_P32;PISO_1_P41;PISO_1_P42;PISO_1_P51;PISO_1_P52,True
LT1:202-S:01,58.2,16.15,0.05,58.2,-0.0,0.05,10,10,upper,Y,PISO_1,PISO_1_P11;PISO_1_P12;PISO_1_P21;PISO_1_P22;PISO_1_P31;PISO_1_P32;PISO_1_P41;PISO_1_P42;PISO_1_P51;PISO_1_P52,True
LT1:202-S:01,58.3,16.15,0.05,58.3,-0.0,0.05,10,10,upper,Y,PISO_1,PISO_1_P11;PISO_1_P12;PISO_1_P21;PISO_1_P22;PISO_1_P31;PISO_1_P32;PISO_1_P41;PISO_1_P42;PISO_1_P51;PISO_1_P52,True
LT1:202-S:01,58.4,16.15,0.05,58.4,-0.0,0.05,10,10,upper,Y,PISO_1,PISO_1_P11;PISO_1_P12;PISO_1_P21;PISO_1_P22;PISO_1_P31;PISO_1_P32;PISO_1_P41;PISO_1_P42;PISO_1_P51;PISO_1_P52,True
LT1:202-S:01,58.5,16.15,0.05,58.5,-0.0,0.05,10,10,upper,Y,PISO_1,PISO_1_P11;PISO_1_P12;PISO_1_P21;PISO_1_P22;PISO_1_P31;PISO_1_P32;PISO_1_P41;PISO_1_P42;PISO_1_P51;PISO_1_P52,True
LT1:202-S:01,58.6,16.15,0.05,58.6,-0.0,0.05,10,10,upper,Y,PISO_1,PISO_1_P11;PISO_1_P12;PISO_1_P21;PISO_1_P22;PISO_1_P31;PISO_1_P32;PISO_1_P41;PISO_1_P42;PISO_1_P51;PISO_1_P52,True
LT1:202-S:01,58.7,16.15,0.05,58.7,-0.0,0.05,10,10,upper,Y,PISO_1,PISO_1_P11;PISO_1_P12;PISO_1_P21;PISO_1_P22;PISO_1_P31;PISO_1_P32;PISO_1_P41;PISO_1_P42;PISO_1_P51;PISO_1_P52,True
LT1:202-S:01,58.8,16.15,0.05,58.8,-0.0,0.05,10,10,upper,Y,PISO_1,PISO_1_P11;PISO_1_P12;PISO_1_P21;PISO_1_P22;PISO_1_P31;PISO_1_P32;PISO_1_P41;PISO_1_P42;PISO_1_P51;PISO_1_P52,True
LT1:202-S:01,58.9,16.15,0.05,58.9,-0.0,0.05,10,10,upper,Y,PISO_1,PISO_1_P11;PISO_1_P12;PISO_1_P21;PISO_1_P22;PISO_1_P31;PISO_1_P32;PISO_1_P41;PISO_1_P42;PISO_1_P51;PISO_1_P52,True
LT1:202-S:01,59.0,16.15,0.05,59.0,-0.0,0.05,10,10,upper,Y,PISO_1,PISO_1_P11;PISO_1_P12;PISO_1_P21;PISO_1_P22;PISO_1_P31;PISO_1_P32;PISO_1_P41;PISO_1_P42;PISO_1_P51;PISO_1_P52,True
LT1:202-S:01,59.1,16.15,0.05,59.1,-0.0,0.05,10,10,upper,Y,PISO_1,PISO_1_P11;PISO_1_P12;PISO_1_P21;PISO_1_P22;PISO_1_P31;PISO_1_P32;PISO_1_P41;PISO_1_P42;PISO_1_P51;PISO_1_P52,True
LT1:202-S:01,59.2,16.15,0.05,59.2,-0.0,0.05,10,10,upper,Y,PISO_1,PISO_1_P11;PISO_1_P12;PISO_1_P21;PISO_1_P22;PISO_1_P31;PISO_1_P32;PISO_1_P41;PISO_1_P42;PISO_1_P51;PISO_1_P52,True
LT1:202-S:01,59.3,16.15,0.05,59.3,-0.0,0.05,10,10,upper,Y,PISO_1,PISO_1_P11;PISO_1_P12;PISO_1_P21;PISO_1_P22;PISO_1_P31;PISO_1_P32;PISO_1_P41;PISO_1_P42;PISO_1_P51;PISO_1_P52,True
LT1:202-S:01,59.4,16.15,0.05,59.4,-0.0,0.05,10,10,upper,Y,PISO_1,PISO_1_P11;PISO_1_P12;PISO_1_P21;PISO_1_P22;PISO_1_P31;PISO_1_P32;PISO_1_P41;PISO_1_P42;PISO_1_P51;PISO_1_P52,True
LT1:202-S:01,59.5,16.15,0.05,59.5,-0.0,0.05,10,10,upper,Y,PISO_1,PISO_1_P11;PISO_1_P12;PISO_1_P21;PISO_1_P22;PISO_1_P31;PISO_1_P32;PISO_1_P41;PISO_1_P42;PISO_1_P51;PISO_1_P52,True
LT1:202-S:01,59.6,16.15,0.05,59.6,-0.0,0.05,10,10,upper,Y,PISO_1,PISO_1_P11;PISO_1_P12;PISO_1_P21;PISO_1_P22;PISO_1_P31;PISO_1_P32;PISO_1_P41;PISO_1_P42;PISO_1_P51;PISO_1_P52,True
LT1:202-S:01,59.7,16.15,0.05,59.7,-0.0,0.05,10,10,upper,Y,PISO_1,PISO_1_P11;PISO_1_P12;PISO_1_P21;PISO_1_P22;PISO_1_P31;PISO_1_P32;PISO_1_P41;PISO_1_P42;PISO_1_P51;PISO_1_P52,True
LT1:202-S:01,59.8,16.15,0.05,59.8,-0.0,0.05,10,10,upper,Y,PISO_1,PISO_1_P11;PISO_1_P12;PISO_1_P21;PISO_1_P22;PISO_1_P31;PISO_1_P32;PISO_1_P41;PISO_1_P42;PISO_1_P51;PISO_1_P52,True
LT1:202-S:01,59.9,16.15,0.05,59.9,-0.0,0.05,10,10,upper,Y,PISO_1,PISO_1_P11;PISO_1_P12;PISO_1_P21;PISO_1_P22;PISO_1_P31;PISO_1_P32;PISO_1_P41;PISO_1_P42;PISO_1_P51;PISO_1_P52,True
LT1:202-S:01,60.0,16.15,0.05,60.0,-0.0,0.05,10,10,upper,Y,PISO_1,PISO_1_P11;PISO_1_P12;PISO_1_P21;PISO_1_P22;PISO_1_P31;PISO_1_P32;PISO_1_P41;PISO_1_P42;PISO_1_P51;PISO_1_P52,True
LT1:202-S:01,60.1,16.15,0.05,60.1,-0.0,0.05,10,10,upper,Y,PISO_1,PISO_1_P11;PISO_1_P12;PISO_1_P21;PISO_1_P22;PISO_1_P31;PISO_1_P32;PISO_1_P41;PISO_1_P42;PISO_1_P51;PISO_1_P52,True
LT1:202-S:01,60.2,16.15,0.05,60.2,-0.0,0.05,10,10,upper,Y,PISO_1,PISO_1_P11;PISO_1_P12;PISO_1_P21;PISO_1_P22;PISO_1_P31;PISO_1_P32;PISO_1_P41;PISO_1_P42;PISO_1_P51;PISO_1_P52,True
LT1:202-S:01,60.3,16.15,0.05,60.3,-0.0,0.05,10,10,upper,Y,PISO_1,PISO_1_P11;PISO_1_P12;PISO_1_P21;PISO_1_P22;PISO_1_P31;PISO_1_P32;PISO_1_P41;PISO_1_P42;PISO_1_P51;PISO_1_P52,True
LT1:202-S:01,60.4,16.15,0.05,60.4,-0.0,0.05,10,10,upper,Y,PISO_1,PISO_1_P11;PISO_1_P12;PISO_1_P21;PISO_1_P22;PISO_1_P31;PISO_1_P32;PISO_1_P41;PISO_1_P42;PISO_1_P51;PISO_1_P52,True
LT1:202-S:01,60.5,16.15,0.05,60.5,-0.0,0.05,10,10,upper,Y,PISO_1,PISO_1_P11;PISO_1_P12;PISO_1_P21;PISO_1_P22;PISO_1_P31;PISO_1_P32;PISO_1_P41;PISO_1_P42;PISO_1_P51;PISO_1_P52,True
LT1:202-S:01,60.6,16.15,0.05,60.6,-0.0,0.05,10,10,upper,Y,PISO_1,PISO_1_P11;PISO_1_P12;PISO_1_P21;PISO_1_P22;PISO_1_P31;PISO_1_P32;PISO_1_P41;PISO_1_P42;PISO_1_P51;PISO_1_P52,True
LT1:202-S:01,60.7,16.15,0.05,60.7,-0.0,0.05,10,10,upper,Y,PISO_1,PISO_1_P11;PISO_1_P12;PISO_1_P21;PISO_1_P22;PISO_1_P31;PISO_1_P32;PISO_1_P41;PISO_1_P42;PISO_1_P51;PISO_1_P52,True
LT1:202-S:01,60.8,16.15,0.05,60.8,-0.0,0.05,10,10,upper,Y,PISO_1,PISO_1_P11;PISO_1_P12;PISO_1_P21;PISO_1_P22;PISO_1_P31;PISO_1_P32;PISO_1_P41;PISO_1_P42;PISO_1_P51;PISO_1_P52,True
LT1:202-S:01,60.9,16.15,0.05,60.9,-0.0,0.05,10,10,upper,Y,PISO_1,PISO_1_P11;PISO_1_P12;PISO_1_P21;PISO_1_P22;PISO_1_P31;PISO_1_P32;PISO_1_P41;PISO_1_P42;PISO_1_P51;PISO_1_P52,True
LT1:202-S:01,61.0,16.15,0.05,61.0,-0.0,0.05,10,10,upper,Y,PISO_1,PISO_1_P11;PISO_1_P12;PISO_1_P21;PISO_1_P22;PISO_1_P31;PISO_1_P32;PISO_1_P41;PISO_1_P42;PISO_1_P51;PISO_1_P52,True
LT1:202-S:01,61.1,16.15,0.05,61.1,-0.0,0.05,10,10,upper,Y,PISO_1,PISO_1_P11;PISO_1_P12;PISO_1_P21;PISO_1_P22;PISO_1_P31;PISO_1_P32;PISO_1_P41;PISO_1_P42;PISO_1_P51;PISO_1_P52,True
LT1:202-S:01,61.2,16.15,0.05,61.2,-0.0,0.05,10,10,upper,Y,PISO_1,PISO_1_P11;PISO_1_P12;PISO_1_P21;PISO_1_P22;PISO_1_P31;PISO_1_P32;PISO_1_P41;PISO_1_P42;PISO_1_P51;PISO_1_P52,True
LT1:202-S:01,61.3,16.15,0.05,61.3,-0.0,0.05,10,10,upper,Y,PISO_1,PISO_1_P11;PISO_1_P12;PISO_1_P21;PISO_1_P22;PISO_1_P31;PISO_1_P32;PISO_1_P41;PISO_1_P42;PISO_1_P51;PISO_1_P52,True
LT1:202-S:01,61.4,16.15,0.05,61.4,-0.0,0.05,10,10,upper,Y,PISO_1,PISO_1_P11;PISO_1_P12;PISO_1_P21;PISO_1_P22;PISO_1_P31;PISO_1_P32;PISO_1_P41;PISO_1_P42;PISO_1_P51;PISO_1_P52,True
LT1:202-S:01,61.5,16.15,0.05,61.5,-0.0,0.05,10,10,upper,Y,PISO_1,PISO_1_P11;PISO_1_P12;PISO_1_P21;PISO_1_P22;PISO_1_P31;PISO_1_P32;PISO_1_P41;PISO_1_P42;PISO_1_P51;PISO_1_P52,True
LT1:202-S:01,61.6,16.15,0.05,61.6,-0.0,0.05,10,10,upper,Y,PISO_1,PISO_1_P11;PISO_1_P12;PISO_1_P21;PISO_1_P22;PISO_1_P31;PISO_1_P32;PISO_1_P41;PISO_1_P42;PISO_1_P51;PISO_1_P52,True
LT1:202-S:01,61.7,16.15,0.05,61.7,-0.0,0.05,10,10,upper,Y,PISO_1,PISO_1_P11;PISO_1_P12;PISO_1_P21;PISO_1_P22;PISO_1_P31;PISO_1_P32;PISO_1_P41;PISO_1_P42;PISO_1_P51;PISO_1_P52,True
LT1:202-S:01,61.8,16.15,0.05,61.8,-0.0,0.05,10,10,upper,Y,PISO_1,PISO_1_P11;PISO_1_P12;PISO_1_P21;PISO_1_P22;PISO_1_P31;PISO_1_P32;PISO_1_P41;PISO_1_P42;PISO_1_P51;PISO_1_P52,True
LT1:202-S:01,61.9,16.15,0.05,61.9,-0.0,0.05,10,10,upper,Y,PISO_1,PISO_1_P11;PISO_1_P12;PISO_1_P21;PISO_1_P22;PISO_1_P31;PISO_1_P32;PISO_1_P41;PISO_1_P42;PISO_1_P51;PISO_1_P52,True
LT1:202-S:01,62.0,16.15,0.05,62.0,-0.0,0.05,10,10,upper,Y,PISO_1,PISO_1_P11;PISO_1_P12;PISO_1_P21;PISO_1_P22;PISO_1_P31;PISO_1_P32;PISO_1_P41;PISO_1_P42;PISO_1_P51;PISO_1_P52,True
LT1:202-S:01,62.1,16.15,0.05,62.1,-0.0,0.05,10,10,upper,Y,PISO_1,PISO_1_P11;PISO_1_P12;PISO_1_P21;PISO_1_P22;PISO_1_P31;PISO_1_P32;PISO_1_P41;PISO_1_P42;PISO_1_P51;PISO_1_P52,True
LT1:202-S:01,62.2,16.15,0.05,62.2,-0.0,0.05,10,10,upper,Y,PISO_1,PISO_1_P11;PISO_1_P12;PISO_1_P21;PISO_1_P22;PISO_1_P31;PISO_1_P32;PISO_1_P41;PISO_1_P42;PISO_1_P51;PISO_1_P52,True
LT1:202-S:01,62.3,16.15,0.05,62.3,-0.0,0.05,10,10,upper,Y,PISO_1,PISO_1_P11;PISO_1_P12;PISO_1_P21;PISO_1_P22;PISO_1_P31;PISO_1_P32;PISO_1_P41;PISO_1_P42;PISO_1_P51;PISO_1_P52,True
LT1:202-S:01,62.4,16.15,0.05,62.4,-0.0,0.05,10,10,upper,Y,PISO_1,PISO_1_P11;PISO_1_P12;PISO_1_P21;PISO_1_P22;PISO_1_P31;PISO_1_P32;PISO_1_P41;PISO_1_P42;PISO_1_P51;PISO_1_P52,True
LT1:202-S:01,62.5,16.15,0.05,62.5,-0.0,0.05,10,10,upper,Y,PISO_1,PISO_1_P11;PISO_1_P12;PISO_1_P21;PISO_1_P22;PISO_1_P31;PISO_1_P32;PISO_1_P41;PISO_1_P42;PISO_1_P51;PISO_1_P52,True
LT1:202-S:01,62.6,16.15,0.05,62.6,-0.0,0.05,10,10,upper,Y,PISO_1,PISO_1_P11;PISO_1_P12;PISO_1_P21;PISO_1_P22;PISO_1_P31;PISO_1_P32;PISO_1_P41;PISO_1_P42;PISO_1_P51;PISO_1_P52,True
LT1:202-S:01,62.7,16.15,0.05,62.7,-0.0,0.05,10,10,upper,Y,PISO_1,PISO_1_P11;PISO_1_P12;PISO_1_P21;PISO_1_P22;PISO_1_P31;PISO_1_P32;PISO_1_P41;PISO_1_P42;PISO_1_P51;PISO_1_P52,True
LT1:202-S:01,62.8,16.15,0.05,62.8,-0.0,0.05,10,10,upper,Y,PISO_1,PISO_1_P11;PISO_1_P12;PISO_1_P21;PISO_1_P22;PISO_1_P31;PISO_1_P32;PISO_1_P41;PISO_1_P42;PISO_1_P51;PISO_1_P52,True
LT1:202-S:01,62.9,16.15,0.05,62.9,-0.0,0.05,10,10,upper,Y,PISO_1,PISO_1_P11;PISO_1_P12;PISO_1_P21;PISO_1_P22;PISO_1_P31;PISO_1_P32;PISO_1_P41;PISO_1_P42;PISO_1_P51;PISO_1_P52,True
LT1:202-S:01,63.0,16.15,0.05,63.0,-0.0,0.05,10,10,upper,Y,PISO_1,PISO_1_P11;PISO_1_P12;PISO_1_P21;PISO_1_P22;PISO_1_P31;PISO_1_P32;PISO_1_P41;PISO_1_P42;PISO_1_P51;PISO_1_P52,True
LT1:202-S:01,63.1,16.15,0.05,63.1,-0.0,0.05,10,10,upper,Y,PISO_1,PISO_1_P11;PISO_1_P12;PISO_1_P21;PISO_1_P22;PISO_1_P31;PISO_1_P32;PISO_1_P41;PISO_1_P42;PISO_1_P51;PISO_1_P52,True
LT1:202-S:01,63.2,16.15,0.05,63.2,-0.0,0.05,10,10,upper,Y,PISO_1,PISO_1_P11;PISO_1_P12;PISO_1_P21;PISO_1_P22;PISO_1_P31;PISO_1_P32;PISO_1_P41;PISO_1_P42;PISO_1_P51;PISO_1_P52,True
LT1:202-S:01,63.3,16.15,0.05,63.3,-0.0,0.05,10,10,upper,Y,PISO_1,PISO_1_P11;PISO_1_P12;PISO_1_P21;PISO_1_P22;PISO_1_P31;PISO_1_P32;PISO_1_P41;PISO_1_P42;PISO_1_P51;PISO_1_P52,True
LT1:202-S:01,63.4,16.15,0.05,63.4,-0.0,0.05,10,10,upper,Y,PISO_1,PISO_1_P11;PISO_1_P12;PISO_1_P21;PISO_1_P22;PISO_1_P31;PISO_1_P32;PISO_1_P41;PISO_1_P42;PISO_1_P51;PISO_1_P52,True
LT1:202-S:01,63.5,16.15,0.05,63.5,-0.0,0.05,10,10,upper,Y,PISO_1,PISO_1_P11;PISO_1_P12;PISO_1_P21;PISO_1_P22;PISO_1_P31;PISO_1_P32;PISO_1_P41;PISO_1_P42;PISO_1_P51;PISO_1_P52,True
LT1:202-S:01,63.6,16.15,0.05,63.6,-0.0,0.05,10,10,upper,Y,PISO_1,PISO_1_P11;PISO_1_P12;PISO_1_P21;PISO_1_P22;PISO_1_P31;PISO_1_P32;PISO_1_P41;PISO_1_P42;PISO_1_P51;PISO_1_P52,True
LT1:202-S:01,63.7,16.15,0.05,63.7,-0.0,0.05,10,10,upper,Y,PISO_1,PISO_1_P11;PISO_1_P12;PISO_1_P21;PISO_1_P22;PISO_1_P31;PISO_1_P32;PISO_1_P41;PISO_1_P42;PISO_1_P51;PISO_1_P52,True
LT1:202-S:01,63.8,16.15,0.05,63.8,-0.0,0.05,10,10,upper,Y,PISO_1,PISO_1_P11;PISO_1_P12;PISO_1_P21;PISO_1_P22;PISO_1_P31;PISO_1_P32;PISO_1_P41;PISO_1_P42;PISO_1_P51;PISO_1_P52,True
LT1:202-S:01,63.9,16.15,0.05,63.9,-0.0,0.05,10,10,upper,Y,PISO_1,PISO_1_P11;PISO_1_P12;PISO_1_P21;PISO_1_P22;PISO_1_P31;PISO_1_P32;PISO_1_P41;PISO_1_P42;PISO_1_P51;PISO_1_P52,True
LT1:202-S:01,64.0,16.15,0.05,64.0,-0.0,0.05,10,10,upper,Y,PISO_1,PISO_1_P11;PISO_1_P12;PISO_1_P21;PISO_1_P22;PISO_1_P31;PISO_1_P32;PISO_1_P41;PISO_1_P42;PISO_1_P51;PISO_1_P52,True
LT1:202-S:01,64.1,16.15,0.05,64.1,-0.0,0.05,10,10,upper,Y,PISO_1,PISO_1_P11;PISO_1_P12;PISO_1_P21;PISO_1_P22;PISO_1_P31;PISO_1_P32;PISO_1_P41;PISO_1_P42;PISO_1_P51;PISO_1_P52,True
LT1:202-S:01,64.2,16.15,0.05,64.2,-0.0,0.05,10,10,upper,Y,PISO_1,PISO_1_P11;PISO_1_P12;PISO_1_P21;PISO_1_P22;PISO_1_P31;PISO_1_P32;PISO_1_P41;PISO_1_P42;PISO_1_P51;PISO_1_P52,True
LT1:202-S:01,64.3,16.15,0.05,64.3,-0.0,0.05,10,10,upper,Y,PISO_1,PISO_1_P11;PISO_1_P12;PISO_1_P21;PISO_1_P22;PISO_1_P31;PISO_1_P32;PISO_1_P41;PISO_1_P42;PISO_1_P51;PISO_1_P52,True
LT1:202-S:01,64.4,16.15,0.05,64.4,-0.0,0.05,10,10,upper,Y,PISO_1,PISO_1_P11;PISO_1_P12;PISO_1_P21;PISO_1_P22;PISO_1_P31;PISO_1_P32;PISO_1_P41;PISO_1_P42;PISO_1_P51;PISO_1_P52,True
LT1:202-S:01,64.5,16.15,0.05,64.5,-0.0,0.05,10,10,upper,Y,PISO_1,PISO_1_P11;PISO_1_P12;PISO_1_P21;PISO_1_P22;PISO_1_P31;PISO_1_P32;PISO_1_P41;PISO_1_P42;PISO_1_P51;PISO_1_P52,True
LT1:202-S:01,64.6,16.15,0.05,64.6,-0.0,0.05,10,10,upper,Y,PISO_1,PISO_1_P11;PISO_1_P12;PISO_1_P21;PISO_1_P22;PISO_1_P31;PISO_1_P32;PISO_1_P41;PISO_1_P42;PISO_1_P51;PISO_1_P52,True
LT1:202-S:01,64.7,16.15,0.05,64.7,-0.0,0.05,10,10,upper,Y,PISO_1,PISO_1_P11;PISO_1_P12;PISO_1_P21;PISO_1_P22;PISO_1_P31;PISO_1_P32;PISO_1_P41;PISO_1_P42;PISO_1_P51;PISO_1_P52,True
LT1:202-S:01,64.8,16.15,0.05,64.8,-0.0,0.05,10,10,upper,Y,PISO_1,PISO_1_P11;PISO_1_P12;PISO_1_P21;PISO_1_P22;PISO_1_P31;PISO_1_P32;PISO_1_P41;PISO_1_P42;PISO_1_P51;PISO_1_P52,True
LT1:202-S:01,64.9,16.15,0.05,64.9,-0.0,0.05,10,10,upper,Y,PISO_1,PISO_1_P11;PISO_1_P12;PISO_1_P21;PISO_1_P22;PISO_1_P31;PISO_1_P32;PISO_1_P41;PISO_1_P42;PISO_1_P51;PISO_1_P52,True
LT1:202-S:01,65.0,16.15,0.05,65.0,-0.0,0.05,10,10,upper,Y,PISO_1,PISO_1_P11;PISO_1_P12;PISO_1_P21;PISO_1_P22;PISO_1_P31;PISO_1_P32;PISO_1_P41;PISO_1_P42;PISO_1_P51;PISO_1_P52,True
LT1:202-S:01,65.1,16.15,0.05,65.1,-0.0,0.05,10,10,upper,Y,PISO_1,PISO_1_P11;PISO_1_P12;PISO_1_P21;PISO_1_P22;PISO_1_P31;PISO_1_P32;PISO_1_P41;PISO_1_P42;PISO_1_P51;PISO_1_P52,True
LT1:202-S:01,65.2,16.15,0.05,65.2,-0.0,0.05,10,10,upper,Y,PISO_1,PISO_1_P11;PISO_1_P12;PISO_1_P21;PISO_1_P22;PISO_1_P31;PISO_1_P32;PISO_1_P41;PISO_1_P42;PISO_1_P51;PISO_1_P52,True
LT1:202-S:01,65.3,16.15,0.05,65.3,-0.0,0.05,10,10,upper,Y,PISO_1,PISO_1_P11;PISO_1_P12;PISO_1_P21;PISO_1_P22;PISO_1_P31;PISO_1_P32;PISO_1_P41;PISO_1_P42;PISO_1_P51;PISO_1_P52,True
LT1:202-S:01,65.4,16.15,0.05,65.4,-0.0,0.05,10,10,upper,Y,PISO_1,PISO_1_P11;PISO_1_P12;PISO_1_P21;PISO_1_P22;PISO_1_P31;PISO_1_P32;PISO_1_P41;PISO_1_P42;PISO_1_P51;PISO_1_P52,True
LT1:202-S:01,65.5,16.15,0.05,65.5,-0.0,0.05,10,10,upper,Y,PISO_1,PISO_1_P11;PISO_1_P12;PISO_1_P21;PISO_1_P22;PISO_1_P31;PISO_1_P32;PISO_1_P41;PISO_1_P42;PISO_1_P51;PISO_1_P52,True
LT1:202-S:01,65.6,16.15,0.05,65.6,-0.0,0.05,10,10,upper,Y,PISO_1,PISO_1_P11;PISO_1_P12;PISO_1_P21;PISO_1_P22;PISO_1_P31;PISO_1_P32;PISO_1_P41;PISO_1_P42;PISO_1_P51;PISO_1_P52,True
LT1:202-S:01,65.7,16.15,0.05,65.7,-0.0,0.05,10,10,upper,Y,PISO_1,PISO_1_P11;PISO_1_P12;PISO_1_P21;PISO_1_P22;PISO_1_P31;PISO_1_P32;PISO_1_P41;PISO_1_P42;PISO_1_P51;PISO_1_P52,True
LT1:202-S:01,65.8,16.15,0.05,65.8,-0.0,0.05,10,10,upper,Y,PISO_1,PISO_1_P11;PISO_1_P12;PISO_1_P21;PISO_1_P22;PISO_1_P31;PISO_1_P32;PISO_1_P41;PISO_1_P42;PISO_1_P51;PISO_1_P52,True
LT1:202-S:01,65.9,16.15,0.05,65.9,-0.0,0.05,10,10,upper,Y,PISO_1,PISO_1_P11;PISO_1_P12;PISO_1_P21;PISO_1_P22;PISO_1_P31;PISO_1_P32;PISO_1_P41;PISO_1_P42;PISO_1_P51;PISO_1_P52,True
LT1:202-S:01,66.0,16.15,0.05,66.0,-0.0,0.05,10,10,upper,Y,PISO_1,PISO_1_P11;PISO_1_P12;PISO_1_P21;PISO_1_P22;PISO_1_P31;PISO_1_P32;PISO_1_P41;PISO_1_P42;PISO_1_P51;PISO_1_P52,True
LT1:202-S:01,66.1,16.15,0.05,66.1,-0.0,0.05,10,10,upper,Y,PISO_1,PISO_1_P11;PISO_1_P12;PISO_1_P21;PISO_1_P22;PISO_1_P31;PISO_1_P32;PISO_1_P41;PISO_1_P42;PISO_1_P51;PISO_1_P52,True
LT1:202-S:01,66.2,16.15,0.05,66.2,-0.0,0.05,10,10,upper,Y,PISO_1,PISO_1_P11;PISO_1_P12;PISO_1_P21;PISO_1_P22;PISO_1_P31;PISO_1_P32;PISO_1_P41;PISO_1_P42;PISO_1_P51;PISO_1_P52,True
LT1:202-S:01,66.3,16.15,0.05,66.3,-0.0,0.05,10,10,upper,Y,PISO_1,PISO_1_P11;PISO_1_P12;PISO_1_P21;PISO_1_P22;PISO_1_P31;PISO_1_P32;PISO_1_P41;PISO_1_P42;PISO_1_P51;PISO_1_P52,True
LT1:202-S:01,66.4,16.15,0.05,66.4,-0.0,0.05,10,10,upper,Y,PISO_1,PISO_1_P11;PISO_1_P12;PISO_1_P21;PISO_1_P22;PISO_1_P31;PISO_1_P32;PISO_1_P41;PISO_1_P42;PISO_1_P51;PISO_1_P52,True
LT1:202-S:01,66.5,16.15,0.05,66.5,-0.0,0.05,10,10,upper,Y,PISO_1,PISO_1_P11;PISO_1_P12;PISO_1_P21;PISO_1_P22;PISO_1_P31;PISO_1_P32;PISO_1_P41;PISO_1_P42;PISO_1_P51;PISO_1_P52,True
LT1:202-S:01,66.6,16.15,0.05,66.6,-0.0,0.05,10,10,upper,Y,PISO_1,PISO_1_P11;PISO_1_P12;PISO_1_P21;PISO_1_P22;PISO_1_P31;PISO_1_P32;PISO_1_P41;PISO_1_P42;PISO_1_P51;PISO_1_P52,True
LT1:202-S:01,66.7,16.15,0.05,66.7,-0.0,0.05,10,10,upper,Y,PISO_1,PISO_1_P11;PISO_1_P12;PISO_1_P21;PISO_1_P22;PISO_1_P31;PISO_1_P32;PISO_1_P41;PISO_1_P42;PISO_1_P51;PISO_1_P52,True
LT1:202-S:01,66.8,16.15,0.05,66.8,-0.0,0.05,10,10,upper,Y,PISO_1,PISO_1_P11;PISO_1_P12;PISO_1_P21;PISO_1_P22;PISO_1_P31;PISO_1_P32;PISO_1_P41;PISO_1_P42;PISO_1_P51;PISO_1_P52,True
LT1:202-S:01,66.9,16.15,0.05,66.9,-0.0,0.05,10,10,upper,Y,PISO_1,PISO_1_P11;PISO_1_P12;PISO_1_P21;PISO_1_P22;PISO_1_P31;PISO_1_P32;PISO_1_P41;PISO_1_P42;PISO_1_P51;PISO_1_P52,True
LT1:202-S:01,67.0,16.15,0.05,67.0,-0.0,0.05,10,10,upper,Y,PISO_1,PISO_1_P11;PISO_1_P12;PISO_1_P21;PISO_1_P22;PISO_1_P31;PISO_1_P32;PISO_1_P41;PISO_1_P42;PISO_1_P51;PISO_1_P52,True
LT1:202-S:01,67.1,16.15,0.05,67.1,-0.0,0.05,10,10,upper,Y,PISO_1,PISO_1_P11;PISO_1_P12;PISO_1_P21;PISO_1_P22;PISO_1_P31;PISO_1_P32;PISO_1_P41;PISO_1_P42;PISO_1_P51;PISO_1_P52,True
LT1:202-S:01,67.2,16.15,0.05,67.2,-0.0,0.05,10,10,upper,Y,PISO_1,PISO_1_P11;PISO_1_P12;PISO_1_P21;PISO_1_P22;PISO_1_P31;PISO_1_P32;PISO_1_P41;PISO_1_P42;PISO_1_P51;PISO_1_P52,True
LT1:202-S:01,67.3,16.15,0.05,67.3,-0.0,0.05,10,10,upper,Y,PISO_1,PISO_1_P11;PISO_1_P12;PISO_1_P21;PISO_1_P22;PISO_1_P31;PISO_1_P32;PISO_1_P41;PISO_1_P42;PISO_1_P51;PISO_1_P52,True
LT1:202-S:01,67.4,16.15,0.05,67.4,-0.0,0.05,10,10,upper,Y,PISO_1,PISO_1_P11;PISO_1_P12;PISO_1_P21;PISO_1_P22;PISO_1_P31;PISO_1_P32;PISO_1_P41;PISO_1_P42;PISO_1_P51;PISO_1_P52,True
LT1:202-S:01,67.5,16.15,0.05,67.5,-0.0,0.05,10,10,upper,Y,PISO_1,PISO_1_P11;PISO_1_P12;PISO_1_P21;PISO_1_P22;PISO_1_P31;PISO_1_P32;PISO_1_P41;PISO_1_P42;PISO_1_P51;PISO_1_P52,True
LT1:202-S:01,67.6,16.15,0.05,67.6,-0.0,0.05,10,10,upper,Y,PISO_1,PISO_1_P11;PISO_1_P12;PISO_1_P21;PISO_1_P22;PISO_1_P31;PISO_1_P32;PISO_1_P41;PISO_1_P42;PISO_1_P51;PISO_1_P52,True
LT1:202-S:01,67.7,16.15,0.05,67.7,-0.0,0.05,10,10,upper,Y,PISO_1,PISO_1_P11;PISO_1_P12;PISO_1_P21;PISO_1_P22;PISO_1_P31;PISO_1_P32;PISO_1_P41;PISO_1_P42;PISO_1_P51;PISO_1_P52,True
LT1:202-S:01,67.8,16.15,0.05,67.8,-0.0,0.05,10,10,upper,Y,PISO_1,PISO_1_P11;PISO_1_P12;PISO_1_P21;PISO_1_P22;PISO_1_P31;PISO_1_P32;PISO_1_P41;PISO_1_P42;PISO_1_P51;PISO_1_P52,True
LT1:202-S:01,67.9,16.15,0.05,67.9,-0.0,0.05,10,10,upper,Y,PISO_1,PISO_1_P11;PISO_1_P12;PISO_1_P21;PISO_1_P22;PISO_1_P31;PISO_1_P32;PISO_1_P41;PISO_1_P42;PISO_1_P51;PISO_1_P52,True
LT1:202-S:01,68.0,16.15,0.05,68.0,-0.0,0.05,10,10,upper,Y,PISO_1,PISO_1_P11;PISO_1_P12;PISO_1_P21;PISO_1_P22;PISO_1_P31;PISO_1_P32;PISO_1_P41;PISO_1_P42;PISO_1_P51;PISO_1_P52,True
LT1:202-S:01,68.1,16.15,0.05,68.1,-0.0,0.05,10,10,upper,Y,PISO_1,PISO_1_P11;PISO_1_P12;PISO_1_P21;PISO_1_P22;PISO_1_P31;PISO_1_P32;PISO_1_P41;PISO_1_P42;PISO_1_P51;PISO_1_P52,True
LT1:202-S:01,68.2,16.15,0.05,68.2,-0.0,0.05,10,10,upper,Y,PISO_1,PISO_1_P11;PISO_1_P12;PISO_1_P21;PISO_1_P22;PISO_1_P31;PISO_1_P32;PISO_1_P41;PISO_1_P42;PISO_1_P51;PISO_1_P52,True
LT1:202-S:01,68.3,16.15,0.05,68.3,-0.0,0.05,10,10,upper,Y,PISO_1,PISO_1_P11;PISO_1_P12;PISO_1_P21;PISO_1_P22;PISO_1_P31;PISO_1_P32;PISO_1_P41;PISO_1_P42;PISO_1_P51;PISO_1_P52,True
LT1:202-S:01,68.4,16.15,0.05,68.4,-0.0,0.05,10,10,upper,Y,PISO_1,PISO_1_P11;PISO_1_P12;PISO_1_P21;PISO_1_P22;PISO_1_P31;PISO_1_P32;PISO_1_P41;PISO_1_P42;PISO_1_P51;PISO_1_P52,True
LT1:202-S:01,68.5,16.15,0.05,68.5,-0.0,0.05,10,10,upper,Y,PISO_1,PISO_1_P11;PISO_1_P12;PISO_1_P21;PISO_1_P22;PISO_1_P31;PISO_1_P32;PISO_1_P41;PISO_1_P42;PISO_1_P51;PISO_1_P52,True
LT1:202-S:01,68.6,16.15,0.05,68.6,-0.0,0.05,10,10,upper,Y,PISO_1,PISO_1_P11;PISO_1_P12;PISO_1_P21;PISO_1_P22;PISO_1_P31;PISO_1_P32;PISO_1_P41;PISO_1_P42;PISO_1_P51;PISO_1_P52,True
LT1:202-S:01,68.7,16.15,0.05,68.7,-0.0,0.05,10,10,upper,Y,PISO_1,PISO_1_P11;PISO_1_P12;PISO_1_P21;PISO_1_P22;PISO_1_P31;PISO_1_P32;PISO_1_P41;PISO_1_P42;PISO_1_P51;PISO_1_P52,True
LT1:202-S:01,68.8,16.15,0.05,68.8,-0.0,0.05,10,10,upper,Y,PISO_1,PISO_1_P11;PISO_1_P12;PISO_1_P21;PISO_1_P22;PISO_1_P31;PISO_1_P32;PISO_1_P41;PISO_1_P42;PISO_1_P51;PISO_1_P52,True
LT1:202-S:01,68.9,16.15,0.05,68.9,-0.0,0.05,10,10,upper,Y,PISO_1,PISO_1_P11;PISO_1_P12;PISO_1_P21;PISO_1_P22;PISO_1_P31;PISO_1_P32;PISO_1_P41;PISO_1_P42;PISO_1_P51;PISO_1_P52,True
LT1:202-S:01,69.0,16.15,0.05,69.0,-0.0,0.05,10,10,upper,Y,PISO_1,PISO_1_P11;PISO_1_P12;PISO_1_P21;PISO_1_P22;PISO_1_P31;PISO_1_P32;PISO_1_P41;PISO_1_P42;PISO_1_P51;PISO_1_P52,True
LT1:202-S:01,69.1,16.15,0.05,69.1,-0.0,0.05,10,10,upper,Y,PISO_1,PISO_1_P11;PISO_1_P12;PISO_1_P21;PISO_1_P22;PISO_1_P31;PISO_1_P32;PISO_1_P41;PISO_1_P42;PISO_1_P51;PISO_1_P52,True
LT1:202-S:01,69.2,16.15,0.05,69.2,-0.0,0.05,10,10,upper,Y,PISO_1,PISO_1_P11;PISO_1_P12;PISO_1_P21;PISO_1_P22;PISO_1_P31;PISO_1_P32;PISO_1_P41;PISO_1_P42;PISO_1_P51;PISO_1_P52,True
LT1:202-S:01,69.3,16.15,0.05,69.3,-0.0,0.05,10,10,upper,Y,PISO_1,PISO_1_P11;PISO_1_P12;PISO_1_P21;PISO_1_P22;PISO_1_P31;PISO_1_P32;PISO_1_P41;PISO_1_P42;PISO_1_P51;PISO_1_P52,True
LT1:202-S:01,69.4,16.15,0.05,69.4,-0.0,0.05,10,10,upper,Y,PISO_1,PISO_1_P11;PISO_1_P12;PISO_1_P21;PISO_1_P22;PISO_1_P31;PISO_1_P32;PISO_1_P41;PISO_1_P42;PISO_1_P51;PISO_1_P52,True
LT1:202-S:01,69.5,16.15,0.05,69.5,-0.0,0.05,10,10,upper,Y,PISO_1,PISO_1_P11;PISO_1_P12;PISO_1_P21;PISO_1_P22;PISO_1_P31;PISO_1_P32;PISO_1_P41;PISO_1_P42;PISO_1_P51;PISO_1_P52,True
LT1:202-S:01,69.6,16.15,0.05,69.6,-0.0,0.05,10,10,upper,Y,PISO_1,PISO_1_P11;PISO_1_P12;PISO_1_P21;PISO_1_P22;PISO_1_P31;PISO_1_P32;PISO_1_P41;PISO_1_P42;PISO_1_P51;PISO_1_P52,True
LT1:202-S:01,69.7,16.15,0.05,69.7,-0.0,0.05,10,10,upper,Y,PISO_1,PISO_1_P11;PISO_1_P12;PISO_1_P21;PISO_1_P22;PISO_1_P31;PISO_1_P32;PISO_1_P41;PISO_1_P42;PISO_1_P51;PISO_1_P52,True
LT1:202-S:01,69.8,16.15,0.05,69.8,-0.0,0.05,10,10,upper,Y,PISO_1,PISO_1_P11;PISO_1_P12;PISO_1_P21;PISO_1_P22;PISO_1_P31;PISO_1_P32;PISO_1_P41;PISO_1_P42;PISO_1_P51;PISO_1_P52,True
LT1:202-S:01,69.9,16.15,0.05,69.9,-0.0,0.05,10,10,upper,Y,PISO_1,PISO_1_P11;PISO_1_P12;PISO_1_P21;PISO_1_P22;PISO_1_P31;PISO_1_P32;PISO_1_P41;PISO_1_P42;PISO_1_P51;PISO_1_P52,True
LT1:202-S:01,70.0,16.15,0.05,70.0,-0.0,0.05,10,10,upper,Y,PISO_1,PISO_1_P11;PISO_1_P12;PISO_1_P21;PISO_1_P22;PISO_1_P31;PISO_1_P32;PISO_1_P41;PISO_1_P42;PISO_1_P51;PISO_1_P52,True
LT1:202-S:01,70.1,16.15,0.05,70.1,-0.0,0.05,10,10,upper,Y,PISO_1,PISO_1_P11;PISO_1_P12;PISO_1_P21;PISO_1_P22;PISO_1_P31;PISO_1_P32;PISO_1_P41;PISO_1_P42;PISO_1_P51;PISO_1_P52,True
LT1:202-S:01,70.2,16.15,0.05,70.2,-0.0,0.05,10,10,upper,Y,PISO_1,PISO_1_P11;PISO_1_P12;PISO_1_P21;PISO_1_P22;PISO_1_P31;PISO_1_P32;PISO_1_P41;PISO_1_P42;PISO_1_P51;PISO_1_P52,True
LT1:202-S:01,70.3,16.15,0.05,70.3,-0.0,0.05,10,10,upper,Y,PISO_1,PISO_1_P11;PISO_1_P12;PISO_1_P21;PISO_1_P22;PISO_1_P31;PISO_1_P32;PISO_1_P41;PISO_1_P42;PISO_1_P51;PISO_1_P52,True
LT1:202-S:01,70.4,16.15,0.05,70.4,-0.0,0.05,10,10,upper,Y,PISO_1,PISO_1_P11;PISO_1_P12;PISO_1_P21;PISO_1_P22;PISO_1_P31;PISO_1_P32;PISO_1_P41;PISO_1_P42;PISO_1_P51;PISO_1_P52,True
LT1:202-S:01,70.5,16.15,0.05,70.5,-0.0,0.05,10,10,upper,Y,PISO_1,PISO_1_P11;PISO_1_P12;PISO_1_P21;PISO_1_P22;PISO_1_P31;PISO_1_P32;PISO_1_P41;PISO_1_P42;PISO_1_P51;PISO_1_P52,True
LT1:202-S:01,70.6,16.15,0.05,70.6,-0.0,0.05,10,10,upper,Y,PISO_1,PISO_1_P11;PISO_1_P12;PISO_1_P21;PISO_1_P22;PISO_1_P31;PISO_1_P32;PISO_1_P41;PISO_1_P42;PISO_1_P51;PISO_1_P52,True
LT1:202-S:01,70.7,16.15,0.05,70.7,-0.0,0.05,10,10,upper,Y,PISO_1,PISO_1_P11;PISO_1_P12;PISO_1_P21;PISO_1_P22;PISO_1_P31;PISO_1_P32;PISO_1_P41;PISO_1_P42;PISO_1_P51;PISO_1_P52,True
LT1:202-S:01,70.8,16.15,0.05,70.8,-0.0,0.05,10,10,upper,Y,PISO_1,PISO_1_P11;PISO_1_P12;PISO_1_P21;PISO_1_P22;PISO_1_P31;PISO_1_P32;PISO_1_P41;PISO_1_P42;PISO_1_P51;PISO_1_P52,True
LT1:202-S:01,70.9,16.15,0.05,70.9,-0.0,0.05,10,10,upper,Y,PISO_1,PISO_1_P11;PISO_1_P12;PISO_1_P21;PISO_1_P22;PISO_1_P31;PISO_1_P32;PISO_1_P41;PISO_1_P42;PISO_1_P51;PISO_1_P52,True
LT1:202-S:01,71.0,16.15,0.05,71.0,-0.0,0.05,10,10,upper,Y,PISO_1,PISO_1_P11;PISO_1_P12;PISO_1_P21;PISO_1_P22;PISO_1_P31;PISO_1_P32;PISO_1_P41;PISO_1_P42;PISO_1_P51;PISO_1_P52,True
LT1:202-S:01,71.1,16.15,0.05,71.1,-0.0,0.05,10,10,upper,Y,PISO_1,PISO_1_P11;PISO_1_P12;PISO_1_P21;PISO_1_P22;PISO_1_P31;PISO_1_P32;PISO_1_P41;PISO_1_P42;PISO_1_P51;PISO_1_P52,True
LT1:202-S:01,71.2,16.15,0.05,71.2,-0.0,0.05,10,10,upper,Y,PISO_1,PISO_1_P11;PISO_1_P12;PISO_1_P21;PISO_1_P22;PISO_1_P31;PISO_1_P32;PISO_1_P41;PISO_1_P42;PISO_1_P51;PISO_1_P52,True
LT1:202-S:01,71.3,16.15,0.05,71.3,-0.0,0.05,10,10,upper,Y,PISO_1,PISO_1_P11;PISO_1_P12;PISO_1_P21;PISO_1_P22;PISO_1_P31;PISO_1_P32;PISO_1_P41;PISO_1_P42;PISO_1_P51;PISO_1_P52,True
LT1:202-S:01,71.4,16.15,0.05,71.4,-0.0,0.05,10,10,upper,Y,PISO_1,PISO_1_P11;PISO_1_P12;PISO_1_P21;PISO_1_P22;PISO_1_P31;PISO_1_P32;PISO_1_P41;PISO_1_P42;PISO_1_P51;PISO_1_P52,True
LT1:202-S:01,71.5,16.15,0.05,71.5,-0.0,0.05,10,10,upper,Y,PISO_1,PISO_1_P11;PISO_1_P12;PISO_1_P21;PISO_1_P22;PISO_1_P31;PISO_1_P32;PISO_1_P41;PISO_1_P42;PISO_1_P51;PISO_1_P52,True
LT1:202-S:01,71.6,16.15,0.05,71.6,-0.0,0.05,10,10,upper,Y,PISO_1,PISO_1_P11;PISO_1_P12;PISO_1_P21;PISO_1_P22;PISO_1_P31;PISO_1_P32;PISO_1_P41;PISO_1_P42;PISO_1_P51;PISO_1_P52,True
LT1:202-S:01,71.7,16.15,0.05,71.7,-0.0,0.05,10,10,upper,Y,PISO_1,PISO_1_P11;PISO_1_P12;PISO_1_P21;PISO_1_P22;PISO_1_P31;PISO_1_P32;PISO_1_P41;PISO_1_P42;PISO_1_P51;PISO_1_P52,True
LT1:202-S:01,71.8,16.15,0.05,71.8,-0.0,0.05,10,10,upper,Y,PISO_1,PISO_1_P11;PISO_1_P12;PISO_1_P21;PISO_1_P22;PISO_1_P31;PISO_1_P32;PISO_1_P41;PISO_1_P42;PISO_1_P51;PISO_1_P52,True
LT1:202-S:01,71.9,16.15,0.05,71.9,-0.0,0.05,10,10,upper,Y,PISO_1,PISO_1_P11;PISO_1_P12;PISO_1_P21;PISO_1_P22;PISO_1_P31;PISO_1_P32;PISO_1_P41;PISO_1_P42;PISO_1_P51;PISO_1_P52,True
LT1:202-S:01,72.0,16.15,0.05,72.0,-0.0,0.05,10,10,upper,Y,PISO_1,PISO_1_P11;PISO_1_P12;PISO_1_P21;PISO_1_P22;PISO_1_P31;PISO_1_P32;PISO_1_P41;PISO_1_P42;PISO_1_P51;PISO_1_P52,True
LT1:202-S:01,72.1,16.15,0.05,72.1,-0.0,0.05,10,10,upper,Y,PISO_1,PISO_1_P11;PISO_1_P12;PISO_1_P21;PISO_1_P22;PISO_1_P31;PISO_1_P32;PISO_1_P41;PISO_1_P42;PISO_1_P51;PISO_1_P52,True
LT1:202-S:01,72.2,16.15,0.05,72.2,-0.0,0.05,10,10,upper,Y,PISO_1,PISO_1_P11;PISO_1_P12;PISO_1_P21;PISO_1_P22;PISO_1_P31;PISO_1_P32;PISO_1_P41;PISO_1_P42;PISO_1_P51;PISO_1_P52,True
LT1:202-S:01,72.3,16.15,0.05,72.3,-0.0,0.05,10,10,upper,Y,PISO_1,PISO_1_P11;PISO_1_P12;PISO_1_P21;PISO_1_P22;PISO_1_P31;PISO_1_P32;PISO_1_P41;PISO_1_P42;PISO_1_P51;PISO_1_P52,True
LT1:202-S:01,72.4,16.15,0.05,72.4,-0.0,0.05,10,10,upper,Y,PISO_1,PISO_1_P11;PISO_1_P12;PISO_1_P21;PISO_1_P22;PISO_1_P31;PISO_1_P32;PISO_1_P41;PISO_1_P42;PISO_1_P51;PISO_1_P52,True
LT1:202-S:01,72.5,16.15,0.05,72.5,-0.0,0.05,10,10,upper,Y,PISO_1,PISO_1_P11;PISO_1_P12;PISO_1_P21;PISO_1_P22;PISO_1_P31;PISO_1_P32;PISO_1_P41;PISO_1_P42;PISO_1_P51;PISO_1_P52,True
LT1:202-S:01,72.6,16.15,0.05,72.6,-0.0,0.05,10,10,upper,Y,PISO_1,PISO_1_P11;PISO_1_P12;PISO_1_P21;PISO_1_P22;PISO_1_P31;PISO_1_P32;PISO_1_P41;PISO_1_P42;PISO_1_P51;PISO_1_P52,True
LT1:202-S:01,72.7,16.15,0.05,72.7,-0.0,0.05,10,10,upper,Y,PISO_1,PISO_1_P11;PISO_1_P12;PISO_1_P21;PISO_1_P22;PISO_1_P31;PISO_1_P32;PISO_1_P41;PISO_1_P42;PISO_1_P51;PISO_1_P52,True
LT1:202-S:01,72.8,16.15,0.05,72.8,-0.0,0.05,10,10,upper,Y,PISO_1,PISO_1_P11;PISO_1_P12;PISO_1_P21;PISO_1_P22;PISO_1_P31;PISO_1_P32;PISO_1_P41;PISO_1_P42;PISO_1_P51;PISO_1_P52,True
LT1:202-S:01,72.9,16.15,0.05,72.9,-0.0,0.05,10,10,upper,Y,PISO_1,PISO_1_P11;PISO_1_P12;PISO_1_P21;PISO_1_P22;PISO_1_P31;PISO_1_P32;PISO_1_P41;PISO_1_P42;PISO_1_P51;PISO_1_P52,True
LT1:202-S:01,73.0,16.15,0.05,73.0,-0.0,0.05,10,10,upper,Y,PISO_1,PISO_1_P11;PISO_1_P12;PISO_1_P21;PISO_1_P22;PISO_1_P31;PISO_1_P32;PISO_1_P41;PISO_1_P42;PISO_1_P51;PISO_1_P52,True
LT1:202-S:01,73.1,16.15,0.05,73.1,-0.0,0.05,10,10,upper,Y,PISO_1,PISO_1_P11;PISO_1_P12;PISO_1_P21;PISO_1_P22;PISO_1_P31;PISO_1_P32;PISO_1_P41;PISO_1_P42;PISO_1_P51;PISO_1_P52,True
LT1:202-S:01,73.2,16.15,0.05,73.2,-0.0,0.05,10,10,upper,Y,PISO_1,PISO_1_P11;PISO_1_P12;PISO_1_P21;PISO_1_P22;PISO_1_P31;PISO_1_P32;PISO_1_P41;PISO_1_P42;PISO_1_P51;PISO_1_P52,True
LT1:202-S:01,73.3,16.15,0.05,73.3,-0.0,0.05,10,10,upper,Y,PISO_1,PISO_1_P11;PISO_1_P12;PISO_1_P21;PISO_1_P22;PISO_1_P31;PISO_1_P32;PISO_1_P41;PISO_1_P42;PISO_1_P51;PISO_1_P52,True
LT1:202-S:01,73.4,16.15,0.05,73.4,-0.0,0.05,10,10,upper,Y,PISO_1,PISO_1_P11;PISO_1_P12;PISO_1_P21;PISO_1_P22;PISO_1_P31;PISO_1_P32;PISO_1_P41;PISO_1_P42;PISO_1_P51;PISO_1_P52,True
LT1:202-S:01,73.5,16.15,0.05,73.5,-0.0,0.05,10,10,upper,Y,PISO_1,PISO_1_P11;PISO_1_P12;PISO_1_P21;PISO_1_P22;PISO_1_P31;PISO_1_P32;PISO_1_P41;PISO_1_P42;PISO_1_P51;PISO_1_P52,True
LT1:202-S:01,73.6,16.15,0.05,73.6,-0.0,0.05,10,10,upper,Y,PISO_1,PISO_1_P11;PISO_1_P12;PISO_1_P21;PISO_1_P22;PISO_1_P31;PISO_1_P32;PISO_1_P41;PISO_1_P42;PISO_1_P51;PISO_1_P52,True
LT1:202-S:01,73.7,16.15,0.05,73.7,-0.0,0.05,10,10,upper,Y,PISO_1,PISO_1_P11;PISO_1_P12;PISO_1_P21;PISO_1_P22;PISO_1_P31;PISO_1_P32;PISO_1_P41;PISO_1_P42;PISO_1_P51;PISO_1_P52,True
LT1:202-S:02,71.25,8.075,0.05,71.25,8.075,0.05,12,12,upper,X,PISO_1,_,True
LT1:202-S:02,71.25,16.15,0.05,71.25,-0.0,0.05,12,12,upper,Y,PISO_1,_,True
LT1:202-S:04,73.75,8.075,0.05,73.75,8.075,0.05,10,15,upper,X,PISO_1,_,True
LT1:202-S:04,73.75,16.15,0.05,73.75,-0.0,0.05,10,15,upper,Y,PISO_1,_,True
LT1:202-S:05,73.75,8.075,0.05,73.75,8.075,0.05,10,12,upper,X,PISO_1,_,True
LT1:202-S:05,73.75,16.15,0.05,73.75,-0.0,0.05,10,12,upper,Y,PISO_1,_,True
LT1:202-S:07,41.25,16.15,0.05,51.25,16.15,0.05,16,14,upper,X,PISO_1,_,True
LT1:202-S:07,41.320422535211264,16.15,0.05,41.320422535211264,16.15,0.05,16,14,upper,Y,PISO_1,_,True
LT1:202-S:07,41.4612676056338,16.15,0.05,41.4612676056338,16.15,0.05,16,14,upper,Y,PISO_1,_,True
LT1:202-S:07,41.602112676056336,16.15,0.05,41.602112676056336,16.15,0.05,16,14,upper,Y,PISO_1,_,True
LT1:202-S:07,41.74295774647887,16.15,0.05,41.74295774647887,16.15,0.05,16,14,upper,Y,PISO_1,_,True
LT1:202-S:07,41.88380281690141,16.15,0.05,41.88380281690141,16.15,0.05,16,14,upper,Y,PISO_1,_,True
LT1:202-S:07,42.024647887323944,16.15,0.05,42.024647887323944,16.15,0.05,16,14,upper,Y,PISO_1,_,True
LT1:202-S:07,42.16549295774648,16.15,0.05,42.16549295774648,16.15,0.05,16,14,upper,Y,PISO_1,_,True
LT1:202-S:07,42.306338028169016,16.15,0.05,42.306338028169016,16.15,0.05,16,14,upper,Y,PISO_1,_,True
LT1:202-S:07,42.44718309859155,16.15,0.05,42.44718309859155,16.15,0.05,16,14,upper,Y,PISO_1,_,True
LT1:202-S:07,42.58802816901409,16.15,0.05,42.58802816901409,16.15,0.05,16,14,upper,Y,PISO_1,_,True
LT1:202-S:07,42.728873239436616,16.15,0.05,42.728873239436616,16.15,0.05,16,14,upper,Y,PISO_1,_,True
LT1:202-S:07,42.86971830985915,16.15,0.05,42.86971830985915,16.15,0.05,16,14,upper,Y,PISO_1,_,True
LT1:202-S:07,43.01056338028169,16.15,0.05,43.01056338028169,16.15,0.05,16,14,upper,Y,PISO_1,_,True
LT1:202-S:07,43.151408450704224,16.15,0.05,43.151408450704224,16.15,0.05,16,14,upper,Y,PISO_1,_,True
LT1:202-S:07,43.29225352112676,16.15,0.05,43.29225352112676,16.15,0.05,16,14,upper,Y,PISO_1,_,True
LT1:202-S:07,43.433098591549296,16.15,0.05,43.433098591549296,16.15,0.05,16,14,upper,Y,PISO_1,_,True
LT1:202-S:07,43.57394366197183,16.15,0.05,43.57394366197183,16.15,0.05,16,14,upper,Y,PISO_1,_,True
LT1:202-S:07,43.71478873239437,16.15,0.05,43.71478873239437,16.15,0.05,16,14,upper,Y,PISO_1,_,True
LT1:202-S:07,43.855633802816904,16.15,0.05,43.855633802816904,16.15,0.05,16,14,upper,Y,PISO_1,_,True
LT1:202-S:07,43.99647887323944,16.15,0.05,43.99647887323944,16.15,0.05,16,14,upper,Y,PISO_1,_,True
LT1:202-S:07,44.13732394366197,16.15,0.05,44.13732394366197,16.15,0.05,16,14,upper,Y,PISO_1,_,True
LT1:202-S:07,44.278169014084504,16.15,0.05,44.278169014084504,16.15,0.05,16,14,upper,Y,PISO_1,_,True
LT1:202-S:07,44.41901408450704,16.15,0.05,44.41901408450704,16.15,0.05,16,14,upper,Y,PISO_1,_,True
LT1:202-S:07,44.559859154929576,16.15,0.05,44.559859154929576,16.15,0.05,16,14,upper,Y,PISO_1,_,True
LT1:202-S:07,44.70070422535211,16.15,0.05,44.70070422535211,16.15,0.05,16,14,upper,Y,PISO_1,_,True
LT1:202-S:07,44.84154929577465,16.15,0.05,44.84154929577465,16.15,0.05,16,14,upper,Y,PISO_1,_,True
LT1:202-S:07,44.982394366197184,16.15,0.05,44.982394366197184,16.15,0.05,16,14,upper,Y,PISO_1,_,True
LT1:202-S:07,45.12323943661972,16.15,0.05,45.12323943661972,16.15,0.05,16,14,upper,Y,PISO_1,_,True
LT1:202-S:07,45.264084507042256,16.15,0.05,45.264084507042256,16.15,0.05,16,14,upper,Y,PISO_1,_,True
LT1:202-S:07,45.40492957746479,16.15,0.05,45.40492957746479,16.15,0.05,16,14,upper,Y,PISO_1,_,True
LT1:202-S:07,45.54577464788733,16.15,0.05,45.54577464788733,16.15,0.05,16,14,upper,Y,PISO_1,_,True
LT1:202-S:07,45.686619718309856,16.15,0.05,45.686619718309856,16.15,0.05,16,14,upper,Y,PISO_1,_,True
LT1:202-S:07,45.82746478873239,16.15,0.05,45.82746478873239,16.15,0.05,16,14,upper,Y,PISO_1,_,True
LT1:202-S:07,45.96830985915493,16.15,0.05,45.96830985915493,16.15,0.05,16,14,upper,Y,PISO_1,_,True
LT1:202-S:07,46.109154929577464,16.15,0.05,46.109154929577464,16.15,0.05,16,14,upper,Y,PISO_1,_,True
LT1:202-S:07,46.25,16.15,0.05,46.25,16.15,0.05,16,14,upper,Y,PISO_1,_,True
LT1:202-S:07,46.390845070422536,16.15,0.05,46.390845070422536,16.15,0.05,16,14,upper,Y,PISO_1,_,True
LT1:202-S:07,46.53169014084507,16.15,0.05,46.53169014084507,16.15,0.05,16,14,upper,Y,PISO_1,_,True
LT1:202-S:07,46.67253521126761,16.15,0.05,46.67253521126761,16.15,0.05,16,14,upper,Y,PISO_1,_,True
LT1:202-S:07,46.813380281690144,16.15,0.05,46.813380281690144,16.15,0.05,16,14,upper,Y,PISO_1,_,True
LT1:202-S:07,46.95422535211267,16.15,0.05,46.95422535211267,16.15,0.05,16,14,upper,Y,PISO_1,_,True
LT1:202-S:07,47.09507042253521,16.15,0.05,47.09507042253521,16.15,0.05,16,14,upper,Y,PISO_1,_,True
LT1:202-S:07,47.235915492957744,16.15,0.05,47.235915492957744,16.15,0.05,16,14,upper,Y,PISO_1,_,True
LT1:202-S:07,47.37676056338028,16.15,0.05,47.37676056338028,16.15,0.05,16,14,upper,Y,PISO_1,_,True
LT1:202-S:07,47.517605633802816,16.15,0.05,47.517605633802816,16.15,0.05,16,14,upper,Y,PISO_1,_,True
LT1:202-S:07,47.65845070422535,16.15,0.05,47.65845070422535,16.15,0.05,16,14,upper,Y,PISO_1,_,True
LT1:202-S:07,47.79929577464789,16.15,0.05,47.79929577464789,16.15,0.05,16,14,upper,Y,PISO_1,_,True
LT1:202-S:07,47.940140845070424,16.15,0.05,47.940140845070424,16.15,0.05,16,14,upper,Y,PISO_1,_,True
LT1:202-S:07,48.08098591549296,16.15,0.05,48.08098591549296,16.15,0.05,16,14,upper,Y,PISO_1,_,True
LT1:202-S:07,48.221830985915496,16.15,0.05,48.221830985915496,16.15,0.05,16,14,upper,Y,PISO_1,_,True
LT1:202-S:07,48.36267605633803,16.15,0.05,48.36267605633803,16.15,0.05,16,14,upper,Y,PISO_1,_,True
LT1:202-S:07,48.50352112676056,16.15,0.05,48.50352112676056,16.15,0.05,16,14,upper,Y,PISO_1,_,True
LT1:202-S:07,48.644366197183096,16.15,0.05,48.644366197183096,16.15,0.05,16,14,upper,Y,PISO_1,_,True
LT1:202-S:07,48.78521126760563,16.15,0.05,48.78521126760563,16.15,0.05,16,14,upper,Y,PISO_1,_,True
LT1:202-S:07,48.92605633802817,16.15,0.05,48.92605633802817,16.15,0.05,16,14,upper,Y,PISO_1,_,True
LT1:202-S:07,49.066901408450704,16.15,0.05,49.066901408450704,16.15,0.05,16,14,upper,Y,PISO_1,_,True
LT1:202-S:07,49.20774647887324,16.15,0.05,49.20774647887324,16.15,0.05,16,14,upper,Y,PISO_1,_,True
LT1:202-S:07,49.348591549295776,16.15,0.05,49.348591549295776,16.15,0.05,16,14,upper,Y,PISO_1,_,True
LT1:202-S:07,49.48943661971831,16.15,0.05,49.48943661971831,16.15,0.05,16,14,upper,Y,PISO_1,_,True
LT1:202-S:07,49.63028169014085,16.15,0.05,49.63028169014085,16.15,0.05,16,14,upper,Y,PISO_1,_,True
LT1:202-S:07,49.77112676056338,16.15,0.05,49.77112676056338,16.15,0.05,16,14,upper,Y,PISO_1,_,True
LT1:202-S:07,49.91197183098592,16.15,0.05,49.91197183098592,16.15,0.05,16,14,upper,Y,PISO_1,_,True
LT1:202-S:07,50.05281690140845,16.15,0.05,50.05281690140845,16.15,0.05,16,14,upper,Y,PISO_1,_,True
LT1:202-S:07,50.193661971830984,16.15,0.05,50.193661971830984,16.15,0.05,16,14,upper,Y,PISO_1,_,True
LT1:202-S:07,50.33450704225352,16.15,0.05,50.33450704225352,16.15,0.05,16,14,upper,Y,PISO_1,_,True
LT1:202-S:07,50.475352112676056,16.15,0.05,50.475352112676056,16.15,0.05,16,14,upper,Y,PISO_1,_,True
LT1:202-S:07,50.61619718309859,16.15,0.05,50.61619718309859,16.15,0.05,16,14,upper,Y,PISO_1,_,True
LT1:202-S:07,50.75704225352113,16.15,0.05,50.75704225352113,16.15,0.05,16,14,upper,Y,PISO_1,_,True
LT1:202-S:07,50.897887323943664,16.15,0.05,50.897887323943664,16.15,0.05,16,14,upper,Y,PISO_1,_,True
LT1:202-S:07,51.0387323943662,16.15,0.05,51.0387323943662,16.15,0.05,16,14,upper,Y,PISO_1,_,True
LT1:202-S:07,51.179577464788736,16.15,0.05,51.179577464788736,16.15,0.05,16,14,upper,Y,PISO_1,_,True
LT1:202-I:01,31.25,8.075,0.05,73.75,8.075,0.05,10,18,lower,X,PISO_1,PISO_1_P11;PISO_1_P12;PISO_1_P21;PISO_1_P22;PISO_1_P31;PISO_1_P32;PISO_1_P41;PISO_1_P42;PISO_1_P51;PISO_1_P52,True
LT1:202-I:02,31.340042372881356,16.15,0.05,31.340042372881356,-0.0,0.05,8,18,lower,Y,PISO_1,PISO_1_P11;PISO_1_P12;PISO_1_P21;PISO_1_P22;PISO_1_P31;PISO_1_P32;PISO_1_P41;PISO_1_P42;PISO_1_P51;PISO_1_P52,True
LT1:202-I:02,31.52012711864407,16.15,0.05,31.52012711864407,-0.0,0.05,8,18,lower,Y,PISO_1,PISO_1_P11;PISO_1_P12;PISO_1_P21;PISO_1_P22;PISO_1_P31;PISO_1_P32;PISO_1_P41;PISO_1_P42;PISO_1_P51;PISO_1_P52,True
LT1:202-I:02,31.70021186440678,16.15,0.05,31.70021186440678,-0.0,0.05,8,18,lower,Y,PISO_1,PISO_1_P11;PISO_1_P12;PISO_1_P21;PISO_1_P22;PISO_1_P31;PISO_1_P32;PISO_1_P41;PISO_1_P42;PISO_1_P51;PISO_1_P52,True
LT1:202-I:02,31.88029661016949,16.15,0.05,31.88029661016949,-0.0,0.05,8,18,lower,Y,PISO_1,PISO_1_P11;PISO_1_P12;PISO_1_P21;PISO_1_P22;PISO_1_P31;PISO_1_P32;PISO_1_P41;PISO_1_P42;PISO_1_P51;PISO_1_P52,True
LT1:202-I:02,32.0603813559322,16.15,0.05,32.0603813559322,-0.0,0.05,8,18,lower,Y,PISO_1,PISO_1_P11;PISO_1_P12;PISO_1_P21;PISO_1_P22;PISO_1_P31;PISO_1_P32;PISO_1_P41;PISO_1_P42;PISO_1_P51;PISO_1_P52,True
LT1:202-I:02,32.24046610169491,16.15,0.05,32.24046610169491,-0.0,0.05,8,18,lower,Y,PISO_1,PISO_1_P11;PISO_1_P12;PISO_1_P21;PISO_1_P22;PISO_1_P31;PISO_1_P32;PISO_1_P41;PISO_1_P42;PISO_1_P51;PISO_1_P52,True
LT1:202-I:02,32.420550847457626,16.15,0.05,32.420550847457626,-0.0,0.05,8,18,lower,Y,PISO_1,PISO_1_P11;PISO_1_P12;PISO_1_P21;PISO_1_P22;PISO_1_P31;PISO_1_P32;PISO_1_P41;PISO_1_P42;PISO_1_P51;PISO_1_P52,True
LT1:202-I:02,32.60063559322034,16.15,0.05,32.60063559322034,-0.0,0.05,8,18,lower,Y,PISO_1,PISO_1_P11;PISO_1_P12;PISO_1_P21;PISO_1_P22;PISO_1_P31;PISO_1_P32;PISO_1_P41;PISO_1_P42;PISO_1_P51;PISO_1_P52,True
LT1:202-I:02,32.78072033898305,16.15,0.05,32.78072033898305,-0.0,0.05,8,18,lower,Y,PISO_1,PISO_1_P11;PISO_1_P12;PISO_1_P21;PISO_1_P22;PISO_1_P31;PISO_1_P32;PISO_1_P41;PISO_1_P42;PISO_1_P51;PISO_1_P52,True
LT1:202-I:02,32.960805084745765,16.15,0.05,32.960805084745765,-0.0,0.05,8,18,lower,Y,PISO_1,PISO_1_P11;PISO_1_P12;PISO_1_P21;PISO_1_P22;PISO_1_P31;PISO_1_P32;PISO_1_P41;PISO_1_P42;PISO_1_P51;PISO_1_P52,True
LT1:202-I:02,33.14088983050848,16.15,0.05,33.14088983050848,-0.0,0.05,8,18,lower,Y,PISO_1,PISO_1_P11;PISO_1_P12;PISO_1_P21;PISO_1_P22;PISO_1_P31;PISO_1_P32;PISO_1_P41;PISO_1_P42;PISO_1_P51;PISO_1_P52,True
LT1:202-I:02,33.32097457627118,16.15,0.05,33.32097457627118,-0.0,0.05,8,18,lower,Y,PISO_1,PISO_1_P11;PISO_1_P12;PISO_1_P21;PISO_1_P22;PISO_1_P31;PISO_1_P32;PISO_1_P41;PISO_1_P42;PISO_1_P51;PISO_1_P52,True
LT1:202-I:02,33.501059322033896,16.15,0.05,33.501059322033896,-0.0,0.05,8,18,lower,Y,PISO_1,PISO_1_P11;PISO_1_P12;PISO_1_P21;PISO_1_P22;PISO_1_P31;PISO_1_P32;PISO_1_P41;PISO_1_P42;PISO_1_P51;PISO_1_P52,True
LT1:202-I:02,33.68114406779661,16.15,0.05,33.68114406779661,-0.0,0.05,8,18,lower,Y,PISO_1,PISO_1_P11;PISO_1_P12;PISO_1_P21;PISO_1_P22;PISO_1_P31;PISO_1_P32;PISO_1_P41;PISO_1_P42;PISO_1_P51;PISO_1_P52,True
LT1:202-I:02,33.86122881355932,16.15,0.05,33.86122881355932,-0.0,0.05,8,18,lower,Y,PISO_1,PISO_1_P11;PISO_1_P12;PISO_1_P21;PISO_1_P22;PISO_1_P31;PISO_1_P32;PISO_1_P41;PISO_1_P42;PISO_1_P51;PISO_1_P52,True
LT1:202-I:02,34.041313559322035,16.15,0.05,34.041313559322035,-0.0,0.05,8,18,lower,Y,PISO_1,PISO_1_P11;PISO_1_P12;PISO_1_P21;PISO_1_P22;PISO_1_P31;PISO_1_P32;PISO_1_P41;PISO_1_P42;PISO_1_P51;PISO_1_P52,True
LT1:202-I:02,34.22139830508475,16.15,0.05,34.22139830508475,-0.0,0.05,8,18,lower,Y,PISO_1,PISO_1_P11;PISO_1_P12;PISO_1_P21;PISO_1_P22;PISO_1_P31;PISO_1_P32;PISO_1_P41;PISO_1_P42;PISO_1_P51;PISO_1_P52,True
LT1:202-I:02,34.40148305084746,16.15,0.05,34.40148305084746,-0.0,0.05,8,18,lower,Y,PISO_1,PISO_1_P11;PISO_1_P12;PISO_1_P21;PISO_1_P22;PISO_1_P31;PISO_1_P32;PISO_1_P41;PISO_1_P42;PISO_1_P51;PISO_1_P52,True
LT1:202-I:02,34.58156779661017,16.15,0.05,34.58156779661017,-0.0,0.05,8,18,lower,Y,PISO_1,PISO_1_P11;PISO_1_P12;PISO_1_P21;PISO_1_P22;PISO_1_P31;PISO_1_P32;PISO_1_P41;PISO_1_P42;PISO_1_P51;PISO_1_P52,True
LT1:202-I:02,34.76165254237288,16.15,0.05,34.76165254237288,-0.0,0.05,8,18,lower,Y,PISO_1,PISO_1_P11;PISO_1_P12;PISO_1_P21;PISO_1_P22;PISO_1_P31;PISO_1_P32;PISO_1_P41;PISO_1_P42;PISO_1_P51;PISO_1_P52,True
LT1:202-I:02,34.94173728813559,16.15,0.05,34.94173728813559,-0.0,0.05,8,18,lower,Y,PISO_1,PISO_1_P11;PISO_1_P12;PISO_1_P21;PISO_1_P22;PISO_1_P31;PISO_1_P32;PISO_1_P41;PISO_1_P42;PISO_1_P51;PISO_1_P52,True
LT1:202-I:02,35.121822033898304,16.15,0.05,35.121822033898304,-0.0,0.05,8,18,lower,Y,PISO_1,PISO_1_P11;PISO_1_P12;PISO_1_P21;PISO_1_P22;PISO_1_P31;PISO_1_P32;PISO_1_P41;PISO_1_P42;PISO_1_P51;PISO_1_P52,True
LT1:202-I:02,35.30190677966102,16.15,0.05,35.30190677966102,-0.0,0.05,8,18,lower,Y,PISO_1,PISO_1_P11;PISO_1_P12;PISO_1_P21;PISO_1_P22;PISO_1_P31;PISO_1_P32;PISO_1_P41;PISO_1_P42;PISO_1_P51;PISO_1_P52,True
LT1:202-I:02,35.48199152542373,16.15,0.05,35.48199152542373,-0.0,0.05,8,18,lower,Y,PISO_1,PISO_1_P11;PISO_1_P12;PISO_1_P21;PISO_1_P22;PISO_1_P31;PISO_1_P32;PISO_1_P41;PISO_1_P42;PISO_1_P51;PISO_1_P52,True
LT1:202-I:02,35.66207627118644,16.15,0.05,35.66207627118644,-0.0,0.05,8,18,lower,Y,PISO_1,PISO_1_P11;PISO_1_P12;PISO_1_P21;PISO_1_P22;PISO_1_P31;PISO_1_P32;PISO_1_P41;PISO_1_P42;PISO_1_P51;PISO_1_P52,True
LT1:202-I:02,35.84216101694915,16.15,0.05,35.84216101694915,-0.0,0.05,8,18,lower,Y,PISO_1,PISO_1_P11;PISO_1_P12;PISO_1_P21;PISO_1_P22;PISO_1_P31;PISO_1_P32;PISO_1_P41;PISO_1_P42;PISO_1_P51;PISO_1_P52,True
LT1:202-I:02,36.02224576271186,16.15,0.05,36.02224576271186,-0.0,0.05,8,18,lower,Y,PISO_1,PISO_1_P11;PISO_1_P12;PISO_1_P21;PISO_1_P22;PISO_1_P31;PISO_1_P32;PISO_1_P41;PISO_1_P42;PISO_1_P51;PISO_1_P52,True
LT1:202-I:02,36.202330508474574,16.15,0.05,36.202330508474574,-0.0,0.05,8,18,lower,Y,PISO_1,PISO_1_P11;PISO_1_P12;PISO_1_P21;PISO_1_P22;PISO_1_P31;PISO_1_P32;PISO_1_P41;PISO_1_P42;PISO_1_P51;PISO_1_P52,True
LT1:202-I:02,36.38241525423729,16.15,0.05,36.38241525423729,-0.0,0.05,8,18,lower,Y,PISO_1,PISO_1_P11;PISO_1_P12;PISO_1_P21;PISO_1_P22;PISO_1_P31;PISO_1_P32;PISO_1_P41;PISO_1_P42;PISO_1_P51;PISO_1_P52,True
LT1:202-I:02,36.5625,16.15,0.05,36.5625,-0.0,0.05,8,18,lower,Y,PISO_1,PISO_1_P11;PISO_1_P12;PISO_1_P21;PISO_1_P22;PISO_1_P31;PISO_1_P32;PISO_1_P41;PISO_1_P42;PISO_1_P51;PISO_1_P52,True
LT1:202-I:02,36.74258474576271,16.15,0.05,36.74258474576271,-0.0,0.05,8,18,lower,Y,PISO_1,PISO_1_P11;PISO_1_P12;PISO_1_P21;PISO_1_P22;PISO_1_P31;PISO_1_P32;PISO_1_P41;PISO_1_P42;PISO_1_P51;PISO_1_P52,True
LT1:202-I:02,36.922669491525426,16.15,0.05,36.922669491525426,-0.0,0.05,8,18,lower,Y,PISO_1,PISO_1_P11;PISO_1_P12;PISO_1_P21;PISO_1_P22;PISO_1_P31;PISO_1_P32;PISO_1_P41;PISO_1_P42;PISO_1_P51;PISO_1_P52,True
LT1:202-I:02,37.10275423728814,16.15,0.05,37.10275423728814,-0.0,0.05,8,18,lower,Y,PISO_1,PISO_1_P11;PISO_1_P12;PISO_1_P21;PISO_1_P22;PISO_1_P31;PISO_1_P32;PISO_1_P41;PISO_1_P42;PISO_1_P51;PISO_1_P52,True
LT1:202-I:02,37.28283898305085,16.15,0.05,37.28283898305085,-0.0,0.05,8,18,lower,Y,PISO_1,PISO_1_P11;PISO_1_P12;PISO_1_P21;PISO_1_P22;PISO_1_P31;PISO_1_P32;PISO_1_P41;PISO_1_P42;PISO_1_P51;PISO_1_P52,True
LT1:202-I:02,37.46292372881356,16.15,0.05,37.46292372881356,-0.0,0.05,8,18,lower,Y,PISO_1,PISO_1_P11;PISO_1_P12;PISO_1_P21;PISO_1_P22;PISO_1_P31;PISO_1_P32;PISO_1_P41;PISO_1_P42;PISO_1_P51;PISO_1_P52,True
LT1:202-I:02,37.64300847457627,16.15,0.05,37.64300847457627,-0.0,0.05,8,18,lower,Y,PISO_1,PISO_1_P11;PISO_1_P12;PISO_1_P21;PISO_1_P22;PISO_1_P31;PISO_1_P32;PISO_1_P41;PISO_1_P42;PISO_1_P51;PISO_1_P52,True
LT1:202-I:02,37.82309322033898,16.15,0.05,37.82309322033898,-0.0,0.05,8,18,lower,Y,PISO_1,PISO_1_P11;PISO_1_P12;PISO_1_P21;PISO_1_P22;PISO_1_P31;PISO_1_P32;PISO_1_P41;PISO_1_P42;PISO_1_P51;PISO_1_P52,True
LT1:202-I:02,38.003177966101696,16.15,0.05,38.003177966101696,-0.0,0.05,8,18,lower,Y,PISO_1,PISO_1_P11;PISO_1_P12;PISO_1_P21;PISO_1_P22;PISO_1_P31;PISO_1_P32;PISO_1_P41;PISO_1_P42;PISO_1_P51;PISO_1_P52,True
LT1:202-I:02,38.18326271186441,16.15,0.05,38.18326271186441,-0.0,0.05,8,18,lower,Y,PISO_1,PISO_1_P11;PISO_1_P12;PISO_1_P21;PISO_1_P22;PISO_1_P31;PISO_1_P32;PISO_1_P41;PISO_1_P42;PISO_1_P51;PISO_1_P52,True
LT1:202-I:02,38.36334745762712,16.15,0.05,38.36334745762712,-0.0,0.05,8,18,lower,Y,PISO_1,PISO_1_P11;PISO_1_P12;PISO_1_P21;PISO_1_P22;PISO_1_P31;PISO_1_P32;PISO_1_P41;PISO_1_P42;PISO_1_P51;PISO_1_P52,True
LT1:202-I:02,38.54343220338983,16.15,0.05,38.54343220338983,-0.0,0.05,8,18,lower,Y,PISO_1,PISO_1_P11;PISO_1_P12;PISO_1_P21;PISO_1_P22;PISO_1_P31;PISO_1_P32;PISO_1_P41;PISO_1_P42;PISO_1_P51;PISO_1_P52,True
LT1:202-I:02,38.72351694915254,16.15,0.05,38.72351694915254,-0.0,0.05,8,18,lower,Y,PISO_1,PISO_1_P11;PISO_1_P12;PISO_1_P21;PISO_1_P22;PISO_1_P31;PISO_1_P32;PISO_1_P41;PISO_1_P42;PISO_1_P51;PISO_1_P52,True
LT1:202-I:02,38.90360169491525,16.15,0.05,38.90360169491525,-0.0,0.05,8,18,lower,Y,PISO_1,PISO_1_P11;PISO_1_P12;PISO_1_P21;PISO_1_P22;PISO_1_P31;PISO_1_P32;PISO_1_P41;PISO_1_P42;PISO_1_P51;PISO_1_P52,True
LT1:202-I:02,39.083686440677965,16.15,0.05,39.083686440677965,-0.0,0.05,8,18,lower,Y,PISO_1,PISO_1_P11;PISO_1_P12;PISO_1_P21;PISO_1_P22;PISO_1_P31;PISO_1_P32;PISO_1_P41;PISO_1_P42;PISO_1_P51;PISO_1_P52,True
LT1:202-I:02,39.26377118644068,16.15,0.05,39.26377118644068,-0.0,0.05,8,18,lower,Y,PISO_1,PISO_1_P11;PISO_1_P12;PISO_1_P21;PISO_1_P22;PISO_1_P31;PISO_1_P32;PISO_1_P41;PISO_1_P42;PISO_1_P51;PISO_1_P52,True
LT1:202-I:02,39.44385593220339,16.15,0.05,39.44385593220339,-0.0,0.05,8,18,lower,Y,PISO_1,PISO_1_P11;PISO_1_P12;PISO_1_P21;PISO_1_P22;PISO_1_P31;PISO_1_P32;PISO_1_P41;PISO_1_P42;PISO_1_P51;PISO_1_P52,True
LT1:202-I:02,39.623940677966104,16.15,0.05,39.623940677966104,-0.0,0.05,8,18,lower,Y,PISO_1,PISO_1_P11;PISO_1_P12;PISO_1_P21;PISO_1_P22;PISO_1_P31;PISO_1_P32;PISO_1_P41;PISO_1_P42;PISO_1_P51;PISO_1_P52,True
LT1:202-I:02,39.80402542372882,16.15,0.05,39.80402542372882,-0.0,0.05,8,18,lower,Y,PISO_1,PISO_1_P11;PISO_1_P12;PISO_1_P21;PISO_1_P22;PISO_1_P31;PISO_1_P32;PISO_1_P41;PISO_1_P42;PISO_1_P51;PISO_1_P52,True
LT1:202-I:02,39.98411016949153,16.15,0.05,39.98411016949153,-0.0,0.05,8,18,lower,Y,PISO_1,PISO_1_P11;PISO_1_P12;PISO_1_P21;PISO_1_P22;PISO_1_P31;PISO_1_P32;PISO_1_P41;PISO_1_P42;PISO_1_P51;PISO_1_P52,True
LT1:202-I:02,40.164194915254235,16.15,0.05,40.164194915254235,-0.0,0.05,8,18,lower,Y,PISO_1,PISO_1_P11;PISO_1_P12;PISO_1_P21;PISO_1_P22;PISO_1_P31;PISO_1_P32;PISO_1_P41;PISO_1_P42;PISO_1_P51;PISO_1_P52,True
LT1:202-I:02,40.34427966101695,16.15,0.05,40.34427966101695,-0.0,0.05,8,18,lower,Y,PISO_1,PISO_1_P11;PISO_1_P12;PISO_1_P21;PISO_1_P22;PISO_1_P31;PISO_1_P32;PISO_1_P41;PISO_1_P42;PISO_1_P51;PISO_1_P52,True
LT1:202-I:02,40.52436440677966,16.15,0.05,40.52436440677966,-0.0,0.05,8,18,lower,Y,PISO_1,PISO_1_P11;PISO_1_P12;PISO_1_P21;PISO_1_P22;PISO_1_P31;PISO_1_P32;PISO_1_P41;PISO_1_P42;PISO_1_P51;PISO_1_P52,True
LT1:202-I:02,40.704449152542374,16.15,0.05,40.704449152542374,-0.0,0.05,8,18,lower,Y,PISO_1,PISO_1_P11;PISO_1_P12;PISO_1_P21;PISO_1_P22;PISO_1_P31;PISO_1_P32;PISO_1_P41;PISO_1_P42;PISO_1_P51;PISO_1_P52,True
LT1:202-I:02,40.88453389830509,16.15,0.05,40.88453389830509,-0.0,0.05,8,18,lower,Y,PISO_1,PISO_1_P11;PISO_1_P12;PISO_1_P21;PISO_1_P22;PISO_1_P31;PISO_1_P32;PISO_1_P41;PISO_1_P42;PISO_1_P51;PISO_1_P52,True
LT1:202-I:02,41.06461864406779,16.15,0.05,41.06461864406779,-0.0,0.05,8,18,lower,Y,PISO_1,PISO_1_P11;PISO_1_P12;PISO_1_P21;PISO_1_P22;PISO_1_P31;PISO_1_P32;PISO_1_P41;PISO_1_P42;PISO_1_P51;PISO_1_P52,True
LT1:202-I:02,41.244703389830505,16.15,0.05,41.244703389830505,-0.0,0.05,8,18,lower,Y,PISO_1,PISO_1_P11;PISO_1_P12;PISO_1_P21;PISO_1_P22;PISO_1_P31;PISO_1_P32;PISO_1_P41;PISO_1_P42;PISO_1_P51;PISO_1_P52,True
LT1:202-I:02,41.42478813559322,16.15,0.05,41.42478813559322,-0.0,0.05,8,18,lower,Y,PISO_1,PISO_1_P11;PISO_1_P12;PISO_1_P21;PISO_1_P22;PISO_1_P31;PISO_1_P32;PISO_1_P41;PISO_1_P42;PISO_1_P51;PISO_1_P52,True
LT1:202-I:02,41.60487288135593,16.15,0.05,41.60487288135593,-0.0,0.05,8,18,lower,Y,PISO_1,PISO_1_P11;PISO_1_P12;PISO_1_P21;PISO_1_P22;PISO_1_P31;PISO_1_P32;PISO_1_P41;PISO_1_P42;PISO_1_P51;PISO_1_P52,True
LT1:202-I:02,41.784957627118644,16.15,0.05,41.784957627118644,-0.0,0.05,8,18,lower,Y,PISO_1,PISO_1_P11;PISO_1_P12;PISO_1_P21;PISO_1_P22;PISO_1_P31;PISO_1_P32;PISO_1_P41;PISO_1_P42;PISO_1_P51;PISO_1_P52,True
LT1:202-I:02,41.965042372881356,16.15,0.05,41.965042372881356,-0.0,0.05,8,18,lower,Y,PISO_1,PISO_1_P11;PISO_1_P12;PISO_1_P21;PISO_1_P22;PISO_1_P31;PISO_1_P32;PISO_1_P41;PISO_1_P42;PISO_1_P51;PISO_1_P52,True
LT1:202-I:02,42.14512711864407,16.15,0.05,42.14512711864407,-0.0,0.05,8,18,lower,Y,PISO_1,PISO_1_P11;PISO_1_P12;PISO_1_P21;PISO_1_P22;PISO_1_P31;PISO_1_P32;PISO_1_P41;PISO_1_P42;PISO_1_P51;PISO_1_P52,True
LT1:202-I:02,42.32521186440678,16.15,0.05,42.32521186440678,-0.0,0.05,8,18,lower,Y,PISO_1,PISO_1_P11;PISO_1_P12;PISO_1_P21;PISO_1_P22;PISO_1_P31;PISO_1_P32;PISO_1_P41;PISO_1_P42;PISO_1_P51;PISO_1_P52,True
LT1:202-I:02,42.505296610169495,16.15,0.05,42.505296610169495,-0.0,0.05,8,18,lower,Y,PISO_1,PISO_1_P11;PISO_1_P12;PISO_1_P21;PISO_1_P22;PISO_1_P31;PISO_1_P32;PISO_1_P41;PISO_1_P42;PISO_1_P51;PISO_1_P52,True
LT1:202-I:02,42.68538135593221,16.15,0.05,42.68538135593221,-0.0,0.05,8,18,lower,Y,PISO_1,PISO_1_P11;PISO_1_P12;PISO_1_P21;PISO_1_P22;PISO_1_P31;PISO_1_P32;PISO_1_P41;PISO_1_P42;PISO_1_P51;PISO_1_P52,True
LT1:202-I:02,42.86546610169491,16.15,0.05,42.86546610169491,-0.0,0.05,8,18,lower,Y,PISO_1,PISO_1_P11;PISO_1_P12;PISO_1_P21;PISO_1_P22;PISO_1_P31;PISO_1_P32;PISO_1_P41;PISO_1_P42;PISO_1_P51;PISO_1_P52,True
LT1:202-I:02,43.045550847457626,16.15,0.05,43.045550847457626,-0.0,0.05,8,18,lower,Y,PISO_1,PISO_1_P11;PISO_1_P12;PISO_1_P21;PISO_1_P22;PISO_1_P31;PISO_1_P32;PISO_1_P41;PISO_1_P42;PISO_1_P51;PISO_1_P52,True
LT1:202-I:02,43.22563559322034,16.15,0.05,43.22563559322034,-0.0,0.05,8,18,lower,Y,PISO_1,PISO_1_P11;PISO_1_P12;PISO_1_P21;PISO_1_P22;PISO_1_P31;PISO_1_P32;PISO_1_P41;PISO_1_P42;PISO_1_P51;PISO_1_P52,True
LT1:202-I:02,43.40572033898305,16.15,0.05,43.40572033898305,-0.0,0.05,8,18,lower,Y,PISO_1,PISO_1_P11;PISO_1_P12;PISO_1_P21;PISO_1_P22;PISO_1_P31;PISO_1_P32;PISO_1_P41;PISO_1_P42;PISO_1_P51;PISO_1_P52,True
LT1:202-I:02,43.585805084745765,16.15,0.05,43.585805084745765,-0.0,0.05,8,18,lower,Y,PISO_1,PISO_1_P11;PISO_1_P12;PISO_1_P21;PISO_1_P22;PISO_1_P31;PISO_1_P32;PISO_1_P41;PISO_1_P42;PISO_1_P51;PISO_1_P52,True
LT1:202-I:02,43.76588983050847,16.15,0.05,43.76588983050847,-0.0,0.05,8,18,lower,Y,PISO_1,PISO_1_P11;PISO_1_P12;PISO_1_P21;PISO_1_P22;PISO_1_P31;PISO_1_P32;PISO_1_P41;PISO_1_P42;PISO_1_P51;PISO_1_P52,True
LT1:202-I:02,43.94597457627118,16.15,0.05,43.94597457627118,-0.0,0.05,8,18,lower,Y,PISO_1,PISO_1_P11;PISO_1_P12;PISO_1_P21;PISO_1_P22;PISO_1_P31;PISO_1_P32;PISO_1_P41;PISO_1_P42;PISO_1_P51;PISO_1_P52,True
LT1:202-I:02,44.126059322033896,16.15,0.05,44.126059322033896,-0.0,0.05,8,18,lower,Y,PISO_1,PISO_1_P11;PISO_1_P12;PISO_1_P21;PISO_1_P22;PISO_1_P31;PISO_1_P32;PISO_1_P41;PISO_1_P42;PISO_1_P51;PISO_1_P52,True
LT1:202-I:02,44.30614406779661,16.15,0.05,44.30614406779661,-0.0,0.05,8,18,lower,Y,PISO_1,PISO_1_P11;PISO_1_P12;PISO_1_P21;PISO_1_P22;PISO_1_P31;PISO_1_P32;PISO_1_P41;PISO_1_P42;PISO_1_P51;PISO_1_P52,True
LT1:202-I:02,44.48622881355932,16.15,0.05,44.48622881355932,-0.0,0.05,8,18,lower,Y,PISO_1,PISO_1_P11;PISO_1_P12;PISO_1_P21;PISO_1_P22;PISO_1_P31;PISO_1_P32;PISO_1_P41;PISO_1_P42;PISO_1_P51;PISO_1_P52,True
LT1:202-I:02,44.666313559322035,16.15,0.05,44.666313559322035,-0.0,0.05,8,18,lower,Y,PISO_1,PISO_1_P11;PISO_1_P12;PISO_1_P21;PISO_1_P22;PISO_1_P31;PISO_1_P32;PISO_1_P41;PISO_1_P42;PISO_1_P51;PISO_1_P52,True
LT1:202-I:02,44.84639830508475,16.15,0.05,44.84639830508475,-0.0,0.05,8,18,lower,Y,PISO_1,PISO_1_P11;PISO_1_P12;PISO_1_P21;PISO_1_P22;PISO_1_P31;PISO_1_P32;PISO_1_P41;PISO_1_P42;PISO_1_P51;PISO_1_P52,True
LT1:202-I:02,45.02648305084746,16.15,0.05,45.02648305084746,-0.0,0.05,8,18,lower,Y,PISO_1,PISO_1_P11;PISO_1_P12;PISO_1_P21;PISO_1_P22;PISO_1_P31;PISO_1_P32;PISO_1_P41;PISO_1_P42;PISO_1_P51;PISO_1_P52,True
LT1:202-I:02,45.20656779661017,16.15,0.05,45.20656779661017,-0.0,0.05,8,18,lower,Y,PISO_1,PISO_1_P11;PISO_1_P12;PISO_1_P21;PISO_1_P22;PISO_1_P31;PISO_1_P32;PISO_1_P41;PISO_1_P42;PISO_1_P51;PISO_1_P52,True
LT1:202-I:02,45.38665254237288,16.15,0.05,45.38665254237288,-0.0,0.05,8,18,lower,Y,PISO_1,PISO_1_P11;PISO_1_P12;PISO_1_P21;PISO_1_P22;PISO_1_P31;PISO_1_P32;PISO_1_P41;PISO_1_P42;PISO_1_P51;PISO_1_P52,True
LT1:202-I:02,45.56673728813559,16.15,0.05,45.56673728813559,-0.0,0.05,8,18,lower,Y,PISO_1,PISO_1_P11;PISO_1_P12;PISO_1_P21;PISO_1_P22;PISO_1_P31;PISO_1_P32;PISO_1_P41;PISO_1_P42;PISO_1_P51;PISO_1_P52,True
LT1:202-I:02,45.746822033898304,16.15,0.05,45.746822033898304,-0.0,0.05,8,18,lower,Y,PISO_1,PISO_1_P11;PISO_1_P12;PISO_1_P21;PISO_1_P22;PISO_1_P31;PISO_1_P32;PISO_1_P41;PISO_1_P42;PISO_1_P51;PISO_1_P52,True
LT1:202-I:02,45.92690677966102,16.15,0.05,45.92690677966102,-0.0,0.05,8,18,lower,Y,PISO_1,PISO_1_P11;PISO_1_P12;PISO_1_P21;PISO_1_P22;PISO_1_P31;PISO_1_P32;PISO_1_P41;PISO_1_P42;PISO_1_P51;PISO_1_P52,True
LT1:202-I:02,46.10699152542373,16.15,0.05,46.10699152542373,-0.0,0.05,8,18,lower,Y,PISO_1,PISO_1_P11;PISO_1_P12;PISO_1_P21;PISO_1_P22;PISO_1_P31;PISO_1_P32;PISO_1_P41;PISO_1_P42;PISO_1_P51;PISO_1_P52,True
LT1:202-I:02,46.28707627118644,16.15,0.05,46.28707627118644,-0.0,0.05,8,18,lower,Y,PISO_1,PISO_1_P11;PISO_1_P12;PISO_1_P21;PISO_1_P22;PISO_1_P31;PISO_1_P32;PISO_1_P41;PISO_1_P42;PISO_1_P51;PISO_1_P52,True
LT1:202-I:02,46.46716101694915,16.15,0.05,46.46716101694915,-0.0,0.05,8,18,lower,Y,PISO_1,PISO_1_P11;PISO_1_P12;PISO_1_P21;PISO_1_P22;PISO_1_P31;PISO_1_P32;PISO_1_P41;PISO_1_P42;PISO_1_P51;PISO_1_P52,True
LT1:202-I:02,46.64724576271186,16.15,0.05,46.64724576271186,-0.0,0.05,8,18,lower,Y,PISO_1,PISO_1_P11;PISO_1_P12;PISO_1_P21;PISO_1_P22;PISO_1_P31;PISO_1_P32;PISO_1_P41;PISO_1_P42;PISO_1_P51;PISO_1_P52,True
LT1:202-I:02,46.827330508474574,16.15,0.05,46.827330508474574,-0.0,0.05,8,18,lower,Y,PISO_1,PISO_1_P11;PISO_1_P12;PISO_1_P21;PISO_1_P22;PISO_1_P31;PISO_1_P32;PISO_1_P41;PISO_1_P42;PISO_1_P51;PISO_1_P52,True
LT1:202-I:02,47.00741525423729,16.15,0.05,47.00741525423729,-0.0,0.05,8,18,lower,Y,PISO_1,PISO_1_P11;PISO_1_P12;PISO_1_P21;PISO_1_P22;PISO_1_P31;PISO_1_P32;PISO_1_P41;PISO_1_P42;PISO_1_P51;PISO_1_P52,True
LT1:202-I:02,47.1875,16.15,0.05,47.1875,-0.0,0.05,8,18,lower,Y,PISO_1,PISO_1_P11;PISO_1_P12;PISO_1_P21;PISO_1_P22;PISO_1_P31;PISO_1_P32;PISO_1_P41;PISO_1_P42;PISO_1_P51;PISO_1_P52,True
LT1:202-I:02,47.36758474576271,16.15,0.05,47.36758474576271,-0.0,0.05,8,18,lower,Y,PISO_1,PISO_1_P11;PISO_1_P12;PISO_1_P21;PISO_1_P22;PISO_1_P31;PISO_1_P32;PISO_1_P41;PISO_1_P42;PISO_1_P51;PISO_1_P52,True
LT1:202-I:02,47.547669491525426,16.15,0.05,47.547669491525426,-0.0,0.05,8,18,lower,Y,PISO_1,PISO_1_P11;PISO_1_P12;PISO_1_P21;PISO_1_P22;PISO_1_P31;PISO_1_P32;PISO_1_P41;PISO_1_P42;PISO_1_P51;PISO_1_P52,True
LT1:202-I:02,47.72775423728814,16.15,0.05,47.72775423728814,-0.0,0.05,8,18,lower,Y,PISO_1,PISO_1_P11;PISO_1_P12;PISO_1_P21;PISO_1_P22;PISO_1_P31;PISO_1_P32;PISO_1_P41;PISO_1_P42;PISO_1_P51;PISO_1_P52,True
LT1:202-I:02,47.90783898305085,16.15,0.05,47.90783898305085,-0.0,0.05,8,18,lower,Y,PISO_1,PISO_1_P11;PISO_1_P12;PISO_1_P21;PISO_1_P22;PISO_1_P31;PISO_1_P32;PISO_1_P41;PISO_1_P42;PISO_1_P51;PISO_1_P52,True
LT1:202-I:02,48.087923728813564,16.15,0.05,48.087923728813564,-0.0,0.05,8,18,lower,Y,PISO_1,PISO_1_P11;PISO_1_P12;PISO_1_P21;PISO_1_P22;PISO_1_P31;PISO_1_P32;PISO_1_P41;PISO_1_P42;PISO_1_P51;PISO_1_P52,True
LT1:202-I:02,48.26800847457627,16.15,0.05,48.26800847457627,-0.0,0.05,8,18,lower,Y,PISO_1,PISO_1_P11;PISO_1_P12;PISO_1_P21;PISO_1_P22;PISO_1_P31;PISO_1_P32;PISO_1_P41;PISO_1_P42;PISO_1_P51;PISO_1_P52,True
LT1:202-I:02,48.44809322033898,16.15,0.05,48.44809322033898,-0.0,0.05,8,18,lower,Y,PISO_1,PISO_1_P11;PISO_1_P12;PISO_1_P21;PISO_1_P22;PISO_1_P31;PISO_1_P32;PISO_1_P41;PISO_1_P42;PISO_1_P51;PISO_1_P52,True
LT1:202-I:02,48.628177966101696,16.15,0.05,48.628177966101696,-0.0,0.05,8,18,lower,Y,PISO_1,PISO_1_P11;PISO_1_P12;PISO_1_P21;PISO_1_P22;PISO_1_P31;PISO_1_P32;PISO_1_P41;PISO_1_P42;PISO_1_P51;PISO_1_P52,True
LT1:202-I:02,48.80826271186441,16.15,0.05,48.80826271186441,-0.0,0.05,8,18,lower,Y,PISO_1,PISO_1_P11;PISO_1_P12;PISO_1_P21;PISO_1_P22;PISO_1_P31;PISO_1_P32;PISO_1_P41;PISO_1_P42;PISO_1_P51;PISO_1_P52,True
LT1:202-I:02,48.988347457627114,16.15,0.05,48.988347457627114,-0.0,0.05,8,18,lower,Y,PISO_1,PISO_1_P11;PISO_1_P12;PISO_1_P21;PISO_1_P22;PISO_1_P31;PISO_1_P32;PISO_1_P41;PISO_1_P42;PISO_1_P51;PISO_1_P52,True
LT1:202-I:02,49.16843220338983,16.15,0.05,49.16843220338983,-0.0,0.05,8,18,lower,Y,PISO_1,PISO_1_P11;PISO_1_P12;PISO_1_P21;PISO_1_P22;PISO_1_P31;PISO_1_P32;PISO_1_P41;PISO_1_P42;PISO_1_P51;PISO_1_P52,True
LT1:202-I:02,49.34851694915254,16.15,0.05,49.34851694915254,-0.0,0.05,8,18,lower,Y,PISO_1,PISO_1_P11;PISO_1_P12;PISO_1_P21;PISO_1_P22;PISO_1_P31;PISO_1_P32;PISO_1_P41;PISO_1_P42;PISO_1_P51;PISO_1_P52,True
LT1:202-I:02,49.52860169491525,16.15,0.05,49.52860169491525,-0.0,0.05,8,18,lower,Y,PISO_1,PISO_1_P11;PISO_1_P12;PISO_1_P21;PISO_1_P22;PISO_1_P31;PISO_1_P32;PISO_1_P41;PISO_1_P42;PISO_1_P51;PISO_1_P52,True
LT1:202-I:02,49.708686440677965,16.15,0.05,49.708686440677965,-0.0,0.05,8,18,lower,Y,PISO_1,PISO_1_P11;PISO_1_P12;PISO_1_P21;PISO_1_P22;PISO_1_P31;PISO_1_P32;PISO_1_P41;PISO_1_P42;PISO_1_P51;PISO_1_P52,True
LT1:202-I:02,49.88877118644068,16.15,0.05,49.88877118644068,-0.0,0.05,8,18,lower,Y,PISO_1,PISO_1_P11;PISO_1_P12;PISO_1_P21;PISO_1_P22;PISO_1_P31;PISO_1_P32;PISO_1_P41;PISO_1_P42;PISO_1_P51;PISO_1_P52,True
LT1:202-I:02,50.06885593220339,16.15,0.05,50.06885593220339,-0.0,0.05,8,18,lower,Y,PISO_1,PISO_1_P11;PISO_1_P12;PISO_1_P21;PISO_1_P22;PISO_1_P31;PISO_1_P32;PISO_1_P41;PISO_1_P42;PISO_1_P51;PISO_1_P52,True
LT1:202-I:02,50.248940677966104,16.15,0.05,50.248940677966104,-0.0,0.05,8,18,lower,Y,PISO_1,PISO_1_P11;PISO_1_P12;PISO_1_P21;PISO_1_P22;PISO_1_P31;PISO_1_P32;PISO_1_P41;PISO_1_P42;PISO_1_P51;PISO_1_P52,True
LT1:202-I:02,50.42902542372882,16.15,0.05,50.42902542372882,-0.0,0.05,8,18,lower,Y,PISO_1,PISO_1_P11;PISO_1_P12;PISO_1_P21;PISO_1_P22;PISO_1_P31;PISO_1_P32;PISO_1_P41;PISO_1_P42;PISO_1_P51;PISO_1_P52,True
LT1:202-I:02,50.60911016949153,16.15,0.05,50.60911016949153,-0.0,0.05,8,18,lower,Y,PISO_1,PISO_1_P11;PISO_1_P12;PISO_1_P21;PISO_1_P22;PISO_1_P31;PISO_1_P32;PISO_1_P41;PISO_1_P42;PISO_1_P51;PISO_1_P52,True
LT1:202-I:02,50.78919491525424,16.15,0.05,50.78919491525424,-0.0,0.05,8,18,lower,Y,PISO_1,PISO_1_P11;PISO_1_P12;PISO_1_P21;PISO_1_P22;PISO_1_P31;PISO_1_P32;PISO_1_P41;PISO_1_P42;PISO_1_P51;PISO_1_P52,True
LT1:202-I:02,50.96927966101695,16.15,0.05,50.96927966101695,-0.0,0.05,8,18,lower,Y,PISO_1,PISO_1_P11;PISO_1_P12;PISO_1_P21;PISO_1_P22;PISO_1_P31;PISO_1_P32;PISO_1_P41;PISO_1_P42;PISO_1_P51;PISO_1_P52,True
LT1:202-I:02,51.14936440677966,16.15,0.05,51.14936440677966,-0.0,0.05,8,18,lower,Y,PISO_1,PISO_1_P11;PISO_1_P12;PISO_1_P21;PISO_1_P22;PISO_1_P31;PISO_1_P32;PISO_1_P41;PISO_1_P42;PISO_1_P51;PISO_1_P52,True
LT1:202-I:02,51.329449152542374,16.15,0.05,51.329449152542374,-0.0,0.05,8,18,lower,Y,PISO_1,PISO_1_P11;PISO_1_P12;PISO_1_P21;PISO_1_P22;PISO_1_P31;PISO_1_P32;PISO_1_P41;PISO_1_P42;PISO_1_P51;PISO_1_P52,True
LT1:202-I:02,51.50953389830508,16.15,0.05,51.50953389830508,-0.0,0.05,8,18,lower,Y,PISO_1,PISO_1_P11;PISO_1_P12;PISO_1_P21;PISO_1_P22;PISO_1_P31;PISO_1_P32;PISO_1_P41;PISO_1_P42;PISO_1_P51;PISO_1_P52,True
LT1:202-I:02,51.68961864406779,16.15,0.05,51.68961864406779,-0.0,0.05,8,18,lower,Y,PISO_1,PISO_1_P11;PISO_1_P12;PISO_1_P21;PISO_1_P22;PISO_1_P31;PISO_1_P32;PISO_1_P41;PISO_1_P42;PISO_1_P51;PISO_1_P52,True
LT1:202-I:02,51.869703389830505,16.15,0.05,51.869703389830505,-0.0,0.05,8,18,lower,Y,PISO_1,PISO_1_P11;PISO_1_P12;PISO_1_P21;PISO_1_P22;PISO_1_P31;PISO_1_P32;PISO_1_P41;PISO_1_P42;PISO_1_P51;PISO_1_P52,True
LT1:202-I:02,52.04978813559322,16.15,0.05,52.04978813559322,-0.0,0.05,8,18,lower,Y,PISO_1,PISO_1_P11;PISO_1_P12;PISO_1_P21;PISO_1_P22;PISO_1_P31;PISO_1_P32;PISO_1_P41;PISO_1_P42;PISO_1_P51;PISO_1_P52,True
LT1:202-I:02,52.22987288135593,16.15,0.05,52.22987288135593,-0.0,0.05,8,18,lower,Y,PISO_1,PISO_1_P11;PISO_1_P12;PISO_1_P21;PISO_1_P22;PISO_1_P31;PISO_1_P32;PISO_1_P41;PISO_1_P42;PISO_1_P51;PISO_1_P52,True
LT1:202-I:02,52.409957627118644,16.15,0.05,52.409957627118644,-0.0,0.05,8,18,lower,Y,PISO_1,PISO_1_P11;PISO_1_P12;PISO_1_P21;PISO_1_P22;PISO_1_P31;PISO_1_P32;PISO_1_P41;PISO_1_P42;PISO_1_P51;PISO_1_P52,True
LT1:202-I:02,52.590042372881356,16.15,0.05,52.590042372881356,-0.0,0.05,8,18,lower,Y,PISO_1,PISO_1_P11;PISO_1_P12;PISO_1_P21;PISO_1_P22;PISO_1_P31;PISO_1_P32;PISO_1_P41;PISO_1_P42;PISO_1_P51;PISO_1_P52,True
LT1:202-I:02,52.77012711864407,16.15,0.05,52.77012711864407,-0.0,0.05,8,18,lower,Y,PISO_1,PISO_1_P11;PISO_1_P12;PISO_1_P21;PISO_1_P22;PISO_1_P31;PISO_1_P32;PISO_1_P41;PISO_1_P42;PISO_1_P51;PISO_1_P52,True
LT1:202-I:02,52.95021186440678,16.15,0.05,52.95021186440678,-0.0,0.05,8,18,lower,Y,PISO_1,PISO_1_P11;PISO_1_P12;PISO_1_P21;PISO_1_P22;PISO_1_P31;PISO_1_P32;PISO_1_P41;PISO_1_P42;PISO_1_P51;PISO_1_P52,True
LT1:202-I:02,53.130296610169495,16.15,0.05,53.130296610169495,-0.0,0.05,8,18,lower,Y,PISO_1,PISO_1_P11;PISO_1_P12;PISO_1_P21;PISO_1_P22;PISO_1_P31;PISO_1_P32;PISO_1_P41;PISO_1_P42;PISO_1_P51;PISO_1_P52,True
LT1:202-I:02,53.31038135593221,16.15,0.05,53.31038135593221,-0.0,0.05,8,18,lower,Y,PISO_1,PISO_1_P11;PISO_1_P12;PISO_1_P21;PISO_1_P22;PISO_1_P31;PISO_1_P32;PISO_1_P41;PISO_1_P42;PISO_1_P51;PISO_1_P52,True
LT1:202-I:02,53.49046610169492,16.15,0.05,53.49046610169492,-0.0,0.05,8,18,lower,Y,PISO_1,PISO_1_P11;PISO_1_P12;PISO_1_P21;PISO_1_P22;PISO_1_P31;PISO_1_P32;PISO_1_P41;PISO_1_P42;PISO_1_P51;PISO_1_P52,True
LT1:202-I:02,53.670550847457626,16.15,0.05,53.670550847457626,-0.0,0.05,8,18,lower,Y,PISO_1,PISO_1_P11;PISO_1_P12;PISO_1_P21;PISO_1_P22;PISO_1_P31;PISO_1_P32;PISO_1_P41;PISO_1_P42;PISO_1_P51;PISO_1_P52,True
LT1:202-I:02,53.85063559322034,16.15,0.05,53.85063559322034,-0.0,0.05,8,18,lower,Y,PISO_1,PISO_1_P11;PISO_1_P12;PISO_1_P21;PISO_1_P22;PISO_1_P31;PISO_1_P32;PISO_1_P41;PISO_1_P42;PISO_1_P51;PISO_1_P52,True
LT1:202-I:02,54.03072033898305,16.15,0.05,54.03072033898305,-0.0,0.05,8,18,lower,Y,PISO_1,PISO_1_P11;PISO_1_P12;PISO_1_P21;PISO_1_P22;PISO_1_P31;PISO_1_P32;PISO_1_P41;PISO_1_P42;PISO_1_P51;PISO_1_P52,True
LT1:202-I:02,54.21080508474576,16.15,0.05,54.21080508474576,-0.0,0.05,8,18,lower,Y,PISO_1,PISO_1_P11;PISO_1_P12;PISO_1_P21;PISO_1_P22;PISO_1_P31;PISO_1_P32;PISO_1_P41;PISO_1_P42;PISO_1_P51;PISO_1_P52,True
LT1:202-I:02,54.39088983050847,16.15,0.05,54.39088983050847,-0.0,0.05,8,18,lower,Y,PISO_1,PISO_1_P11;PISO_1_P12;PISO_1_P21;PISO_1_P22;PISO_1_P31;PISO_1_P32;PISO_1_P41;PISO_1_P42;PISO_1_P51;PISO_1_P52,True
LT1:202-I:02,54.57097457627118,16.15,0.05,54.57097457627118,-0.0,0.05,8,18,lower,Y,PISO_1,PISO_1_P11;PISO_1_P12;PISO_1_P21;PISO_1_P22;PISO_1_P31;PISO_1_P32;PISO_1_P41;PISO_1_P42;PISO_1_P51;PISO_1_P52,True
LT1:202-I:02,54.751059322033896,16.15,0.05,54.751059322033896,-0.0,0.05,8,18,lower,Y,PISO_1,PISO_1_P11;PISO_1_P12;PISO_1_P21;PISO_1_P22;PISO_1_P31;PISO_1_P32;PISO_1_P41;PISO_1_P42;PISO_1_P51;PISO_1_P52,True
LT1:202-I:02,54.93114406779661,16.15,0.05,54.93114406779661,-0.0,0.05,8,18,lower,Y,PISO_1,PISO_1_P11;PISO_1_P12;PISO_1_P21;PISO_1_P22;PISO_1_P31;PISO_1_P32;PISO_1_P41;PISO_1_P42;PISO_1_P51;PISO_1_P52,True
LT1:202-I:02,55.11122881355932,16.15,0.05,55.11122881355932,-0.0,0.05,8,18,lower,Y,PISO_1,PISO_1_P11;PISO_1_P12;PISO_1_P21;PISO_1_P22;PISO_1_P31;PISO_1_P32;PISO_1_P41;PISO_1_P42;PISO_1_P51;PISO_1_P52,True
LT1:202-I:02,55.291313559322035,16.15,0.05,55.291313559322035,-0.0,0.05,8,18,lower,Y,PISO_1,PISO_1_P11;PISO_1_P12;PISO_1_P21;PISO_1_P22;PISO_1_P31;PISO_1_P32;PISO_1_P41;PISO_1_P42;PISO_1_P51;PISO_1_P52,True
LT1:202-I:02,55.47139830508475,16.15,0.05,55.47139830508475,-0.0,0.05,8,18,lower,Y,PISO_1,PISO_1_P11;PISO_1_P12;PISO_1_P21;PISO_1_P22;PISO_1_P31;PISO_1_P32;PISO_1_P41;PISO_1_P42;PISO_1_P51;PISO_1_P52,True
LT1:202-I:02,55.65148305084746,16.15,0.05,55.65148305084746,-0.0,0.05,8,18,lower,Y,PISO_1,PISO_1_P11;PISO_1_P12;PISO_1_P21;PISO_1_P22;PISO_1_P31;PISO_1_P32;PISO_1_P41;PISO_1_P42;PISO_1_P51;PISO_1_P52,True
LT1:202-I:02,55.83156779661017,16.15,0.05,55.83156779661017,-0.0,0.05,8,18,lower,Y,PISO_1,PISO_1_P11;PISO_1_P12;PISO_1_P21;PISO_1_P22;PISO_1_P31;PISO_1_P32;PISO_1_P41;PISO_1_P42;PISO_1_P51;PISO_1_P52,True
LT1:202-I:02,56.011652542372886,16.15,0.05,56.011652542372886,-0.0,0.05,8,18,lower,Y,PISO_1,PISO_1_P11;PISO_1_P12;PISO_1_P21;PISO_1_P22;PISO_1_P31;PISO_1_P32;PISO_1_P41;PISO_1_P42;PISO_1_P51;PISO_1_P52,True
LT1:202-I:02,56.19173728813559,16.15,0.05,56.19173728813559,-0.0,0.05,8,18,lower,Y,PISO_1,PISO_1_P11;PISO_1_P12;PISO_1_P21;PISO_1_P22;PISO_1_P31;PISO_1_P32;PISO_1_P41;PISO_1_P42;PISO_1_P51;PISO_1_P52,True
LT1:202-I:02,56.371822033898304,16.15,0.05,56.371822033898304,-0.0,0.05,8,18,lower,Y,PISO_1,PISO_1_P11;PISO_1_P12;PISO_1_P21;PISO_1_P22;PISO_1_P31;PISO_1_P32;PISO_1_P41;PISO_1_P42;PISO_1_P51;PISO_1_P52,True
LT1:202-I:02,56.55190677966102,16.15,0.05,56.55190677966102,-0.0,0.05,8,18,lower,Y,PISO_1,PISO_1_P11;PISO_1_P12;PISO_1_P21;PISO_1_P22;PISO_1_P31;PISO_1_P32;PISO_1_P41;PISO_1_P42;PISO_1_P51;PISO_1_P52,True
LT1:202-I:02,56.73199152542373,16.15,0.05,56.73199152542373,-0.0,0.05,8,18,lower,Y,PISO_1,PISO_1_P11;PISO_1_P12;PISO_1_P21;PISO_1_P22;PISO_1_P31;PISO_1_P32;PISO_1_P41;PISO_1_P42;PISO_1_P51;PISO_1_P52,True
LT1:202-I:02,56.912076271186436,16.15,0.05,56.912076271186436,-0.0,0.05,8,18,lower,Y,PISO_1,PISO_1_P11;PISO_1_P12;PISO_1_P21;PISO_1_P22;PISO_1_P31;PISO_1_P32;PISO_1_P41;PISO_1_P42;PISO_1_P51;PISO_1_P52,True
LT1:202-I:02,57.09216101694915,16.15,0.05,57.09216101694915,-0.0,0.05,8,18,lower,Y,PISO_1,PISO_1_P11;PISO_1_P12;PISO_1_P21;PISO_1_P22;PISO_1_P31;PISO_1_P32;PISO_1_P41;PISO_1_P42;PISO_1_P51;PISO_1_P52,True
LT1:202-I:02,57.27224576271186,16.15,0.05,57.27224576271186,-0.0,0.05,8,18,lower,Y,PISO_1,PISO_1_P11;PISO_1_P12;PISO_1_P21;PISO_1_P22;PISO_1_P31;PISO_1_P32;PISO_1_P41;PISO_1_P42;PISO_1_P51;PISO_1_P52,True
LT1:202-I:02,57.452330508474574,16.15,0.05,57.452330508474574,-0.0,0.05,8,18,lower,Y,PISO_1,PISO_1_P11;PISO_1_P12;PISO_1_P21;PISO_1_P22;PISO_1_P31;PISO_1_P32;PISO_1_P41;PISO_1_P42;PISO_1_P51;PISO_1_P52,True
LT1:202-I:02,57.63241525423729,16.15,0.05,57.63241525423729,-0.0,0.05,8,18,lower,Y,PISO_1,PISO_1_P11;PISO_1_P12;PISO_1_P21;PISO_1_P22;PISO_1_P31;PISO_1_P32;PISO_1_P41;PISO_1_P42;PISO_1_P51;PISO_1_P52,True
LT1:202-I:02,57.8125,16.15,0.05,57.8125,-0.0,0.05,8,18,lower,Y,PISO_1,PISO_1_P11;PISO_1_P12;PISO_1_P21;PISO_1_P22;PISO_1_P31;PISO_1_P32;PISO_1_P41;PISO_1_P42;PISO_1_P51;PISO_1_P52,True
LT1:202-I:02,57.99258474576271,16.15,0.05,57.99258474576271,-0.0,0.05,8,18,lower,Y,PISO_1,PISO_1_P11;PISO_1_P12;PISO_1_P21;PISO_1_P22;PISO_1_P31;PISO_1_P32;PISO_1_P41;PISO_1_P42;PISO_1_P51;PISO_1_P52,True
LT1:202-I:02,58.172669491525426,16.15,0.05,58.172669491525426,-0.0,0.05,8,18,lower,Y,PISO_1,PISO_1_P11;PISO_1_P12;PISO_1_P21;PISO_1_P22;PISO_1_P31;PISO_1_P32;PISO_1_P41;PISO_1_P42;PISO_1_P51;PISO_1_P52,True
LT1:202-I:02,58.35275423728814,16.15,0.05,58.35275423728814,-0.0,0.05,8,18,lower,Y,PISO_1,PISO_1_P11;PISO_1_P12;PISO_1_P21;PISO_1_P22;PISO_1_P31;PISO_1_P32;PISO_1_P41;PISO_1_P42;PISO_1_P51;PISO_1_P52,True
LT1:202-I:02,58.53283898305085,16.15,0.05,58.53283898305085,-0.0,0.05,8,18,lower,Y,PISO_1,PISO_1_P11;PISO_1_P12;PISO_1_P21;PISO_1_P22;PISO_1_P31;PISO_1_P32;PISO_1_P41;PISO_1_P42;PISO_1_P51;PISO_1_P52,True
LT1:202-I:02,58.712923728813564,16.15,0.05,58.712923728813564,-0.0,0.05,8,18,lower,Y,PISO_1,PISO_1_P11;PISO_1_P12;PISO_1_P21;PISO_1_P22;PISO_1_P31;PISO_1_P32;PISO_1_P41;PISO_1_P42;PISO_1_P51;PISO_1_P52,True
LT1:202-I:02,58.89300847457627,16.15,0.05,58.89300847457627,-0.0,0.05,8,18,lower,Y,PISO_1,PISO_1_P11;PISO_1_P12;PISO_1_P21;PISO_1_P22;PISO_1_P31;PISO_1_P32;PISO_1_P41;PISO_1_P42;PISO_1_P51;PISO_1_P52,True
LT1:202-I:02,59.07309322033898,16.15,0.05,59.07309322033898,-0.0,0.05,8,18,lower,Y,PISO_1,PISO_1_P11;PISO_1_P12;PISO_1_P21;PISO_1_P22;PISO_1_P31;PISO_1_P32;PISO_1_P41;PISO_1_P42;PISO_1_P51;PISO_1_P52,True
LT1:202-I:02,59.253177966101696,16.15,0.05,59.253177966101696,-0.0,0.05,8,18,lower,Y,PISO_1,PISO_1_P11;PISO_1_P12;PISO_1_P21;PISO_1_P22;PISO_1_P31;PISO_1_P32;PISO_1_P41;PISO_1_P42;PISO_1_P51;PISO_1_P52,True
LT1:202-I:02,59.43326271186441,16.15,0.05,59.43326271186441,-0.0,0.05,8,18,lower,Y,PISO_1,PISO_1_P11;PISO_1_P12;PISO_1_P21;PISO_1_P22;PISO_1_P31;PISO_1_P32;PISO_1_P41;PISO_1_P42;PISO_1_P51;PISO_1_P52,True
LT1:202-I:02,59.613347457627114,16.15,0.05,59.613347457627114,-0.0,0.05,8,18,lower,Y,PISO_1,PISO_1_P11;PISO_1_P12;PISO_1_P21;PISO_1_P22;PISO_1_P31;PISO_1_P32;PISO_1_P41;PISO_1_P42;PISO_1_P51;PISO_1_P52,True
LT1:202-I:02,59.79343220338983,16.15,0.05,59.79343220338983,-0.0,0.05,8,18,lower,Y,PISO_1,PISO_1_P11;PISO_1_P12;PISO_1_P21;PISO_1_P22;PISO_1_P31;PISO_1_P32;PISO_1_P41;PISO_1_P42;PISO_1_P51;PISO_1_P52,True
LT1:202-I:02,59.97351694915254,16.15,0.05,59.97351694915254,-0.0,0.05,8,18,lower,Y,PISO_1,PISO_1_P11;PISO_1_P12;PISO_1_P21;PISO_1_P22;PISO_1_P31;PISO_1_P32;PISO_1_P41;PISO_1_P42;PISO_1_P51;PISO_1_P52,True
LT1:202-I:02,60.15360169491525,16.15,0.05,60.15360169491525,-0.0,0.05,8,18,lower,Y,PISO_1,PISO_1_P11;PISO_1_P12;PISO_1_P21;PISO_1_P22;PISO_1_P31;PISO_1_P32;PISO_1_P41;PISO_1_P42;PISO_1_P51;PISO_1_P52,True
LT1:202-I:02,60.333686440677965,16.15,0.05,60.333686440677965,-0.0,0.05,8,18,lower,Y,PISO_1,PISO_1_P11;PISO_1_P12;PISO_1_P21;PISO_1_P22;PISO_1_P31;PISO_1_P32;PISO_1_P41;PISO_1_P42;PISO_1_P51;PISO_1_P52,True
LT1:202-I:02,60.51377118644068,16.15,0.05,60.51377118644068,-0.0,0.05,8,18,lower,Y,PISO_1,PISO_1_P11;PISO_1_P12;PISO_1_P21;PISO_1_P22;PISO_1_P31;PISO_1_P32;PISO_1_P41;PISO_1_P42;PISO_1_P51;PISO_1_P52,True
LT1:202-I:02,60.69385593220339,16.15,0.05,60.69385593220339,-0.0,0.05,8,18,lower,Y,PISO_1,PISO_1_P11;PISO_1_P12;PISO_1_P21;PISO_1_P22;PISO_1_P31;PISO_1_P32;PISO_1_P41;PISO_1_P42;PISO_1_P51;PISO_1_P52,True
LT1:202-I:02,60.873940677966104,16.15,0.05,60.873940677966104,-0.0,0.05,8,18,lower,Y,PISO_1,PISO_1_P11;PISO_1_P12;PISO_1_P21;PISO_1_P22;PISO_1_P31;PISO_1_P32;PISO_1_P41;PISO_1_P42;PISO_1_P51;PISO_1_P52,True
LT1:202-I:02,61.05402542372882,16.15,0.05,61.05402542372882,-0.0,0.05,8,18,lower,Y,PISO_1,PISO_1_P11;PISO_1_P12;PISO_1_P21;PISO_1_P22;PISO_1_P31;PISO_1_P32;PISO_1_P41;PISO_1_P42;PISO_1_P51;PISO_1_P52,True
LT1:202-I:02,61.23411016949153,16.15,0.05,61.23411016949153,-0.0,0.05,8,18,lower,Y,PISO_1,PISO_1_P11;PISO_1_P12;PISO_1_P21;PISO_1_P22;PISO_1_P31;PISO_1_P32;PISO_1_P41;PISO_1_P42;PISO_1_P51;PISO_1_P52,True
LT1:202-I:02,61.41419491525424,16.15,0.05,61.41419491525424,-0.0,0.05,8,18,lower,Y,PISO_1,PISO_1_P11;PISO_1_P12;PISO_1_P21;PISO_1_P22;PISO_1_P31;PISO_1_P32;PISO_1_P41;PISO_1_P42;PISO_1_P51;PISO_1_P52,True
LT1:202-I:02,61.59427966101695,16.15,0.05,61.59427966101695,-0.0,0.05,8,18,lower,Y,PISO_1,PISO_1_P11;PISO_1_P12;PISO_1_P21;PISO_1_P22;PISO_1_P31;PISO_1_P32;PISO_1_P41;PISO_1_P42;PISO_1_P51;PISO_1_P52,True
LT1:202-I:02,61.77436440677966,16.15,0.05,61.77436440677966,-0.0,0.05,8,18,lower,Y,PISO_1,PISO_1_P11;PISO_1_P12;PISO_1_P21;PISO_1_P22;PISO_1_P31;PISO_1_P32;PISO_1_P41;PISO_1_P42;PISO_1_P51;PISO_1_P52,True
LT1:202-I:02,61.954449152542374,16.15,0.05,61.954449152542374,-0.0,0.05,8,18,lower,Y,PISO_1,PISO_1_P11;PISO_1_P12;PISO_1_P21;PISO_1_P22;PISO_1_P31;PISO_1_P32;PISO_1_P41;PISO_1_P42;PISO_1_P51;PISO_1_P52,True
LT1:202-I:02,62.13453389830508,16.15,0.05,62.13453389830508,-0.0,0.05,8,18,lower,Y,PISO_1,PISO_1_P11;PISO_1_P12;PISO_1_P21;PISO_1_P22;PISO_1_P31;PISO_1_P32;PISO_1_P41;PISO_1_P42;PISO_1_P51;PISO_1_P52,True
LT1:202-I:02,62.31461864406779,16.15,0.05,62.31461864406779,-0.0,0.05,8,18,lower,Y,PISO_1,PISO_1_P11;PISO_1_P12;PISO_1_P21;PISO_1_P22;PISO_1_P31;PISO_1_P32;PISO_1_P41;PISO_1_P42;PISO_1_P51;PISO_1_P52,True
LT1:202-I:02,62.494703389830505,16.15,0.05,62.494703389830505,-0.0,0.05,8,18,lower,Y,PISO_1,PISO_1_P11;PISO_1_P12;PISO_1_P21;PISO_1_P22;PISO_1_P31;PISO_1_P32;PISO_1_P41;PISO_1_P42;PISO_1_P51;PISO_1_P52,True
LT1:202-I:02,62.67478813559322,16.15,0.05,62.67478813559322,-0.0,0.05,8,18,lower,Y,PISO_1,PISO_1_P11;PISO_1_P12;PISO_1_P21;PISO_1_P22;PISO_1_P31;PISO_1_P32;PISO_1_P41;PISO_1_P42;PISO_1_P51;PISO_1_P52,True
LT1:202-I:02,62.85487288135593,16.15,0.05,62.85487288135593,-0.0,0.05,8,18,lower,Y,PISO_1,PISO_1_P11;PISO_1_P12;PISO_1_P21;PISO_1_P22;PISO_1_P31;PISO_1_P32;PISO_1_P41;PISO_1_P42;PISO_1_P51;PISO_1_P52,True
LT1:202-I:02,63.034957627118644,16.15,0.05,63.034957627118644,-0.0,0.05,8,18,lower,Y,PISO_1,PISO_1_P11;PISO_1_P12;PISO_1_P21;PISO_1_P22;PISO_1_P31;PISO_1_P32;PISO_1_P41;PISO_1_P42;PISO_1_P51;PISO_1_P52,True
LT1:202-I:02,63.215042372881356,16.15,0.05,63.215042372881356,-0.0,0.05,8,18,lower,Y,PISO_1,PISO_1_P11;PISO_1_P12;PISO_1_P21;PISO_1_P22;PISO_1_P31;PISO_1_P32;PISO_1_P41;PISO_1_P42;PISO_1_P51;PISO_1_P52,True
LT1:202-I:02,63.39512711864407,16.15,0.05,63.39512711864407,-0.0,0.05,8,18,lower,Y,PISO_1,PISO_1_P11;PISO_1_P12;PISO_1_P21;PISO_1_P22;PISO_1_P31;PISO_1_P32;PISO_1_P41;PISO_1_P42;PISO_1_P51;PISO_1_P52,True
LT1:202-I:02,63.57521186440678,16.15,0.05,63.57521186440678,-0.0,0.05,8,18,lower,Y,PISO_1,PISO_1_P11;PISO_1_P12;PISO_1_P21;PISO_1_P22;PISO_1_P31;PISO_1_P32;PISO_1_P41;PISO_1_P42;PISO_1_P51;PISO_1_P52,True
LT1:202-I:02,63.755296610169495,16.15,0.05,63.755296610169495,-0.0,0.05,8,18,lower,Y,PISO_1,PISO_1_P11;PISO_1_P12;PISO_1_P21;PISO_1_P22;PISO_1_P31;PISO_1_P32;PISO_1_P41;PISO_1_P42;PISO_1_P51;PISO_1_P52,True
LT1:202-I:02,63.9353813559322,16.15,0.05,63.9353813559322,-0.0,0.05,8,18,lower,Y,PISO_1,PISO_1_P11;PISO_1_P12;PISO_1_P21;PISO_1_P22;PISO_1_P31;PISO_1_P32;PISO_1_P41;PISO_1_P42;PISO_1_P51;PISO_1_P52,True
LT1:202-I:02,64.11546610169492,16.15,0.05,64.11546610169492,-0.0,0.05,8,18,lower,Y,PISO_1,PISO_1_P11;PISO_1_P12;PISO_1_P21;PISO_1_P22;PISO_1_P31;PISO_1_P32;PISO_1_P41;PISO_1_P42;PISO_1_P51;PISO_1_P52,True
LT1:202-I:02,64.29555084745763,16.15,0.05,64.29555084745763,-0.0,0.05,8,18,lower,Y,PISO_1,PISO_1_P11;PISO_1_P12;PISO_1_P21;PISO_1_P22;PISO_1_P31;PISO_1_P32;PISO_1_P41;PISO_1_P42;PISO_1_P51;PISO_1_P52,True
LT1:202-I:02,64.47563559322035,16.15,0.05,64.47563559322035,-0.0,0.05,8,18,lower,Y,PISO_1,PISO_1_P11;PISO_1_P12;PISO_1_P21;PISO_1_P22;PISO_1_P31;PISO_1_P32;PISO_1_P41;PISO_1_P42;PISO_1_P51;PISO_1_P52,True
LT1:202-I:02,64.65572033898306,16.15,0.05,64.65572033898306,-0.0,0.05,8,18,lower,Y,PISO_1,PISO_1_P11;PISO_1_P12;PISO_1_P21;PISO_1_P22;PISO_1_P31;PISO_1_P32;PISO_1_P41;PISO_1_P42;PISO_1_P51;PISO_1_P52,True
LT1:202-I:02,64.83580508474577,16.15,0.05,64.83580508474577,-0.0,0.05,8,18,lower,Y,PISO_1,PISO_1_P11;PISO_1_P12;PISO_1_P21;PISO_1_P22;PISO_1_P31;PISO_1_P32;PISO_1_P41;PISO_1_P42;PISO_1_P51;PISO_1_P52,True
LT1:202-I:02,65.01588983050848,16.15,0.05,65.01588983050848,-0.0,0.05,8,18,lower,Y,PISO_1,PISO_1_P11;PISO_1_P12;PISO_1_P21;PISO_1_P22;PISO_1_P31;PISO_1_P32;PISO_1_P41;PISO_1_P42;PISO_1_P51;PISO_1_P52,True
LT1:202-I:02,65.19597457627118,16.15,0.05,65.19597457627118,-0.0,0.05,8,18,lower,Y,PISO_1,PISO_1_P11;PISO_1_P12;PISO_1_P21;PISO_1_P22;PISO_1_P31;PISO_1_P32;PISO_1_P41;PISO_1_P42;PISO_1_P51;PISO_1_P52,True
LT1:202-I:02,65.3760593220339,16.15,0.05,65.3760593220339,-0.0,0.05,8,18,lower,Y,PISO_1,PISO_1_P11;PISO_1_P12;PISO_1_P21;PISO_1_P22;PISO_1_P31;PISO_1_P32;PISO_1_P41;PISO_1_P42;PISO_1_P51;PISO_1_P52,True
LT1:202-I:02,65.55614406779661,16.15,0.05,65.55614406779661,-0.0,0.05,8,18,lower,Y,PISO_1,PISO_1_P11;PISO_1_P12;PISO_1_P21;PISO_1_P22;PISO_1_P31;PISO_1_P32;PISO_1_P41;PISO_1_P42;PISO_1_P51;PISO_1_P52,True
LT1:202-I:02,65.73622881355932,16.15,0.05,65.73622881355932,-0.0,0.05,8,18,lower,Y,PISO_1,PISO_1_P11;PISO_1_P12;PISO_1_P21;PISO_1_P22;PISO_1_P31;PISO_1_P32;PISO_1_P41;PISO_1_P42;PISO_1_P51;PISO_1_P52,True
LT1:202-I:02,65.91631355932203,16.15,0.05,65.91631355932203,-0.0,0.05,8,18,lower,Y,PISO_1,PISO_1_P11;PISO_1_P12;PISO_1_P21;PISO_1_P22;PISO_1_P31;PISO_1_P32;PISO_1_P41;PISO_1_P42;PISO_1_P51;PISO_1_P52,True
LT1:202-I:02,66.09639830508475,16.15,0.05,66.09639830508475,-0.0,0.05,8,18,lower,Y,PISO_1,PISO_1_P11;PISO_1_P12;PISO_1_P21;PISO_1_P22;PISO_1_P31;PISO_1_P32;PISO_1_P41;PISO_1_P42;PISO_1_P51;PISO_1_P52,True
LT1:202-I:02,66.27648305084746,16.15,0.05,66.27648305084746,-0.0,0.05,8,18,lower,Y,PISO_1,PISO_1_P11;PISO_1_P12;PISO_1_P21;PISO_1_P22;PISO_1_P31;PISO_1_P32;PISO_1_P41;PISO_1_P42;PISO_1_P51;PISO_1_P52,True
LT1:202-I:02,66.45656779661016,16.15,0.05,66.45656779661016,-0.0,0.05,8,18,lower,Y,PISO_1,PISO_1_P11;PISO_1_P12;PISO_1_P21;PISO_1_P22;PISO_1_P31;PISO_1_P32;PISO_1_P41;PISO_1_P42;PISO_1_P51;PISO_1_P52,True
LT1:202-I:02,66.63665254237287,16.15,0.05,66.63665254237287,-0.0,0.05,8,18,lower,Y,PISO_1,PISO_1_P11;PISO_1_P12;PISO_1_P21;PISO_1_P22;PISO_1_P31;PISO_1_P32;PISO_1_P41;PISO_1_P42;PISO_1_P51;PISO_1_P52,True
LT1:202-I:02,66.81673728813558,16.15,0.05,66.81673728813558,-0.0,0.05,8,18,lower,Y,PISO_1,PISO_1_P11;PISO_1_P12;PISO_1_P21;PISO_1_P22;PISO_1_P31;PISO_1_P32;PISO_1_P41;PISO_1_P42;PISO_1_P51;PISO_1_P52,True
LT1:202-I:02,66.9968220338983,16.15,0.05,66.9968220338983,-0.0,0.05,8,18,lower,Y,PISO_1,PISO_1_P11;PISO_1_P12;PISO_1_P21;PISO_1_P22;PISO_1_P31;PISO_1_P32;PISO_1_P41;PISO_1_P42;PISO_1_P51;PISO_1_P52,True
LT1:202-I:02,67.17690677966101,16.15,0.05,67.17690677966101,-0.0,0.05,8,18,lower,Y,PISO_1,PISO_1_P11;PISO_1_P12;PISO_1_P21;PISO_1_P22;PISO_1_P31;PISO_1_P32;PISO_1_P41;PISO_1_P42;PISO_1_P51;PISO_1_P52,True
LT1:202-I:02,67.35699152542372,16.15,0.05,67.35699152542372,-0.0,0.05,8,18,lower,Y,PISO_1,PISO_1_P11;PISO_1_P12;PISO_1_P21;PISO_1_P22;PISO_1_P31;PISO_1_P32;PISO_1_P41;PISO_1_P42;PISO_1_P51;PISO_1_P52,True
LT1:202-I:02,67.53707627118644,16.15,0.05,67.53707627118644,-0.0,0.05,8,18,lower,Y,PISO_1,PISO_1_P11;PISO_1_P12;PISO_1_P21;PISO_1_P22;PISO_1_P31;PISO_1_P32;PISO_1_P41;PISO_1_P42;PISO_1_P51;PISO_1_P52,True
LT1:202-I:02,67.71716101694915,16.15,0.05,67.71716101694915,-0.0,0.05,8,18,lower,Y,PISO_1,PISO_1_P11;PISO_1_P12;PISO_1_P21;PISO_1_P22;PISO_1_P31;PISO_1_P32;PISO_1_P41;PISO_1_P42;PISO_1_P51;PISO_1_P52,True
LT1:202-I:02,67.89724576271186,16.15,0.05,67.89724576271186,-0.0,0.05,8,18,lower,Y,PISO_1,PISO_1_P11;PISO_1_P12;PISO_1_P21;PISO_1_P22;PISO_1_P31;PISO_1_P32;PISO_1_P41;PISO_1_P42;PISO_1_P51;PISO_1_P52,True
LT1:202-I:02,68.07733050847457,16.15,0.05,68.07733050847457,-0.0,0.05,8,18,lower,Y,PISO_1,PISO_1_P11;PISO_1_P12;PISO_1_P21;PISO_1_P22;PISO_1_P31;PISO_1_P32;PISO_1_P41;PISO_1_P42;PISO_1_P51;PISO_1_P52,True
LT1:202-I:02,68.25741525423729,16.15,0.05,68.25741525423729,-0.0,0.05,8,18,lower,Y,PISO_1,PISO_1_P11;PISO_1_P12;PISO_1_P21;PISO_1_P22;PISO_1_P31;PISO_1_P32;PISO_1_P41;PISO_1_P42;PISO_1_P51;PISO_1_P52,True
LT1:202-I:02,68.4375,16.15,0.05,68.4375,-0.0,0.05,8,18,lower,Y,PISO_1,PISO_1_P11;PISO_1_P12;PISO_1_P21;PISO_1_P22;PISO_1_P31;PISO_1_P32;PISO_1_P41;PISO_1_P42;PISO_1_P51;PISO_1_P52,True
LT1:202-I:02,68.61758474576271,16.15,0.05,68.61758474576271,-0.0,0.05,8,18,lower,Y,PISO_1,PISO_1_P11;PISO_1_P12;PISO_1_P21;PISO_1_P22;PISO_1_P31;PISO_1_P32;PISO_1_P41;PISO_1_P42;PISO_1_P51;PISO_1_P52,True
LT1:202-I:02,68.79766949152543,16.15,0.05,68.79766949152543,-0.0,0.05,8,18,lower,Y,PISO_1,PISO_1_P11;PISO_1_P12;PISO_1_P21;PISO_1_P22;PISO_1_P31;PISO_1_P32;PISO_1_P41;PISO_1_P42;PISO_1_P51;PISO_1_P52,True
LT1:202-I:02,68.97775423728814,16.15,0.05,68.97775423728814,-0.0,0.05,8,18,lower,Y,PISO_1,PISO_1_P11;PISO_1_P12;PISO_1_P21;PISO_1_P22;PISO_1_P31;PISO_1_P32;PISO_1_P41;PISO_1_P42;PISO_1_P51;PISO_1_P52,True
LT1:202-I:02,69.15783898305085,16.15,0.05,69.15783898305085,-0.0,0.05,8,18,lower,Y,PISO_1,PISO_1_P11;PISO_1_P12;PISO_1_P21;PISO_1_P22;PISO_1_P31;PISO_1_P32;PISO_1_P41;PISO_1_P42;PISO_1_P51;PISO_1_P52,True
LT1:202-I:02,69.33792372881356,16.15,0.05,69.33792372881356,-0.0,0.05,8,18,lower,Y,PISO_1,PISO_1_P11;PISO_1_P12;PISO_1_P21;PISO_1_P22;PISO_1_P31;PISO_1_P32;PISO_1_P41;PISO_1_P42;PISO_1_P51;PISO_1_P52,True
LT1:202-I:02,69.51800847457628,16.15,0.05,69.51800847457628,-0.0,0.05,8,18,lower,Y,PISO_1,PISO_1_P11;PISO_1_P12;PISO_1_P21;PISO_1_P22;PISO_1_P31;PISO_1_P32;PISO_1_P41;PISO_1_P42;PISO_1_P51;PISO_1_P52,True
LT1:202-I:02,69.69809322033899,16.15,0.05,69.69809322033899,-0.0,0.05,8,18,lower,Y,PISO_1,PISO_1_P11;PISO_1_P12;PISO_1_P21;PISO_1_P22;PISO_1_P31;PISO_1_P32;PISO_1_P41;PISO_1_P42;PISO_1_P51;PISO_1_P52,True
LT1:202-I:02,69.8781779661017,16.15,0.05,69.8781779661017,-0.0,0.05,8,18,lower,Y,PISO_1,PISO_1_P11;PISO_1_P12;PISO_1_P21;PISO_1_P22;PISO_1_P31;PISO_1_P32;PISO_1_P41;PISO_1_P42;PISO_1_P51;PISO_1_P52,True
LT1:202-I:02,70.05826271186442,16.15,0.05,70.05826271186442,-0.0,0.05,8,18,lower,Y,PISO_1,PISO_1_P11;PISO_1_P12;PISO_1_P21;PISO_1_P22;PISO_1_P31;PISO_1_P32;PISO_1_P41;PISO_1_P42;PISO_1_P51;PISO_1_P52,True
LT1:202-I:02,70.23834745762713,16.15,0.05,70.23834745762713,-0.0,0.05,8,18,lower,Y,PISO_1,PISO_1_P11;PISO_1_P12;PISO_1_P21;PISO_1_P22;PISO_1_P31;PISO_1_P32;PISO_1_P41;PISO_1_P42;PISO_1_P51;PISO_1_P52,True
LT1:202-I:02,70.41843220338984,16.15,0.05,70.41843220338984,-0.0,0.05,8,18,lower,Y,PISO_1,PISO_1_P11;PISO_1_P12;PISO_1_P21;PISO_1_P22;PISO_1_P31;PISO_1_P32;PISO_1_P41;PISO_1_P42;PISO_1_P51;PISO_1_P52,True
LT1:202-I:02,70.59851694915254,16.15,0.05,70.59851694915254,-0.0,0.05,8,18,lower,Y,PISO_1,PISO_1_P11;PISO_1_P12;PISO_1_P21;PISO_1_P22;PISO_1_P31;PISO_1_P32;PISO_1_P41;PISO_1_P42;PISO_1_P51;PISO_1_P52,True
LT1:202-I:02,70.77860169491525,16.15,0.05,70.77860169491525,-0.0,0.05,8,18,lower,Y,PISO_1,PISO_1_P11;PISO_1_P12;PISO_1_P21;PISO_1_P22;PISO_1_P31;PISO_1_P32;PISO_1_P41;PISO_1_P42;PISO_1_P51;PISO_1_P52,True
LT1:202-I:02,70.95868644067797,16.15,0.05,70.95868644067797,-0.0,0.05,8,18,lower,Y,PISO_1,PISO_1_P11;PISO_1_P12;PISO_1_P21;PISO_1_P22;PISO_1_P31;PISO_1_P32;PISO_1_P41;PISO_1_P42;PISO_1_P51;PISO_1_P52,True
LT1:202-I:02,71.13877118644068,16.15,0.05,71.13877118644068,-0.0,0.05,8,18,lower,Y,PISO_1,PISO_1_P11;PISO_1_P12;PISO_1_P21;PISO_1_P22;PISO_1_P31;PISO_1_P32;PISO_1_P41;PISO_1_P42;PISO_1_P51;PISO_1_P52,True
LT1:202-I:02,71.31885593220339,16.15,0.05,71.31885593220339,-0.0,0.05,8,18,lower,Y,PISO_1,PISO_1_P11;PISO_1_P12;PISO_1_P21;PISO_1_P22;PISO_1_P31;PISO_1_P32;PISO_1_P41;PISO_1_P42;PISO_1_P51;PISO_1_P52,True
LT1:202-I:02,71.4989406779661,16.15,0.05,71.4989406779661,-0.0,0.05,8,18,lower,Y,PISO_1,PISO_1_P11;PISO_1_P12;PISO_1_P21;PISO_1_P22;PISO_1_P31;PISO_1_P32;PISO_1_P41;PISO_1_P42;PISO_1_P51;PISO_1_P52,True
LT1:202-I:02,71.67902542372882,16.15,0.05,71.67902542372882,-0.0,0.05,8,18,lower,Y,PISO_1,PISO_1_P11;PISO_1_P12;PISO_1_P21;PISO_1_P22;PISO_1_P31;PISO_1_P32;PISO_1_P41;PISO_1_P42;PISO_1_P51;PISO_1_P52,True
LT1:202-I:02,71.85911016949152,16.15,0.05,71.85911016949152,-0.0,0.05,8,18,lower,Y,PISO_1,PISO_1_P11;PISO_1_P12;PISO_1_P21;PISO_1_P22;PISO_1_P31;PISO_1_P32;PISO_1_P41;PISO_1_P42;PISO_1_P51;PISO_1_P52,True
LT1:202-I:02,72.03919491525423,16.15,0.05,72.03919491525423,-0.0,0.05,8,18,lower,Y,PISO_1,PISO_1_P11;PISO_1_P12;PISO_1_P21;PISO_1_P22;PISO_1_P31;PISO_1_P32;PISO_1_P41;PISO_1_P42;PISO_1_P51;PISO_1_P52,True
LT1:202-I:02,72.21927966101694,16.15,0.05,72.21927966101694,-0.0,0.05,8,18,lower,Y,PISO_1,PISO_1_P11;PISO_1_P12;PISO_1_P21;PISO_1_P22;PISO_1_P31;PISO_1_P32;PISO_1_P41;PISO_1_P42;PISO_1_P51;PISO_1_P52,True
LT1:202-I:02,72.39936440677965,16.15,0.05,72.39936440677965,-0.0,0.05,8,18,lower,Y,PISO_1,PISO_1_P11;PISO_1_P12;PISO_1_P21;PISO_1_P22;PISO_1_P31;PISO_1_P32;PISO_1_P41;PISO_1_P42;PISO_1_P51;PISO_1_P52,True
LT1:202-I:02,72.57944915254237,16.15,0.05,72.57944915254237,-0.0,0.05,8,18,lower,Y,PISO_1,PISO_1_P11;PISO_1_P12;PISO_1_P21;PISO_1_P22;PISO_1_P31;PISO_1_P32;PISO_1_P41;PISO_1_P42;PISO_1_P51;PISO_1_P52,True
LT1:202-I:02,72.75953389830508,16.15,0.05,72.75953389830508,-0.0,0.05,8,18,lower,Y,PISO_1,PISO_1_P11;PISO_1_P12;PISO_1_P21;PISO_1_P22;PISO_1_P31;PISO_1_P32;PISO_1_P41;PISO_1_P42;PISO_1_P51;PISO_1_P52,True
LT1:202-I:02,72.93961864406779,16.15,0.05,72.93961864406779,-0.0,0.05,8,18,lower,Y,PISO_1,PISO_1_P11;PISO_1_P12;PISO_1_P21;PISO_1_P22;PISO_1_P31;PISO_1_P32;PISO_1_P41;PISO_1_P42;PISO_1_P51;PISO_1_P52,True
LT1:202-I:02,73.1197033898305,16.15,0.05,73.1197033898305,-0.0,0.05,8,18,lower,Y,PISO_1,PISO_1_P11;PISO_1_P12;PISO_1_P21;PISO_1_P22;PISO_1_P31;PISO_1_P32;PISO_1_P41;PISO_1_P42;PISO_1_P51;PISO_1_P52,True
LT1:202-I:02,73.29978813559322,16.15,0.05,73.29978813559322,-0.0,0.05,8,18,lower,Y,PISO_1,PISO_1_P11;PISO_1_P12;PISO_1_P21;PISO_1_P22;PISO_1_P31;PISO_1_P32;PISO_1_P41;PISO_1_P42;PISO_1_P51;PISO_1_P52,True
LT1:202-I:02,73.47987288135593,16.15,0.05,73.47987288135593,-0.0,0.05,8,18,lower,Y,PISO_1,PISO_1_P11;PISO_1_P12;PISO_1_P21;PISO_1_P22;PISO_1_P31;PISO_1_P32;PISO_1_P41;PISO_1_P42;PISO_1_P51;PISO_1_P52,True
LT1:202-I:02,73.65995762711864,16.15,0.05,73.65995762711864,-0.0,0.05,8,18,lower,Y,PISO_1,PISO_1_P11;PISO_1_P12;PISO_1_P21;PISO_1_P22;PISO_1_P31;PISO_1_P32;PISO_1_P41;PISO_1_P42;PISO_1_P51;PISO_1_P52,True
LT1:202-I:03,41.25,8.075,0.05,41.25,8.075,0.05,8,18,lower,X,PISO_1,_,True
LT1:202-I:04,41.25,16.15,0.05,41.25,-0.0,0.05,10,14,lower,Y,PISO_1,_,True
LT1:202-I:05,31.25,4.45,0.05,41.25,4.45,0.05,8,18,lower,X,PISO_1,PISO_1_P11,True
LT1:202-I:05,31.339285714285715,8.9,0.05,31.339285714285715,-0.0,0.05,8,18,lower,Y,PISO_1,PISO_1_P11,True
LT1:202-I:05,31.517857142857142,8.9,0.05,31.517857142857142,-0.0,0.05,8,18,lower,Y,PISO_1,PISO_1_P11,True
LT1:202-I:05,31.696428571428573,8.9,0.05,31.696428571428573,-0.0,0.05,8,18,lower,Y,PISO_1,PISO_1_P11,True
LT1:202-I:05,31.875,8.9,0.05,31.875,-0.0,0.05,8,18,lower,Y,PISO_1,PISO_1_P11,True
LT1:202-I:05,32.05357142857143,8.9,0.05,32.05357142857143,-0.0,0.05,8,18,lower,Y,PISO_1,PISO_1_P11,True
LT1:202-I:05,32.232142857142854,8.9,0.05,32.232142857142854,-0.0,0.05,8,18,lower,Y,PISO_1,PISO_1_P11,True
LT1:202-I:05,32.410714285714285,8.9,0.05,32.410714285714285,-0.0,0.05,8,18,lower,Y,PISO_1,PISO_1_P11,True
LT1:202-I:05,32.589285714285715,8.9,0.05,32.589285714285715,-0.0,0.05,8,18,lower,Y,PISO_1,PISO_1_P11,True
LT1:202-I:05,32.767857142857146,8.9,0.05,32.767857142857146,-0.0,0.05,8,18,lower,Y,PISO_1,PISO_1_P11,True
LT1:202-I:05,32.94642857142857,8.9,0.05,32.94642857142857,-0.0,0.05,8,18,lower,Y,PISO_1,PISO_1_P11,True
LT1:202-I:05,33.125,8.9,0.05,33.125,-0.0,0.05,8,18,lower,Y,PISO_1,PISO_1_P11,True
LT1:202-I:05,33.30357142857143,8.9,0.05,33.30357142857143,-0.0,0.05,8,18,lower,Y,PISO_1,PISO_1_P11,True
LT1:202-I:05,33.482142857142854,8.9,0.05,33.482142857142854,-0.0,0.05,8,18,lower,Y,PISO_1,PISO_1_P11,True
LT1:202-I:05,33.660714285714285,8.9,0.05,33.660714285714285,-0.0,0.05,8,18,lower,Y,PISO_1,PISO_1_P11,True
LT1:202-I:05,33.839285714285715,8.9,0.05,33.839285714285715,-0.0,0.05,8,18,lower,Y,PISO_1,PISO_1_P11,True
LT1:202-I:05,34.017857142857146,8.9,0.05,34.017857142857146,-0.0,0.05,8,18,lower,Y,PISO_1,PISO_1_P11,True
LT1:202-I:05,34.19642857142857,8.9,0.05,34.19642857142857,-0.0,0.05,8,18,lower,Y,PISO_1,PISO_1_P11,True
LT1:202-I:05,34.375,8.9,0.05,34.375,-0.0,0.05,8,18,lower,Y,PISO_1,PISO_1_P11,True
LT1:202-I:05,34.55357142857143,8.9,0.05,34.55357142857143,-0.0,0.05,8,18,lower,Y,PISO_1,PISO_1_P11,True
LT1:202-I:05,34.732142857142854,8.9,0.05,34.732142857142854,-0.0,0.05,8,18,lower,Y,PISO_1,PISO_1_P11,True
LT1:202-I:05,34.910714285714285,8.9,0.05,34.910714285714285,-0.0,0.05,8,18,lower,Y,PISO_1,PISO_1_P11,True
LT1:202-I:05,35.089285714285715,8.9,0.05,35.089285714285715,-0.0,0.05,8,18,lower,Y,PISO_1,PISO_1_P11,True
LT1:202-I:05,35.267857142857146,8.9,0.05,35.267857142857146,-0.0,0.05,8,18,lower,Y,PISO_1,PISO_1_P11,True
LT1:202-I:05,35.44642857142857,8.9,0.05,35.44642857142857,-0.0,0.05,8,18,lower,Y,PISO_1,PISO_1_P11,True
LT1:202-I:05,35.625,8.9,0.05,35.625,-0.0,0.05,8,18,lower,Y,PISO_1,PISO_1_P11,True
LT1:202-I:05,35.80357142857143,8.9,0.05,35.80357142857143,-0.0,0.05,8,18,lower,Y,PISO_1,PISO_1_P11,True
LT1:202-I:05,35.982142857142854,8.9,0.05,35.982142857142854,-0.0,0.05,8,18,lower,Y,PISO_1,PISO_1_P11,True
LT1:202-I:05,36.160714285714285,8.9,0.05,36.160714285714285,-0.0,0.05,8,18,lower,Y,PISO_1,PISO_1_P11,True
LT1:202-I:05,36.339285714285715,8.9,0.05,36.339285714285715,-0.0,0.05,8,18,lower,Y,PISO_1,PISO_1_P11,True
LT1:202-I:05,36.517857142857146,8.9,0.05,36.517857142857146,-0.0,0.05,8,18,lower,Y,PISO_1,PISO_1_P11,True
LT1:202-I:05,36.69642857142857,8.9,0.05,36.69642857142857,-0.0,0.05,8,18,lower,Y,PISO_1,PISO_1_P11,True
LT1:202-I:05,36.875,8.9,0.05,36.875,-0.0,0.05,8,18,lower,Y,PISO_1,PISO_1_P11,True
LT1:202-I:05,37.05357142857143,8.9,0.05,37.05357142857143,-0.0,0.05,8,18,lower,Y,PISO_1,PISO_1_P11,True
LT1:202-I:05,37.232142857142854,8.9,0.05,37.232142857142854,-0.0,0.05,8,18,lower,Y,PISO_1,PISO_1_P11,True
LT1:202-I:05,37.410714285714285,8.9,0.05,37.410714285714285,-0.0,0.05,8,18,lower,Y,PISO_1,PISO_1_P11,True
LT1:202-I:05,37.589285714285715,8.9,0.05,37.589285714285715,-0.0,0.05,8,18,lower,Y,PISO_1,PISO_1_P11,True
LT1:202-I:05,37.767857142857146,8.9,0.05,37.767857142857146,-0.0,0.05,8,18,lower,Y,PISO_1,PISO_1_P11,True
LT1:202-I:05,37.94642857142857,8.9,0.05,37.94642857142857,-0.0,0.05,8,18,lower,Y,PISO_1,PISO_1_P11,True
LT1:202-I:05,38.125,8.9,0.05,38.125,-0.0,0.05,8,18,lower,Y,PISO_1,PISO_1_P11,True
LT1:202-I:05,38.30357142857143,8.9,0.05,38.30357142857143,-0.0,0.05,8,18,lower,Y,PISO_1,PISO_1_P11,True
LT1:202-I:05,38.482142857142854,8.9,0.05,38.482142857142854,-0.0,0.05,8,18,lower,Y,PISO_1,PISO_1_P11,True
LT1:202-I:05,38.660714285714285,8.9,0.05,38.660714285714285,-0.0,0.05,8,18,lower,Y,PISO_1,PISO_1_P11,True
LT1:202-I:05,38.839285714285715,8.9,0.05,38.839285714285715,-0.0,0.05,8,18,lower,Y,PISO_1,PISO_1_P11,True
LT1:202-I:05,39.017857142857146,8.9,0.05,39.017857142857146,-0.0,0.05,8,18,lower,Y,PISO_1,PISO_1_P11,True
LT1:202-I:05,39.19642857142857,8.9,0.05,39.19642857142857,-0.0,0.05,8,18,lower,Y,PISO_1,PISO_1_P11,True
LT1:202-I:05,39.375,8.9,0.05,39.375,-0.0,0.05,8,18,lower,Y,PISO_1,PISO_1_P11,True
LT1:202-I:05,39.55357142857143,8.9,0.05,39.55357142857143,-0.0,0.05,8,18,lower,Y,PISO_1,PISO_1_P11,True
LT1:202-I:05,39.73214285714286,8.9,0.05,39.73214285714286,-0.0,0.05,8,18,lower,Y,PISO_1,PISO_1_P11,True
LT1:202-I:05,39.910714285714285,8.9,0.05,39.910714285714285,-0.0,0.05,8,18,lower,Y,PISO_1,PISO_1_P11,True
LT1:202-I:05,40.089285714285715,8.9,0.05,40.089285714285715,-0.0,0.05,8,18,lower,Y,PISO_1,PISO_1_P11,True
LT1:202-I:05,40.26785714285714,8.9,0.05,40.26785714285714,-0.0,0.05,8,18,lower,Y,PISO_1,PISO_1_P11,True
LT1:202-I:05,40.44642857142857,8.9,0.05,40.44642857142857,-0.0,0.05,8,18,lower,Y,PISO_1,PISO_1_P11,True
LT1:202-I:05,40.625,8.9,0.05,40.625,-0.0,0.05,8,18,lower,Y,PISO_1,PISO_1_P11,True
LT1:202-I:05,40.80357142857143,8.9,0.05,40.80357142857143,-0.0,0.05,8,18,lower,Y,PISO_1,PISO_1_P11,True
LT1:202-I:05,40.98214285714286,8.9,0.05,40.98214285714286,-0.0,0.05,8,18,lower,Y,PISO_1,PISO_1_P11,True
LT1:202-I:05,41.160714285714285,8.9,0.05,41.160714285714285,-0.0,0.05,8,18,lower,Y,PISO_1,PISO_1_P11,True
LT1:202-I:06,31.25,4.45,0.05,41.25,4.45,0.05,8,18,lower,X,PISO_1,PISO_1_P11,True
LT1:202-I:06,31.339285714285715,8.9,0.05,31.339285714285715,-0.0,0.05,8,18,lower,Y,PISO_1,PISO_1_P11,True
LT1:202-I:06,31.517857142857142,8.9,0.05,31.517857142857142,-0.0,0.05,8,18,lower,Y,PISO_1,PISO_1_P11,True
LT1:202-I:06,31.696428571428573,8.9,0.05,31.696428571428573,-0.0,0.05,8,18,lower,Y,PISO_1,PISO_1_P11,True
LT1:202-I:06,31.875,8.9,0.05,31.875,-0.0,0.05,8,18,lower,Y,PISO_1,PISO_1_P11,True
LT1:202-I:06,32.05357142857143,8.9,0.05,32.05357142857143,-0.0,0.05,8,18,lower,Y,PISO_1,PISO_1_P11,True
LT1:202-I:06,32.232142857142854,8.9,0.05,32.232142857142854,-0.0,0.05,8,18,lower,Y,PISO_1,PISO_1_P11,True
LT1:202-I:06,32.410714285714285,8.9,0.05,32.410714285714285,-0.0,0.05,8,18,lower,Y,PISO_1,PISO_1_P11,True
LT1:202-I:06,32.589285714285715,8.9,0.05,32.589285714285715,-0.0,0.05,8,18,lower,Y,PISO_1,PISO_1_P11,True
LT1:202-I:06,32.767857142857146,8.9,0.05,32.767857142857146,-0.0,0.05,8,18,lower,Y,PISO_1,PISO_1_P11,True
LT1:202-I:06,32.94642857142857,8.9,0.05,32.94642857142857,-0.0,0.05,8,18,lower,Y,PISO_1,PISO_1_P11,True
LT1:202-I:06,33.125,8.9,0.05,33.125,-0.0,0.05,8,18,lower,Y,PISO_1,PISO_1_P11,True
LT1:202-I:06,33.30357142857143,8.9,0.05,33.30357142857143,-0.0,0.05,8,18,lower,Y,PISO_1,PISO_1_P11,True
LT1:202-I:06,33.482142857142854,8.9,0.05,33.482142857142854,-0.0,0.05,8,18,lower,Y,PISO_1,PISO_1_P11,True
LT1:202-I:06,33.660714285714285,8.9,0.05,33.660714285714285,-0.0,0.05,8,18,lower,Y,PISO_1,PISO_1_P11,True
LT1:202-I:06,33.839285714285715,8.9,0.05,33.839285714285715,-0.0,0.05,8,18,lower,Y,PISO_1,PISO_1_P11,True
LT1:202-I:06,34.017857142857146,8.9,0.05,34.017857142857146,-0.0,0.05,8,18,lower,Y,PISO_1,PISO_1_P11,True
LT1:202-I:06,34.19642857142857,8.9,0.05,34.19642857142857,-0.0,0.05,8,18,lower,Y,PISO_1,PISO_1_P11,True
LT1:202-I:06,34.375,8.9,0.05,34.375,-0.0,0.05,8,18,lower,Y,PISO_1,PISO_1_P11,True
LT1:202-I:06,34.55357142857143,8.9,0.05,34.55357142857143,-0.0,0.05,8,18,lower,Y,PISO_1,PISO_1_P11,True
LT1:202-I:06,34.732142857142854,8.9,0.05,34.732142857142854,-0.0,0.05,8,18,lower,Y,PISO_1,PISO_1_P11,True
LT1:202-I:06,34.910714285714285,8.9,0.05,34.910714285714285,-0.0,0.05,8,18,lower,Y,PISO_1,PISO_1_P11,True
LT1:202-I:06,35.089285714285715,8.9,0.05,35.089285714285715,-0.0,0.05,8,18,lower,Y,PISO_1,PISO_1_P11,True
LT1:202-I:06,35.267857142857146,8.9,0.05,35.267857142857146,-0.0,0.05,8,18,lower,Y,PISO_1,PISO_1_P11,True
LT1:202-I:06,35.44642857142857,8.9,0.05,35.44642857142857,-0.0,0.05,8,18,lower,Y,PISO_1,PISO_1_P11,True
LT1:202-I:06,35.625,8.9,0.05,35.625,-0.0,0.05,8,18,lower,Y,PISO_1,PISO_1_P11,True
LT1:202-I:06,35.80357142857143,8.9,0.05,35.80357142857143,-0.0,0.05,8,18,lower,Y,PISO_1,PISO_1_P11,True
LT1:202-I:06,35.982142857142854,8.9,0.05,35.982142857142854,-0.0,0.05,8,18,lower,Y,PISO_1,PISO_1_P11,True
LT1:202-I:06,36.160714285714285,8.9,0.05,36.160714285714285,-0.0,0.05,8,18,lower,Y,PISO_1,PISO_1_P11,True
LT1:202-I:06,36.339285714285715,8.9,0.05,36.339285714285715,-0.0,0.05,8,18,lower,Y,PISO_1,PISO_1_P11,True
LT1:202-I:06,36.517857142857146,8.9,0.05,36.517857142857146,-0.0,0.05,8,18,lower,Y,PISO_1,PISO_1_P11,True
LT1:202-I:06,36.69642857142857,8.9,0.05,36.69642857142857,-0.0,0.05,8,18,lower,Y,PISO_1,PISO_1_P11,True
LT1:202-I:06,36.875,8.9,0.05,36.875,-0.0,0.05,8,18,lower,Y,PISO_1,PISO_1_P11,True
LT1:202-I:06,37.05357142857143,8.9,0.05,37.05357142857143,-0.0,0.05,8,18,lower,Y,PISO_1,PISO_1_P11,True
LT1:202-I:06,37.232142857142854,8.9,0.05,37.232142857142854,-0.0,0.05,8,18,lower,Y,PISO_1,PISO_1_P11,True
LT1:202-I:06,37.410714285714285,8.9,0.05,37.410714285714285,-0.0,0.05,8,18,lower,Y,PISO_1,PISO_1_P11,True
LT1:202-I:06,37.589285714285715,8.9,0.05,37.589285714285715,-0.0,0.05,8,18,lower,Y,PISO_1,PISO_1_P11,True
LT1:202-I:06,37.767857142857146,8.9,0.05,37.767857142857146,-0.0,0.05,8,18,lower,Y,PISO_1,PISO_1_P11,True
LT1:202-I:06,37.94642857142857,8.9,0.05,37.94642857142857,-0.0,0.05,8,18,lower,Y,PISO_1,PISO_1_P11,True
LT1:202-I:06,38.125,8.9,0.05,38.125,-0.0,0.05,8,18,lower,Y,PISO_1,PISO_1_P11,True
LT1:202-I:06,38.30357142857143,8.9,0.05,38.30357142857143,-0.0,0.05,8,18,lower,Y,PISO_1,PISO_1_P11,True
LT1:202-I:06,38.482142857142854,8.9,0.05,38.482142857142854,-0.0,0.05,8,18,lower,Y,PISO_1,PISO_1_P11,True
LT1:202-I:06,38.660714285714285,8.9,0.05,38.660714285714285,-0.0,0.05,8,18,lower,Y,PISO_1,PISO_1_P11,True
LT1:202-I:06,38.839285714285715,8.9,0.05,38.839285714285715,-0.0,0.05,8,18,lower,Y,PISO_1,PISO_1_P11,True
LT1:202-I:06,39.017857142857146,8.9,0.05,39.017857142857146,-0.0,0.05,8,18,lower,Y,PISO_1,PISO_1_P11,True
LT1:202-I:06,39.19642857142857,8.9,0.05,39.19642857142857,-0.0,0.05,8,18,lower,Y,PISO_1,PISO_1_P11,True
LT1:202-I:06,39.375,8.9,0.05,39.375,-0.0,0.05,8,18,lower,Y,PISO_1,PISO_1_P11,True
LT1:202-I:06,39.55357142857143,8.9,0.05,39.55357142857143,-0.0,0.05,8,18,lower,Y,PISO_1,PISO_1_P11,True
LT1:202-I:06,39.73214285714286,8.9,0.05,39.73214285714286,-0.0,0.05,8,18,lower,Y,PISO_1,PISO_1_P11,True
LT1:202-I:06,39.910714285714285,8.9,0.05,39.910714285714285,-0.0,0.05,8,18,lower,Y,PISO_1,PISO_1_P11,True
LT1:202-I:06,40.089285714285715,8.9,0.05,40.089285714285715,-0.0,0.05,8,18,lower,Y,PISO_1,PISO_1_P11,True
LT1:202-I:06,40.26785714285714,8.9,0.05,40.26785714285714,-0.0,0.05,8,18,lower,Y,PISO_1,PISO_1_P11,True
LT1:202-I:06,40.44642857142857,8.9,0.05,40.44642857142857,-0.0,0.05,8,18,lower,Y,PISO_1,PISO_1_P11,True
LT1:202-I:06,40.625,8.9,0.05,40.625,-0.0,0.05,8,18,lower,Y,PISO_1,PISO_1_P11,True
LT1:202-I:06,40.80357142857143,8.9,0.05,40.80357142857143,-0.0,0.05,8,18,lower,Y,PISO_1,PISO_1_P11,True
LT1:202-I:06,40.98214285714286,8.9,0.05,40.98214285714286,-0.0,0.05,8,18,lower,Y,PISO_1,PISO_1_P11,True
LT1:202-I:06,41.160714285714285,8.9,0.05,41.160714285714285,-0.0,0.05,8,18,lower,Y,PISO_1,PISO_1_P11,True
LT1:203:01,31.340042372881356,16.15,4.01,31.340042372881356,-0.0,4.01,8,18,lower,Y,PISO_2,PISO_2_P11;PISO_2_P12;PISO_2_P21;PISO_2_P22;PISO_2_P31;PISO_2_P32;PISO_2_P41;PISO_2_P42;PISO_2_P51;PISO_2_P52,True
LT1:203:01,31.52012711864407,16.15,4.01,31.52012711864407,-0.0,4.01,8,18,lower,Y,PISO_2,PISO_2_P11;PISO_2_P12;PISO_2_P21;PISO_2_P22;PISO_2_P31;PISO_2_P32;PISO_2_P41;PISO_2_P42;PISO_2_P51;PISO_2_P52,True
LT1:203:01,31.70021186440678,16.15,4.01,31.70021186440678,-0.0,4.01,8,18,lower,Y,PISO_2,PISO_2_P11;PISO_2_P12;PISO_2_P21;PISO_2_P22;PISO_2_P31;PISO_2_P32;PISO_2_P41;PISO_2_P42;PISO_2_P51;PISO_2_P52,True
LT1:203:01,31.88029661016949,16.15,4.01,31.88029661016949,-0.0,4.01,8,18,lower,Y,PISO_2,PISO_2_P11;PISO_2_P12;PISO_2_P21;PISO_2_P22;PISO_2_P31;PISO_2_P32;PISO_2_P41;PISO_2_P42;PISO_2_P51;PISO_2_P52,True
LT1:203:01,32.0603813559322,16.15,4.01,32.0603813559322,-0.0,4.01,8,18,lower,Y,PISO_2,PISO_2_P11;PISO_2_P12;PISO_2_P21;PISO_2_P22;PISO_2_P31;PISO_2_P32;PISO_2_P41;PISO_2_P42;PISO_2_P51;PISO_2_P52,True
LT1:203:01,32.24046610169491,16.15,4.01,32.24046610169491,-0.0,4.01,8,18,lower,Y,PISO_2,PISO_2_P11;PISO_2_P12;PISO_2_P21;PISO_2_P22;PISO_2_P31;PISO_2_P32;PISO_2_P41;PISO_2_P42;PISO_2_P51;PISO_2_P52,True
LT1:203:01,32.420550847457626,16.15,4.01,32.420550847457626,-0.0,4.01,8,18,lower,Y,PISO_2,PISO_2_P11;PISO_2_P12;PISO_2_P21;PISO_2_P22;PISO_2_P31;PISO_2_P32;PISO_2_P41;PISO_2_P42;PISO_2_P51;PISO_2_P52,True
LT1:203:01,32.60063559322034,16.15,4.01,32.60063559322034,-0.0,4.01,8,18,lower,Y,PISO_2,PISO_2_P11;PISO_2_P12;PISO_2_P21;PISO_2_P22;PISO_2_P31;PISO_2_P32;PISO_2_P41;PISO_2_P42;PISO_2_P51;PISO_2_P52,True
LT1:203:01,32.78072033898305,16.15,4.01,32.78072033898305,-0.0,4.01,8,18,lower,Y,PISO_2,PISO_2_P11;PISO_2_P12;PISO_2_P21;PISO_2_P22;PISO_2_P31;PISO_2_P32;PISO_2_P41;PISO_2_P42;PISO_2_P51;PISO_2_P52,True
LT1:203:01,32.960805084745765,16.15,4.01,32.960805084745765,-0.0,4.01,8,18,lower,Y,PISO_2,PISO_2_P11;PISO_2_P12;PISO_2_P21;PISO_2_P22;PISO_2_P31;PISO_2_P32;PISO_2_P41;PISO_2_P42;PISO_2_P51;PISO_2_P52,True
LT1:203:01,33.14088983050848,16.15,4.01,33.14088983050848,-0.0,4.01,8,18,lower,Y,PISO_2,PISO_2_P11;PISO_2_P12;PISO_2_P21;PISO_2_P22;PISO_2_P31;PISO_2_P32;PISO_2_P41;PISO_2_P42;PISO_2_P51;PISO_2_P52,True
LT1:203:01,33.32097457627118,16.15,4.01,33.32097457627118,-0.0,4.01,8,18,lower,Y,PISO_2,PISO_2_P11;PISO_2_P12;PISO_2_P21;PISO_2_P22;PISO_2_P31;PISO_2_P32;PISO_2_P41;PISO_2_P42;PISO_2_P51;PISO_2_P52,True
LT1:203:01,33.501059322033896,16.15,4.01,33.501059322033896,-0.0,4.01,8,18,lower,Y,PISO_2,PISO_2_P11;PISO_2_P12;PISO_2_P21;PISO_2_P22;PISO_2_P31;PISO_2_P32;PISO_2_P41;PISO_2_P42;PISO_2_P51;PISO_2_P52,True
LT1:203:01,33.68114406779661,16.15,4.01,33.68114406779661,-0.0,4.01,8,18,lower,Y,PISO_2,PISO_2_P11;PISO_2_P12;PISO_2_P21;PISO_2_P22;PISO_2_P31;PISO_2_P32;PISO_2_P41;PISO_2_P42;PISO_2_P51;PISO_2_P52,True
LT1:203:01,33.86122881355932,16.15,4.01,33.86122881355932,-0.0,4.01,8,18,lower,Y,PISO_2,PISO_2_P11;PISO_2_P12;PISO_2_P21;PISO_2_P22;PISO_2_P31;PISO_2_P32;PISO_2_P41;PISO_2_P42;PISO_2_P51;PISO_2_P52,True
LT1:203:01,34.041313559322035,16.15,4.01,34.041313559322035,-0.0,4.01,8,18,lower,Y,PISO_2,PISO_2_P11;PISO_2_P12;PISO_2_P21;PISO_2_P22;PISO_2_P31;PISO_2_P32;PISO_2_P41;PISO_2_P42;PISO_2_P51;PISO_2_P52,True
LT1:203:01,34.22139830508475,16.15,4.01,34.22139830508475,-0.0,4.01,8,18,lower,Y,PISO_2,PISO_2_P11;PISO_2_P12;PISO_2_P21;PISO_2_P22;PISO_2_P31;PISO_2_P32;PISO_2_P41;PISO_2_P42;PISO_2_P51;PISO_2_P52,True
LT1:203:01,34.40148305084746,16.15,4.01,34.40148305084746,-0.0,4.01,8,18,lower,Y,PISO_2,PISO_2_P11;PISO_2_P12;PISO_2_P21;PISO_2_P22;PISO_2_P31;PISO_2_P32;PISO_2_P41;PISO_2_P42;PISO_2_P51;PISO_2_P52,True
LT1:203:01,34.58156779661017,16.15,4.01,34.58156779661017,-0.0,4.01,8,18,lower,Y,PISO_2,PISO_2_P11;PISO_2_P12;PISO_2_P21;PISO_2_P22;PISO_2_P31;PISO_2_P32;PISO_2_P41;PISO_2_P42;PISO_2_P51;PISO_2_P52,True
LT1:203:01,34.76165254237288,16.15,4.01,34.76165254237288,-0.0,4.01,8,18,lower,Y,PISO_2,PISO_2_P11;PISO_2_P12;PISO_2_P21;PISO_2_P22;PISO_2_P31;PISO_2_P32;PISO_2_P41;PISO_2_P42;PISO_2_P51;PISO_2_P52,True
LT1:203:01,34.94173728813559,16.15,4.01,34.94173728813559,-0.0,4.01,8,18,lower,Y,PISO_2,PISO_2_P11;PISO_2_P12;PISO_2_P21;PISO_2_P22;PISO_2_P31;PISO_2_P32;PISO_2_P41;PISO_2_P42;PISO_2_P51;PISO_2_P52,True
LT1:203:01,35.121822033898304,16.15,4.01,35.121822033898304,-0.0,4.01,8,18,lower,Y,PISO_2,PISO_2_P11;PISO_2_P12;PISO_2_P21;PISO_2_P22;PISO_2_P31;PISO_2_P32;PISO_2_P41;PISO_2_P42;PISO_2_P51;PISO_2_P52,True
LT1:203:01,35.30190677966102,16.15,4.01,35.30190677966102,-0.0,4.01,8,18,lower,Y,PISO_2,PISO_2_P11;PISO_2_P12;PISO_2_P21;PISO_2_P22;PISO_2_P31;PISO_2_P32;PISO_2_P41;PISO_2_P42;PISO_2_P51;PISO_2_P52,True
LT1:203:01,35.48199152542373,16.15,4.01,35.48199152542373,-0.0,4.01,8,18,lower,Y,PISO_2,PISO_2_P11;PISO_2_P12;PISO_2_P21;PISO_2_P22;PISO_2_P31;PISO_2_P32;PISO_2_P41;PISO_2_P42;PISO_2_P51;PISO_2_P52,True
LT1:203:01,35.66207627118644,16.15,4.01,35.66207627118644,-0.0,4.01,8,18,lower,Y,PISO_2,PISO_2_P11;PISO_2_P12;PISO_2_P21;PISO_2_P22;PISO_2_P31;PISO_2_P32;PISO_2_P41;PISO_2_P42;PISO_2_P51;PISO_2_P52,True
LT1:203:01,35.84216101694915,16.15,4.01,35.84216101694915,-0.0,4.01,8,18,lower,Y,PISO_2,PISO_2_P11;PISO_2_P12;PISO_2_P21;PISO_2_P22;PISO_2_P31;PISO_2_P32;PISO_2_P41;PISO_2_P42;PISO_2_P51;PISO_2_P52,True
LT1:203:01,36.02224576271186,16.15,4.01,36.02224576271186,-0.0,4.01,8,18,lower,Y,PISO_2,PISO_2_P11;PISO_2_P12;PISO_2_P21;PISO_2_P22;PISO_2_P31;PISO_2_P32;PISO_2_P41;PISO_2_P42;PISO_2_P51;PISO_2_P52,True
LT1:203:01,36.202330508474574,16.15,4.01,36.202330508474574,-0.0,4.01,8,18,lower,Y,PISO_2,PISO_2_P11;PISO_2_P12;PISO_2_P21;PISO_2_P22;PISO_2_P31;PISO_2_P32;PISO_2_P41;PISO_2_P42;PISO_2_P51;PISO_2_P52,True
LT1:203:01,36.38241525423729,16.15,4.01,36.38241525423729,-0.0,4.01,8,18,lower,Y,PISO_2,PISO_2_P11;PISO_2_P12;PISO_2_P21;PISO_2_P22;PISO_2_P31;PISO_2_P32;PISO_2_P41;PISO_2_P42;PISO_2_P51;PISO_2_P52,True
LT1:203:01,36.5625,16.15,4.01,36.5625,-0.0,4.01,8,18,lower,Y,PISO_2,PISO_2_P11;PISO_2_P12;PISO_2_P21;PISO_2_P22;PISO_2_P31;PISO_2_P32;PISO_2_P41;PISO_2_P42;PISO_2_P51;PISO_2_P52,True
LT1:203:01,36.74258474576271,16.15,4.01,36.74258474576271,-0.0,4.01,8,18,lower,Y,PISO_2,PISO_2_P11;PISO_2_P12;PISO_2_P21;PISO_2_P22;PISO_2_P31;PISO_2_P32;PISO_2_P41;PISO_2_P42;PISO_2_P51;PISO_2_P52,True
LT1:203:01,36.922669491525426,16.15,4.01,36.922669491525426,-0.0,4.01,8,18,lower,Y,PISO_2,PISO_2_P11;PISO_2_P12;PISO_2_P21;PISO_2_P22;PISO_2_P31;PISO_2_P32;PISO_2_P41;PISO_2_P42;PISO_2_P51;PISO_2_P52,True
LT1:203:01,37.10275423728814,16.15,4.01,37.10275423728814,-0.0,4.01,8,18,lower,Y,PISO_2,PISO_2_P11;PISO_2_P12;PISO_2_P21;PISO_2_P22;PISO_2_P31;PISO_2_P32;PISO_2_P41;PISO_2_P42;PISO_2_P51;PISO_2_P52,True
LT1:203:01,37.28283898305085,16.15,4.01,37.28283898305085,-0.0,4.01,8,18,lower,Y,PISO_2,PISO_2_P11;PISO_2_P12;PISO_2_P21;PISO_2_P22;PISO_2_P31;PISO_2_P32;PISO_2_P41;PISO_2_P42;PISO_2_P51;PISO_2_P52,True
LT1:203:01,37.46292372881356,16.15,4.01,37.46292372881356,-0.0,4.01,8,18,lower,Y,PISO_2,PISO_2_P11;PISO_2_P12;PISO_2_P21;PISO_2_P22;PISO_2_P31;PISO_2_P32;PISO_2_P41;PISO_2_P42;PISO_2_P51;PISO_2_P52,True
LT1:203:01,37.64300847457627,16.15,4.01,37.64300847457627,-0.0,4.01,8,18,lower,Y,PISO_2,PISO_2_P11;PISO_2_P12;PISO_2_P21;PISO_2_P22;PISO_2_P31;PISO_2_P32;PISO_2_P41;PISO_2_P42;PISO_2_P51;PISO_2_P52,True
LT1:203:01,37.82309322033898,16.15,4.01,37.82309322033898,-0.0,4.01,8,18,lower,Y,PISO_2,PISO_2_P11;PISO_2_P12;PISO_2_P21;PISO_2_P22;PISO_2_P31;PISO_2_P32;PISO_2_P41;PISO_2_P42;PISO_2_P51;PISO_2_P52,True
LT1:203:01,38.003177966101696,16.15,4.01,38.003177966101696,-0.0,4.01,8,18,lower,Y,PISO_2,PISO_2_P11;PISO_2_P12;PISO_2_P21;PISO_2_P22;PISO_2_P31;PISO_2_P32;PISO_2_P41;PISO_2_P42;PISO_2_P51;PISO_2_P52,True
LT1:203:01,38.18326271186441,16.15,4.01,38.18326271186441,-0.0,4.01,8,18,lower,Y,PISO_2,PISO_2_P11;PISO_2_P12;PISO_2_P21;PISO_2_P22;PISO_2_P31;PISO_2_P32;PISO_2_P41;PISO_2_P42;PISO_2_P51;PISO_2_P52,True
LT1:203:01,38.36334745762712,16.15,4.01,38.36334745762712,-0.0,4.01,8,18,lower,Y,PISO_2,PISO_2_P11;PISO_2_P12;PISO_2_P21;PISO_2_P22;PISO_2_P31;PISO_2_P32;PISO_2_P41;PISO_2_P42;PISO_2_P51;PISO_2_P52,True
LT1:203:01,38.54343220338983,16.15,4.01,38.54343220338983,-0.0,4.01,8,18,lower,Y,PISO_2,PISO_2_P11;PISO_2_P12;PISO_2_P21;PISO_2_P22;PISO_2_P31;PISO_2_P32;PISO_2_P41;PISO_2_P42;PISO_2_P51;PISO_2_P52,True
LT1:203:01,38.72351694915254,16.15,4.01,38.72351694915254,-0.0,4.01,8,18,lower,Y,PISO_2,PISO_2_P11;PISO_2_P12;PISO_2_P21;PISO_2_P22;PISO_2_P31;PISO_2_P32;PISO_2_P41;PISO_2_P42;PISO_2_P51;PISO_2_P52,True
LT1:203:01,38.90360169491525,16.15,4.01,38.90360169491525,-0.0,4.01,8,18,lower,Y,PISO_2,PISO_2_P11;PISO_2_P12;PISO_2_P21;PISO_2_P22;PISO_2_P31;PISO_2_P32;PISO_2_P41;PISO_2_P42;PISO_2_P51;PISO_2_P52,True
LT1:203:01,39.083686440677965,16.15,4.01,39.083686440677965,-0.0,4.01,8,18,lower,Y,PISO_2,PISO_2_P11;PISO_2_P12;PISO_2_P21;PISO_2_P22;PISO_2_P31;PISO_2_P32;PISO_2_P41;PISO_2_P42;PISO_2_P51;PISO_2_P52,True
LT1:203:01,39.26377118644068,16.15,4.01,39.26377118644068,-0.0,4.01,8,18,lower,Y,PISO_2,PISO_2_P11;PISO_2_P12;PISO_2_P21;PISO_2_P22;PISO_2_P31;PISO_2_P32;PISO_2_P41;PISO_2_P42;PISO_2_P51;PISO_2_P52,True
LT1:203:01,39.44385593220339,16.15,4.01,39.44385593220339,-0.0,4.01,8,18,lower,Y,PISO_2,PISO_2_P11;PISO_2_P12;PISO_2_P21;PISO_2_P22;PISO_2_P31;PISO_2_P32;PISO_2_P41;PISO_2_P42;PISO_2_P51;PISO_2_P52,True
LT1:203:01,39.623940677966104,16.15,4.01,39.623940677966104,-0.0,4.01,8,18,lower,Y,PISO_2,PISO_2_P11;PISO_2_P12;PISO_2_P21;PISO_2_P22;PISO_2_P31;PISO_2_P32;PISO_2_P41;PISO_2_P42;PISO_2_P51;PISO_2_P52,True
LT1:203:01,39.80402542372882,16.15,4.01,39.80402542372882,-0.0,4.01,8,18,lower,Y,PISO_2,PISO_2_P11;PISO_2_P12;PISO_2_P21;PISO_2_P22;PISO_2_P31;PISO_2_P32;PISO_2_P41;PISO_2_P42;PISO_2_P51;PISO_2_P52,True
LT1:203:01,39.98411016949153,16.15,4.01,39.98411016949153,-0.0,4.01,8,18,lower,Y,PISO_2,PISO_2_P11;PISO_2_P12;PISO_2_P21;PISO_2_P22;PISO_2_P31;PISO_2_P32;PISO_2_P41;PISO_2_P42;PISO_2_P51;PISO_2_P52,True
LT1:203:01,40.164194915254235,16.15,4.01,40.164194915254235,-0.0,4.01,8,18,lower,Y,PISO_2,PISO_2_P11;PISO_2_P12;PISO_2_P21;PISO_2_P22;PISO_2_P31;PISO_2_P32;PISO_2_P41;PISO_2_P42;PISO_2_P51;PISO_2_P52,True
LT1:203:01,40.34427966101695,16.15,4.01,40.34427966101695,-0.0,4.01,8,18,lower,Y,PISO_2,PISO_2_P11;PISO_2_P12;PISO_2_P21;PISO_2_P22;PISO_2_P31;PISO_2_P32;PISO_2_P41;PISO_2_P42;PISO_2_P51;PISO_2_P52,True
LT1:203:01,40.52436440677966,16.15,4.01,40.52436440677966,-0.0,4.01,8,18,lower,Y,PISO_2,PISO_2_P11;PISO_2_P12;PISO_2_P21;PISO_2_P22;PISO_2_P31;PISO_2_P32;PISO_2_P41;PISO_2_P42;PISO_2_P51;PISO_2_P52,True
LT1:203:01,40.704449152542374,16.15,4.01,40.704449152542374,-0.0,4.01,8,18,lower,Y,PISO_2,PISO_2_P11;PISO_2_P12;PISO_2_P21;PISO_2_P22;PISO_2_P31;PISO_2_P32;PISO_2_P41;PISO_2_P42;PISO_2_P51;PISO_2_P52,True
LT1:203:01,40.88453389830509,16.15,4.01,40.88453389830509,-0.0,4.01,8,18,lower,Y,PISO_2,PISO_2_P11;PISO_2_P12;PISO_2_P21;PISO_2_P22;PISO_2_P31;PISO_2_P32;PISO_2_P41;PISO_2_P42;PISO_2_P51;PISO_2_P52,True
LT1:203:01,41.06461864406779,16.15,4.01,41.06461864406779,-0.0,4.01,8,18,lower,Y,PISO_2,PISO_2_P11;PISO_2_P12;PISO_2_P21;PISO_2_P22;PISO_2_P31;PISO_2_P32;PISO_2_P41;PISO_2_P42;PISO_2_P51;PISO_2_P52,True
LT1:203:01,41.244703389830505,16.15,4.01,41.244703389830505,-0.0,4.01,8,18,lower,Y,PISO_2,PISO_2_P11;PISO_2_P12;PISO_2_P21;PISO_2_P22;PISO_2_P31;PISO_2_P32;PISO_2_P41;PISO_2_P42;PISO_2_P51;PISO_2_P52,True
LT1:203:01,41.42478813559322,16.15,4.01,41.42478813559322,-0.0,4.01,8,18,lower,Y,PISO_2,PISO_2_P11;PISO_2_P12;PISO_2_P21;PISO_2_P22;PISO_2_P31;PISO_2_P32;PISO_2_P41;PISO_2_P42;PISO_2_P51;PISO_2_P52,True
LT1:203:01,41.60487288135593,16.15,4.01,41.60487288135593,-0.0,4.01,8,18,lower,Y,PISO_2,PISO_2_P11;PISO_2_P12;PISO_2_P21;PISO_2_P22;PISO_2_P31;PISO_2_P32;PISO_2_P41;PISO_2_P42;PISO_2_P51;PISO_2_P52,True
LT1:203:01,41.784957627118644,16.15,4.01,41.784957627118644,-0.0,4.01,8,18,lower,Y,PISO_2,PISO_2_P11;PISO_2_P12;PISO_2_P21;PISO_2_P22;PISO_2_P31;PISO_2_P32;PISO_2_P41;PISO_2_P42;PISO_2_P51;PISO_2_P52,True
LT1:203:01,41.965042372881356,16.15,4.01,41.965042372881356,-0.0,4.01,8,18,lower,Y,PISO_2,PISO_2_P11;PISO_2_P12;PISO_2_P21;PISO_2_P22;PISO_2_P31;PISO_2_P32;PISO_2_P41;PISO_2_P42;PISO_2_P51;PISO_2_P52,True
LT1:203:01,42.14512711864407,16.15,4.01,42.14512711864407,-0.0,4.01,8,18,lower,Y,PISO_2,PISO_2_P11;PISO_2_P12;PISO_2_P21;PISO_2_P22;PISO_2_P31;PISO_2_P32;PISO_2_P41;PISO_2_P42;PISO_2_P51;PISO_2_P52,True
LT1:203:01,42.32521186440678,16.15,4.01,42.32521186440678,-0.0,4.01,8,18,lower,Y,PISO_2,PISO_2_P11;PISO_2_P12;PISO_2_P21;PISO_2_P22;PISO_2_P31;PISO_2_P32;PISO_2_P41;PISO_2_P42;PISO_2_P51;PISO_2_P52,True
LT1:203:01,42.505296610169495,16.15,4.01,42.505296610169495,-0.0,4.01,8,18,lower,Y,PISO_2,PISO_2_P11;PISO_2_P12;PISO_2_P21;PISO_2_P22;PISO_2_P31;PISO_2_P32;PISO_2_P41;PISO_2_P42;PISO_2_P51;PISO_2_P52,True
LT1:203:01,42.68538135593221,16.15,4.01,42.68538135593221,-0.0,4.01,8,18,lower,Y,PISO_2,PISO_2_P11;PISO_2_P12;PISO_2_P21;PISO_2_P22;PISO_2_P31;PISO_2_P32;PISO_2_P41;PISO_2_P42;PISO_2_P51;PISO_2_P52,True
LT1:203:01,42.86546610169491,16.15,4.01,42.86546610169491,-0.0,4.01,8,18,lower,Y,PISO_2,PISO_2_P11;PISO_2_P12;PISO_2_P21;PISO_2_P22;PISO_2_P31;PISO_2_P32;PISO_2_P41;PISO_2_P42;PISO_2_P51;PISO_2_P52,True
LT1:203:01,43.045550847457626,16.15,4.01,43.045550847457626,-0.0,4.01,8,18,lower,Y,PISO_2,PISO_2_P11;PISO_2_P12;PISO_2_P21;PISO_2_P22;PISO_2_P31;PISO_2_P32;PISO_2_P41;PISO_2_P42;PISO_2_P51;PISO_2_P52,True
LT1:203:01,43.22563559322034,16.15,4.01,43.22563559322034,-0.0,4.01,8,18,lower,Y,PISO_2,PISO_2_P11;PISO_2_P12;PISO_2_P21;PISO_2_P22;PISO_2_P31;PISO_2_P32;PISO_2_P41;PISO_2_P42;PISO_2_P51;PISO_2_P52,True
LT1:203:01,43.40572033898305,16.15,4.01,43.40572033898305,-0.0,4.01,8,18,lower,Y,PISO_2,PISO_2_P11;PISO_2_P12;PISO_2_P21;PISO_2_P22;PISO_2_P31;PISO_2_P32;PISO_2_P41;PISO_2_P42;PISO_2_P51;PISO_2_P52,True
LT1:203:01,43.585805084745765,16.15,4.01,43.585805084745765,-0.0,4.01,8,18,lower,Y,PISO_2,PISO_2_P11;PISO_2_P12;PISO_2_P21;PISO_2_P22;PISO_2_P31;PISO_2_P32;PISO_2_P41;PISO_2_P42;PISO_2_P51;PISO_2_P52,True
LT1:203:01,43.76588983050847,16.15,4.01,43.76588983050847,-0.0,4.01,8,18,lower,Y,PISO_2,PISO_2_P11;PISO_2_P12;PISO_2_P21;PISO_2_P22;PISO_2_P31;PISO_2_P32;PISO_2_P41;PISO_2_P42;PISO_2_P51;PISO_2_P52,True
LT1:203:01,43.94597457627118,16.15,4.01,43.94597457627118,-0.0,4.01,8,18,lower,Y,PISO_2,PISO_2_P11;PISO_2_P12;PISO_2_P21;PISO_2_P22;PISO_2_P31;PISO_2_P32;PISO_2_P41;PISO_2_P42;PISO_2_P51;PISO_2_P52,True
LT1:203:01,44.126059322033896,16.15,4.01,44.126059322033896,-0.0,4.01,8,18,lower,Y,PISO_2,PISO_2_P11;PISO_2_P12;PISO_2_P21;PISO_2_P22;PISO_2_P31;PISO_2_P32;PISO_2_P41;PISO_2_P42;PISO_2_P51;PISO_2_P52,True
LT1:203:01,44.30614406779661,16.15,4.01,44.30614406779661,-0.0,4.01,8,18,lower,Y,PISO_2,PISO_2_P11;PISO_2_P12;PISO_2_P21;PISO_2_P22;PISO_2_P31;PISO_2_P32;PISO_2_P41;PISO_2_P42;PISO_2_P51;PISO_2_P52,True
LT1:203:01,44.48622881355932,16.15,4.01,44.48622881355932,-0.0,4.01,8,18,lower,Y,PISO_2,PISO_2_P11;PISO_2_P12;PISO_2_P21;PISO_2_P22;PISO_2_P31;PISO_2_P32;PISO_2_P41;PISO_2_P42;PISO_2_P51;PISO_2_P52,True
LT1:203:01,44.666313559322035,16.15,4.01,44.666313559322035,-0.0,4.01,8,18,lower,Y,PISO_2,PISO_2_P11;PISO_2_P12;PISO_2_P21;PISO_2_P22;PISO_2_P31;PISO_2_P32;PISO_2_P41;PISO_2_P42;PISO_2_P51;PISO_2_P52,True
LT1:203:01,44.84639830508475,16.15,4.01,44.84639830508475,-0.0,4.01,8,18,lower,Y,PISO_2,PISO_2_P11;PISO_2_P12;PISO_2_P21;PISO_2_P22;PISO_2_P31;PISO_2_P32;PISO_2_P41;PISO_2_P42;PISO_2_P51;PISO_2_P52,True
LT1:203:01,45.02648305084746,16.15,4.01,45.02648305084746,-0.0,4.01,8,18,lower,Y,PISO_2,PISO_2_P11;PISO_2_P12;PISO_2_P21;PISO_2_P22;PISO_2_P31;PISO_2_P32;PISO_2_P41;PISO_2_P42;PISO_2_P51;PISO_2_P52,True
LT1:203:01,45.20656779661017,16.15,4.01,45.20656779661017,-0.0,4.01,8,18,lower,Y,PISO_2,PISO_2_P11;PISO_2_P12;PISO_2_P21;PISO_2_P22;PISO_2_P31;PISO_2_P32;PISO_2_P41;PISO_2_P42;PISO_2_P51;PISO_2_P52,True
LT1:203:01,45.38665254237288,16.15,4.01,45.38665254237288,-0.0,4.01,8,18,lower,Y,PISO_2,PISO_2_P11;PISO_2_P12;PISO_2_P21;PISO_2_P22;PISO_2_P31;PISO_2_P32;PISO_2_P41;PISO_2_P42;PISO_2_P51;PISO_2_P52,True
LT1:203:01,45.56673728813559,16.15,4.01,45.56673728813559,-0.0,4.01,8,18,lower,Y,PISO_2,PISO_2_P11;PISO_2_P12;PISO_2_P21;PISO_2_P22;PISO_2_P31;PISO_2_P32;PISO_2_P41;PISO_2_P42;PISO_2_P51;PISO_2_P52,True
LT1:203:01,45.746822033898304,16.15,4.01,45.746822033898304,-0.0,4.01,8,18,lower,Y,PISO_2,PISO_2_P11;PISO_2_P12;PISO_2_P21;PISO_2_P22;PISO_2_P31;PISO_2_P32;PISO_2_P41;PISO_2_P42;PISO_2_P51;PISO_2_P52,True
LT1:203:01,45.92690677966102,16.15,4.01,45.92690677966102,-0.0,4.01,8,18,lower,Y,PISO_2,PISO_2_P11;PISO_2_P12;PISO_2_P21;PISO_2_P22;PISO_2_P31;PISO_2_P32;PISO_2_P41;PISO_2_P42;PISO_2_P51;PISO_2_P52,True
LT1:203:01,46.10699152542373,16.15,4.01,46.10699152542373,-0.0,4.01,8,18,lower,Y,PISO_2,PISO_2_P11;PISO_2_P12;PISO_2_P21;PISO_2_P22;PISO_2_P31;PISO_2_P32;PISO_2_P41;PISO_2_P42;PISO_2_P51;PISO_2_P52,True
LT1:203:01,46.28707627118644,16.15,4.01,46.28707627118644,-0.0,4.01,8,18,lower,Y,PISO_2,PISO_2_P11;PISO_2_P12;PISO_2_P21;PISO_2_P22;PISO_2_P31;PISO_2_P32;PISO_2_P41;PISO_2_P42;PISO_2_P51;PISO_2_P52,True
LT1:203:01,46.46716101694915,16.15,4.01,46.46716101694915,-0.0,4.01,8,18,lower,Y,PISO_2,PISO_2_P11;PISO_2_P12;PISO_2_P21;PISO_2_P22;PISO_2_P31;PISO_2_P32;PISO_2_P41;PISO_2_P42;PISO_2_P51;PISO_2_P52,True
LT1:203:01,46.64724576271186,16.15,4.01,46.64724576271186,-0.0,4.01,8,18,lower,Y,PISO_2,PISO_2_P11;PISO_2_P12;PISO_2_P21;PISO_2_P22;PISO_2_P31;PISO_2_P32;PISO_2_P41;PISO_2_P42;PISO_2_P51;PISO_2_P52,True
LT1:203:01,46.827330508474574,16.15,4.01,46.827330508474574,-0.0,4.01,8,18,lower,Y,PISO_2,PISO_2_P11;PISO_2_P12;PISO_2_P21;PISO_2_P22;PISO_2_P31;PISO_2_P32;PISO_2_P41;PISO_2_P42;PISO_2_P51;PISO_2_P52,True
LT1:203:01,47.00741525423729,16.15,4.01,47.00741525423729,-0.0,4.01,8,18,lower,Y,PISO_2,PISO_2_P11;PISO_2_P12;PISO_2_P21;PISO_2_P22;PISO_2_P31;PISO_2_P32;PISO_2_P41;PISO_2_P42;PISO_2_P51;PISO_2_P52,True
LT1:203:01,47.1875,16.15,4.01,47.1875,-0.0,4.01,8,18,lower,Y,PISO_2,PISO_2_P11;PISO_2_P12;PISO_2_P21;PISO_2_P22;PISO_2_P31;PISO_2_P32;PISO_2_P41;PISO_2_P42;PISO_2_P51;PISO_2_P52,True
LT1:203:01,47.36758474576271,16.15,4.01,47.36758474576271,-0.0,4.01,8,18,lower,Y,PISO_2,PISO_2_P11;PISO_2_P12;PISO_2_P21;PISO_2_P22;PISO_2_P31;PISO_2_P32;PISO_2_P41;PISO_2_P42;PISO_2_P51;PISO_2_P52,True
LT1:203:01,47.547669491525426,16.15,4.01,47.547669491525426,-0.0,4.01,8,18,lower,Y,PISO_2,PISO_2_P11;PISO_2_P12;PISO_2_P21;PISO_2_P22;PISO_2_P31;PISO_2_P32;PISO_2_P41;PISO_2_P42;PISO_2_P51;PISO_2_P52,True
LT1:203:01,47.72775423728814,16.15,4.01,47.72775423728814,-0.0,4.01,8,18,lower,Y,PISO_2,PISO_2_P11;PISO_2_P12;PISO_2_P21;PISO_2_P22;PISO_2_P31;PISO_2_P32;PISO_2_P41;PISO_2_P42;PISO_2_P51;PISO_2_P52,True
LT1:203:01,47.90783898305085,16.15,4.01,47.90783898305085,-0.0,4.01,8,18,lower,Y,PISO_2,PISO_2_P11;PISO_2_P12;PISO_2_P21;PISO_2_P22;PISO_2_P31;PISO_2_P32;PISO_2_P41;PISO_2_P42;PISO_2_P51;PISO_2_P52,True
LT1:203:01,48.087923728813564,16.15,4.01,48.087923728813564,-0.0,4.01,8,18,lower,Y,PISO_2,PISO_2_P11;PISO_2_P12;PISO_2_P21;PISO_2_P22;PISO_2_P31;PISO_2_P32;PISO_2_P41;PISO_2_P42;PISO_2_P51;PISO_2_P52,True
LT1:203:01,48.26800847457627,16.15,4.01,48.26800847457627,-0.0,4.01,8,18,lower,Y,PISO_2,PISO_2_P11;PISO_2_P12;PISO_2_P21;PISO_2_P22;PISO_2_P31;PISO_2_P32;PISO_2_P41;PISO_2_P42;PISO_2_P51;PISO_2_P52,True
LT1:203:01,48.44809322033898,16.15,4.01,48.44809322033898,-0.0,4.01,8,18,lower,Y,PISO_2,PISO_2_P11;PISO_2_P12;PISO_2_P21;PISO_2_P22;PISO_2_P31;PISO_2_P32;PISO_2_P41;PISO_2_P42;PISO_2_P51;PISO_2_P52,True
LT1:203:01,48.628177966101696,16.15,4.01,48.628177966101696,-0.0,4.01,8,18,lower,Y,PISO_2,PISO_2_P11;PISO_2_P12;PISO_2_P21;PISO_2_P22;PISO_2_P31;PISO_2_P32;PISO_2_P41;PISO_2_P42;PISO_2_P51;PISO_2_P52,True
LT1:203:01,48.80826271186441,16.15,4.01,48.80826271186441,-0.0,4.01,8,18,lower,Y,PISO_2,PISO_2_P11;PISO_2_P12;PISO_2_P21;PISO_2_P22;PISO_2_P31;PISO_2_P32;PISO_2_P41;PISO_2_P42;PISO_2_P51;PISO_2_P52,True
LT1:203:01,48.988347457627114,16.15,4.01,48.988347457627114,-0.0,4.01,8,18,lower,Y,PISO_2,PISO_2_P11;PISO_2_P12;PISO_2_P21;PISO_2_P22;PISO_2_P31;PISO_2_P32;PISO_2_P41;PISO_2_P42;PISO_2_P51;PISO_2_P52,True
LT1:203:01,49.16843220338983,16.15,4.01,49.16843220338983,-0.0,4.01,8,18,lower,Y,PISO_2,PISO_2_P11;PISO_2_P12;PISO_2_P21;PISO_2_P22;PISO_2_P31;PISO_2_P32;PISO_2_P41;PISO_2_P42;PISO_2_P51;PISO_2_P52,True
LT1:203:01,49.34851694915254,16.15,4.01,49.34851694915254,-0.0,4.01,8,18,lower,Y,PISO_2,PISO_2_P11;PISO_2_P12;PISO_2_P21;PISO_2_P22;PISO_2_P31;PISO_2_P32;PISO_2_P41;PISO_2_P42;PISO_2_P51;PISO_2_P52,True
LT1:203:01,49.52860169491525,16.15,4.01,49.52860169491525,-0.0,4.01,8,18,lower,Y,PISO_2,PISO_2_P11;PISO_2_P12;PISO_2_P21;PISO_2_P22;PISO_2_P31;PISO_2_P32;PISO_2_P41;PISO_2_P42;PISO_2_P51;PISO_2_P52,True
LT1:203:01,49.708686440677965,16.15,4.01,49.708686440677965,-0.0,4.01,8,18,lower,Y,PISO_2,PISO_2_P11;PISO_2_P12;PISO_2_P21;PISO_2_P22;PISO_2_P31;PISO_2_P32;PISO_2_P41;PISO_2_P42;PISO_2_P51;PISO_2_P52,True
LT1:203:01,49.88877118644068,16.15,4.01,49.88877118644068,-0.0,4.01,8,18,lower,Y,PISO_2,PISO_2_P11;PISO_2_P12;PISO_2_P21;PISO_2_P22;PISO_2_P31;PISO_2_P32;PISO_2_P41;PISO_2_P42;PISO_2_P51;PISO_2_P52,True
LT1:203:01,50.06885593220339,16.15,4.01,50.06885593220339,-0.0,4.01,8,18,lower,Y,PISO_2,PISO_2_P11;PISO_2_P12;PISO_2_P21;PISO_2_P22;PISO_2_P31;PISO_2_P32;PISO_2_P41;PISO_2_P42;PISO_2_P51;PISO_2_P52,True
LT1:203:01,50.248940677966104,16.15,4.01,50.248940677966104,-0.0,4.01,8,18,lower,Y,PISO_2,PISO_2_P11;PISO_2_P12;PISO_2_P21;PISO_2_P22;PISO_2_P31;PISO_2_P32;PISO_2_P41;PISO_2_P42;PISO_2_P51;PISO_2_P52,True
LT1:203:01,50.42902542372882,16.15,4.01,50.42902542372882,-0.0,4.01,8,18,lower,Y,PISO_2,PISO_2_P11;PISO_2_P12;PISO_2_P21;PISO_2_P22;PISO_2_P31;PISO_2_P32;PISO_2_P41;PISO_2_P42;PISO_2_P51;PISO_2_P52,True
LT1:203:01,50.60911016949153,16.15,4.01,50.60911016949153,-0.0,4.01,8,18,lower,Y,PISO_2,PISO_2_P11;PISO_2_P12;PISO_2_P21;PISO_2_P22;PISO_2_P31;PISO_2_P32;PISO_2_P41;PISO_2_P42;PISO_2_P51;PISO_2_P52,True
LT1:203:01,50.78919491525424,16.15,4.01,50.78919491525424,-0.0,4.01,8,18,lower,Y,PISO_2,PISO_2_P11;PISO_2_P12;PISO_2_P21;PISO_2_P22;PISO_2_P31;PISO_2_P32;PISO_2_P41;PISO_2_P42;PISO_2_P51;PISO_2_P52,True
LT1:203:01,50.96927966101695,16.15,4.01,50.96927966101695,-0.0,4.01,8,18,lower,Y,PISO_2,PISO_2_P11;PISO_2_P12;PISO_2_P21;PISO_2_P22;PISO_2_P31;PISO_2_P32;PISO_2_P41;PISO_2_P42;PISO_2_P51;PISO_2_P52,True
LT1:203:01,51.14936440677966,16.15,4.01,51.14936440677966,-0.0,4.01,8,18,lower,Y,PISO_2,PISO_2_P11;PISO_2_P12;PISO_2_P21;PISO_2_P22;PISO_2_P31;PISO_2_P32;PISO_2_P41;PISO_2_P42;PISO_2_P51;PISO_2_P52,True
LT1:203:01,51.329449152542374,16.15,4.01,51.329449152542374,-0.0,4.01,8,18,lower,Y,PISO_2,PISO_2_P11;PISO_2_P12;PISO_2_P21;PISO_2_P22;PISO_2_P31;PISO_2_P32;PISO_2_P41;PISO_2_P42;PISO_2_P51;PISO_2_P52,True
LT1:203:01,51.50953389830508,16.15,4.01,51.50953389830508,-0.0,4.01,8,18,lower,Y,PISO_2,PISO_2_P11;PISO_2_P12;PISO_2_P21;PISO_2_P22;PISO_2_P31;PISO_2_P32;PISO_2_P41;PISO_2_P42;PISO_2_P51;PISO_2_P52,True
LT1:203:01,51.68961864406779,16.15,4.01,51.68961864406779,-0.0,4.01,8,18,lower,Y,PISO_2,PISO_2_P11;PISO_2_P12;PISO_2_P21;PISO_2_P22;PISO_2_P31;PISO_2_P32;PISO_2_P41;PISO_2_P42;PISO_2_P51;PISO_2_P52,True
LT1:203:01,51.869703389830505,16.15,4.01,51.869703389830505,-0.0,4.01,8,18,lower,Y,PISO_2,PISO_2_P11;PISO_2_P12;PISO_2_P21;PISO_2_P22;PISO_2_P31;PISO_2_P32;PISO_2_P41;PISO_2_P42;PISO_2_P51;PISO_2_P52,True
LT1:203:01,52.04978813559322,16.15,4.01,52.04978813559322,-0.0,4.01,8,18,lower,Y,PISO_2,PISO_2_P11;PISO_2_P12;PISO_2_P21;PISO_2_P22;PISO_2_P31;PISO_2_P32;PISO_2_P41;PISO_2_P42;PISO_2_P51;PISO_2_P52,True
LT1:203:01,52.22987288135593,16.15,4.01,52.22987288135593,-0.0,4.01,8,18,lower,Y,PISO_2,PISO_2_P11;PISO_2_P12;PISO_2_P21;PISO_2_P22;PISO_2_P31;PISO_2_P32;PISO_2_P41;PISO_2_P42;PISO_2_P51;PISO_2_P52,True
LT1:203:01,52.409957627118644,16.15,4.01,52.409957627118644,-0.0,4.01,8,18,lower,Y,PISO_2,PISO_2_P11;PISO_2_P12;PISO_2_P21;PISO_2_P22;PISO_2_P31;PISO_2_P32;PISO_2_P41;PISO_2_P42;PISO_2_P51;PISO_2_P52,True
LT1:203:01,52.590042372881356,16.15,4.01,52.590042372881356,-0.0,4.01,8,18,lower,Y,PISO_2,PISO_2_P11;PISO_2_P12;PISO_2_P21;PISO_2_P22;PISO_2_P31;PISO_2_P32;PISO_2_P41;PISO_2_P42;PISO_2_P51;PISO_2_P52,True
LT1:203:01,52.77012711864407,16.15,4.01,52.77012711864407,-0.0,4.01,8,18,lower,Y,PISO_2,PISO_2_P11;PISO_2_P12;PISO_2_P21;PISO_2_P22;PISO_2_P31;PISO_2_P32;PISO_2_P41;PISO_2_P42;PISO_2_P51;PISO_2_P52,True
LT1:203:01,52.95021186440678,16.15,4.01,52.95021186440678,-0.0,4.01,8,18,lower,Y,PISO_2,PISO_2_P11;PISO_2_P12;PISO_2_P21;PISO_2_P22;PISO_2_P31;PISO_2_P32;PISO_2_P41;PISO_2_P42;PISO_2_P51;PISO_2_P52,True
LT1:203:01,53.130296610169495,16.15,4.01,53.130296610169495,-0.0,4.01,8,18,lower,Y,PISO_2,PISO_2_P11;PISO_2_P12;PISO_2_P21;PISO_2_P22;PISO_2_P31;PISO_2_P32;PISO_2_P41;PISO_2_P42;PISO_2_P51;PISO_2_P52,True
LT1:203:01,53.31038135593221,16.15,4.01,53.31038135593221,-0.0,4.01,8,18,lower,Y,PISO_2,PISO_2_P11;PISO_2_P12;PISO_2_P21;PISO_2_P22;PISO_2_P31;PISO_2_P32;PISO_2_P41;PISO_2_P42;PISO_2_P51;PISO_2_P52,True
LT1:203:01,53.49046610169492,16.15,4.01,53.49046610169492,-0.0,4.01,8,18,lower,Y,PISO_2,PISO_2_P11;PISO_2_P12;PISO_2_P21;PISO_2_P22;PISO_2_P31;PISO_2_P32;PISO_2_P41;PISO_2_P42;PISO_2_P51;PISO_2_P52,True
LT1:203:01,53.670550847457626,16.15,4.01,53.670550847457626,-0.0,4.01,8,18,lower,Y,PISO_2,PISO_2_P11;PISO_2_P12;PISO_2_P21;PISO_2_P22;PISO_2_P31;PISO_2_P32;PISO_2_P41;PISO_2_P42;PISO_2_P51;PISO_2_P52,True
LT1:203:01,53.85063559322034,16.15,4.01,53.85063559322034,-0.0,4.01,8,18,lower,Y,PISO_2,PISO_2_P11;PISO_2_P12;PISO_2_P21;PISO_2_P22;PISO_2_P31;PISO_2_P32;PISO_2_P41;PISO_2_P42;PISO_2_P51;PISO_2_P52,True
LT1:203:01,54.03072033898305,16.15,4.01,54.03072033898305,-0.0,4.01,8,18,lower,Y,PISO_2,PISO_2_P11;PISO_2_P12;PISO_2_P21;PISO_2_P22;PISO_2_P31;PISO_2_P32;PISO_2_P41;PISO_2_P42;PISO_2_P51;PISO_2_P52,True
LT1:203:01,54.21080508474576,16.15,4.01,54.21080508474576,-0.0,4.01,8,18,lower,Y,PISO_2,PISO_2_P11;PISO_2_P12;PISO_2_P21;PISO_2_P22;PISO_2_P31;PISO_2_P32;PISO_2_P41;PISO_2_P42;PISO_2_P51;PISO_2_P52,True
LT1:203:01,54.39088983050847,16.15,4.01,54.39088983050847,-0.0,4.01,8,18,lower,Y,PISO_2,PISO_2_P11;PISO_2_P12;PISO_2_P21;PISO_2_P22;PISO_2_P31;PISO_2_P32;PISO_2_P41;PISO_2_P42;PISO_2_P51;PISO_2_P52,True
LT1:203:01,54.57097457627118,16.15,4.01,54.57097457627118,-0.0,4.01,8,18,lower,Y,PISO_2,PISO_2_P11;PISO_2_P12;PISO_2_P21;PISO_2_P22;PISO_2_P31;PISO_2_P32;PISO_2_P41;PISO_2_P42;PISO_2_P51;PISO_2_P52,True
LT1:203:01,54.751059322033896,16.15,4.01,54.751059322033896,-0.0,4.01,8,18,lower,Y,PISO_2,PISO_2_P11;PISO_2_P12;PISO_2_P21;PISO_2_P22;PISO_2_P31;PISO_2_P32;PISO_2_P41;PISO_2_P42;PISO_2_P51;PISO_2_P52,True
LT1:203:01,54.93114406779661,16.15,4.01,54.93114406779661,-0.0,4.01,8,18,lower,Y,PISO_2,PISO_2_P11;PISO_2_P12;PISO_2_P21;PISO_2_P22;PISO_2_P31;PISO_2_P32;PISO_2_P41;PISO_2_P42;PISO_2_P51;PISO_2_P52,True
LT1:203:01,55.11122881355932,16.15,4.01,55.11122881355932,-0.0,4.01,8,18,lower,Y,PISO_2,PISO_2_P11;PISO_2_P12;PISO_2_P21;PISO_2_P22;PISO_2_P31;PISO_2_P32;PISO_2_P41;PISO_2_P42;PISO_2_P51;PISO_2_P52,True
LT1:203:01,55.291313559322035,16.15,4.01,55.291313559322035,-0.0,4.01,8,18,lower,Y,PISO_2,PISO_2_P11;PISO_2_P12;PISO_2_P21;PISO_2_P22;PISO_2_P31;PISO_2_P32;PISO_2_P41;PISO_2_P42;PISO_2_P51;PISO_2_P52,True
LT1:203:01,55.47139830508475,16.15,4.01,55.47139830508475,-0.0,4.01,8,18,lower,Y,PISO_2,PISO_2_P11;PISO_2_P12;PISO_2_P21;PISO_2_P22;PISO_2_P31;PISO_2_P32;PISO_2_P41;PISO_2_P42;PISO_2_P51;PISO_2_P52,True
LT1:203:01,55.65148305084746,16.15,4.01,55.65148305084746,-0.0,4.01,8,18,lower,Y,PISO_2,PISO_2_P11;PISO_2_P12;PISO_2_P21;PISO_2_P22;PISO_2_P31;PISO_2_P32;PISO_2_P41;PISO_2_P42;PISO_2_P51;PISO_2_P52,True
LT1:203:01,55.83156779661017,16.15,4.01,55.83156779661017,-0.0,4.01,8,18,lower,Y,PISO_2,PISO_2_P11;PISO_2_P12;PISO_2_P21;PISO_2_P22;PISO_2_P31;PISO_2_P32;PISO_2_P41;PISO_2_P42;PISO_2_P51;PISO_2_P52,True
LT1:203:01,56.011652542372886,16.15,4.01,56.011652542372886,-0.0,4.01,8,18,lower,Y,PISO_2,PISO_2_P11;PISO_2_P12;PISO_2_P21;PISO_2_P22;PISO_2_P31;PISO_2_P32;PISO_2_P41;PISO_2_P42;PISO_2_P51;PISO_2_P52,True
LT1:203:01,56.19173728813559,16.15,4.01,56.19173728813559,-0.0,4.01,8,18,lower,Y,PISO_2,PISO_2_P11;PISO_2_P12;PISO_2_P21;PISO_2_P22;PISO_2_P31;PISO_2_P32;PISO_2_P41;PISO_2_P42;PISO_2_P51;PISO_2_P52,True
LT1:203:01,56.371822033898304,16.15,4.01,56.371822033898304,-0.0,4.01,8,18,lower,Y,PISO_2,PISO_2_P11;PISO_2_P12;PISO_2_P21;PISO_2_P22;PISO_2_P31;PISO_2_P32;PISO_2_P41;PISO_2_P42;PISO_2_P51;PISO_2_P52,True
LT1:203:01,56.55190677966102,16.15,4.01,56.55190677966102,-0.0,4.01,8,18,lower,Y,PISO_2,PISO_2_P11;PISO_2_P12;PISO_2_P21;PISO_2_P22;PISO_2_P31;PISO_2_P32;PISO_2_P41;PISO_2_P42;PISO_2_P51;PISO_2_P52,True
LT1:203:01,56.73199152542373,16.15,4.01,56.73199152542373,-0.0,4.01,8,18,lower,Y,PISO_2,PISO_2_P11;PISO_2_P12;PISO_2_P21;PISO_2_P22;PISO_2_P31;PISO_2_P32;PISO_2_P41;PISO_2_P42;PISO_2_P51;PISO_2_P52,True
LT1:203:01,56.912076271186436,16.15,4.01,56.912076271186436,-0.0,4.01,8,18,lower,Y,PISO_2,PISO_2_P11;PISO_2_P12;PISO_2_P21;PISO_2_P22;PISO_2_P31;PISO_2_P32;PISO_2_P41;PISO_2_P42;PISO_2_P51;PISO_2_P52,True
LT1:203:01,57.09216101694915,16.15,4.01,57.09216101694915,-0.0,4.01,8,18,lower,Y,PISO_2,PISO_2_P11;PISO_2_P12;PISO_2_P21;PISO_2_P22;PISO_2_P31;PISO_2_P32;PISO_2_P41;PISO_2_P42;PISO_2_P51;PISO_2_P52,True
LT1:203:01,57.27224576271186,16.15,4.01,57.27224576271186,-0.0,4.01,8,18,lower,Y,PISO_2,PISO_2_P11;PISO_2_P12;PISO_2_P21;PISO_2_P22;PISO_2_P31;PISO_2_P32;PISO_2_P41;PISO_2_P42;PISO_2_P51;PISO_2_P52,True
LT1:203:01,57.452330508474574,16.15,4.01,57.452330508474574,-0.0,4.01,8,18,lower,Y,PISO_2,PISO_2_P11;PISO_2_P12;PISO_2_P21;PISO_2_P22;PISO_2_P31;PISO_2_P32;PISO_2_P41;PISO_2_P42;PISO_2_P51;PISO_2_P52,True
LT1:203:01,57.63241525423729,16.15,4.01,57.63241525423729,-0.0,4.01,8,18,lower,Y,PISO_2,PISO_2_P11;PISO_2_P12;PISO_2_P21;PISO_2_P22;PISO_2_P31;PISO_2_P32;PISO_2_P41;PISO_2_P42;PISO_2_P51;PISO_2_P52,True
LT1:203:01,57.8125,16.15,4.01,57.8125,-0.0,4.01,8,18,lower,Y,PISO_2,PISO_2_P11;PISO_2_P12;PISO_2_P21;PISO_2_P22;PISO_2_P31;PISO_2_P32;PISO_2_P41;PISO_2_P42;PISO_2_P51;PISO_2_P52,True
LT1:203:01,57.99258474576271,16.15,4.01,57.99258474576271,-0.0,4.01,8,18,lower,Y,PISO_2,PISO_2_P11;PISO_2_P12;PISO_2_P21;PISO_2_P22;PISO_2_P31;PISO_2_P32;PISO_2_P41;PISO_2_P42;PISO_2_P51;PISO_2_P52,True
LT1:203:01,58.172669491525426,16.15,4.01,58.172669491525426,-0.0,4.01,8,18,lower,Y,PISO_2,PISO_2_P11;PISO_2_P12;PISO_2_P21;PISO_2_P22;PISO_2_P31;PISO_2_P32;PISO_2_P41;PISO_2_P42;PISO_2_P51;PISO_2_P52,True
LT1:203:01,58.35275423728814,16.15,4.01,58.35275423728814,-0.0,4.01,8,18,lower,Y,PISO_2,PISO_2_P11;PISO_2_P12;PISO_2_P21;PISO_2_P22;PISO_2_P31;PISO_2_P32;PISO_2_P41;PISO_2_P42;PISO_2_P51;PISO_2_P52,True
LT1:203:01,58.53283898305085,16.15,4.01,58.53283898305085,-0.0,4.01,8,18,lower,Y,PISO_2,PISO_2_P11;PISO_2_P12;PISO_2_P21;PISO_2_P22;PISO_2_P31;PISO_2_P32;PISO_2_P41;PISO_2_P42;PISO_2_P51;PISO_2_P52,True
LT1:203:01,58.712923728813564,16.15,4.01,58.712923728813564,-0.0,4.01,8,18,lower,Y,PISO_2,PISO_2_P11;PISO_2_P12;PISO_2_P21;PISO_2_P22;PISO_2_P31;PISO_2_P32;PISO_2_P41;PISO_2_P42;PISO_2_P51;PISO_2_P52,True
LT1:203:01,58.89300847457627,16.15,4.01,58.89300847457627,-0.0,4.01,8,18,lower,Y,PISO_2,PISO_2_P11;PISO_2_P12;PISO_2_P21;PISO_2_P22;PISO_2_P31;PISO_2_P32;PISO_2_P41;PISO_2_P42;PISO_2_P51;PISO_2_P52,True
LT1:203:01,59.07309322033898,16.15,4.01,59.07309322033898,-0.0,4.01,8,18,lower,Y,PISO_2,PISO_2_P11;PISO_2_P12;PISO_2_P21;PISO_2_P22;PISO_2_P31;PISO_2_P32;PISO_2_P41;PISO_2_P42;PISO_2_P51;PISO_2_P52,True
LT1:203:01,59.253177966101696,16.15,4.01,59.253177966101696,-0.0,4.01,8,18,lower,Y,PISO_2,PISO_2_P11;PISO_2_P12;PISO_2_P21;PISO_2_P22;PISO_2_P31;PISO_2_P32;PISO_2_P41;PISO_2_P42;PISO_2_P51;PISO_2_P52,True
LT1:203:01,59.43326271186441,16.15,4.01,59.43326271186441,-0.0,4.01,8,18,lower,Y,PISO_2,PISO_2_P11;PISO_2_P12;PISO_2_P21;PISO_2_P22;PISO_2_P31;PISO_2_P32;PISO_2_P41;PISO_2_P42;PISO_2_P51;PISO_2_P52,True
LT1:203:01,59.613347457627114,16.15,4.01,59.613347457627114,-0.0,4.01,8,18,lower,Y,PISO_2,PISO_2_P11;PISO_2_P12;PISO_2_P21;PISO_2_P22;PISO_2_P31;PISO_2_P32;PISO_2_P41;PISO_2_P42;PISO_2_P51;PISO_2_P52,True
LT1:203:01,59.79343220338983,16.15,4.01,59.79343220338983,-0.0,4.01,8,18,lower,Y,PISO_2,PISO_2_P11;PISO_2_P12;PISO_2_P21;PISO_2_P22;PISO_2_P31;PISO_2_P32;PISO_2_P41;PISO_2_P42;PISO_2_P51;PISO_2_P52,True
LT1:203:01,59.97351694915254,16.15,4.01,59.97351694915254,-0.0,4.01,8,18,lower,Y,PISO_2,PISO_2_P11;PISO_2_P12;PISO_2_P21;PISO_2_P22;PISO_2_P31;PISO_2_P32;PISO_2_P41;PISO_2_P42;PISO_2_P51;PISO_2_P52,True
LT1:203:01,60.15360169491525,16.15,4.01,60.15360169491525,-0.0,4.01,8,18,lower,Y,PISO_2,PISO_2_P11;PISO_2_P12;PISO_2_P21;PISO_2_P22;PISO_2_P31;PISO_2_P32;PISO_2_P41;PISO_2_P42;PISO_2_P51;PISO_2_P52,True
LT1:203:01,60.333686440677965,16.15,4.01,60.333686440677965,-0.0,4.01,8,18,lower,Y,PISO_2,PISO_2_P11;PISO_2_P12;PISO_2_P21;PISO_2_P22;PISO_2_P31;PISO_2_P32;PISO_2_P41;PISO_2_P42;PISO_2_P51;PISO_2_P52,True
LT1:203:01,60.51377118644068,16.15,4.01,60.51377118644068,-0.0,4.01,8,18,lower,Y,PISO_2,PISO_2_P11;PISO_2_P12;PISO_2_P21;PISO_2_P22;PISO_2_P31;PISO_2_P32;PISO_2_P41;PISO_2_P42;PISO_2_P51;PISO_2_P52,True
LT1:203:01,60.69385593220339,16.15,4.01,60.69385593220339,-0.0,4.01,8,18,lower,Y,PISO_2,PISO_2_P11;PISO_2_P12;PISO_2_P21;PISO_2_P22;PISO_2_P31;PISO_2_P32;PISO_2_P41;PISO_2_P42;PISO_2_P51;PISO_2_P52,True
LT1:203:01,60.873940677966104,16.15,4.01,60.873940677966104,-0.0,4.01,8,18,lower,Y,PISO_2,PISO_2_P11;PISO_2_P12;PISO_2_P21;PISO_2_P22;PISO_2_P31;PISO_2_P32;PISO_2_P41;PISO_2_P42;PISO_2_P51;PISO_2_P52,True
LT1:203:01,61.05402542372882,16.15,4.01,61.05402542372882,-0.0,4.01,8,18,lower,Y,PISO_2,PISO_2_P11;PISO_2_P12;PISO_2_P21;PISO_2_P22;PISO_2_P31;PISO_2_P32;PISO_2_P41;PISO_2_P42;PISO_2_P51;PISO_2_P52,True
LT1:203:01,61.23411016949153,16.15,4.01,61.23411016949153,-0.0,4.01,8,18,lower,Y,PISO_2,PISO_2_P11;PISO_2_P12;PISO_2_P21;PISO_2_P22;PISO_2_P31;PISO_2_P32;PISO_2_P41;PISO_2_P42;PISO_2_P51;PISO_2_P52,True
LT1:203:01,61.41419491525424,16.15,4.01,61.41419491525424,-0.0,4.01,8,18,lower,Y,PISO_2,PISO_2_P11;PISO_2_P12;PISO_2_P21;PISO_2_P22;PISO_2_P31;PISO_2_P32;PISO_2_P41;PISO_2_P42;PISO_2_P51;PISO_2_P52,True
LT1:203:01,61.59427966101695,16.15,4.01,61.59427966101695,-0.0,4.01,8,18,lower,Y,PISO_2,PISO_2_P11;PISO_2_P12;PISO_2_P21;PISO_2_P22;PISO_2_P31;PISO_2_P32;PISO_2_P41;PISO_2_P42;PISO_2_P51;PISO_2_P52,True
LT1:203:01,61.77436440677966,16.15,4.01,61.77436440677966,-0.0,4.01,8,18,lower,Y,PISO_2,PISO_2_P11;PISO_2_P12;PISO_2_P21;PISO_2_P22;PISO_2_P31;PISO_2_P32;PISO_2_P41;PISO_2_P42;PISO_2_P51;PISO_2_P52,True
LT1:203:01,61.954449152542374,16.15,4.01,61.954449152542374,-0.0,4.01,8,18,lower,Y,PISO_2,PISO_2_P11;PISO_2_P12;PISO_2_P21;PISO_2_P22;PISO_2_P31;PISO_2_P32;PISO_2_P41;PISO_2_P42;PISO_2_P51;PISO_2_P52,True
LT1:203:01,62.13453389830508,16.15,4.01,62.13453389830508,-0.0,4.01,8,18,lower,Y,PISO_2,PISO_2_P11;PISO_2_P12;PISO_2_P21;PISO_2_P22;PISO_2_P31;PISO_2_P32;PISO_2_P41;PISO_2_P42;PISO_2_P51;PISO_2_P52,True
LT1:203:01,62.31461864406779,16.15,4.01,62.31461864406779,-0.0,4.01,8,18,lower,Y,PISO_2,PISO_2_P11;PISO_2_P12;PISO_2_P21;PISO_2_P22;PISO_2_P31;PISO_2_P32;PISO_2_P41;PISO_2_P42;PISO_2_P51;PISO_2_P52,True
LT1:203:01,62.494703389830505,16.15,4.01,62.494703389830505,-0.0,4.01,8,18,lower,Y,PISO_2,PISO_2_P11;PISO_2_P12;PISO_2_P21;PISO_2_P22;PISO_2_P31;PISO_2_P32;PISO_2_P41;PISO_2_P42;PISO_2_P51;PISO_2_P52,True
LT1:203:01,62.67478813559322,16.15,4.01,62.67478813559322,-0.0,4.01,8,18,lower,Y,PISO_2,PISO_2_P11;PISO_2_P12;PISO_2_P21;PISO_2_P22;PISO_2_P31;PISO_2_P32;PISO_2_P41;PISO_2_P42;PISO_2_P51;PISO_2_P52,True
LT1:203:01,62.85487288135593,16.15,4.01,62.85487288135593,-0.0,4.01,8,18,lower,Y,PISO_2,PISO_2_P11;PISO_2_P12;PISO_2_P21;PISO_2_P22;PISO_2_P31;PISO_2_P32;PISO_2_P41;PISO_2_P42;PISO_2_P51;PISO_2_P52,True
LT1:203:01,63.034957627118644,16.15,4.01,63.034957627118644,-0.0,4.01,8,18,lower,Y,PISO_2,PISO_2_P11;PISO_2_P12;PISO_2_P21;PISO_2_P22;PISO_2_P31;PISO_2_P32;PISO_2_P41;PISO_2_P42;PISO_2_P51;PISO_2_P52,True
LT1:203:01,63.215042372881356,16.15,4.01,63.215042372881356,-0.0,4.01,8,18,lower,Y,PISO_2,PISO_2_P11;PISO_2_P12;PISO_2_P21;PISO_2_P22;PISO_2_P31;PISO_2_P32;PISO_2_P41;PISO_2_P42;PISO_2_P51;PISO_2_P52,True
LT1:203:01,63.39512711864407,16.15,4.01,63.39512711864407,-0.0,4.01,8,18,lower,Y,PISO_2,PISO_2_P11;PISO_2_P12;PISO_2_P21;PISO_2_P22;PISO_2_P31;PISO_2_P32;PISO_2_P41;PISO_2_P42;PISO_2_P51;PISO_2_P52,True
LT1:203:01,63.57521186440678,16.15,4.01,63.57521186440678,-0.0,4.01,8,18,lower,Y,PISO_2,PISO_2_P11;PISO_2_P12;PISO_2_P21;PISO_2_P22;PISO_2_P31;PISO_2_P32;PISO_2_P41;PISO_2_P42;PISO_2_P51;PISO_2_P52,True
LT1:203:01,63.755296610169495,16.15,4.01,63.755296610169495,-0.0,4.01,8,18,lower,Y,PISO_2,PISO_2_P11;PISO_2_P12;PISO_2_P21;PISO_2_P22;PISO_2_P31;PISO_2_P32;PISO_2_P41;PISO_2_P42;PISO_2_P51;PISO_2_P52,True
LT1:203:01,63.9353813559322,16.15,4.01,63.9353813559322,-0.0,4.01,8,18,lower,Y,PISO_2,PISO_2_P11;PISO_2_P12;PISO_2_P21;PISO_2_P22;PISO_2_P31;PISO_2_P32;PISO_2_P41;PISO_2_P42;PISO_2_P51;PISO_2_P52,True
LT1:203:01,64.11546610169492,16.15,4.01,64.11546610169492,-0.0,4.01,8,18,lower,Y,PISO_2,PISO_2_P11;PISO_2_P12;PISO_2_P21;PISO_2_P22;PISO_2_P31;PISO_2_P32;PISO_2_P41;PISO_2_P42;PISO_2_P51;PISO_2_P52,True
LT1:203:01,64.29555084745763,16.15,4.01,64.29555084745763,-0.0,4.01,8,18,lower,Y,PISO_2,PISO_2_P11;PISO_2_P12;PISO_2_P21;PISO_2_P22;PISO_2_P31;PISO_2_P32;PISO_2_P41;PISO_2_P42;PISO_2_P51;PISO_2_P52,True
LT1:203:01,64.47563559322035,16.15,4.01,64.47563559322035,-0.0,4.01,8,18,lower,Y,PISO_2,PISO_2_P11;PISO_2_P12;PISO_2_P21;PISO_2_P22;PISO_2_P31;PISO_2_P32;PISO_2_P41;PISO_2_P42;PISO_2_P51;PISO_2_P52,True
LT1:203:01,64.65572033898306,16.15,4.01,64.65572033898306,-0.0,4.01,8,18,lower,Y,PISO_2,PISO_2_P11;PISO_2_P12;PISO_2_P21;PISO_2_P22;PISO_2_P31;PISO_2_P32;PISO_2_P41;PISO_2_P42;PISO_2_P51;PISO_2_P52,True
LT1:203:01,64.83580508474577,16.15,4.01,64.83580508474577,-0.0,4.01,8,18,lower,Y,PISO_2,PISO_2_P11;PISO_2_P12;PISO_2_P21;PISO_2_P22;PISO_2_P31;PISO_2_P32;PISO_2_P41;PISO_2_P42;PISO_2_P51;PISO_2_P52,True
LT1:203:01,65.01588983050848,16.15,4.01,65.01588983050848,-0.0,4.01,8,18,lower,Y,PISO_2,PISO_2_P11;PISO_2_P12;PISO_2_P21;PISO_2_P22;PISO_2_P31;PISO_2_P32;PISO_2_P41;PISO_2_P42;PISO_2_P51;PISO_2_P52,True
LT1:203:01,65.19597457627118,16.15,4.01,65.19597457627118,-0.0,4.01,8,18,lower,Y,PISO_2,PISO_2_P11;PISO_2_P12;PISO_2_P21;PISO_2_P22;PISO_2_P31;PISO_2_P32;PISO_2_P41;PISO_2_P42;PISO_2_P51;PISO_2_P52,True
LT1:203:01,65.3760593220339,16.15,4.01,65.3760593220339,-0.0,4.01,8,18,lower,Y,PISO_2,PISO_2_P11;PISO_2_P12;PISO_2_P21;PISO_2_P22;PISO_2_P31;PISO_2_P32;PISO_2_P41;PISO_2_P42;PISO_2_P51;PISO_2_P52,True
LT1:203:01,65.55614406779661,16.15,4.01,65.55614406779661,-0.0,4.01,8,18,lower,Y,PISO_2,PISO_2_P11;PISO_2_P12;PISO_2_P21;PISO_2_P22;PISO_2_P31;PISO_2_P32;PISO_2_P41;PISO_2_P42;PISO_2_P51;PISO_2_P52,True
LT1:203:01,65.73622881355932,16.15,4.01,65.73622881355932,-0.0,4.01,8,18,lower,Y,PISO_2,PISO_2_P11;PISO_2_P12;PISO_2_P21;PISO_2_P22;PISO_2_P31;PISO_2_P32;PISO_2_P41;PISO_2_P42;PISO_2_P51;PISO_2_P52,True
LT1:203:01,65.91631355932203,16.15,4.01,65.91631355932203,-0.0,4.01,8,18,lower,Y,PISO_2,PISO_2_P11;PISO_2_P12;PISO_2_P21;PISO_2_P22;PISO_2_P31;PISO_2_P32;PISO_2_P41;PISO_2_P42;PISO_2_P51;PISO_2_P52,True
LT1:203:01,66.09639830508475,16.15,4.01,66.09639830508475,-0.0,4.01,8,18,lower,Y,PISO_2,PISO_2_P11;PISO_2_P12;PISO_2_P21;PISO_2_P22;PISO_2_P31;PISO_2_P32;PISO_2_P41;PISO_2_P42;PISO_2_P51;PISO_2_P52,True
LT1:203:01,66.27648305084746,16.15,4.01,66.27648305084746,-0.0,4.01,8,18,lower,Y,PISO_2,PISO_2_P11;PISO_2_P12;PISO_2_P21;PISO_2_P22;PISO_2_P31;PISO_2_P32;PISO_2_P41;PISO_2_P42;PISO_2_P51;PISO_2_P52,True
LT1:203:01,66.45656779661016,16.15,4.01,66.45656779661016,-0.0,4.01,8,18,lower,Y,PISO_2,PISO_2_P11;PISO_2_P12;PISO_2_P21;PISO_2_P22;PISO_2_P31;PISO_2_P32;PISO_2_P41;PISO_2_P42;PISO_2_P51;PISO_2_P52,True
LT1:203:01,66.63665254237287,16.15,4.01,66.63665254237287,-0.0,4.01,8,18,lower,Y,PISO_2,PISO_2_P11;PISO_2_P12;PISO_2_P21;PISO_2_P22;PISO_2_P31;PISO_2_P32;PISO_2_P41;PISO_2_P42;PISO_2_P51;PISO_2_P52,True
LT1:203:01,66.81673728813558,16.15,4.01,66.81673728813558,-0.0,4.01,8,18,lower,Y,PISO_2,PISO_2_P11;PISO_2_P12;PISO_2_P21;PISO_2_P22;PISO_2_P31;PISO_2_P32;PISO_2_P41;PISO_2_P42;PISO_2_P51;PISO_2_P52,True
LT1:203:01,66.9968220338983,16.15,4.01,66.9968220338983,-0.0,4.01,8,18,lower,Y,PISO_2,PISO_2_P11;PISO_2_P12;PISO_2_P21;PISO_2_P22;PISO_2_P31;PISO_2_P32;PISO_2_P41;PISO_2_P42;PISO_2_P51;PISO_2_P52,True
LT1:203:01,67.17690677966101,16.15,4.01,67.17690677966101,-0.0,4.01,8,18,lower,Y,PISO_2,PISO_2_P11;PISO_2_P12;PISO_2_P21;PISO_2_P22;PISO_2_P31;PISO_2_P32;PISO_2_P41;PISO_2_P42;PISO_2_P51;PISO_2_P52,True
LT1:203:01,67.35699152542372,16.15,4.01,67.35699152542372,-0.0,4.01,8,18,lower,Y,PISO_2,PISO_2_P11;PISO_2_P12;PISO_2_P21;PISO_2_P22;PISO_2_P31;PISO_2_P32;PISO_2_P41;PISO_2_P42;PISO_2_P51;PISO_2_P52,True
LT1:203:01,67.53707627118644,16.15,4.01,67.53707627118644,-0.0,4.01,8,18,lower,Y,PISO_2,PISO_2_P11;PISO_2_P12;PISO_2_P21;PISO_2_P22;PISO_2_P31;PISO_2_P32;PISO_2_P41;PISO_2_P42;PISO_2_P51;PISO_2_P52,True
LT1:203:01,67.71716101694915,16.15,4.01,67.71716101694915,-0.0,4.01,8,18,lower,Y,PISO_2,PISO_2_P11;PISO_2_P12;PISO_2_P21;PISO_2_P22;PISO_2_P31;PISO_2_P32;PISO_2_P41;PISO_2_P42;PISO_2_P51;PISO_2_P52,True
LT1:203:01,67.89724576271186,16.15,4.01,67.89724576271186,-0.0,4.01,8,18,lower,Y,PISO_2,PISO_2_P11;PISO_2_P12;PISO_2_P21;PISO_2_P22;PISO_2_P31;PISO_2_P32;PISO_2_P41;PISO_2_P42;PISO_2_P51;PISO_2_P52,True
LT1:203:01,68.07733050847457,16.15,4.01,68.07733050847457,-0.0,4.01,8,18,lower,Y,PISO_2,PISO_2_P11;PISO_2_P12;PISO_2_P21;PISO_2_P22;PISO_2_P31;PISO_2_P32;PISO_2_P41;PISO_2_P42;PISO_2_P51;PISO_2_P52,True
LT1:203:01,68.25741525423729,16.15,4.01,68.25741525423729,-0.0,4.01,8,18,lower,Y,PISO_2,PISO_2_P11;PISO_2_P12;PISO_2_P21;PISO_2_P22;PISO_2_P31;PISO_2_P32;PISO_2_P41;PISO_2_P42;PISO_2_P51;PISO_2_P52,True
LT1:203:01,68.4375,16.15,4.01,68.4375,-0.0,4.01,8,18,lower,Y,PISO_2,PISO_2_P11;PISO_2_P12;PISO_2_P21;PISO_2_P22;PISO_2_P31;PISO_2_P32;PISO_2_P41;PISO_2_P42;PISO_2_P51;PISO_2_P52,True
LT1:203:01,68.61758474576271,16.15,4.01,68.61758474576271,-0.0,4.01,8,18,lower,Y,PISO_2,PISO_2_P11;PISO_2_P12;PISO_2_P21;PISO_2_P22;PISO_2_P31;PISO_2_P32;PISO_2_P41;PISO_2_P42;PISO_2_P51;PISO_2_P52,True
LT1:203:01,68.79766949152543,16.15,4.01,68.79766949152543,-0.0,4.01,8,18,lower,Y,PISO_2,PISO_2_P11;PISO_2_P12;PISO_2_P21;PISO_2_P22;PISO_2_P31;PISO_2_P32;PISO_2_P41;PISO_2_P42;PISO_2_P51;PISO_2_P52,True
LT1:203:01,68.97775423728814,16.15,4.01,68.97775423728814,-0.0,4.01,8,18,lower,Y,PISO_2,PISO_2_P11;PISO_2_P12;PISO_2_P21;PISO_2_P22;PISO_2_P31;PISO_2_P32;PISO_2_P41;PISO_2_P42;PISO_2_P51;PISO_2_P52,True
LT1:203:01,69.15783898305085,16.15,4.01,69.15783898305085,-0.0,4.01,8,18,lower,Y,PISO_2,PISO_2_P11;PISO_2_P12;PISO_2_P21;PISO_2_P22;PISO_2_P31;PISO_2_P32;PISO_2_P41;PISO_2_P42;PISO_2_P51;PISO_2_P52,True
LT1:203:01,69.33792372881356,16.15,4.01,69.33792372881356,-0.0,4.01,8,18,lower,Y,PISO_2,PISO_2_P11;PISO_2_P12;PISO_2_P21;PISO_2_P22;PISO_2_P31;PISO_2_P32;PISO_2_P41;PISO_2_P42;PISO_2_P51;PISO_2_P52,True
LT1:203:01,69.51800847457628,16.15,4.01,69.51800847457628,-0.0,4.01,8,18,lower,Y,PISO_2,PISO_2_P11;PISO_2_P12;PISO_2_P21;PISO_2_P22;PISO_2_P31;PISO_2_P32;PISO_2_P41;PISO_2_P42;PISO_2_P51;PISO_2_P52,True
LT1:203:01,69.69809322033899,16.15,4.01,69.69809322033899,-0.0,4.01,8,18,lower,Y,PISO_2,PISO_2_P11;PISO_2_P12;PISO_2_P21;PISO_2_P22;PISO_2_P31;PISO_2_P32;PISO_2_P41;PISO_2_P42;PISO_2_P51;PISO_2_P52,True
LT1:203:01,69.8781779661017,16.15,4.01,69.8781779661017,-0.0,4.01,8,18,lower,Y,PISO_2,PISO_2_P11;PISO_2_P12;PISO_2_P21;PISO_2_P22;PISO_2_P31;PISO_2_P32;PISO_2_P41;PISO_2_P42;PISO_2_P51;PISO_2_P52,True
LT1:203:01,70.05826271186442,16.15,4.01,70.05826271186442,-0.0,4.01,8,18,lower,Y,PISO_2,PISO_2_P11;PISO_2_P12;PISO_2_P21;PISO_2_P22;PISO_2_P31;PISO_2_P32;PISO_2_P41;PISO_2_P42;PISO_2_P51;PISO_2_P52,True
LT1:203:01,70.23834745762713,16.15,4.01,70.23834745762713,-0.0,4.01,8,18,lower,Y,PISO_2,PISO_2_P11;PISO_2_P12;PISO_2_P21;PISO_2_P22;PISO_2_P31;PISO_2_P32;PISO_2_P41;PISO_2_P42;PISO_2_P51;PISO_2_P52,True
LT1:203:01,70.41843220338984,16.15,4.01,70.41843220338984,-0.0,4.01,8,18,lower,Y,PISO_2,PISO_2_P11;PISO_2_P12;PISO_2_P21;PISO_2_P22;PISO_2_P31;PISO_2_P32;PISO_2_P41;PISO_2_P42;PISO_2_P51;PISO_2_P52,True
LT1:203:01,70.59851694915254,16.15,4.01,70.59851694915254,-0.0,4.01,8,18,lower,Y,PISO_2,PISO_2_P11;PISO_2_P12;PISO_2_P21;PISO_2_P22;PISO_2_P31;PISO_2_P32;PISO_2_P41;PISO_2_P42;PISO_2_P51;PISO_2_P52,True
LT1:203:01,70.77860169491525,16.15,4.01,70.77860169491525,-0.0,4.01,8,18,lower,Y,PISO_2,PISO_2_P11;PISO_2_P12;PISO_2_P21;PISO_2_P22;PISO_2_P31;PISO_2_P32;PISO_2_P41;PISO_2_P42;PISO_2_P51;PISO_2_P52,True
LT1:203:01,70.95868644067797,16.15,4.01,70.95868644067797,-0.0,4.01,8,18,lower,Y,PISO_2,PISO_2_P11;PISO_2_P12;PISO_2_P21;PISO_2_P22;PISO_2_P31;PISO_2_P32;PISO_2_P41;PISO_2_P42;PISO_2_P51;PISO_2_P52,True
LT1:203:01,71.13877118644068,16.15,4.01,71.13877118644068,-0.0,4.01,8,18,lower,Y,PISO_2,PISO_2_P11;PISO_2_P12;PISO_2_P21;PISO_2_P22;PISO_2_P31;PISO_2_P32;PISO_2_P41;PISO_2_P42;PISO_2_P51;PISO_2_P52,True
LT1:203:01,71.31885593220339,16.15,4.01,71.31885593220339,-0.0,4.01,8,18,lower,Y,PISO_2,PISO_2_P11;PISO_2_P12;PISO_2_P21;PISO_2_P22;PISO_2_P31;PISO_2_P32;PISO_2_P41;PISO_2_P42;PISO_2_P51;PISO_2_P52,True
LT1:203:01,71.4989406779661,16.15,4.01,71.4989406779661,-0.0,4.01,8,18,lower,Y,PISO_2,PISO_2_P11;PISO_2_P12;PISO_2_P21;PISO_2_P22;PISO_2_P31;PISO_2_P32;PISO_2_P41;PISO_2_P42;PISO_2_P51;PISO_2_P52,True
LT1:203:01,71.67902542372882,16.15,4.01,71.67902542372882,-0.0,4.01,8,18,lower,Y,PISO_2,PISO_2_P11;PISO_2_P12;PISO_2_P21;PISO_2_P22;PISO_2_P31;PISO_2_P32;PISO_2_P41;PISO_2_P42;PISO_2_P51;PISO_2_P52,True
LT1:203:01,71.85911016949152,16.15,4.01,71.85911016949152,-0.0,4.01,8,18,lower,Y,PISO_2,PISO_2_P11;PISO_2_P12;PISO_2_P21;PISO_2_P22;PISO_2_P31;PISO_2_P32;PISO_2_P41;PISO_2_P42;PISO_2_P51;PISO_2_P52,True
LT1:203:01,72.03919491525423,16.15,4.01,72.03919491525423,-0.0,4.01,8,18,lower,Y,PISO_2,PISO_2_P11;PISO_2_P12;PISO_2_P21;PISO_2_P22;PISO_2_P31;PISO_2_P32;PISO_2_P41;PISO_2_P42;PISO_2_P51;PISO_2_P52,True
LT1:203:01,72.21927966101694,16.15,4.01,72.21927966101694,-0.0,4.01,8,18,lower,Y,PISO_2,PISO_2_P11;PISO_2_P12;PISO_2_P21;PISO_2_P22;PISO_2_P31;PISO_2_P32;PISO_2_P41;PISO_2_P42;PISO_2_P51;PISO_2_P52,True
LT1:203:01,72.39936440677965,16.15,4.01,72.39936440677965,-0.0,4.01,8,18,lower,Y,PISO_2,PISO_2_P11;PISO_2_P12;PISO_2_P21;PISO_2_P22;PISO_2_P31;PISO_2_P32;PISO_2_P41;PISO_2_P42;PISO_2_P51;PISO_2_P52,True
LT1:203:01,72.57944915254237,16.15,4.01,72.57944915254237,-0.0,4.01,8,18,lower,Y,PISO_2,PISO_2_P11;PISO_2_P12;PISO_2_P21;PISO_2_P22;PISO_2_P31;PISO_2_P32;PISO_2_P41;PISO_2_P42;PISO_2_P51;PISO_2_P52,True
LT1:203:01,72.75953389830508,16.15,4.01,72.75953389830508,-0.0,4.01,8,18,lower,Y,PISO_2,PISO_2_P11;PISO_2_P12;PISO_2_P21;PISO_2_P22;PISO_2_P31;PISO_2_P32;PISO_2_P41;PISO_2_P42;PISO_2_P51;PISO_2_P52,True
LT1:203:01,72.93961864406779,16.15,4.01,72.93961864406779,-0.0,4.01,8,18,lower,Y,PISO_2,PISO_2_P11;PISO_2_P12;PISO_2_P21;PISO_2_P22;PISO_2_P31;PISO_2_P32;PISO_2_P41;PISO_2_P42;PISO_2_P51;PISO_2_P52,True
LT1:203:01,73.1197033898305,16.15,4.01,73.1197033898305,-0.0,4.01,8,18,lower,Y,PISO_2,PISO_2_P11;PISO_2_P12;PISO_2_P21;PISO_2_P22;PISO_2_P31;PISO_2_P32;PISO_2_P41;PISO_2_P42;PISO_2_P51;PISO_2_P52,True
LT1:203:01,73.29978813559322,16.15,4.01,73.29978813559322,-0.0,4.01,8,18,lower,Y,PISO_2,PISO_2_P11;PISO_2_P12;PISO_2_P21;PISO_2_P22;PISO_2_P31;PISO_2_P32;PISO_2_P41;PISO_2_P42;PISO_2_P51;PISO_2_P52,True
LT1:203:01,73.47987288135593,16.15,4.01,73.47987288135593,-0.0,4.01,8,18,lower,Y,PISO_2,PISO_2_P11;PISO_2_P12;PISO_2_P21;PISO_2_P22;PISO_2_P31;PISO_2_P32;PISO_2_P41;PISO_2_P42;PISO_2_P51;PISO_2_P52,True
LT1:203:01,73.65995762711864,16.15,4.01,73.65995762711864,-0.0,4.01,8,18,lower,Y,PISO_2,PISO_2_P11;PISO_2_P12;PISO_2_P21;PISO_2_P22;PISO_2_P31;PISO_2_P32;PISO_2_P41;PISO_2_P42;PISO_2_P51;PISO_2_P52,True
LT1:203:02,31.25,0.0,4.01,73.75,0.0,4.01,10,18,lower,X,PISO_2,_,True
LT1:203:03,31.25,8.9,4.01,73.75,8.9,4.01,10,20,lower,X,PISO_2,_,True
LT1:203:04,31.25,0.0,4.01,73.75,0.0,4.01,8,18,lower,X,PISO_2,_,True
LT1:203:04,31.340042372881356,-0.0,4.01,31.340042372881356,-0.0,4.01,8,18,lower,Y,PISO_2,_,True
LT1:203:04,31.52012711864407,-0.0,4.01,31.52012711864407,-0.0,4.01,8,18,lower,Y,PISO_2,_,True
LT1:203:04,31.70021186440678,-0.0,4.01,31.70021186440678,-0.0,4.01,8,18,lower,Y,PISO_2,_,True
LT1:203:04,31.88029661016949,-0.0,4.01,31.88029661016949,-0.0,4.01,8,18,lower,Y,PISO_2,_,True
LT1:203:04,32.0603813559322,-0.0,4.01,32.0603813559322,-0.0,4.01,8,18,lower,Y,PISO_2,_,True
LT1:203:04,32.24046610169491,-0.0,4.01,32.24046610169491,-0.0,4.01,8,18,lower,Y,PISO_2,_,True
LT1:203:04,32.420550847457626,-0.0,4.01,32.420550847457626,-0.0,4.01,8,18,lower,Y,PISO_2,_,True
LT1:203:04,32.60063559322034,-0.0,4.01,32.60063559322034,-0.0,4.01,8,18,lower,Y,PISO_2,_,True
LT1:203:04,32.78072033898305,-0.0,4.01,32.78072033898305,-0.0,4.01,8,18,lower,Y,PISO_2,_,True
LT1:203:04,32.960805084745765,-0.0,4.01,32.960805084745765,-0.0,4.01,8,18,lower,Y,PISO_2,_,True
LT1:203:04,33.14088983050848,-0.0,4.01,33.14088983050848,-0.0,4.01,8,18,lower,Y,PISO_2,_,True
LT1:203:04,33.32097457627118,-0.0,4.01,33.32097457627118,-0.0,4.01,8,18,lower,Y,PISO_2,_,True
LT1:203:04,33.501059322033896,-0.0,4.01,33.501059322033896,-0.0,4.01,8,18,lower,Y,PISO_2,_,True
LT1:203:04,33.68114406779661,-0.0,4.01,33.68114406779661,-0.0,4.01,8,18,lower,Y,PISO_2,_,True
LT1:203:04,33.86122881355932,-0.0,4.01,33.86122881355932,-0.0,4.01,8,18,lower,Y,PISO_2,_,True
LT1:203:04,34.041313559322035,-0.0,4.01,34.041313559322035,-0.0,4.01,8,18,lower,Y,PISO_2,_,True
LT1:203:04,34.22139830508475,-0.0,4.01,34.22139830508475,-0.0,4.01,8,18,lower,Y,PISO_2,_,True
LT1:203:04,34.40148305084746,-0.0,4.01,34.40148305084746,-0.0,4.01,8,18,lower,Y,PISO_2,_,True
LT1:203:04,34.58156779661017,-0.0,4.01,34.58156779661017,-0.0,4.01,8,18,lower,Y,PISO_2,_,True
LT1:203:04,34.76165254237288,-0.0,4.01,34.76165254237288,-0.0,4.01,8,18,lower,Y,PISO_2,_,True
LT1:203:04,34.94173728813559,-0.0,4.01,34.94173728813559,-0.0,4.01,8,18,lower,Y,PISO_2,_,True
LT1:203:04,35.121822033898304,-0.0,4.01,35.121822033898304,-0.0,4.01,8,18,lower,Y,PISO_2,_,True
LT1:203:04,35.30190677966102,-0.0,4.01,35.30190677966102,-0.0,4.01,8,18,lower,Y,PISO_2,_,True
LT1:203:04,35.48199152542373,-0.0,4.01,35.48199152542373,-0.0,4.01,8,18,lower,Y,PISO_2,_,True
LT1:203:04,35.66207627118644,-0.0,4.01,35.66207627118644,-0.0,4.01,8,18,lower,Y,PISO_2,_,True
LT1:203:04,35.84216101694915,-0.0,4.01,35.84216101694915,-0.0,4.01,8,18,lower,Y,PISO_2,_,True
LT1:203:04,36.02224576271186,-0.0,4.01,36.02224576271186,-0.0,4.01,8,18,lower,Y,PISO_2,_,True
LT1:203:04,36.202330508474574,-0.0,4.01,36.202330508474574,-0.0,4.01,8,18,lower,Y,PISO_2,_,True
LT1:203:04,36.38241525423729,-0.0,4.01,36.38241525423729,-0.0,4.01,8,18,lower,Y,PISO_2,_,True
LT1:203:04,36.5625,-0.0,4.01,36.5625,-0.0,4.01,8,18,lower,Y,PISO_2,_,True
LT1:203:04,36.74258474576271,-0.0,4.01,36.74258474576271,-0.0,4.01,8,18,lower,Y,PISO_2,_,True
LT1:203:04,36.922669491525426,-0.0,4.01,36.922669491525426,-0.0,4.01,8,18,lower,Y,PISO_2,_,True
LT1:203:04,37.10275423728814,-0.0,4.01,37.10275423728814,-0.0,4.01,8,18,lower,Y,PISO_2,_,True
LT1:203:04,37.28283898305085,-0.0,4.01,37.28283898305085,-0.0,4.01,8,18,lower,Y,PISO_2,_,True
LT1:203:04,37.46292372881356,-0.0,4.01,37.46292372881356,-0.0,4.01,8,18,lower,Y,PISO_2,_,True
LT1:203:04,37.64300847457627,-0.0,4.01,37.64300847457627,-0.0,4.01,8,18,lower,Y,PISO_2,_,True
LT1:203:04,37.82309322033898,-0.0,4.01,37.82309322033898,-0.0,4.01,8,18,lower,Y,PISO_2,_,True
LT1:203:04,38.003177966101696,-0.0,4.01,38.003177966101696,-0.0,4.01,8,18,lower,Y,PISO_2,_,True
LT1:203:04,38.18326271186441,-0.0,4.01,38.18326271186441,-0.0,4.01,8,18,lower,Y,PISO_2,_,True
LT1:203:04,38.36334745762712,-0.0,4.01,38.36334745762712,-0.0,4.01,8,18,lower,Y,PISO_2,_,True
LT1:203:04,38.54343220338983,-0.0,4.01,38.54343220338983,-0.0,4.01,8,18,lower,Y,PISO_2,_,True
LT1:203:04,38.72351694915254,-0.0,4.01,38.72351694915254,-0.0,4.01,8,18,lower,Y,PISO_2,_,True
LT1:203:04,38.90360169491525,-0.0,4.01,38.90360169491525,-0.0,4.01,8,18,lower,Y,PISO_2,_,True
LT1:203:04,39.083686440677965,-0.0,4.01,39.083686440677965,-0.0,4.01,8,18,lower,Y,PISO_2,_,True
LT1:203:04,39.26377118644068,-0.0,4.01,39.26377118644068,-0.0,4.01,8,18,lower,Y,PISO_2,_,True
LT1:203:04,39.44385593220339,-0.0,4.01,39.44385593220339,-0.0,4.01,8,18,lower,Y,PISO_2,_,True
LT1:203:04,39.623940677966104,-0.0,4.01,39.623940677966104,-0.0,4.01,8,18,lower,Y,PISO_2,_,True
LT1:203:04,39.80402542372882,-0.0,4.01,39.80402542372882,-0.0,4.01,8,18,lower,Y,PISO_2,_,True
LT1:203:04,39.98411016949153,-0.0,4.01,39.98411016949153,-0.0,4.01,8,18,lower,Y,PISO_2,_,True
LT1:203:04,40.164194915254235,-0.0,4.01,40.164194915254235,-0.0,4.01,8,18,lower,Y,PISO_2,_,True
LT1:203:04,40.34427966101695,-0.0,4.01,40.34427966101695,-0.0,4.01,8,18,lower,Y,PISO_2,_,True
LT1:203:04,40.52436440677966,-0.0,4.01,40.52436440677966,-0.0,4.01,8,18,lower,Y,PISO_2,_,True
LT1:203:04,40.704449152542374,-0.0,4.01,40.704449152542374,-0.0,4.01,8,18,lower,Y,PISO_2,_,True
LT1:203:04,40.88453389830509,-0.0,4.01,40.88453389830509,-0.0,4.01,8,18,lower,Y,PISO_2,_,True
LT1:203:04,41.06461864406779,-0.0,4.01,41.06461864406779,-0.0,4.01,8,18,lower,Y,PISO_2,_,True
LT1:203:04,41.244703389830505,-0.0,4.01,41.244703389830505,-0.0,4.01,8,18,lower,Y,PISO_2,_,True
LT1:203:04,41.42478813559322,-0.0,4.01,41.42478813559322,-0.0,4.01,8,18,lower,Y,PISO_2,_,True
LT1:203:04,41.60487288135593,-0.0,4.01,41.60487288135593,-0.0,4.01,8,18,lower,Y,PISO_2,_,True
LT1:203:04,41.784957627118644,-0.0,4.01,41.784957627118644,-0.0,4.01,8,18,lower,Y,PISO_2,_,True
LT1:203:04,41.965042372881356,-0.0,4.01,41.965042372881356,-0.0,4.01,8,18,lower,Y,PISO_2,_,True
LT1:203:04,42.14512711864407,-0.0,4.01,42.14512711864407,-0.0,4.01,8,18,lower,Y,PISO_2,_,True
LT1:203:04,42.32521186440678,-0.0,4.01,42.32521186440678,-0.0,4.01,8,18,lower,Y,PISO_2,_,True
LT1:203:04,42.505296610169495,-0.0,4.01,42.505296610169495,-0.0,4.01,8,18,lower,Y,PISO_2,_,True
LT1:203:04,42.68538135593221,-0.0,4.01,42.68538135593221,-0.0,4.01,8,18,lower,Y,PISO_2,_,True
LT1:203:04,42.86546610169491,-0.0,4.01,42.86546610169491,-0.0,4.01,8,18,lower,Y,PISO_2,_,True
LT1:203:04,43.045550847457626,-0.0,4.01,43.045550847457626,-0.0,4.01,8,18,lower,Y,PISO_2,_,True
LT1:203:04,43.22563559322034,-0.0,4.01,43.22563559322034,-0.0,4.01,8,18,lower,Y,PISO_2,_,True
LT1:203:04,43.40572033898305,-0.0,4.01,43.40572033898305,-0.0,4.01,8,18,lower,Y,PISO_2,_,True
LT1:203:04,43.585805084745765,-0.0,4.01,43.585805084745765,-0.0,4.01,8,18,lower,Y,PISO_2,_,True
LT1:203:04,43.76588983050847,-0.0,4.01,43.76588983050847,-0.0,4.01,8,18,lower,Y,PISO_2,_,True
LT1:203:04,43.94597457627118,-0.0,4.01,43.94597457627118,-0.0,4.01,8,18,lower,Y,PISO_2,_,True
LT1:203:04,44.126059322033896,-0.0,4.01,44.126059322033896,-0.0,4.01,8,18,lower,Y,PISO_2,_,True
LT1:203:04,44.30614406779661,-0.0,4.01,44.30614406779661,-0.0,4.01,8,18,lower,Y,PISO_2,_,True
LT1:203:04,44.48622881355932,-0.0,4.01,44.48622881355932,-0.0,4.01,8,18,lower,Y,PISO_2,_,True
LT1:203:04,44.666313559322035,-0.0,4.01,44.666313559322035,-0.0,4.01,8,18,lower,Y,PISO_2,_,True
LT1:203:04,44.84639830508475,-0.0,4.01,44.84639830508475,-0.0,4.01,8,18,lower,Y,PISO_2,_,True
LT1:203:04,45.02648305084746,-0.0,4.01,45.02648305084746,-0.0,4.01,8,18,lower,Y,PISO_2,_,True
LT1:203:04,45.20656779661017,-0.0,4.01,45.20656779661017,-0.0,4.01,8,18,lower,Y,PISO_2,_,True
LT1:203:04,45.38665254237288,-0.0,4.01,45.38665254237288,-0.0,4.01,8,18,lower,Y,PISO_2,_,True
LT1:203:04,45.56673728813559,-0.0,4.01,45.56673728813559,-0.0,4.01,8,18,lower,Y,PISO_2,_,True
LT1:203:04,45.746822033898304,-0.0,4.01,45.746822033898304,-0.0,4.01,8,18,lower,Y,PISO_2,_,True
LT1:203:04,45.92690677966102,-0.0,4.01,45.92690677966102,-0.0,4.01,8,18,lower,Y,PISO_2,_,True
LT1:203:04,46.10699152542373,-0.0,4.01,46.10699152542373,-0.0,4.01,8,18,lower,Y,PISO_2,_,True
LT1:203:04,46.28707627118644,-0.0,4.01,46.28707627118644,-0.0,4.01,8,18,lower,Y,PISO_2,_,True
LT1:203:04,46.46716101694915,-0.0,4.01,46.46716101694915,-0.0,4.01,8,18,lower,Y,PISO_2,_,True
LT1:203:04,46.64724576271186,-0.0,4.01,46.64724576271186,-0.0,4.01,8,18,lower,Y,PISO_2,_,True
LT1:203:04,46.827330508474574,-0.0,4.01,46.827330508474574,-0.0,4.01,8,18,lower,Y,PISO_2,_,True
LT1:203:04,47.00741525423729,-0.0,4.01,47.00741525423729,-0.0,4.01,8,18,lower,Y,PISO_2,_,True
LT1:203:04,47.1875,-0.0,4.01,47.1875,-0.0,4.01,8,18,lower,Y,PISO_2,_,True
LT1:203:04,47.36758474576271,-0.0,4.01,47.36758474576271,-0.0,4.01,8,18,lower,Y,PISO_2,_,True
LT1:203:04,47.547669491525426,-0.0,4.01,47.547669491525426,-0.0,4.01,8,18,lower,Y,PISO_2,_,True
LT1:203:04,47.72775423728814,-0.0,4.01,47.72775423728814,-0.0,4.01,8,18,lower,Y,PISO_2,_,True
LT1:203:04,47.90783898305085,-0.0,4.01,47.90783898305085,-0.0,4.01,8,18,lower,Y,PISO_2,_,True
LT1:203:04,48.087923728813564,-0.0,4.01,48.087923728813564,-0.0,4.01,8,18,lower,Y,PISO_2,_,True
LT1:203:04,48.26800847457627,-0.0,4.01,48.26800847457627,-0.0,4.01,8,18,lower,Y,PISO_2,_,True
LT1:203:04,48.44809322033898,-0.0,4.01,48.44809322033898,-0.0,4.01,8,18,lower,Y,PISO_2,_,True
LT1:203:04,48.628177966101696,-0.0,4.01,48.628177966101696,-0.0,4.01,8,18,lower,Y,PISO_2,_,True
LT1:203:04,48.80826271186441,-0.0,4.01,48.80826271186441,-0.0,4.01,8,18,lower,Y,PISO_2,_,True
LT1:203:04,48.988347457627114,-0.0,4.01,48.988347457627114,-0.0,4.01,8,18,lower,Y,PISO_2,_,True
LT1:203:04,49.16843220338983,-0.0,4.01,49.16843220338983,-0.0,4.01,8,18,lower,Y,PISO_2,_,True
LT1:203:04,49.34851694915254,-0.0,4.01,49.34851694915254,-0.0,4.01,8,18,lower,Y,PISO_2,_,True
LT1:203:04,49.52860169491525,-0.0,4.01,49.52860169491525,-0.0,4.01,8,18,lower,Y,PISO_2,_,True
LT1:203:04,49.708686440677965,-0.0,4.01,49.708686440677965,-0.0,4.01,8,18,lower,Y,PISO_2,_,True
LT1:203:04,49.88877118644068,-0.0,4.01,49.88877118644068,-0.0,4.01,8,18,lower,Y,PISO_2,_,True
LT1:203:04,50.06885593220339,-0.0,4.01,50.06885593220339,-0.0,4.01,8,18,lower,Y,PISO_2,_,True
LT1:203:04,50.248940677966104,-0.0,4.01,50.248940677966104,-0.0,4.01,8,18,lower,Y,PISO_2,_,True
LT1:203:04,50.42902542372882,-0.0,4.01,50.42902542372882,-0.0,4.01,8,18,lower,Y,PISO_2,_,True
LT1:203:04,50.60911016949153,-0.0,4.01,50.60911016949153,-0.0,4.01,8,18,lower,Y,PISO_2,_,True
LT1:203:04,50.78919491525424,-0.0,4.01,50.78919491525424,-0.0,4.01,8,18,lower,Y,PISO_2,_,True
LT1:203:04,50.96927966101695,-0.0,4.01,50.96927966101695,-0.0,4.01,8,18,lower,Y,PISO_2,_,True
LT1:203:04,51.14936440677966,-0.0,4.01,51.14936440677966,-0.0,4.01,8,18,lower,Y,PISO_2,_,True
LT1:203:04,51.329449152542374,-0.0,4.01,51.329449152542374,-0.0,4.01,8,18,lower,Y,PISO_2,_,True
LT1:203:04,51.50953389830508,-0.0,4.01,51.50953389830508,-0.0,4.01,8,18,lower,Y,PISO_2,_,True
LT1:203:04,51.68961864406779,-0.0,4.01,51.68961864406779,-0.0,4.01,8,18,lower,Y,PISO_2,_,True
LT1:203:04,51.869703389830505,-0.0,4.01,51.869703389830505,-0.0,4.01,8,18,lower,Y,PISO_2,_,True
LT1:203:04,52.04978813559322,-0.0,4.01,52.04978813559322,-0.0,4.01,8,18,lower,Y,PISO_2,_,True
LT1:203:04,52.22987288135593,-0.0,4.01,52.22987288135593,-0.0,4.01,8,18,lower,Y,PISO_2,_,True
LT1:203:04,52.409957627118644,-0.0,4.01,52.409957627118644,-0.0,4.01,8,18,lower,Y,PISO_2,_,True
LT1:203:04,52.590042372881356,-0.0,4.01,52.590042372881356,-0.0,4.01,8,18,lower,Y,PISO_2,_,True
LT1:203:04,52.77012711864407,-0.0,4.01,52.77012711864407,-0.0,4.01,8,18,lower,Y,PISO_2,_,True
LT1:203:04,52.95021186440678,-0.0,4.01,52.95021186440678,-0.0,4.01,8,18,lower,Y,PISO_2,_,True
LT1:203:04,53.130296610169495,-0.0,4.01,53.130296610169495,-0.0,4.01,8,18,lower,Y,PISO_2,_,True
LT1:203:04,53.31038135593221,-0.0,4.01,53.31038135593221,-0.0,4.01,8,18,lower,Y,PISO_2,_,True
LT1:203:04,53.49046610169492,-0.0,4.01,53.49046610169492,-0.0,4.01,8,18,lower,Y,PISO_2,_,True
LT1:203:04,53.670550847457626,-0.0,4.01,53.670550847457626,-0.0,4.01,8,18,lower,Y,PISO_2,_,True
LT1:203:04,53.85063559322034,-0.0,4.01,53.85063559322034,-0.0,4.01,8,18,lower,Y,PISO_2,_,True
LT1:203:04,54.03072033898305,-0.0,4.01,54.03072033898305,-0.0,4.01,8,18,lower,Y,PISO_2,_,True
LT1:203:04,54.21080508474576,-0.0,4.01,54.21080508474576,-0.0,4.01,8,18,lower,Y,PISO_2,_,True
LT1:203:04,54.39088983050847,-0.0,4.01,54.39088983050847,-0.0,4.01,8,18,lower,Y,PISO_2,_,True
LT1:203:04,54.57097457627118,-0.0,4.01,54.57097457627118,-0.0,4.01,8,18,lower,Y,PISO_2,_,True
LT1:203:04,54.751059322033896,-0.0,4.01,54.751059322033896,-0.0,4.01,8,18,lower,Y,PISO_2,_,True
LT1:203:04,54.93114406779661,-0.0,4.01,54.93114406779661,-0.0,4.01,8,18,lower,Y,PISO_2,_,True
LT1:203:04,55.11122881355932,-0.0,4.01,55.11122881355932,-0.0,4.01,8,18,lower,Y,PISO_2,_,True
LT1:203:04,55.291313559322035,-0.0,4.01,55.291313559322035,-0.0,4.01,8,18,lower,Y,PISO_2,_,True
LT1:203:04,55.47139830508475,-0.0,4.01,55.47139830508475,-0.0,4.01,8,18,lower,Y,PISO_2,_,True
LT1:203:04,55.65148305084746,-0.0,4.01,55.65148305084746,-0.0,4.01,8,18,lower,Y,PISO_2,_,True
LT1:203:04,55.83156779661017,-0.0,4.01,55.83156779661017,-0.0,4.01,8,18,lower,Y,PISO_2,_,True
LT1:203:04,56.011652542372886,-0.0,4.01,56.011652542372886,-0.0,4.01,8,18,lower,Y,PISO_2,_,True
LT1:203:04,56.19173728813559,-0.0,4.01,56.19173728813559,-0.0,4.01,8,18,lower,Y,PISO_2,_,True
LT1:203:04,56.371822033898304,-0.0,4.01,56.371822033898304,-0.0,4.01,8,18,lower,Y,PISO_2,_,True
LT1:203:04,56.55190677966102,-0.0,4.01,56.55190677966102,-0.0,4.01,8,18,lower,Y,PISO_2,_,True
LT1:203:04,56.73199152542373,-0.0,4.01,56.73199152542373,-0.0,4.01,8,18,lower,Y,PISO_2,_,True
LT1:203:04,56.912076271186436,-0.0,4.01,56.912076271186436,-0.0,4.01,8,18,lower,Y,PISO_2,_,True
LT1:203:04,57.09216101694915,-0.0,4.01,57.09216101694915,-0.0,4.01,8,18,lower,Y,PISO_2,_,True
LT1:203:04,57.27224576271186,-0.0,4.01,57.27224576271186,-0.0,4.01,8,18,lower,Y,PISO_2,_,True
LT1:203:04,57.452330508474574,-0.0,4.01,57.452330508474574,-0.0,4.01,8,18,lower,Y,PISO_2,_,True
LT1:203:04,57.63241525423729,-0.0,4.01,57.63241525423729,-0.0,4.01,8,18,lower,Y,PISO_2,_,True
LT1:203:04,57.8125,-0.0,4.01,57.8125,-0.0,4.01,8,18,lower,Y,PISO_2,_,True
LT1:203:04,57.99258474576271,-0.0,4.01,57.99258474576271,-0.0,4.01,8,18,lower,Y,PISO_2,_,True
LT1:203:04,58.172669491525426,-0.0,4.01,58.172669491525426,-0.0,4.01,8,18,lower,Y,PISO_2,_,True
LT1:203:04,58.35275423728814,-0.0,4.01,58.35275423728814,-0.0,4.01,8,18,lower,Y,PISO_2,_,True
LT1:203:04,58.53283898305085,-0.0,4.01,58.53283898305085,-0.0,4.01,8,18,lower,Y,PISO_2,_,True
LT1:203:04,58.712923728813564,-0.0,4.01,58.712923728813564,-0.0,4.01,8,18,lower,Y,PISO_2,_,True
LT1:203:04,58.89300847457627,-0.0,4.01,58.89300847457627,-0.0,4.01,8,18,lower,Y,PISO_2,_,True
LT1:203:04,59.07309322033898,-0.0,4.01,59.07309322033898,-0.0,4.01,8,18,lower,Y,PISO_2,_,True
LT1:203:04,59.253177966101696,-0.0,4.01,59.253177966101696,-0.0,4.01,8,18,lower,Y,PISO_2,_,True
LT1:203:04,59.43326271186441,-0.0,4.01,59.43326271186441,-0.0,4.01,8,18,lower,Y,PISO_2,_,True
LT1:203:04,59.613347457627114,-0.0,4.01,59.613347457627114,-0.0,4.01,8,18,lower,Y,PISO_2,_,True
LT1:203:04,59.79343220338983,-0.0,4.01,59.79343220338983,-0.0,4.01,8,18,lower,Y,PISO_2,_,True
LT1:203:04,59.97351694915254,-0.0,4.01,59.97351694915254,-0.0,4.01,8,18,lower,Y,PISO_2,_,True
LT1:203:04,60.15360169491525,-0.0,4.01,60.15360169491525,-0.0,4.01,8,18,lower,Y,PISO_2,_,True
LT1:203:04,60.333686440677965,-0.0,4.01,60.333686440677965,-0.0,4.01,8,18,lower,Y,PISO_2,_,True
LT1:203:04,60.51377118644068,-0.0,4.01,60.51377118644068,-0.0,4.01,8,18,lower,Y,PISO_2,_,True
LT1:203:04,60.69385593220339,-0.0,4.01,60.69385593220339,-0.0,4.01,8,18,lower,Y,PISO_2,_,True
LT1:203:04,60.873940677966104,-0.0,4.01,60.873940677966104,-0.0,4.01,8,18,lower,Y,PISO_2,_,True
LT1:203:04,61.05402542372882,-0.0,4.01,61.05402542372882,-0.0,4.01,8,18,lower,Y,PISO_2,_,True
LT1:203:04,61.23411016949153,-0.0,4.01,61.23411016949153,-0.0,4.01,8,18,lower,Y,PISO_2,_,True
LT1:203:04,61.41419491525424,-0.0,4.01,61.41419491525424,-0.0,4.01,8,18,lower,Y,PISO_2,_,True
LT1:203:04,61.59427966101695,-0.0,4.01,61.59427966101695,-0.0,4.01,8,18,lower,Y,PISO_2,_,True
LT1:203:04,61.77436440677966,-0.0,4.01,61.77436440677966,-0.0,4.01,8,18,lower,Y,PISO_2,_,True
LT1:203:04,61.954449152542374,-0.0,4.01,61.954449152542374,-0.0,4.01,8,18,lower,Y,PISO_2,_,True
LT1:203:04,62.13453389830508,-0.0,4.01,62.13453389830508,-0.0,4.01,8,18,lower,Y,PISO_2,_,True
LT1:203:04,62.31461864406779,-0.0,4.01,62.31461864406779,-0.0,4.01,8,18,lower,Y,PISO_2,_,True
LT1:203:04,62.494703389830505,-0.0,4.01,62.494703389830505,-0.0,4.01,8,18,lower,Y,PISO_2,_,True
LT1:203:04,62.67478813559322,-0.0,4.01,62.67478813559322,-0.0,4.01,8,18,lower,Y,PISO_2,_,True
LT1:203:04,62.85487288135593,-0.0,4.01,62.85487288135593,-0.0,4.01,8,18,lower,Y,PISO_2,_,True
LT1:203:04,63.034957627118644,-0.0,4.01,63.034957627118644,-0.0,4.01,8,18,lower,Y,PISO_2,_,True
LT1:203:04,63.215042372881356,-0.0,4.01,63.215042372881356,-0.0,4.01,8,18,lower,Y,PISO_2,_,True
LT1:203:04,63.39512711864407,-0.0,4.01,63.39512711864407,-0.0,4.01,8,18,lower,Y,PISO_2,_,True
LT1:203:04,63.57521186440678,-0.0,4.01,63.57521186440678,-0.0,4.01,8,18,lower,Y,PISO_2,_,True
LT1:203:04,63.755296610169495,-0.0,4.01,63.755296610169495,-0.0,4.01,8,18,lower,Y,PISO_2,_,True
LT1:203:04,63.9353813559322,-0.0,4.01,63.9353813559322,-0.0,4.01,8,18,lower,Y,PISO_2,_,True
LT1:203:04,64.11546610169492,-0.0,4.01,64.11546610169492,-0.0,4.01,8,18,lower,Y,PISO_2,_,True
LT1:203:04,64.29555084745763,-0.0,4.01,64.29555084745763,-0.0,4.01,8,18,lower,Y,PISO_2,_,True
LT1:203:04,64.47563559322035,-0.0,4.01,64.47563559322035,-0.0,4.01,8,18,lower,Y,PISO_2,_,True
LT1:203:04,64.65572033898306,-0.0,4.01,64.65572033898306,-0.0,4.01,8,18,lower,Y,PISO_2,_,True
LT1:203:04,64.83580508474577,-0.0,4.01,64.83580508474577,-0.0,4.01,8,18,lower,Y,PISO_2,_,True
LT1:203:04,65.01588983050848,-0.0,4.01,65.01588983050848,-0.0,4.01,8,18,lower,Y,PISO_2,_,True
LT1:203:04,65.19597457627118,-0.0,4.01,65.19597457627118,-0.0,4.01,8,18,lower,Y,PISO_2,_,True
LT1:203:04,65.3760593220339,-0.0,4.01,65.3760593220339,-0.0,4.01,8,18,lower,Y,PISO_2,_,True
LT1:203:04,65.55614406779661,-0.0,4.01,65.55614406779661,-0.0,4.01,8,18,lower,Y,PISO_2,_,True
LT1:203:04,65.73622881355932,-0.0,4.01,65.73622881355932,-0.0,4.01,8,18,lower,Y,PISO_2,_,True
LT1:203:04,65.91631355932203,-0.0,4.01,65.91631355932203,-0.0,4.01,8,18,lower,Y,PISO_2,_,True
LT1:203:04,66.09639830508475,-0.0,4.01,66.09639830508475,-0.0,4.01,8,18,lower,Y,PISO_2,_,True
LT1:203:04,66.27648305084746,-0.0,4.01,66.27648305084746,-0.0,4.01,8,18,lower,Y,PISO_2,_,True
LT1:203:04,66.45656779661016,-0.0,4.01,66.45656779661016,-0.0,4.01,8,18,lower,Y,PISO_2,_,True
LT1:203:04,66.63665254237287,-0.0,4.01,66.63665254237287,-0.0,4.01,8,18,lower,Y,PISO_2,_,True
LT1:203:04,66.81673728813558,-0.0,4.01,66.81673728813558,-0.0,4.01,8,18,lower,Y,PISO_2,_,True
LT1:203:04,66.9968220338983,-0.0,4.01,66.9968220338983,-0.0,4.01,8,18,lower,Y,PISO_2,_,True
LT1:203:04,67.17690677966101,-0.0,4.01,67.17690677966101,-0.0,4.01,8,18,lower,Y,PISO_2,_,True
LT1:203:04,67.35699152542372,-0.0,4.01,67.35699152542372,-0.0,4.01,8,18,lower,Y,PISO_2,_,True
LT1:203:04,67.53707627118644,-0.0,4.01,67.53707627118644,-0.0,4.01,8,18,lower,Y,PISO_2,_,True
LT1:203:04,67.71716101694915,-0.0,4.01,67.71716101694915,-0.0,4.01,8,18,lower,Y,PISO_2,_,True
LT1:203:04,67.89724576271186,-0.0,4.01,67.89724576271186,-0.0,4.01,8,18,lower,Y,PISO_2,_,True
LT1:203:04,68.07733050847457,-0.0,4.01,68.07733050847457,-0.0,4.01,8,18,lower,Y,PISO_2,_,True
LT1:203:04,68.25741525423729,-0.0,4.01,68.25741525423729,-0.0,4.01,8,18,lower,Y,PISO_2,_,True
LT1:203:04,68.4375,-0.0,4.01,68.4375,-0.0,4.01,8,18,lower,Y,PISO_2,_,True
LT1:203:04,68.61758474576271,-0.0,4.01,68.61758474576271,-0.0,4.01,8,18,lower,Y,PISO_2,_,True
LT1:203:04,68.79766949152543,-0.0,4.01,68.79766949152543,-0.0,4.01,8,18,lower,Y,PISO_2,_,True
LT1:203:04,68.97775423728814,-0.0,4.01,68.97775423728814,-0.0,4.01,8,18,lower,Y,PISO_2,_,True
LT1:203:04,69.15783898305085,-0.0,4.01,69.15783898305085,-0.0,4.01,8,18,lower,Y,PISO_2,_,True
LT1:203:04,69.33792372881356,-0.0,4.01,69.33792372881356,-0.0,4.01,8,18,lower,Y,PISO_2,_,True
LT1:203:04,69.51800847457628,-0.0,4.01,69.51800847457628,-0.0,4.01,8,18,lower,Y,PISO_2,_,True
LT1:203:04,69.69809322033899,-0.0,4.01,69.69809322033899,-0.0,4.01,8,18,lower,Y,PISO_2,_,True
LT1:203:04,69.8781779661017,-0.0,4.01,69.8781779661017,-0.0,4.01,8,18,lower,Y,PISO_2,_,True
LT1:203:04,70.05826271186442,-0.0,4.01,70.05826271186442,-0.0,4.01,8,18,lower,Y,PISO_2,_,True
LT1:203:04,70.23834745762713,-0.0,4.01,70.23834745762713,-0.0,4.01,8,18,lower,Y,PISO_2,_,True
LT1:203:04,70.41843220338984,-0.0,4.01,70.41843220338984,-0.0,4.01,8,18,lower,Y,PISO_2,_,True
LT1:203:04,70.59851694915254,-0.0,4.01,70.59851694915254,-0.0,4.01,8,18,lower,Y,PISO_2,_,True
LT1:203:04,70.77860169491525,-0.0,4.01,70.77860169491525,-0.0,4.01,8,18,lower,Y,PISO_2,_,True
LT1:203:04,70.95868644067797,-0.0,4.01,70.95868644067797,-0.0,4.01,8,18,lower,Y,PISO_2,_,True
LT1:203:04,71.13877118644068,-0.0,4.01,71.13877118644068,-0.0,4.01,8,18,lower,Y,PISO_2,_,True
LT1:203:04,71.31885593220339,-0.0,4.01,71.31885593220339,-0.0,4.01,8,18,lower,Y,PISO_2,_,True
LT1:203:04,71.4989406779661,-0.0,4.01,71.4989406779661,-0.0,4.01,8,18,lower,Y,PISO_2,_,True
LT1:203:04,71.67902542372882,-0.0,4.01,71.67902542372882,-0.0,4.01,8,18,lower,Y,PISO_2,_,True
LT1:203:04,71.85911016949152,-0.0,4.01,71.85911016949152,-0.0,4.01,8,18,lower,Y,PISO_2,_,True
LT1:203:04,72.03919491525423,-0.0,4.01,72.03919491525423,-0.0,4.01,8,18,lower,Y,PISO_2,_,True
LT1:203:04,72.21927966101694,-0.0,4.01,72.21927966101694,-0.0,4.01,8,18,lower,Y,PISO_2,_,True
LT1:203:04,72.39936440677965,-0.0,4.01,72.39936440677965,-0.0,4.01,8,18,lower,Y,PISO_2,_,True
LT1:203:04,72.57944915254237,-0.0,4.01,72.57944915254237,-0.0,4.01,8,18,lower,Y,PISO_2,_,True
LT1:203:04,72.75953389830508,-0.0,4.01,72.75953389830508,-0.0,4.01,8,18,lower,Y,PISO_2,_,True
LT1:203:04,72.93961864406779,-0.0,4.01,72.93961864406779,-0.0,4.01,8,18,lower,Y,PISO_2,_,True
LT1:203:04,73.1197033898305,-0.0,4.01,73.1197033898305,-0.0,4.01,8,18,lower,Y,PISO_2,_,True
LT1:203:04,73.29978813559322,-0.0,4.01,73.29978813559322,-0.0,4.01,8,18,lower,Y,PISO_2,_,True
LT1:203:04,73.47987288135593,-0.0,4.01,73.47987288135593,-0.0,4.01,8,18,lower,Y,PISO_2,_,True
LT1:203:04,73.65995762711864,-0.0,4.01,73.65995762711864,-0.0,4.01,8,18,lower,Y,PISO_2,_,True
LT1:203:05,41.25,8.075,4.01,41.25,8.075,4.01,8,18,lower,X,PISO_2,_,True
LT1:203:06,41.25,16.15,4.01,41.25,-0.0,4.01,10,12,lower,Y,PISO_2,_,True
LT1:203:13,71.25,4.45,4.01,71.25,4.45,4.01,12,12,upper,X,PISO_2,_,True
LT1:203:13,71.25,8.9,4.01,71.25,-0.0,4.01,12,12,upper,Y,PISO_2,_,True
LT1:203:14,71.25,12.524999999999999,4.01,71.25,12.524999999999999,4.01,12,14,upper,X,PISO_2,_,True
LT1:203:14,71.25,16.15,4.01,71.25,8.9,4.01,12,14,upper,Y,PISO_2,_,True
LT1:203:15,73.75,8.075,4.01,73.75,8.075,4.01,10,10,upper,X,PISO_2,_,True
LT1:203:15,73.75,16.15,4.01,73.75,-0.0,4.01,10,10,upper,Y,PISO_2,_,True
LT1:203:16,31.25,0.0,4.01,73.75,0.0,4.01,10,16,upper,X,PISO_2,_,True
LT1:203:16,31.329887218045112,-0.0,4.01,31.329887218045112,-0.0,4.01,10,16,upper,Y,PISO_2,_,True
LT1:203:16,31.48966165413534,-0.0,4.01,31.48966165413534,-0.0,4.01,10,16,upper,Y,PISO_2,_,True
LT1:203:16,31.649436090225564,-0.0,4.01,31.649436090225564,-0.0,4.01,10,16,upper,Y,PISO_2,_,True
LT1:203:16,31.80921052631579,-0.0,4.01,31.80921052631579,-0.0,4.01,10,16,upper,Y,PISO_2,_,True
LT1:203:16,31.968984962406015,-0.0,4.01,31.968984962406015,-0.0,4.01,10,16,upper,Y,PISO_2,_,True
LT1:203:16,32.12875939849624,-0.0,4.01,32.12875939849624,-0.0,4.01,10,16,upper,Y,PISO_2,_,True
LT1:203:16,32.28853383458647,-0.0,4.01,32.28853383458647,-0.0,4.01,10,16,upper,Y,PISO_2,_,True
LT1:203:16,32.44830827067669,-0.0,4.01,32.44830827067669,-0.0,4.01,10,16,upper,Y,PISO_2,_,True
LT1:203:16,32.608082706766915,-0.0,4.01,32.608082706766915,-0.0,4.01,10,16,upper,Y,PISO_2,_,True
LT1:203:16,32.767857142857146,-0.0,4.01,32.767857142857146,-0.0,4.01,10,16,upper,Y,PISO_2,_,True
LT1:203:16,32.92763157894737,-0.0,4.01,32.92763157894737,-0.0,4.01,10,16,upper,Y,PISO_2,_,True
LT1:203:16,33.087406015037594,-0.0,4.01,33.087406015037594,-0.0,4.01,10,16,upper,Y,PISO_2,_,True
LT1:203:16,33.24718045112782,-0.0,4.01,33.24718045112782,-0.0,4.01,10,16,upper,Y,PISO_2,_,True
LT1:203:16,33.40695488721804,-0.0,4.01,33.40695488721804,-0.0,4.01,10,16,upper,Y,PISO_2,_,True
LT1:203:16,33.56672932330827,-0.0,4.01,33.56672932330827,-0.0,4.01,10,16,upper,Y,PISO_2,_,True
LT1:203:16,33.7265037593985,-0.0,4.01,33.7265037593985,-0.0,4.01,10,16,upper,Y,PISO_2,_,True
LT1:203:16,33.88627819548872,-0.0,4.01,33.88627819548872,-0.0,4.01,10,16,upper,Y,PISO_2,_,True
LT1:203:16,34.046052631578945,-0.0,4.01,34.046052631578945,-0.0,4.01,10,16,upper,Y,PISO_2,_,True
LT1:203:16,34.205827067669176,-0.0,4.01,34.205827067669176,-0.0,4.01,10,16,upper,Y,PISO_2,_,True
LT1:203:16,34.3656015037594,-0.0,4.01,34.3656015037594,-0.0,4.01,10,16,upper,Y,PISO_2,_,True
LT1:203:16,34.525375939849624,-0.0,4.01,34.525375939849624,-0.0,4.01,10,16,upper,Y,PISO_2,_,True
LT1:203:16,34.68515037593985,-0.0,4.01,34.68515037593985,-0.0,4.01,10,16,upper,Y,PISO_2,_,True
LT1:203:16,34.84492481203007,-0.0,4.01,34.84492481203007,-0.0,4.01,10,16,upper,Y,PISO_2,_,True
LT1:203:16,35.0046992481203,-0.0,4.01,35.0046992481203,-0.0,4.01,10,16,upper,Y,PISO_2,_,True
LT1:203:16,35.16447368421053,-0.0,4.01,35.16447368421053,-0.0,4.01,10,16,upper,Y,PISO_2,_,True
LT1:203:16,35.32424812030075,-0.0,4.01,35.32424812030075,-0.0,4.01,10,16,upper,Y,PISO_2,_,True
LT1:203:16,35.484022556390975,-0.0,4.01,35.484022556390975,-0.0,4.01,10,16,upper,Y,PISO_2,_,True
LT1:203:16,35.6437969924812,-0.0,4.01,35.6437969924812,-0.0,4.01,10,16,upper,Y,PISO_2,_,True
LT1:203:16,35.80357142857143,-0.0,4.01,35.80357142857143,-0.0,4.01,10,16,upper,Y,PISO_2,_,True
LT1:203:16,35.963345864661655,-0.0,4.01,35.963345864661655,-0.0,4.01,10,16,upper,Y,PISO_2,_,True
LT1:203:16,36.12312030075188,-0.0,4.01,36.12312030075188,-0.0,4.01,10,16,upper,Y,PISO_2,_,True
LT1:203:16,36.2828947368421,-0.0,4.01,36.2828947368421,-0.0,4.01,10,16,upper,Y,PISO_2,_,True
LT1:203:16,36.442669172932334,-0.0,4.01,36.442669172932334,-0.0,4.01,10,16,upper,Y,PISO_2,_,True
LT1:203:16,36.60244360902256,-0.0,4.01,36.60244360902256,-0.0,4.01,10,16,upper,Y,PISO_2,_,True
LT1:203:16,36.76221804511278,-0.0,4.01,36.76221804511278,-0.0,4.01,10,16,upper,Y,PISO_2,_,True
LT1:203:16,36.921992481203006,-0.0,4.01,36.921992481203006,-0.0,4.01,10,16,upper,Y,PISO_2,_,True
LT1:203:16,37.08176691729324,-0.0,4.01,37.08176691729324,-0.0,4.01,10,16,upper,Y,PISO_2,_,True
LT1:203:16,37.24154135338346,-0.0,4.01,37.24154135338346,-0.0,4.01,10,16,upper,Y,PISO_2,_,True
LT1:203:16,37.401315789473685,-0.0,4.01,37.401315789473685,-0.0,4.01,10,16,upper,Y,PISO_2,_,True
LT1:203:16,37.56109022556391,-0.0,4.01,37.56109022556391,-0.0,4.01,10,16,upper,Y,PISO_2,_,True
LT1:203:16,37.72086466165413,-0.0,4.01,37.72086466165413,-0.0,4.01,10,16,upper,Y,PISO_2,_,True
LT1:203:16,37.880639097744364,-0.0,4.01,37.880639097744364,-0.0,4.01,10,16,upper,Y,PISO_2,_,True
LT1:203:16,38.04041353383459,-0.0,4.01,38.04041353383459,-0.0,4.01,10,16,upper,Y,PISO_2,_,True
LT1:203:16,38.20018796992481,-0.0,4.01,38.20018796992481,-0.0,4.01,10,16,upper,Y,PISO_2,_,True
LT1:203:16,38.359962406015036,-0.0,4.01,38.359962406015036,-0.0,4.01,10,16,upper,Y,PISO_2,_,True
LT1:203:16,38.51973684210526,-0.0,4.01,38.51973684210526,-0.0,4.01,10,16,upper,Y,PISO_2,_,True
LT1:203:16,38.67951127819549,-0.0,4.01,38.67951127819549,-0.0,4.01,10,16,upper,Y,PISO_2,_,True
LT1:203:16,38.839285714285715,-0.0,4.01,38.839285714285715,-0.0,4.01,10,16,upper,Y,PISO_2,_,True
LT1:203:16,38.99906015037594,-0.0,4.01,38.99906015037594,-0.0,4.01,10,16,upper,Y,PISO_2,_,True
LT1:203:16,39.15883458646616,-0.0,4.01,39.15883458646616,-0.0,4.01,10,16,upper,Y,PISO_2,_,True
LT1:203:16,39.31860902255639,-0.0,4.01,39.31860902255639,-0.0,4.01,10,16,upper,Y,PISO_2,_,True
LT1:203:16,39.47838345864662,-0.0,4.01,39.47838345864662,-0.0,4.01,10,16,upper,Y,PISO_2,_,True
LT1:203:16,39.63815789473684,-0.0,4.01,39.63815789473684,-0.0,4.01,10,16,upper,Y,PISO_2,_,True
LT1:203:16,39.79793233082707,-0.0,4.01,39.79793233082707,-0.0,4.01,10,16,upper,Y,PISO_2,_,True
LT1:203:16,39.9577067669173,-0.0,4.01,39.9577067669173,-0.0,4.01,10,16,upper,Y,PISO_2,_,True
LT1:203:16,40.117481203007515,-0.0,4.01,40.117481203007515,-0.0,4.01,10,16,upper,Y,PISO_2,_,True
LT1:203:16,40.277255639097746,-0.0,4.01,40.277255639097746,-0.0,4.01,10,16,upper,Y,PISO_2,_,True
LT1:203:16,40.43703007518797,-0.0,4.01,40.43703007518797,-0.0,4.01,10,16,upper,Y,PISO_2,_,True
LT1:203:16,40.596804511278194,-0.0,4.01,40.596804511278194,-0.0,4.01,10,16,upper,Y,PISO_2,_,True
LT1:203:16,40.756578947368425,-0.0,4.01,40.756578947368425,-0.0,4.01,10,16,upper,Y,PISO_2,_,True
LT1:203:16,40.91635338345865,-0.0,4.01,40.91635338345865,-0.0,4.01,10,16,upper,Y,PISO_2,_,True
LT1:203:16,41.07612781954887,-0.0,4.01,41.07612781954887,-0.0,4.01,10,16,upper,Y,PISO_2,_,True
LT1:203:16,41.2359022556391,-0.0,4.01,41.2359022556391,-0.0,4.01,10,16,upper,Y,PISO_2,_,True
LT1:203:16,41.39567669172932,-0.0,4.01,41.39567669172932,-0.0,4.01,10,16,upper,Y,PISO_2,_,True
LT1:203:16,41.55545112781955,-0.0,4.01,41.55545112781955,-0.0,4.01,10,16,upper,Y,PISO_2,_,True
LT1:203:16,41.715225563909776,-0.0,4.01,41.715225563909776,-0.0,4.01,10,16,upper,Y,PISO_2,_,True
LT1:203:16,41.875,-0.0,4.01,41.875,-0.0,4.01,10,16,upper,Y,PISO_2,_,True
LT1:203:16,42.034774436090224,-0.0,4.01,42.034774436090224,-0.0,4.01,10,16,upper,Y,PISO_2,_,True
LT1:203:16,42.19454887218045,-0.0,4.01,42.19454887218045,-0.0,4.01,10,16,upper,Y,PISO_2,_,True
LT1:203:16,42.35432330827068,-0.0,4.01,42.35432330827068,-0.0,4.01,10,16,upper,Y,PISO_2,_,True
LT1:203:16,42.5140977443609,-0.0,4.01,42.5140977443609,-0.0,4.01,10,16,upper,Y,PISO_2,_,True
LT1:203:16,42.67387218045113,-0.0,4.01,42.67387218045113,-0.0,4.01,10,16,upper,Y,PISO_2,_,True
LT1:203:16,42.83364661654135,-0.0,4.01,42.83364661654135,-0.0,4.01,10,16,upper,Y,PISO_2,_,True
LT1:203:16,42.993421052631575,-0.0,4.01,42.993421052631575,-0.0,4.01,10,16,upper,Y,PISO_2,_,True
LT1:203:16,43.153195488721806,-0.0,4.01,43.153195488721806,-0.0,4.01,10,16,upper,Y,PISO_2,_,True
LT1:203:16,43.31296992481203,-0.0,4.01,43.31296992481203,-0.0,4.01,10,16,upper,Y,PISO_2,_,True
LT1:203:16,43.472744360902254,-0.0,4.01,43.472744360902254,-0.0,4.01,10,16,upper,Y,PISO_2,_,True
LT1:203:16,43.632518796992485,-0.0,4.01,43.632518796992485,-0.0,4.01,10,16,upper,Y,PISO_2,_,True
LT1:203:16,43.7922932330827,-0.0,4.01,43.7922932330827,-0.0,4.01,10,16,upper,Y,PISO_2,_,True
LT1:203:16,43.95206766917293,-0.0,4.01,43.95206766917293,-0.0,4.01,10,16,upper,Y,PISO_2,_,True
LT1:203:16,44.11184210526316,-0.0,4.01,44.11184210526316,-0.0,4.01,10,16,upper,Y,PISO_2,_,True
LT1:203:16,44.27161654135338,-0.0,4.01,44.27161654135338,-0.0,4.01,10,16,upper,Y,PISO_2,_,True
LT1:203:16,44.43139097744361,-0.0,4.01,44.43139097744361,-0.0,4.01,10,16,upper,Y,PISO_2,_,True
LT1:203:16,44.59116541353384,-0.0,4.01,44.59116541353384,-0.0,4.01,10,16,upper,Y,PISO_2,_,True
LT1:203:16,44.75093984962406,-0.0,4.01,44.75093984962406,-0.0,4.01,10,16,upper,Y,PISO_2,_,True
LT1:203:16,44.910714285714285,-0.0,4.01,44.910714285714285,-0.0,4.01,10,16,upper,Y,PISO_2,_,True
LT1:203:16,45.07048872180451,-0.0,4.01,45.07048872180451,-0.0,4.01,10,16,upper,Y,PISO_2,_,True
LT1:203:16,45.23026315789474,-0.0,4.01,45.23026315789474,-0.0,4.01,10,16,upper,Y,PISO_2,_,True
LT1:203:16,45.390037593984964,-0.0,4.01,45.390037593984964,-0.0,4.01,10,16,upper,Y,PISO_2,_,True
LT1:203:16,45.54981203007519,-0.0,4.01,45.54981203007519,-0.0,4.01,10,16,upper,Y,PISO_2,_,True
LT1:203:16,45.70958646616541,-0.0,4.01,45.70958646616541,-0.0,4.01,10,16,upper,Y,PISO_2,_,True
LT1:203:16,45.869360902255636,-0.0,4.01,45.869360902255636,-0.0,4.01,10,16,upper,Y,PISO_2,_,True
LT1:203:16,46.02913533834587,-0.0,4.01,46.02913533834587,-0.0,4.01,10,16,upper,Y,PISO_2,_,True
LT1:203:16,46.18890977443609,-0.0,4.01,46.18890977443609,-0.0,4.01,10,16,upper,Y,PISO_2,_,True
LT1:203:16,46.348684210526315,-0.0,4.01,46.348684210526315,-0.0,4.01,10,16,upper,Y,PISO_2,_,True
LT1:203:16,46.50845864661654,-0.0,4.01,46.50845864661654,-0.0,4.01,10,16,upper,Y,PISO_2,_,True
LT1:203:16,46.66823308270676,-0.0,4.01,46.66823308270676,-0.0,4.01,10,16,upper,Y,PISO_2,_,True
LT1:203:16,46.828007518796994,-0.0,4.01,46.828007518796994,-0.0,4.01,10,16,upper,Y,PISO_2,_,True
LT1:203:16,46.98778195488722,-0.0,4.01,46.98778195488722,-0.0,4.01,10,16,upper,Y,PISO_2,_,True
LT1:203:16,47.14755639097744,-0.0,4.01,47.14755639097744,-0.0,4.01,10,16,upper,Y,PISO_2,_,True
LT1:203:16,47.30733082706767,-0.0,4.01,47.30733082706767,-0.0,4.01,10,16,upper,Y,PISO_2,_,True
LT1:203:16,47.46710526315789,-0.0,4.01,47.46710526315789,-0.0,4.01,10,16,upper,Y,PISO_2,_,True
LT1:203:16,47.62687969924812,-0.0,4.01,47.62687969924812,-0.0,4.01,10,16,upper,Y,PISO_2,_,True
LT1:203:16,47.786654135338345,-0.0,4.01,47.786654135338345,-0.0,4.01,10,16,upper,Y,PISO_2,_,True
LT1:203:16,47.94642857142857,-0.0,4.01,47.94642857142857,-0.0,4.01,10,16,upper,Y,PISO_2,_,True
LT1:203:16,48.1062030075188,-0.0,4.01,48.1062030075188,-0.0,4.01,10,16,upper,Y,PISO_2,_,True
LT1:203:16,48.26597744360902,-0.0,4.01,48.26597744360902,-0.0,4.01,10,16,upper,Y,PISO_2,_,True
LT1:203:16,48.42575187969925,-0.0,4.01,48.42575187969925,-0.0,4.01,10,16,upper,Y,PISO_2,_,True
LT1:203:16,48.58552631578947,-0.0,4.01,48.58552631578947,-0.0,4.01,10,16,upper,Y,PISO_2,_,True
LT1:203:16,48.7453007518797,-0.0,4.01,48.7453007518797,-0.0,4.01,10,16,upper,Y,PISO_2,_,True
LT1:203:16,48.90507518796993,-0.0,4.01,48.90507518796993,-0.0,4.01,10,16,upper,Y,PISO_2,_,True
LT1:203:16,49.06484962406015,-0.0,4.01,49.06484962406015,-0.0,4.01,10,16,upper,Y,PISO_2,_,True
LT1:203:16,49.224624060150376,-0.0,4.01,49.224624060150376,-0.0,4.01,10,16,upper,Y,PISO_2,_,True
LT1:203:16,49.3843984962406,-0.0,4.01,49.3843984962406,-0.0,4.01,10,16,upper,Y,PISO_2,_,True
LT1:203:16,49.544172932330824,-0.0,4.01,49.544172932330824,-0.0,4.01,10,16,upper,Y,PISO_2,_,True
LT1:203:16,49.703947368421055,-0.0,4.01,49.703947368421055,-0.0,4.01,10,16,upper,Y,PISO_2,_,True
LT1:203:16,49.86372180451128,-0.0,4.01,49.86372180451128,-0.0,4.01,10,16,upper,Y,PISO_2,_,True
LT1:203:16,50.0234962406015,-0.0,4.01,50.0234962406015,-0.0,4.01,10,16,upper,Y,PISO_2,_,True
LT1:203:16,50.183270676691734,-0.0,4.01,50.183270676691734,-0.0,4.01,10,16,upper,Y,PISO_2,_,True
LT1:203:16,50.34304511278195,-0.0,4.01,50.34304511278195,-0.0,4.01,10,16,upper,Y,PISO_2,_,True
LT1:203:16,50.50281954887218,-0.0,4.01,50.50281954887218,-0.0,4.01,10,16,upper,Y,PISO_2,_,True
LT1:203:16,50.662593984962406,-0.0,4.01,50.662593984962406,-0.0,4.01,10,16,upper,Y,PISO_2,_,True
LT1:203:16,50.82236842105263,-0.0,4.01,50.82236842105263,-0.0,4.01,10,16,upper,Y,PISO_2,_,True
LT1:203:16,50.98214285714286,-0.0,4.01,50.98214285714286,-0.0,4.01,10,16,upper,Y,PISO_2,_,True
LT1:203:16,51.14191729323308,-0.0,4.01,51.14191729323308,-0.0,4.01,10,16,upper,Y,PISO_2,_,True
LT1:203:16,51.30169172932331,-0.0,4.01,51.30169172932331,-0.0,4.01,10,16,upper,Y,PISO_2,_,True
LT1:203:16,51.46146616541353,-0.0,4.01,51.46146616541353,-0.0,4.01,10,16,upper,Y,PISO_2,_,True
LT1:203:16,51.62124060150376,-0.0,4.01,51.62124060150376,-0.0,4.01,10,16,upper,Y,PISO_2,_,True
LT1:203:16,51.78101503759399,-0.0,4.01,51.78101503759399,-0.0,4.01,10,16,upper,Y,PISO_2,_,True
LT1:203:16,51.940789473684205,-0.0,4.01,51.940789473684205,-0.0,4.01,10,16,upper,Y,PISO_2,_,True
LT1:203:16,52.100563909774436,-0.0,4.01,52.100563909774436,-0.0,4.01,10,16,upper,Y,PISO_2,_,True
LT1:203:16,52.26033834586466,-0.0,4.01,52.26033834586466,-0.0,4.01,10,16,upper,Y,PISO_2,_,True
LT1:203:16,52.420112781954884,-0.0,4.01,52.420112781954884,-0.0,4.01,10,16,upper,Y,PISO_2,_,True
LT1:203:16,52.579887218045116,-0.0,4.01,52.579887218045116,-0.0,4.01,10,16,upper,Y,PISO_2,_,True
LT1:203:16,52.73966165413534,-0.0,4.01,52.73966165413534,-0.0,4.01,10,16,upper,Y,PISO_2,_,True
LT1:203:16,52.899436090225564,-0.0,4.01,52.899436090225564,-0.0,4.01,10,16,upper,Y,PISO_2,_,True
LT1:203:16,53.059210526315795,-0.0,4.01,53.059210526315795,-0.0,4.01,10,16,upper,Y,PISO_2,_,True
LT1:203:16,53.21898496240601,-0.0,4.01,53.21898496240601,-0.0,4.01,10,16,upper,Y,PISO_2,_,True
LT1:203:16,53.37875939849624,-0.0,4.01,53.37875939849624,-0.0,4.01,10,16,upper,Y,PISO_2,_,True
LT1:203:16,53.53853383458647,-0.0,4.01,53.53853383458647,-0.0,4.01,10,16,upper,Y,PISO_2,_,True
LT1:203:16,53.69830827067669,-0.0,4.01,53.69830827067669,-0.0,4.01,10,16,upper,Y,PISO_2,_,True
LT1:203:16,53.85808270676692,-0.0,4.01,53.85808270676692,-0.0,4.01,10,16,upper,Y,PISO_2,_,True
LT1:203:16,54.01785714285714,-0.0,4.01,54.01785714285714,-0.0,4.01,10,16,upper,Y,PISO_2,_,True
LT1:203:16,54.17763157894737,-0.0,4.01,54.17763157894737,-0.0,4.01,10,16,upper,Y,PISO_2,_,True
LT1:203:16,54.337406015037594,-0.0,4.01,54.337406015037594,-0.0,4.01,10,16,upper,Y,PISO_2,_,True
LT1:203:16,54.49718045112782,-0.0,4.01,54.49718045112782,-0.0,4.01,10,16,upper,Y,PISO_2,_,True
LT1:203:16,54.65695488721805,-0.0,4.01,54.65695488721805,-0.0,4.01,10,16,upper,Y,PISO_2,_,True
LT1:203:16,54.816729323308266,-0.0,4.01,54.816729323308266,-0.0,4.01,10,16,upper,Y,PISO_2,_,True
LT1:203:16,54.9765037593985,-0.0,4.01,54.9765037593985,-0.0,4.01,10,16,upper,Y,PISO_2,_,True
LT1:203:16,55.13627819548872,-0.0,4.01,55.13627819548872,-0.0,4.01,10,16,upper,Y,PISO_2,_,True
LT1:203:16,55.296052631578945,-0.0,4.01,55.296052631578945,-0.0,4.01,10,16,upper,Y,PISO_2,_,True
LT1:203:16,55.455827067669176,-0.0,4.01,55.455827067669176,-0.0,4.01,10,16,upper,Y,PISO_2,_,True
LT1:203:16,55.6156015037594,-0.0,4.01,55.6156015037594,-0.0,4.01,10,16,upper,Y,PISO_2,_,True
LT1:203:16,55.775375939849624,-0.0,4.01,55.775375939849624,-0.0,4.01,10,16,upper,Y,PISO_2,_,True
LT1:203:16,55.93515037593985,-0.0,4.01,55.93515037593985,-0.0,4.01,10,16,upper,Y,PISO_2,_,True
LT1:203:16,56.09492481203007,-0.0,4.01,56.09492481203007,-0.0,4.01,10,16,upper,Y,PISO_2,_,True
LT1:203:16,56.2546992481203,-0.0,4.01,56.2546992481203,-0.0,4.01,10,16,upper,Y,PISO_2,_,True
LT1:203:16,56.41447368421053,-0.0,4.01,56.41447368421053,-0.0,4.01,10,16,upper,Y,PISO_2,_,True
LT1:203:16,56.57424812030075,-0.0,4.01,56.57424812030075,-0.0,4.01,10,16,upper,Y,PISO_2,_,True
LT1:203:16,56.73402255639098,-0.0,4.01,56.73402255639098,-0.0,4.01,10,16,upper,Y,PISO_2,_,True
LT1:203:16,56.8937969924812,-0.0,4.01,56.8937969924812,-0.0,4.01,10,16,upper,Y,PISO_2,_,True
LT1:203:16,57.05357142857143,-0.0,4.01,57.05357142857143,-0.0,4.01,10,16,upper,Y,PISO_2,_,True
LT1:203:16,57.213345864661655,-0.0,4.01,57.213345864661655,-0.0,4.01,10,16,upper,Y,PISO_2,_,True
LT1:203:16,57.37312030075188,-0.0,4.01,57.37312030075188,-0.0,4.01,10,16,upper,Y,PISO_2,_,True
LT1:203:16,57.53289473684211,-0.0,4.01,57.53289473684211,-0.0,4.01,10,16,upper,Y,PISO_2,_,True
LT1:203:16,57.69266917293233,-0.0,4.01,57.69266917293233,-0.0,4.01,10,16,upper,Y,PISO_2,_,True
LT1:203:16,57.85244360902256,-0.0,4.01,57.85244360902256,-0.0,4.01,10,16,upper,Y,PISO_2,_,True
LT1:203:16,58.01221804511278,-0.0,4.01,58.01221804511278,-0.0,4.01,10,16,upper,Y,PISO_2,_,True
LT1:203:16,58.171992481203006,-0.0,4.01,58.171992481203006,-0.0,4.01,10,16,upper,Y,PISO_2,_,True
LT1:203:16,58.33176691729324,-0.0,4.01,58.33176691729324,-0.0,4.01,10,16,upper,Y,PISO_2,_,True
LT1:203:16,58.491541353383454,-0.0,4.01,58.491541353383454,-0.0,4.01,10,16,upper,Y,PISO_2,_,True
LT1:203:16,58.651315789473685,-0.0,4.01,58.651315789473685,-0.0,4.01,10,16,upper,Y,PISO_2,_,True
LT1:203:16,58.81109022556391,-0.0,4.01,58.81109022556391,-0.0,4.01,10,16,upper,Y,PISO_2,_,True
LT1:203:16,58.97086466165413,-0.0,4.01,58.97086466165413,-0.0,4.01,10,16,upper,Y,PISO_2,_,True
LT1:203:16,59.130639097744364,-0.0,4.01,59.130639097744364,-0.0,4.01,10,16,upper,Y,PISO_2,_,True
LT1:203:16,59.29041353383459,-0.0,4.01,59.29041353383459,-0.0,4.01,10,16,upper,Y,PISO_2,_,True
LT1:203:16,59.45018796992481,-0.0,4.01,59.45018796992481,-0.0,4.01,10,16,upper,Y,PISO_2,_,True
LT1:203:16,59.609962406015036,-0.0,4.01,59.609962406015036,-0.0,4.01,10,16,upper,Y,PISO_2,_,True
LT1:203:16,59.76973684210526,-0.0,4.01,59.76973684210526,-0.0,4.01,10,16,upper,Y,PISO_2,_,True
LT1:203:16,59.92951127819549,-0.0,4.01,59.92951127819549,-0.0,4.01,10,16,upper,Y,PISO_2,_,True
LT1:203:16,60.089285714285715,-0.0,4.01,60.089285714285715,-0.0,4.01,10,16,upper,Y,PISO_2,_,True
LT1:203:16,60.24906015037594,-0.0,4.01,60.24906015037594,-0.0,4.01,10,16,upper,Y,PISO_2,_,True
LT1:203:16,60.40883458646617,-0.0,4.01,60.40883458646617,-0.0,4.01,10,16,upper,Y,PISO_2,_,True
LT1:203:16,60.56860902255639,-0.0,4.01,60.56860902255639,-0.0,4.01,10,16,upper,Y,PISO_2,_,True
LT1:203:16,60.72838345864662,-0.0,4.01,60.72838345864662,-0.0,4.01,10,16,upper,Y,PISO_2,_,True
LT1:203:16,60.88815789473684,-0.0,4.01,60.88815789473684,-0.0,4.01,10,16,upper,Y,PISO_2,_,True
LT1:203:16,61.04793233082707,-0.0,4.01,61.04793233082707,-0.0,4.01,10,16,upper,Y,PISO_2,_,True
LT1:203:16,61.2077067669173,-0.0,4.01,61.2077067669173,-0.0,4.01,10,16,upper,Y,PISO_2,_,True
LT1:203:16,61.367481203007515,-0.0,4.01,61.367481203007515,-0.0,4.01,10,16,upper,Y,PISO_2,_,True
LT1:203:16,61.527255639097746,-0.0,4.01,61.527255639097746,-0.0,4.01,10,16,upper,Y,PISO_2,_,True
LT1:203:16,61.68703007518797,-0.0,4.01,61.68703007518797,-0.0,4.01,10,16,upper,Y,PISO_2,_,True
LT1:203:16,61.846804511278194,-0.0,4.01,61.846804511278194,-0.0,4.01,10,16,upper,Y,PISO_2,_,True
LT1:203:16,62.006578947368425,-0.0,4.01,62.006578947368425,-0.0,4.01,10,16,upper,Y,PISO_2,_,True
LT1:203:16,62.16635338345864,-0.0,4.01,62.16635338345864,-0.0,4.01,10,16,upper,Y,PISO_2,_,True
LT1:203:16,62.32612781954887,-0.0,4.01,62.32612781954887,-0.0,4.01,10,16,upper,Y,PISO_2,_,True
LT1:203:16,62.4859022556391,-0.0,4.01,62.4859022556391,-0.0,4.01,10,16,upper,Y,PISO_2,_,True
LT1:203:16,62.64567669172932,-0.0,4.01,62.64567669172932,-0.0,4.01,10,16,upper,Y,PISO_2,_,True
LT1:203:16,62.80545112781955,-0.0,4.01,62.80545112781955,-0.0,4.01,10,16,upper,Y,PISO_2,_,True
LT1:203:16,62.965225563909776,-0.0,4.01,62.965225563909776,-0.0,4.01,10,16,upper,Y,PISO_2,_,True
LT1:203:16,63.125,-0.0,4.01,63.125,-0.0,4.01,10,16,upper,Y,PISO_2,_,True
LT1:203:16,63.284774436090224,-0.0,4.01,63.284774436090224,-0.0,4.01,10,16,upper,Y,PISO_2,_,True
LT1:203:16,63.44454887218045,-0.0,4.01,63.44454887218045,-0.0,4.01,10,16,upper,Y,PISO_2,_,True
LT1:203:16,63.60432330827068,-0.0,4.01,63.60432330827068,-0.0,4.01,10,16,upper,Y,PISO_2,_,True
LT1:203:16,63.7640977443609,-0.0,4.01,63.7640977443609,-0.0,4.01,10,16,upper,Y,PISO_2,_,True
LT1:203:16,63.92387218045113,-0.0,4.01,63.92387218045113,-0.0,4.01,10,16,upper,Y,PISO_2,_,True
LT1:203:16,64.08364661654136,-0.0,4.01,64.08364661654136,-0.0,4.01,10,16,upper,Y,PISO_2,_,True
LT1:203:16,64.24342105263159,-0.0,4.01,64.24342105263159,-0.0,4.01,10,16,upper,Y,PISO_2,_,True
LT1:203:16,64.4031954887218,-0.0,4.01,64.4031954887218,-0.0,4.01,10,16,upper,Y,PISO_2,_,True
LT1:203:16,64.56296992481202,-0.0,4.01,64.56296992481202,-0.0,4.01,10,16,upper,Y,PISO_2,_,True
LT1:203:16,64.72274436090225,-0.0,4.01,64.72274436090225,-0.0,4.01,10,16,upper,Y,PISO_2,_,True
LT1:203:16,64.88251879699249,-0.0,4.01,64.88251879699249,-0.0,4.01,10,16,upper,Y,PISO_2,_,True
LT1:203:16,65.04229323308272,-0.0,4.01,65.04229323308272,-0.0,4.01,10,16,upper,Y,PISO_2,_,True
LT1:203:16,65.20206766917293,-0.0,4.01,65.20206766917293,-0.0,4.01,10,16,upper,Y,PISO_2,_,True
LT1:203:16,65.36184210526315,-0.0,4.01,65.36184210526315,-0.0,4.01,10,16,upper,Y,PISO_2,_,True
LT1:203:16,65.52161654135338,-0.0,4.01,65.52161654135338,-0.0,4.01,10,16,upper,Y,PISO_2,_,True
LT1:203:16,65.68139097744361,-0.0,4.01,65.68139097744361,-0.0,4.01,10,16,upper,Y,PISO_2,_,True
LT1:203:16,65.84116541353384,-0.0,4.01,65.84116541353384,-0.0,4.01,10,16,upper,Y,PISO_2,_,True
LT1:203:16,66.00093984962406,-0.0,4.01,66.00093984962406,-0.0,4.01,10,16,upper,Y,PISO_2,_,True
LT1:203:16,66.16071428571428,-0.0,4.01,66.16071428571428,-0.0,4.01,10,16,upper,Y,PISO_2,_,True
LT1:203:16,66.32048872180451,-0.0,4.01,66.32048872180451,-0.0,4.01,10,16,upper,Y,PISO_2,_,True
LT1:203:16,66.48026315789474,-0.0,4.01,66.48026315789474,-0.0,4.01,10,16,upper,Y,PISO_2,_,True
LT1:203:16,66.64003759398497,-0.0,4.01,66.64003759398497,-0.0,4.01,10,16,upper,Y,PISO_2,_,True
LT1:203:16,66.79981203007519,-0.0,4.01,66.79981203007519,-0.0,4.01,10,16,upper,Y,PISO_2,_,True
LT1:203:16,66.9595864661654,-0.0,4.01,66.9595864661654,-0.0,4.01,10,16,upper,Y,PISO_2,_,True
LT1:203:16,67.11936090225564,-0.0,4.01,67.11936090225564,-0.0,4.01,10,16,upper,Y,PISO_2,_,True
LT1:203:16,67.27913533834587,-0.0,4.01,67.27913533834587,-0.0,4.01,10,16,upper,Y,PISO_2,_,True
LT1:203:16,67.4389097744361,-0.0,4.01,67.4389097744361,-0.0,4.01,10,16,upper,Y,PISO_2,_,True
LT1:203:16,67.59868421052632,-0.0,4.01,67.59868421052632,-0.0,4.01,10,16,upper,Y,PISO_2,_,True
LT1:203:16,67.75845864661653,-0.0,4.01,67.75845864661653,-0.0,4.01,10,16,upper,Y,PISO_2,_,True
LT1:203:16,67.91823308270676,-0.0,4.01,67.91823308270676,-0.0,4.01,10,16,upper,Y,PISO_2,_,True
LT1:203:16,68.078007518797,-0.0,4.01,68.078007518797,-0.0,4.01,10,16,upper,Y,PISO_2,_,True
LT1:203:16,68.23778195488723,-0.0,4.01,68.23778195488723,-0.0,4.01,10,16,upper,Y,PISO_2,_,True
LT1:203:16,68.39755639097744,-0.0,4.01,68.39755639097744,-0.0,4.01,10,16,upper,Y,PISO_2,_,True
LT1:203:16,68.55733082706766,-0.0,4.01,68.55733082706766,-0.0,4.01,10,16,upper,Y,PISO_2,_,True
LT1:203:16,68.71710526315789,-0.0,4.01,68.71710526315789,-0.0,4.01,10,16,upper,Y,PISO_2,_,True
LT1:203:16,68.87687969924812,-0.0,4.01,68.87687969924812,-0.0,4.01,10,16,upper,Y,PISO_2,_,True
LT1:203:16,69.03665413533835,-0.0,4.01,69.03665413533835,-0.0,4.01,10,16,upper,Y,PISO_2,_,True
LT1:203:16,69.19642857142857,-0.0,4.01,69.19642857142857,-0.0,4.01,10,16,upper,Y,PISO_2,_,True
LT1:203:16,69.3562030075188,-0.0,4.01,69.3562030075188,-0.0,4.01,10,16,upper,Y,PISO_2,_,True
LT1:203:16,69.51597744360902,-0.0,4.01,69.51597744360902,-0.0,4.01,10,16,upper,Y,PISO_2,_,True
LT1:203:16,69.67575187969925,-0.0,4.01,69.67575187969925,-0.0,4.01,10,16,upper,Y,PISO_2,_,True
LT1:203:16,69.83552631578948,-0.0,4.01,69.83552631578948,-0.0,4.01,10,16,upper,Y,PISO_2,_,True
LT1:203:16,69.9953007518797,-0.0,4.01,69.9953007518797,-0.0,4.01,10,16,upper,Y,PISO_2,_,True
LT1:203:16,70.15507518796993,-0.0,4.01,70.15507518796993,-0.0,4.01,10,16,upper,Y,PISO_2,_,True
LT1:203:16,70.31484962406014,-0.0,4.01,70.31484962406014,-0.0,4.01,10,16,upper,Y,PISO_2,_,True
LT1:203:16,70.47462406015038,-0.0,4.01,70.47462406015038,-0.0,4.01,10,16,upper,Y,PISO_2,_,True
LT1:203:16,70.6343984962406,-0.0,4.01,70.6343984962406,-0.0,4.01,10,16,upper,Y,PISO_2,_,True
LT1:203:16,70.79417293233082,-0.0,4.01,70.79417293233082,-0.0,4.01,10,16,upper,Y,PISO_2,_,True
LT1:203:16,70.95394736842105,-0.0,4.01,70.95394736842105,-0.0,4.01,10,16,upper,Y,PISO_2,_,True
LT1:203:16,71.11372180451127,-0.0,4.01,71.11372180451127,-0.0,4.01,10,16,upper,Y,PISO_2,_,True
LT1:203:16,71.2734962406015,-0.0,4.01,71.2734962406015,-0.0,4.01,10,16,upper,Y,PISO_2,_,True
LT1:203:16,71.43327067669173,-0.0,4.01,71.43327067669173,-0.0,4.01,10,16,upper,Y,PISO_2,_,True
LT1:203:16,71.59304511278197,-0.0,4.01,71.59304511278197,-0.0,4.01,10,16,upper,Y,PISO_2,_,True
LT1:203:16,71.75281954887218,-0.0,4.01,71.75281954887218,-0.0,4.01,10,16,upper,Y,PISO_2,_,True
LT1:203:16,71.9125939849624,-0.0,4.01,71.9125939849624,-0.0,4.01,10,16,upper,Y,PISO_2,_,True
LT1:203:16,72.07236842105263,-0.0,4.01,72.07236842105263,-0.0,4.01,10,16,upper,Y,PISO_2,_,True
LT1:203:16,72.23214285714286,-0.0,4.01,72.23214285714286,-0.0,4.01,10,16,upper,Y,PISO_2,_,True
LT1:203:16,72.39191729323309,-0.0,4.01,72.39191729323309,-0.0,4.01,10,16,upper,Y,PISO_2,_,True
LT1:203:16,72.55169172932331,-0.0,4.01,72.55169172932331,-0.0,4.01,10,16,upper,Y,PISO_2,_,True
LT1:203:16,72.71146616541353,-0.0,4.01,72.71146616541353,-0.0,4.01,10,16,upper,Y,PISO_2,_,True
LT1:203:16,72.87124060150376,-0.0,4.01,72.87124060150376,-0.0,4.01,10,16,upper,Y,PISO_2,_,True
LT1:203:16,73.03101503759399,-0.0,4.01,73.03101503759399,-0.0,4.01,10,16,upper,Y,PISO_2,_,True
LT1:203:16,73.19078947368422,-0.0,4.01,73.19078947368422,-0.0,4.01,10,16,upper,Y,PISO_2,_,True
LT1:203:16,73.35056390977444,-0.0,4.01,73.35056390977444,-0.0,4.01,10,16,upper,Y,PISO_2,_,True
LT1:203:16,73.51033834586465,-0.0,4.01,73.51033834586465,-0.0,4.01,10,16,upper,Y,PISO_2,_,True
LT1:203:16,73.67011278195488,-0.0,4.01,73.67011278195488,-0.0,4.01,10,16,upper,Y,PISO_2,_,True
LT1:203:17,31.25,8.9,4.01,73.75,8.9,4.01,10,12,upper,X,PISO_2,_,True
LT1:203:17,31.31002824858757,8.9,4.01,31.31002824858757,8.9,4.01,10,12,upper,Y,PISO_2,_,True
LT1:203:17,31.430084745762713,8.9,4.01,31.430084745762713,8.9,4.01,10,12,upper,Y,PISO_2,_,True
LT1:203:17,31.550141242937855,8.9,4.01,31.550141242937855,8.9,4.01,10,12,upper,Y,PISO_2,_,True
LT1:203:17,31.670197740112993,8.9,4.01,31.670197740112993,8.9,4.01,10,12,upper,Y,PISO_2,_,True
LT1:203:17,31.790254237288135,8.9,4.01,31.790254237288135,8.9,4.01,10,12,upper,Y,PISO_2,_,True
LT1:203:17,31.910310734463277,8.9,4.01,31.910310734463277,8.9,4.01,10,12,upper,Y,PISO_2,_,True
LT1:203:17,32.030367231638415,8.9,4.01,32.030367231638415,8.9,4.01,10,12,upper,Y,PISO_2,_,True
LT1:203:17,32.15042372881356,8.9,4.01,32.15042372881356,8.9,4.01,10,12,upper,Y,PISO_2,_,True
LT1:203:17,32.2704802259887,8.9,4.01,32.2704802259887,8.9,4.01,10,12,upper,Y,PISO_2,_,True
LT1:203:17,32.39053672316384,8.9,4.01,32.39053672316384,8.9,4.01,10,12,upper,Y,PISO_2,_,True
LT1:203:17,32.51059322033898,8.9,4.01,32.51059322033898,8.9,4.01,10,12,upper,Y,PISO_2,_,True
LT1:203:17,32.630649717514125,8.9,4.01,32.630649717514125,8.9,4.01,10,12,upper,Y,PISO_2,_,True
LT1:203:17,32.75070621468927,8.9,4.01,32.75070621468927,8.9,4.01,10,12,upper,Y,PISO_2,_,True
LT1:203:17,32.87076271186441,8.9,4.01,32.87076271186441,8.9,4.01,10,12,upper,Y,PISO_2,_,True
LT1:203:17,32.99081920903955,8.9,4.01,32.99081920903955,8.9,4.01,10,12,upper,Y,PISO_2,_,True
LT1:203:17,33.11087570621469,8.9,4.01,33.11087570621469,8.9,4.01,10,12,upper,Y,PISO_2,_,True
LT1:203:17,33.23093220338983,8.9,4.01,33.23093220338983,8.9,4.01,10,12,upper,Y,PISO_2,_,True
LT1:203:17,33.35098870056497,8.9,4.01,33.35098870056497,8.9,4.01,10,12,upper,Y,PISO_2,_,True
LT1:203:17,33.47104519774011,8.9,4.01,33.47104519774011,8.9,4.01,10,12,upper,Y,PISO_2,_,True
LT1:203:17,33.59110169491525,8.9,4.01,33.59110169491525,8.9,4.01,10,12,upper,Y,PISO_2,_,True
LT1:203:17,33.711158192090394,8.9,4.01,33.711158192090394,8.9,4.01,10,12,upper,Y,PISO_2,_,True
LT1:203:17,33.831214689265536,8.9,4.01,33.831214689265536,8.9,4.01,10,12,upper,Y,PISO_2,_,True
LT1:203:17,33.95127118644068,8.9,4.01,33.95127118644068,8.9,4.01,10,12,upper,Y,PISO_2,_,True
LT1:203:17,34.07132768361582,8.9,4.01,34.07132768361582,8.9,4.01,10,12,upper,Y,PISO_2,_,True
LT1:203:17,34.19138418079096,8.9,4.01,34.19138418079096,8.9,4.01,10,12,upper,Y,PISO_2,_,True
LT1:203:17,34.311440677966104,8.9,4.01,34.311440677966104,8.9,4.01,10,12,upper,Y,PISO_2,_,True
LT1:203:17,34.431497175141246,8.9,4.01,34.431497175141246,8.9,4.01,10,12,upper,Y,PISO_2,_,True
LT1:203:17,34.55155367231639,8.9,4.01,34.55155367231639,8.9,4.01,10,12,upper,Y,PISO_2,_,True
LT1:203:17,34.67161016949152,8.9,4.01,34.67161016949152,8.9,4.01,10,12,upper,Y,PISO_2,_,True
LT1:203:17,34.791666666666664,8.9,4.01,34.791666666666664,8.9,4.01,10,12,upper,Y,PISO_2,_,True
LT1:203:17,34.911723163841806,8.9,4.01,34.911723163841806,8.9,4.01,10,12,upper,Y,PISO_2,_,True
LT1:203:17,35.03177966101695,8.9,4.01,35.03177966101695,8.9,4.01,10,12,upper,Y,PISO_2,_,True
LT1:203:17,35.15183615819209,8.9,4.01,35.15183615819209,8.9,4.01,10,12,upper,Y,PISO_2,_,True
LT1:203:17,35.27189265536723,8.9,4.01,35.27189265536723,8.9,4.01,10,12,upper,Y,PISO_2,_,True
LT1:203:17,35.391949152542374,8.9,4.01,35.391949152542374,8.9,4.01,10,12,upper,Y,PISO_2,_,True
LT1:203:17,35.512005649717516,8.9,4.01,35.512005649717516,8.9,4.01,10,12,upper,Y,PISO_2,_,True
LT1:203:17,35.63206214689266,8.9,4.01,35.63206214689266,8.9,4.01,10,12,upper,Y,PISO_2,_,True
LT1:203:17,35.7521186440678,8.9,4.01,35.7521186440678,8.9,4.01,10,12,upper,Y,PISO_2,_,True
LT1:203:17,35.872175141242934,8.9,4.01,35.872175141242934,8.9,4.01,10,12,upper,Y,PISO_2,_,True
LT1:203:17,35.992231638418076,8.9,4.01,35.992231638418076,8.9,4.01,10,12,upper,Y,PISO_2,_,True
LT1:203:17,36.11228813559322,8.9,4.01,36.11228813559322,8.9,4.01,10,12,upper,Y,PISO_2,_,True
LT1:203:17,36.23234463276836,8.9,4.01,36.23234463276836,8.9,4.01,10,12,upper,Y,PISO_2,_,True
LT1:203:17,36.3524011299435,8.9,4.01,36.3524011299435,8.9,4.01,10,12,upper,Y,PISO_2,_,True
LT1:203:17,36.472457627118644,8.9,4.01,36.472457627118644,8.9,4.01,10,12,upper,Y,PISO_2,_,True
LT1:203:17,36.592514124293785,8.9,4.01,36.592514124293785,8.9,4.01,10,12,upper,Y,PISO_2,_,True
LT1:203:17,36.71257062146893,8.9,4.01,36.71257062146893,8.9,4.01,10,12,upper,Y,PISO_2,_,True
LT1:203:17,36.83262711864407,8.9,4.01,36.83262711864407,8.9,4.01,10,12,upper,Y,PISO_2,_,True
LT1:203:17,36.95268361581921,8.9,4.01,36.95268361581921,8.9,4.01,10,12,upper,Y,PISO_2,_,True
LT1:203:17,37.07274011299435,8.9,4.01,37.07274011299435,8.9,4.01,10,12,upper,Y,PISO_2,_,True
LT1:203:17,37.192796610169495,8.9,4.01,37.192796610169495,8.9,4.01,10,12,upper,Y,PISO_2,_,True
LT1:203:17,37.31285310734463,8.9,4.01,37.31285310734463,8.9,4.01,10,12,upper,Y,PISO_2,_,True
LT1:203:17,37.43290960451977,8.9,4.01,37.43290960451977,8.9,4.01,10,12,upper,Y,PISO_2,_,True
LT1:203:17,37.55296610169491,8.9,4.01,37.55296610169491,8.9,4.01,10,12,upper,Y,PISO_2,_,True
LT1:203:17,37.673022598870055,8.9,4.01,37.673022598870055,8.9,4.01,10,12,upper,Y,PISO_2,_,True
LT1:203:17,37.7930790960452,8.9,4.01,37.7930790960452,8.9,4.01,10,12,upper,Y,PISO_2,_,True
LT1:203:17,37.91313559322034,8.9,4.01,37.91313559322034,8.9,4.01,10,12,upper,Y,PISO_2,_,True
LT1:203:17,38.03319209039548,8.9,4.01,38.03319209039548,8.9,4.01,10,12,upper,Y,PISO_2,_,True
LT1:203:17,38.15324858757062,8.9,4.01,38.15324858757062,8.9,4.01,10,12,upper,Y,PISO_2,_,True
LT1:203:17,38.273305084745765,8.9,4.01,38.273305084745765,8.9,4.01,10,12,upper,Y,PISO_2,_,True
LT1:203:17,38.39336158192091,8.9,4.01,38.39336158192091,8.9,4.01,10,12,upper,Y,PISO_2,_,True
LT1:203:17,38.51341807909604,8.9,4.01,38.51341807909604,8.9,4.01,10,12,upper,Y,PISO_2,_,True
LT1:203:17,38.63347457627118,8.9,4.01,38.63347457627118,8.9,4.01,10,12,upper,Y,PISO_2,_,True
LT1:203:17,38.753531073446325,8.9,4.01,38.753531073446325,8.9,4.01,10,12,upper,Y,PISO_2,_,True
LT1:203:17,38.87358757062147,8.9,4.01,38.87358757062147,8.9,4.01,10,12,upper,Y,PISO_2,_,True
LT1:203:17,38.99364406779661,8.9,4.01,38.99364406779661,8.9,4.01,10,12,upper,Y,PISO_2,_,True
LT1:203:17,39.11370056497175,8.9,4.01,39.11370056497175,8.9,4.01,10,12,upper,Y,PISO_2,_,True
LT1:203:17,39.23375706214689,8.9,4.01,39.23375706214689,8.9,4.01,10,12,upper,Y,PISO_2,_,True
LT1:203:17,39.353813559322035,8.9,4.01,39.353813559322035,8.9,4.01,10,12,upper,Y,PISO_2,_,True
LT1:203:17,39.47387005649718,8.9,4.01,39.47387005649718,8.9,4.01,10,12,upper,Y,PISO_2,_,True
LT1:203:17,39.59392655367232,8.9,4.01,39.59392655367232,8.9,4.01,10,12,upper,Y,PISO_2,_,True
LT1:203:17,39.71398305084746,8.9,4.01,39.71398305084746,8.9,4.01,10,12,upper,Y,PISO_2,_,True
LT1:203:17,39.8340395480226,8.9,4.01,39.8340395480226,8.9,4.01,10,12,upper,Y,PISO_2,_,True
LT1:203:17,39.954096045197744,8.9,4.01,39.954096045197744,8.9,4.01,10,12,upper,Y,PISO_2,_,True
LT1:203:17,40.07415254237288,8.9,4.01,40.07415254237288,8.9,4.01,10,12,upper,Y,PISO_2,_,True
LT1:203:17,40.19420903954802,8.9,4.01,40.19420903954802,8.9,4.01,10,12,upper,Y,PISO_2,_,True
LT1:203:17,40.31426553672316,8.9,4.01,40.31426553672316,8.9,4.01,10,12,upper,Y,PISO_2,_,True
LT1:203:17,40.434322033898304,8.9,4.01,40.434322033898304,8.9,4.01,10,12,upper,Y,PISO_2,_,True
LT1:203:17,40.554378531073446,8.9,4.01,40.554378531073446,8.9,4.01,10,12,upper,Y,PISO_2,_,True
LT1:203:17,40.67443502824859,8.9,4.01,40.67443502824859,8.9,4.01,10,12,upper,Y,PISO_2,_,True
LT1:203:17,40.79449152542373,8.9,4.01,40.79449152542373,8.9,4.01,10,12,upper,Y,PISO_2,_,True
LT1:203:17,40.91454802259887,8.9,4.01,40.91454802259887,8.9,4.01,10,12,upper,Y,PISO_2,_,True
LT1:203:17,41.034604519774014,8.9,4.01,41.034604519774014,8.9,4.01,10,12,upper,Y,PISO_2,_,True
LT1:203:17,41.15466101694915,8.9,4.01,41.15466101694915,8.9,4.01,10,12,upper,Y,PISO_2,_,True
LT1:203:17,41.27471751412429,8.9,4.01,41.27471751412429,8.9,4.01,10,12,upper,Y,PISO_2,_,True
LT1:203:17,41.39477401129943,8.9,4.01,41.39477401129943,8.9,4.01,10,12,upper,Y,PISO_2,_,True
LT1:203:17,41.514830508474574,8.9,4.01,41.514830508474574,8.9,4.01,10,12,upper,Y,PISO_2,_,True
LT1:203:17,41.634887005649716,8.9,4.01,41.634887005649716,8.9,4.01,10,12,upper,Y,PISO_2,_,True
LT1:203:17,41.75494350282486,8.9,4.01,41.75494350282486,8.9,4.01,10,12,upper,Y,PISO_2,_,True
LT1:203:17,41.875,8.9,4.01,41.875,8.9,4.01,10,12,upper,Y,PISO_2,_,True
LT1:203:17,41.99505649717514,8.9,4.01,41.99505649717514,8.9,4.01,10,12,upper,Y,PISO_2,_,True
LT1:203:17,42.115112994350284,8.9,4.01,42.115112994350284,8.9,4.01,10,12,upper,Y,PISO_2,_,True
LT1:203:17,42.235169491525426,8.9,4.01,42.235169491525426,8.9,4.01,10,12,upper,Y,PISO_2,_,True
LT1:203:17,42.35522598870057,8.9,4.01,42.35522598870057,8.9,4.01,10,12,upper,Y,PISO_2,_,True
LT1:203:17,42.47528248587571,8.9,4.01,42.47528248587571,8.9,4.01,10,12,upper,Y,PISO_2,_,True
LT1:203:17,42.59533898305085,8.9,4.01,42.59533898305085,8.9,4.01,10,12,upper,Y,PISO_2,_,True
LT1:203:17,42.715395480225986,8.9,4.01,42.715395480225986,8.9,4.01,10,12,upper,Y,PISO_2,_,True
LT1:203:17,42.83545197740113,8.9,4.01,42.83545197740113,8.9,4.01,10,12,upper,Y,PISO_2,_,True
LT1:203:17,42.95550847457627,8.9,4.01,42.95550847457627,8.9,4.01,10,12,upper,Y,PISO_2,_,True
LT1:203:17,43.07556497175141,8.9,4.01,43.07556497175141,8.9,4.01,10,12,upper,Y,PISO_2,_,True
LT1:203:17,43.195621468926554,8.9,4.01,43.195621468926554,8.9,4.01,10,12,upper,Y,PISO_2,_,True
LT1:203:17,43.315677966101696,8.9,4.01,43.315677966101696,8.9,4.01,10,12,upper,Y,PISO_2,_,True
LT1:203:17,43.43573446327684,8.9,4.01,43.43573446327684,8.9,4.01,10,12,upper,Y,PISO_2,_,True
LT1:203:17,43.55579096045198,8.9,4.01,43.55579096045198,8.9,4.01,10,12,upper,Y,PISO_2,_,True
LT1:203:17,43.67584745762712,8.9,4.01,43.67584745762712,8.9,4.01,10,12,upper,Y,PISO_2,_,True
LT1:203:17,43.795903954802256,8.9,4.01,43.795903954802256,8.9,4.01,10,12,upper,Y,PISO_2,_,True
LT1:203:17,43.9159604519774,8.9,4.01,43.9159604519774,8.9,4.01,10,12,upper,Y,PISO_2,_,True
LT1:203:17,44.03601694915254,8.9,4.01,44.03601694915254,8.9,4.01,10,12,upper,Y,PISO_2,_,True
LT1:203:17,44.15607344632768,8.9,4.01,44.15607344632768,8.9,4.01,10,12,upper,Y,PISO_2,_,True
LT1:203:17,44.27612994350282,8.9,4.01,44.27612994350282,8.9,4.01,10,12,upper,Y,PISO_2,_,True
LT1:203:17,44.396186440677965,8.9,4.01,44.396186440677965,8.9,4.01,10,12,upper,Y,PISO_2,_,True
LT1:203:17,44.51624293785311,8.9,4.01,44.51624293785311,8.9,4.01,10,12,upper,Y,PISO_2,_,True
LT1:203:17,44.63629943502825,8.9,4.01,44.63629943502825,8.9,4.01,10,12,upper,Y,PISO_2,_,True
LT1:203:17,44.75635593220339,8.9,4.01,44.75635593220339,8.9,4.01,10,12,upper,Y,PISO_2,_,True
LT1:203:17,44.87641242937853,8.9,4.01,44.87641242937853,8.9,4.01,10,12,upper,Y,PISO_2,_,True
LT1:203:17,44.996468926553675,8.9,4.01,44.996468926553675,8.9,4.01,10,12,upper,Y,PISO_2,_,True
LT1:203:17,45.11652542372882,8.9,4.01,45.11652542372882,8.9,4.01,10,12,upper,Y,PISO_2,_,True
LT1:203:17,45.23658192090396,8.9,4.01,45.23658192090396,8.9,4.01,10,12,upper,Y,PISO_2,_,True
LT1:203:17,45.3566384180791,8.9,4.01,45.3566384180791,8.9,4.01,10,12,upper,Y,PISO_2,_,True
LT1:203:17,45.476694915254235,8.9,4.01,45.476694915254235,8.9,4.01,10,12,upper,Y,PISO_2,_,True
LT1:203:17,45.59675141242938,8.9,4.01,45.59675141242938,8.9,4.01,10,12,upper,Y,PISO_2,_,True
LT1:203:17,45.71680790960452,8.9,4.01,45.71680790960452,8.9,4.01,10,12,upper,Y,PISO_2,_,True
LT1:203:17,45.83686440677966,8.9,4.01,45.83686440677966,8.9,4.01,10,12,upper,Y,PISO_2,_,True
LT1:203:17,45.9569209039548,8.9,4.01,45.9569209039548,8.9,4.01,10,12,upper,Y,PISO_2,_,True
LT1:203:17,46.076977401129945,8.9,4.01,46.076977401129945,8.9,4.01,10,12,upper,Y,PISO_2,_,True
LT1:203:17,46.19703389830509,8.9,4.01,46.19703389830509,8.9,4.01,10,12,upper,Y,PISO_2,_,True
LT1:203:17,46.31709039548023,8.9,4.01,46.31709039548023,8.9,4.01,10,12,upper,Y,PISO_2,_,True
LT1:203:17,46.43714689265536,8.9,4.01,46.43714689265536,8.9,4.01,10,12,upper,Y,PISO_2,_,True
LT1:203:17,46.557203389830505,8.9,4.01,46.557203389830505,8.9,4.01,10,12,upper,Y,PISO_2,_,True
LT1:203:17,46.67725988700565,8.9,4.01,46.67725988700565,8.9,4.01,10,12,upper,Y,PISO_2,_,True
LT1:203:17,46.79731638418079,8.9,4.01,46.79731638418079,8.9,4.01,10,12,upper,Y,PISO_2,_,True
LT1:203:17,46.91737288135593,8.9,4.01,46.91737288135593,8.9,4.01,10,12,upper,Y,PISO_2,_,True
LT1:203:17,47.03742937853107,8.9,4.01,47.03742937853107,8.9,4.01,10,12,upper,Y,PISO_2,_,True
LT1:203:17,47.157485875706215,8.9,4.01,47.157485875706215,8.9,4.01,10,12,upper,Y,PISO_2,_,True
LT1:203:17,47.277542372881356,8.9,4.01,47.277542372881356,8.9,4.01,10,12,upper,Y,PISO_2,_,True
LT1:203:17,47.3975988700565,8.9,4.01,47.3975988700565,8.9,4.01,10,12,upper,Y,PISO_2,_,True
LT1:203:17,47.51765536723164,8.9,4.01,47.51765536723164,8.9,4.01,10,12,upper,Y,PISO_2,_,True
LT1:203:17,47.63771186440678,8.9,4.01,47.63771186440678,8.9,4.01,10,12,upper,Y,PISO_2,_,True
LT1:203:17,47.757768361581924,8.9,4.01,47.757768361581924,8.9,4.01,10,12,upper,Y,PISO_2,_,True
LT1:203:17,47.877824858757066,8.9,4.01,47.877824858757066,8.9,4.01,10,12,upper,Y,PISO_2,_,True
LT1:203:17,47.99788135593221,8.9,4.01,47.99788135593221,8.9,4.01,10,12,upper,Y,PISO_2,_,True
LT1:203:17,48.11793785310735,8.9,4.01,48.11793785310735,8.9,4.01,10,12,upper,Y,PISO_2,_,True
LT1:203:17,48.237994350282484,8.9,4.01,48.237994350282484,8.9,4.01,10,12,upper,Y,PISO_2,_,True
LT1:203:17,48.358050847457626,8.9,4.01,48.358050847457626,8.9,4.01,10,12,upper,Y,PISO_2,_,True
LT1:203:17,48.47810734463277,8.9,4.01,48.47810734463277,8.9,4.01,10,12,upper,Y,PISO_2,_,True
LT1:203:17,48.59816384180791,8.9,4.01,48.59816384180791,8.9,4.01,10,12,upper,Y,PISO_2,_,True
LT1:203:17,48.71822033898305,8.9,4.01,48.71822033898305,8.9,4.01,10,12,upper,Y,PISO_2,_,True
LT1:203:17,48.838276836158194,8.9,4.01,48.838276836158194,8.9,4.01,10,12,upper,Y,PISO_2,_,True
LT1:203:17,48.95833333333333,8.9,4.01,48.95833333333333,8.9,4.01,10,12,upper,Y,PISO_2,_,True
LT1:203:17,49.07838983050847,8.9,4.01,49.07838983050847,8.9,4.01,10,12,upper,Y,PISO_2,_,True
LT1:203:17,49.19844632768361,8.9,4.01,49.19844632768361,8.9,4.01,10,12,upper,Y,PISO_2,_,True
LT1:203:17,49.318502824858754,8.9,4.01,49.318502824858754,8.9,4.01,10,12,upper,Y,PISO_2,_,True
LT1:203:17,49.438559322033896,8.9,4.01,49.438559322033896,8.9,4.01,10,12,upper,Y,PISO_2,_,True
LT1:203:17,49.55861581920904,8.9,4.01,49.55861581920904,8.9,4.01,10,12,upper,Y,PISO_2,_,True
LT1:203:17,49.67867231638418,8.9,4.01,49.67867231638418,8.9,4.01,10,12,upper,Y,PISO_2,_,True
LT1:203:17,49.79872881355932,8.9,4.01,49.79872881355932,8.9,4.01,10,12,upper,Y,PISO_2,_,True
LT1:203:17,49.918785310734464,8.9,4.01,49.918785310734464,8.9,4.01,10,12,upper,Y,PISO_2,_,True
LT1:203:17,50.038841807909606,8.9,4.01,50.038841807909606,8.9,4.01,10,12,upper,Y,PISO_2,_,True
LT1:203:17,50.15889830508475,8.9,4.01,50.15889830508475,8.9,4.01,10,12,upper,Y,PISO_2,_,True
LT1:203:17,50.27895480225989,8.9,4.01,50.27895480225989,8.9,4.01,10,12,upper,Y,PISO_2,_,True
LT1:203:17,50.39901129943503,8.9,4.01,50.39901129943503,8.9,4.01,10,12,upper,Y,PISO_2,_,True
LT1:203:17,50.51906779661017,8.9,4.01,50.51906779661017,8.9,4.01,10,12,upper,Y,PISO_2,_,True
LT1:203:17,50.639124293785315,8.9,4.01,50.639124293785315,8.9,4.01,10,12,upper,Y,PISO_2,_,True
LT1:203:17,50.75918079096046,8.9,4.01,50.75918079096046,8.9,4.01,10,12,upper,Y,PISO_2,_,True
LT1:203:17,50.87923728813559,8.9,4.01,50.87923728813559,8.9,4.01,10,12,upper,Y,PISO_2,_,True
LT1:203:17,50.99929378531073,8.9,4.01,50.99929378531073,8.9,4.01,10,12,upper,Y,PISO_2,_,True
LT1:203:17,51.119350282485875,8.9,4.01,51.119350282485875,8.9,4.01,10,12,upper,Y,PISO_2,_,True
LT1:203:17,51.23940677966102,8.9,4.01,51.23940677966102,8.9,4.01,10,12,upper,Y,PISO_2,_,True
LT1:203:17,51.35946327683616,8.9,4.01,51.35946327683616,8.9,4.01,10,12,upper,Y,PISO_2,_,True
LT1:203:17,51.4795197740113,8.9,4.01,51.4795197740113,8.9,4.01,10,12,upper,Y,PISO_2,_,True
LT1:203:17,51.599576271186436,8.9,4.01,51.599576271186436,8.9,4.01,10,12,upper,Y,PISO_2,_,True
LT1:203:17,51.71963276836158,8.9,4.01,51.71963276836158,8.9,4.01,10,12,upper,Y,PISO_2,_,True
LT1:203:17,51.83968926553672,8.9,4.01,51.83968926553672,8.9,4.01,10,12,upper,Y,PISO_2,_,True
LT1:203:17,51.95974576271186,8.9,4.01,51.95974576271186,8.9,4.01,10,12,upper,Y,PISO_2,_,True
LT1:203:17,52.079802259887,8.9,4.01,52.079802259887,8.9,4.01,10,12,upper,Y,PISO_2,_,True
LT1:203:17,52.199858757062145,8.9,4.01,52.199858757062145,8.9,4.01,10,12,upper,Y,PISO_2,_,True
LT1:203:17,52.31991525423729,8.9,4.01,52.31991525423729,8.9,4.01,10,12,upper,Y,PISO_2,_,True
LT1:203:17,52.43997175141243,8.9,4.01,52.43997175141243,8.9,4.01,10,12,upper,Y,PISO_2,_,True
LT1:203:17,52.56002824858757,8.9,4.01,52.56002824858757,8.9,4.01,10,12,upper,Y,PISO_2,_,True
LT1:203:17,52.68008474576271,8.9,4.01,52.68008474576271,8.9,4.01,10,12,upper,Y,PISO_2,_,True
LT1:203:17,52.800141242937855,8.9,4.01,52.800141242937855,8.9,4.01,10,12,upper,Y,PISO_2,_,True
LT1:203:17,52.920197740113,8.9,4.01,52.920197740113,8.9,4.01,10,12,upper,Y,PISO_2,_,True
LT1:203:17,53.04025423728814,8.9,4.01,53.04025423728814,8.9,4.01,10,12,upper,Y,PISO_2,_,True
LT1:203:17,53.16031073446328,8.9,4.01,53.16031073446328,8.9,4.01,10,12,upper,Y,PISO_2,_,True
LT1:203:17,53.28036723163842,8.9,4.01,53.28036723163842,8.9,4.01,10,12,upper,Y,PISO_2,_,True
LT1:203:17,53.400423728813564,8.9,4.01,53.400423728813564,8.9,4.01,10,12,upper,Y,PISO_2,_,True
LT1:203:17,53.5204802259887,8.9,4.01,53.5204802259887,8.9,4.01,10,12,upper,Y,PISO_2,_,True
LT1:203:17,53.64053672316384,8.9,4.01,53.64053672316384,8.9,4.01,10,12,upper,Y,PISO_2,_,True
LT1:203:17,53.76059322033898,8.9,4.01,53.76059322033898,8.9,4.01,10,12,upper,Y,PISO_2,_,True
LT1:203:17,53.880649717514125,8.9,4.01,53.880649717514125,8.9,4.01,10,12,upper,Y,PISO_2,_,True
LT1:203:17,54.00070621468927,8.9,4.01,54.00070621468927,8.9,4.01,10,12,upper,Y,PISO_2,_,True
LT1:203:17,54.12076271186441,8.9,4.01,54.12076271186441,8.9,4.01,10,12,upper,Y,PISO_2,_,True
LT1:203:17,54.24081920903954,8.9,4.01,54.24081920903954,8.9,4.01,10,12,upper,Y,PISO_2,_,True
LT1:203:17,54.360875706214685,8.9,4.01,54.360875706214685,8.9,4.01,10,12,upper,Y,PISO_2,_,True
LT1:203:17,54.48093220338983,8.9,4.01,54.48093220338983,8.9,4.01,10,12,upper,Y,PISO_2,_,True
LT1:203:17,54.60098870056497,8.9,4.01,54.60098870056497,8.9,4.01,10,12,upper,Y,PISO_2,_,True
LT1:203:17,54.72104519774011,8.9,4.01,54.72104519774011,8.9,4.01,10,12,upper,Y,PISO_2,_,True
LT1:203:17,54.84110169491525,8.9,4.01,54.84110169491525,8.9,4.01,10,12,upper,Y,PISO_2,_,True
LT1:203:17,54.961158192090394,8.9,4.01,54.961158192090394,8.9,4.01,10,12,upper,Y,PISO_2,_,True
LT1:203:17,55.081214689265536,8.9,4.01,55.081214689265536,8.9,4.01,10,12,upper,Y,PISO_2,_,True
LT1:203:17,55.20127118644068,8.9,4.01,55.20127118644068,8.9,4.01,10,12,upper,Y,PISO_2,_,True
LT1:203:17,55.32132768361582,8.9,4.01,55.32132768361582,8.9,4.01,10,12,upper,Y,PISO_2,_,True
LT1:203:17,55.44138418079096,8.9,4.01,55.44138418079096,8.9,4.01,10,12,upper,Y,PISO_2,_,True
LT1:203:17,55.561440677966104,8.9,4.01,55.561440677966104,8.9,4.01,10,12,upper,Y,PISO_2,_,True
LT1:203:17,55.681497175141246,8.9,4.01,55.681497175141246,8.9,4.01,10,12,upper,Y,PISO_2,_,True
LT1:203:17,55.80155367231639,8.9,4.01,55.80155367231639,8.9,4.01,10,12,upper,Y,PISO_2,_,True
LT1:203:17,55.92161016949153,8.9,4.01,55.92161016949153,8.9,4.01,10,12,upper,Y,PISO_2,_,True
LT1:203:17,56.04166666666667,8.9,4.01,56.04166666666667,8.9,4.01,10,12,upper,Y,PISO_2,_,True
LT1:203:17,56.161723163841806,8.9,4.01,56.161723163841806,8.9,4.01,10,12,upper,Y,PISO_2,_,True
LT1:203:17,56.28177966101695,8.9,4.01,56.28177966101695,8.9,4.01,10,12,upper,Y,PISO_2,_,True
LT1:203:17,56.40183615819209,8.9,4.01,56.40183615819209,8.9,4.01,10,12,upper,Y,PISO_2,_,True
LT1:203:17,56.52189265536723,8.9,4.01,56.52189265536723,8.9,4.01,10,12,upper,Y,PISO_2,_,True
LT1:203:17,56.641949152542374,8.9,4.01,56.641949152542374,8.9,4.01,10,12,upper,Y,PISO_2,_,True
LT1:203:17,56.762005649717516,8.9,4.01,56.762005649717516,8.9,4.01,10,12,upper,Y,PISO_2,_,True
LT1:203:17,56.88206214689265,8.9,4.01,56.88206214689265,8.9,4.01,10,12,upper,Y,PISO_2,_,True
LT1:203:17,57.00211864406779,8.9,4.01,57.00211864406779,8.9,4.01,10,12,upper,Y,PISO_2,_,True
LT1:203:17,57.122175141242934,8.9,4.01,57.122175141242934,8.9,4.01,10,12,upper,Y,PISO_2,_,True
LT1:203:17,57.242231638418076,8.9,4.01,57.242231638418076,8.9,4.01,10,12,upper,Y,PISO_2,_,True
LT1:203:17,57.36228813559322,8.9,4.01,57.36228813559322,8.9,4.01,10,12,upper,Y,PISO_2,_,True
LT1:203:17,57.48234463276836,8.9,4.01,57.48234463276836,8.9,4.01,10,12,upper,Y,PISO_2,_,True
LT1:203:17,57.6024011299435,8.9,4.01,57.6024011299435,8.9,4.01,10,12,upper,Y,PISO_2,_,True
LT1:203:17,57.722457627118644,8.9,4.01,57.722457627118644,8.9,4.01,10,12,upper,Y,PISO_2,_,True
LT1:203:17,57.842514124293785,8.9,4.01,57.842514124293785,8.9,4.01,10,12,upper,Y,PISO_2,_,True
LT1:203:17,57.96257062146893,8.9,4.01,57.96257062146893,8.9,4.01,10,12,upper,Y,PISO_2,_,True
LT1:203:17,58.08262711864407,8.9,4.01,58.08262711864407,8.9,4.01,10,12,upper,Y,PISO_2,_,True
LT1:203:17,58.20268361581921,8.9,4.01,58.20268361581921,8.9,4.01,10,12,upper,Y,PISO_2,_,True
LT1:203:17,58.32274011299435,8.9,4.01,58.32274011299435,8.9,4.01,10,12,upper,Y,PISO_2,_,True
LT1:203:17,58.442796610169495,8.9,4.01,58.442796610169495,8.9,4.01,10,12,upper,Y,PISO_2,_,True
LT1:203:17,58.56285310734464,8.9,4.01,58.56285310734464,8.9,4.01,10,12,upper,Y,PISO_2,_,True
LT1:203:17,58.68290960451978,8.9,4.01,58.68290960451978,8.9,4.01,10,12,upper,Y,PISO_2,_,True
LT1:203:17,58.80296610169492,8.9,4.01,58.80296610169492,8.9,4.01,10,12,upper,Y,PISO_2,_,True
LT1:203:17,58.923022598870055,8.9,4.01,58.923022598870055,8.9,4.01,10,12,upper,Y,PISO_2,_,True
LT1:203:17,59.0430790960452,8.9,4.01,59.0430790960452,8.9,4.01,10,12,upper,Y,PISO_2,_,True
LT1:203:17,59.16313559322034,8.9,4.01,59.16313559322034,8.9,4.01,10,12,upper,Y,PISO_2,_,True
LT1:203:17,59.28319209039548,8.9,4.01,59.28319209039548,8.9,4.01,10,12,upper,Y,PISO_2,_,True
LT1:203:17,59.40324858757062,8.9,4.01,59.40324858757062,8.9,4.01,10,12,upper,Y,PISO_2,_,True
LT1:203:17,59.52330508474576,8.9,4.01,59.52330508474576,8.9,4.01,10,12,upper,Y,PISO_2,_,True
LT1:203:17,59.6433615819209,8.9,4.01,59.6433615819209,8.9,4.01,10,12,upper,Y,PISO_2,_,True
LT1:203:17,59.76341807909604,8.9,4.01,59.76341807909604,8.9,4.01,10,12,upper,Y,PISO_2,_,True
LT1:203:17,59.88347457627118,8.9,4.01,59.88347457627118,8.9,4.01,10,12,upper,Y,PISO_2,_,True
LT1:203:17,60.003531073446325,8.9,4.01,60.003531073446325,8.9,4.01,10,12,upper,Y,PISO_2,_,True
LT1:203:17,60.12358757062147,8.9,4.01,60.12358757062147,8.9,4.01,10,12,upper,Y,PISO_2,_,True
LT1:203:17,60.24364406779661,8.9,4.01,60.24364406779661,8.9,4.01,10,12,upper,Y,PISO_2,_,True
LT1:203:17,60.36370056497175,8.9,4.01,60.36370056497175,8.9,4.01,10,12,upper,Y,PISO_2,_,True
LT1:203:17,60.48375706214689,8.9,4.01,60.48375706214689,8.9,4.01,10,12,upper,Y,PISO_2,_,True
LT1:203:17,60.603813559322035,8.9,4.01,60.603813559322035,8.9,4.01,10,12,upper,Y,PISO_2,_,True
LT1:203:17,60.72387005649718,8.9,4.01,60.72387005649718,8.9,4.01,10,12,upper,Y,PISO_2,_,True
LT1:203:17,60.84392655367232,8.9,4.01,60.84392655367232,8.9,4.01,10,12,upper,Y,PISO_2,_,True
LT1:203:17,60.96398305084746,8.9,4.01,60.96398305084746,8.9,4.01,10,12,upper,Y,PISO_2,_,True
LT1:203:17,61.0840395480226,8.9,4.01,61.0840395480226,8.9,4.01,10,12,upper,Y,PISO_2,_,True
LT1:203:17,61.204096045197744,8.9,4.01,61.204096045197744,8.9,4.01,10,12,upper,Y,PISO_2,_,True
LT1:203:17,61.324152542372886,8.9,4.01,61.324152542372886,8.9,4.01,10,12,upper,Y,PISO_2,_,True
LT1:203:17,61.44420903954803,8.9,4.01,61.44420903954803,8.9,4.01,10,12,upper,Y,PISO_2,_,True
LT1:203:17,61.56426553672316,8.9,4.01,61.56426553672316,8.9,4.01,10,12,upper,Y,PISO_2,_,True
LT1:203:17,61.684322033898304,8.9,4.01,61.684322033898304,8.9,4.01,10,12,upper,Y,PISO_2,_,True
LT1:203:17,61.804378531073446,8.9,4.01,61.804378531073446,8.9,4.01,10,12,upper,Y,PISO_2,_,True
LT1:203:17,61.92443502824859,8.9,4.01,61.92443502824859,8.9,4.01,10,12,upper,Y,PISO_2,_,True
LT1:203:17,62.04449152542373,8.9,4.01,62.04449152542373,8.9,4.01,10,12,upper,Y,PISO_2,_,True
LT1:203:17,62.164548022598865,8.9,4.01,62.164548022598865,8.9,4.01,10,12,upper,Y,PISO_2,_,True
LT1:203:17,62.28460451977401,8.9,4.01,62.28460451977401,8.9,4.01,10,12,upper,Y,PISO_2,_,True
LT1:203:17,62.40466101694915,8.9,4.01,62.40466101694915,8.9,4.01,10,12,upper,Y,PISO_2,_,True
LT1:203:17,62.52471751412429,8.9,4.01,62.52471751412429,8.9,4.01,10,12,upper,Y,PISO_2,_,True
LT1:203:17,62.64477401129943,8.9,4.01,62.64477401129943,8.9,4.01,10,12,upper,Y,PISO_2,_,True
LT1:203:17,62.764830508474574,8.9,4.01,62.764830508474574,8.9,4.01,10,12,upper,Y,PISO_2,_,True
LT1:203:17,62.884887005649716,8.9,4.01,62.884887005649716,8.9,4.01,10,12,upper,Y,PISO_2,_,True
LT1:203:17,63.00494350282486,8.9,4.01,63.00494350282486,8.9,4.01,10,12,upper,Y,PISO_2,_,True
LT1:203:17,63.125,8.9,4.01,63.125,8.9,4.01,10,12,upper,Y,PISO_2,_,True
LT1:203:17,63.24505649717514,8.9,4.01,63.24505649717514,8.9,4.01,10,12,upper,Y,PISO_2,_,True
LT1:203:17,63.365112994350284,8.9,4.01,63.365112994350284,8.9,4.01,10,12,upper,Y,PISO_2,_,True
LT1:203:17,63.485169491525426,8.9,4.01,63.485169491525426,8.9,4.01,10,12,upper,Y,PISO_2,_,True
LT1:203:17,63.60522598870057,8.9,4.01,63.60522598870057,8.9,4.01,10,12,upper,Y,PISO_2,_,True
LT1:203:17,63.72528248587571,8.9,4.01,63.72528248587571,8.9,4.01,10,12,upper,Y,PISO_2,_,True
LT1:203:17,63.845338983050844,8.9,4.01,63.845338983050844,8.9,4.01,10,12,upper,Y,PISO_2,_,True
LT1:203:17,63.965395480225986,8.9,4.01,63.965395480225986,8.9,4.01,10,12,upper,Y,PISO_2,_,True
LT1:203:17,64.08545197740114,8.9,4.01,64.08545197740114,8.9,4.01,10,12,upper,Y,PISO_2,_,True
LT1:203:17,64.20550847457628,8.9,4.01,64.20550847457628,8.9,4.01,10,12,upper,Y,PISO_2,_,True
LT1:203:17,64.32556497175142,8.9,4.01,64.32556497175142,8.9,4.01,10,12,upper,Y,PISO_2,_,True
LT1:203:17,64.44562146892656,8.9,4.01,64.44562146892656,8.9,4.01,10,12,upper,Y,PISO_2,_,True
LT1:203:17,64.5656779661017,8.9,4.01,64.5656779661017,8.9,4.01,10,12,upper,Y,PISO_2,_,True
LT1:203:17,64.68573446327684,8.9,4.01,64.68573446327684,8.9,4.01,10,12,upper,Y,PISO_2,_,True
LT1:203:17,64.80579096045199,8.9,4.01,64.80579096045199,8.9,4.01,10,12,upper,Y,PISO_2,_,True
LT1:203:17,64.92584745762713,8.9,4.01,64.92584745762713,8.9,4.01,10,12,upper,Y,PISO_2,_,True
LT1:203:17,65.04590395480227,8.9,4.01,65.04590395480227,8.9,4.01,10,12,upper,Y,PISO_2,_,True
LT1:203:17,65.1659604519774,8.9,4.01,65.1659604519774,8.9,4.01,10,12,upper,Y,PISO_2,_,True
LT1:203:17,65.28601694915254,8.9,4.01,65.28601694915254,8.9,4.01,10,12,upper,Y,PISO_2,_,True
LT1:203:17,65.40607344632768,8.9,4.01,65.40607344632768,8.9,4.01,10,12,upper,Y,PISO_2,_,True
LT1:203:17,65.52612994350282,8.9,4.01,65.52612994350282,8.9,4.01,10,12,upper,Y,PISO_2,_,True
LT1:203:17,65.64618644067797,8.9,4.01,65.64618644067797,8.9,4.01,10,12,upper,Y,PISO_2,_,True
LT1:203:17,65.76624293785311,8.9,4.01,65.76624293785311,8.9,4.01,10,12,upper,Y,PISO_2,_,True
LT1:203:17,65.88629943502825,8.9,4.01,65.88629943502825,8.9,4.01,10,12,upper,Y,PISO_2,_,True
LT1:203:17,66.00635593220339,8.9,4.01,66.00635593220339,8.9,4.01,10,12,upper,Y,PISO_2,_,True
LT1:203:17,66.12641242937853,8.9,4.01,66.12641242937853,8.9,4.01,10,12,upper,Y,PISO_2,_,True
LT1:203:17,66.24646892655367,8.9,4.01,66.24646892655367,8.9,4.01,10,12,upper,Y,PISO_2,_,True
LT1:203:17,66.36652542372882,8.9,4.01,66.36652542372882,8.9,4.01,10,12,upper,Y,PISO_2,_,True
LT1:203:17,66.48658192090394,8.9,4.01,66.48658192090394,8.9,4.01,10,12,upper,Y,PISO_2,_,True
LT1:203:17,66.60663841807909,8.9,4.01,66.60663841807909,8.9,4.01,10,12,upper,Y,PISO_2,_,True
LT1:203:17,66.72669491525423,8.9,4.01,66.72669491525423,8.9,4.01,10,12,upper,Y,PISO_2,_,True
LT1:203:17,66.84675141242937,8.9,4.01,66.84675141242937,8.9,4.01,10,12,upper,Y,PISO_2,_,True
LT1:203:17,66.96680790960451,8.9,4.01,66.96680790960451,8.9,4.01,10,12,upper,Y,PISO_2,_,True
LT1:203:17,67.08686440677965,8.9,4.01,67.08686440677965,8.9,4.01,10,12,upper,Y,PISO_2,_,True
LT1:203:17,67.2069209039548,8.9,4.01,67.2069209039548,8.9,4.01,10,12,upper,Y,PISO_2,_,True
LT1:203:17,67.32697740112994,8.9,4.01,67.32697740112994,8.9,4.01,10,12,upper,Y,PISO_2,_,True
LT1:203:17,67.44703389830508,8.9,4.01,67.44703389830508,8.9,4.01,10,12,upper,Y,PISO_2,_,True
LT1:203:17,67.56709039548022,8.9,4.01,67.56709039548022,8.9,4.01,10,12,upper,Y,PISO_2,_,True
LT1:203:17,67.68714689265536,8.9,4.01,67.68714689265536,8.9,4.01,10,12,upper,Y,PISO_2,_,True
LT1:203:17,67.8072033898305,8.9,4.01,67.8072033898305,8.9,4.01,10,12,upper,Y,PISO_2,_,True
LT1:203:17,67.92725988700565,8.9,4.01,67.92725988700565,8.9,4.01,10,12,upper,Y,PISO_2,_,True
LT1:203:17,68.04731638418079,8.9,4.01,68.04731638418079,8.9,4.01,10,12,upper,Y,PISO_2,_,True
LT1:203:17,68.16737288135593,8.9,4.01,68.16737288135593,8.9,4.01,10,12,upper,Y,PISO_2,_,True
LT1:203:17,68.28742937853107,8.9,4.01,68.28742937853107,8.9,4.01,10,12,upper,Y,PISO_2,_,True
LT1:203:17,68.40748587570621,8.9,4.01,68.40748587570621,8.9,4.01,10,12,upper,Y,PISO_2,_,True
LT1:203:17,68.52754237288136,8.9,4.01,68.52754237288136,8.9,4.01,10,12,upper,Y,PISO_2,_,True
LT1:203:17,68.6475988700565,8.9,4.01,68.6475988700565,8.9,4.01,10,12,upper,Y,PISO_2,_,True
LT1:203:17,68.76765536723164,8.9,4.01,68.76765536723164,8.9,4.01,10,12,upper,Y,PISO_2,_,True
LT1:203:17,68.88771186440678,8.9,4.01,68.88771186440678,8.9,4.01,10,12,upper,Y,PISO_2,_,True
LT1:203:17,69.00776836158192,8.9,4.01,69.00776836158192,8.9,4.01,10,12,upper,Y,PISO_2,_,True
LT1:203:17,69.12782485875707,8.9,4.01,69.12782485875707,8.9,4.01,10,12,upper,Y,PISO_2,_,True
LT1:203:17,69.24788135593221,8.9,4.01,69.24788135593221,8.9,4.01,10,12,upper,Y,PISO_2,_,True
LT1:203:17,69.36793785310735,8.9,4.01,69.36793785310735,8.9,4.01,10,12,upper,Y,PISO_2,_,True
LT1:203:17,69.48799435028249,8.9,4.01,69.48799435028249,8.9,4.01,10,12,upper,Y,PISO_2,_,True
LT1:203:17,69.60805084745763,8.9,4.01,69.60805084745763,8.9,4.01,10,12,upper,Y,PISO_2,_,True
LT1:203:17,69.72810734463278,8.9,4.01,69.72810734463278,8.9,4.01,10,12,upper,Y,PISO_2,_,True
LT1:203:17,69.84816384180792,8.9,4.01,69.84816384180792,8.9,4.01,10,12,upper,Y,PISO_2,_,True
LT1:203:17,69.96822033898306,8.9,4.01,69.96822033898306,8.9,4.01,10,12,upper,Y,PISO_2,_,True
LT1:203:17,70.0882768361582,8.9,4.01,70.0882768361582,8.9,4.01,10,12,upper,Y,PISO_2,_,True
LT1:203:17,70.20833333333334,8.9,4.01,70.20833333333334,8.9,4.01,10,12,upper,Y,PISO_2,_,True
LT1:203:17,70.32838983050848,8.9,4.01,70.32838983050848,8.9,4.01,10,12,upper,Y,PISO_2,_,True
LT1:203:17,70.44844632768361,8.9,4.01,70.44844632768361,8.9,4.01,10,12,upper,Y,PISO_2,_,True
LT1:203:17,70.56850282485875,8.9,4.01,70.56850282485875,8.9,4.01,10,12,upper,Y,PISO_2,_,True
LT1:203:17,70.6885593220339,8.9,4.01,70.6885593220339,8.9,4.01,10,12,upper,Y,PISO_2,_,True
LT1:203:17,70.80861581920904,8.9,4.01,70.80861581920904,8.9,4.01,10,12,upper,Y,PISO_2,_,True
LT1:203:17,70.92867231638418,8.9,4.01,70.92867231638418,8.9,4.01,10,12,upper,Y,PISO_2,_,True
LT1:203:17,71.04872881355932,8.9,4.01,71.04872881355932,8.9,4.01,10,12,upper,Y,PISO_2,_,True
LT1:203:17,71.16878531073446,8.9,4.01,71.16878531073446,8.9,4.01,10,12,upper,Y,PISO_2,_,True
LT1:203:17,71.2888418079096,8.9,4.01,71.2888418079096,8.9,4.01,10,12,upper,Y,PISO_2,_,True
LT1:203:17,71.40889830508475,8.9,4.01,71.40889830508475,8.9,4.01,10,12,upper,Y,PISO_2,_,True
LT1:203:17,71.52895480225989,8.9,4.01,71.52895480225989,8.9,4.01,10,12,upper,Y,PISO_2,_,True
LT1:203:17,71.64901129943503,8.9,4.01,71.64901129943503,8.9,4.01,10,12,upper,Y,PISO_2,_,True
LT1:203:17,71.76906779661016,8.9,4.01,71.76906779661016,8.9,4.01,10,12,upper,Y,PISO_2,_,True
LT1:203:17,71.8891242937853,8.9,4.01,71.8891242937853,8.9,4.01,10,12,upper,Y,PISO_2,_,True
LT1:203:17,72.00918079096044,8.9,4.01,72.00918079096044,8.9,4.01,10,12,upper,Y,PISO_2,_,True
LT1:203:17,72.12923728813558,8.9,4.01,72.12923728813558,8.9,4.01,10,12,upper,Y,PISO_2,_,True
LT1:203:17,72.24929378531073,8.9,4.01,72.24929378531073,8.9,4.01,10,12,upper,Y,PISO_2,_,True
LT1:203:17,72.36935028248587,8.9,4.01,72.36935028248587,8.9,4.01,10,12,upper,Y,PISO_2,_,True
LT1:203:17,72.48940677966101,8.9,4.01,72.48940677966101,8.9,4.01,10,12,upper,Y,PISO_2,_,True
LT1:203:17,72.60946327683615,8.9,4.01,72.60946327683615,8.9,4.01,10,12,upper,Y,PISO_2,_,True
LT1:203:17,72.7295197740113,8.9,4.01,72.7295197740113,8.9,4.01,10,12,upper,Y,PISO_2,_,True
LT1:203:17,72.84957627118644,8.9,4.01,72.84957627118644,8.9,4.01,10,12,upper,Y,PISO_2,_,True
LT1:203:17,72.96963276836158,8.9,4.01,72.96963276836158,8.9,4.01,10,12,upper,Y,PISO_2,_,True
LT1:203:17,73.08968926553672,8.9,4.01,73.08968926553672,8.9,4.01,10,12,upper,Y,PISO_2,_,True
LT1:203:17,73.20974576271186,8.9,4.01,73.20974576271186,8.9,4.01,10,12,upper,Y,PISO_2,_,True
LT1:203:17,73.329802259887,8.9,4.01,73.329802259887,8.9,4.01,10,12,upper,Y,PISO_2,_,True
LT1:203:17,73.44985875706215,8.9,4.01,73.44985875706215,8.9,4.01,10,12,upper,Y,PISO_2,_,True
LT1:203:17,73.56991525423729,8.9,4.01,73.56991525423729,8.9,4.01,10,12,upper,Y,PISO_2,_,True
LT1:203:17,73.68997175141243,8.9,4.01,73.68997175141243,8.9,4.01,10,12,upper,Y,PISO_2,_,True
LT1:203:18,31.25,16.15,4.01,73.75,16.15,4.01,10,12,upper,X,PISO_2,_,True
LT1:203:18,31.31002824858757,16.15,4.01,31.31002824858757,16.15,4.01,10,12,upper,Y,PISO_2,_,True
LT1:203:18,31.430084745762713,16.15,4.01,31.430084745762713,16.15,4.01,10,12,upper,Y,PISO_2,_,True
LT1:203:18,31.550141242937855,16.15,4.01,31.550141242937855,16.15,4.01,10,12,upper,Y,PISO_2,_,True
LT1:203:18,31.670197740112993,16.15,4.01,31.670197740112993,16.15,4.01,10,12,upper,Y,PISO_2,_,True
LT1:203:18,31.790254237288135,16.15,4.01,31.790254237288135,16.15,4.01,10,12,upper,Y,PISO_2,_,True
LT1:203:18,31.910310734463277,16.15,4.01,31.910310734463277,16.15,4.01,10,12,upper,Y,PISO_2,_,True
LT1:203:18,32.030367231638415,16.15,4.01,32.030367231638415,16.15,4.01,10,12,upper,Y,PISO_2,_,True
LT1:203:18,32.15042372881356,16.15,4.01,32.15042372881356,16.15,4.01,10,12,upper,Y,PISO_2,_,True
LT1:203:18,32.2704802259887,16.15,4.01,32.2704802259887,16.15,4.01,10,12,upper,Y,PISO_2,_,True
LT1:203:18,32.39053672316384,16.15,4.01,32.39053672316384,16.15,4.01,10,12,upper,Y,PISO_2,_,True
LT1:203:18,32.51059322033898,16.15,4.01,32.51059322033898,16.15,4.01,10,12,upper,Y,PISO_2,_,True
LT1:203:18,32.630649717514125,16.15,4.01,32.630649717514125,16.15,4.01,10,12,upper,Y,PISO_2,_,True
LT1:203:18,32.75070621468927,16.15,4.01,32.75070621468927,16.15,4.01,10,12,upper,Y,PISO_2,_,True
LT1:203:18,32.87076271186441,16.15,4.01,32.87076271186441,16.15,4.01,10,12,upper,Y,PISO_2,_,True
LT1:203:18,32.99081920903955,16.15,4.01,32.99081920903955,16.15,4.01,10,12,upper,Y,PISO_2,_,True
LT1:203:18,33.11087570621469,16.15,4.01,33.11087570621469,16.15,4.01,10,12,upper,Y,PISO_2,_,True
LT1:203:18,33.23093220338983,16.15,4.01,33.23093220338983,16.15,4.01,10,12,upper,Y,PISO_2,_,True
LT1:203:18,33.35098870056497,16.15,4.01,33.35098870056497,16.15,4.01,10,12,upper,Y,PISO_2,_,True
LT1:203:18,33.47104519774011,16.15,4.01,33.47104519774011,16.15,4.01,10,12,upper,Y,PISO_2,_,True
LT1:203:18,33.59110169491525,16.15,4.01,33.59110169491525,16.15,4.01,10,12,upper,Y,PISO_2,_,True
LT1:203:18,33.711158192090394,16.15,4.01,33.711158192090394,16.15,4.01,10,12,upper,Y,PISO_2,_,True
LT1:203:18,33.831214689265536,16.15,4.01,33.831214689265536,16.15,4.01,10,12,upper,Y,PISO_2,_,True
LT1:203:18,33.95127118644068,16.15,4.01,33.95127118644068,16.15,4.01,10,12,upper,Y,PISO_2,_,True
LT1:203:18,34.07132768361582,16.15,4.01,34.07132768361582,16.15,4.01,10,12,upper,Y,PISO_2,_,True
LT1:203:18,34.19138418079096,16.15,4.01,34.19138418079096,16.15,4.01,10,12,upper,Y,PISO_2,_,True
LT1:203:18,34.311440677966104,16.15,4.01,34.311440677966104,16.15,4.01,10,12,upper,Y,PISO_2,_,True
LT1:203:18,34.431497175141246,16.15,4.01,34.431497175141246,16.15,4.01,10,12,upper,Y,PISO_2,_,True
LT1:203:18,34.55155367231639,16.15,4.01,34.55155367231639,16.15,4.01,10,12,upper,Y,PISO_2,_,True
LT1:203:18,34.67161016949152,16.15,4.01,34.67161016949152,16.15,4.01,10,12,upper,Y,PISO_2,_,True
LT1:203:18,34.791666666666664,16.15,4.01,34.791666666666664,16.15,4.01,10,12,upper,Y,PISO_2,_,True
LT1:203:18,34.911723163841806,16.15,4.01,34.911723163841806,16.15,4.01,10,12,upper,Y,PISO_2,_,True
LT1:203:18,35.03177966101695,16.15,4.01,35.03177966101695,16.15,4.01,10,12,upper,Y,PISO_2,_,True
LT1:203:18,35.15183615819209,16.15,4.01,35.15183615819209,16.15,4.01,10,12,upper,Y,PISO_2,_,True
LT1:203:18,35.27189265536723,16.15,4.01,35.27189265536723,16.15,4.01,10,12,upper,Y,PISO_2,_,True
LT1:203:18,35.391949152542374,16.15,4.01,35.391949152542374,16.15,4.01,10,12,upper,Y,PISO_2,_,True
LT1:203:18,35.512005649717516,16.15,4.01,35.512005649717516,16.15,4.01,10,12,upper,Y,PISO_2,_,True
LT1:203:18,35.63206214689266,16.15,4.01,35.63206214689266,16.15,4.01,10,12,upper,Y,PISO_2,_,True
LT1:203:18,35.7521186440678,16.15,4.01,35.7521186440678,16.15,4.01,10,12,upper,Y,PISO_2,_,True
LT1:203:18,35.872175141242934,16.15,4.01,35.872175141242934,16.15,4.01,10,12,upper,Y,PISO_2,_,True
LT1:203:18,35.992231638418076,16.15,4.01,35.992231638418076,16.15,4.01,10,12,upper,Y,PISO_2,_,True
LT1:203:18,36.11228813559322,16.15,4.01,36.11228813559322,16.15,4.01,10,12,upper,Y,PISO_2,_,True
LT1:203:18,36.23234463276836,16.15,4.01,36.23234463276836,16.15,4.01,10,12,upper,Y,PISO_2,_,True
LT1:203:18,36.3524011299435,16.15,4.01,36.3524011299435,16.15,4.01,10,12,upper,Y,PISO_2,_,True
LT1:203:18,36.472457627118644,16.15,4.01,36.472457627118644,16.15,4.01,10,12,upper,Y,PISO_2,_,True
LT1:203:18,36.592514124293785,16.15,4.01,36.592514124293785,16.15,4.01,10,12,upper,Y,PISO_2,_,True
LT1:203:18,36.71257062146893,16.15,4.01,36.71257062146893,16.15,4.01,10,12,upper,Y,PISO_2,_,True
LT1:203:18,36.83262711864407,16.15,4.01,36.83262711864407,16.15,4.01,10,12,upper,Y,PISO_2,_,True
LT1:203:18,36.95268361581921,16.15,4.01,36.95268361581921,16.15,4.01,10,12,upper,Y,PISO_2,_,True
LT1:203:18,37.07274011299435,16.15,4.01,37.07274011299435,16.15,4.01,10,12,upper,Y,PISO_2,_,True
LT1:203:18,37.192796610169495,16.15,4.01,37.192796610169495,16.15,4.01,10,12,upper,Y,PISO_2,_,True
LT1:203:18,37.31285310734463,16.15,4.01,37.31285310734463,16.15,4.01,10,12,upper,Y,PISO_2,_,True
LT1:203:18,37.43290960451977,16.15,4.01,37.43290960451977,16.15,4.01,10,12,upper,Y,PISO_2,_,True
LT1:203:18,37.55296610169491,16.15,4.01,37.55296610169491,16.15,4.01,10,12,upper,Y,PISO_2,_,True
LT1:203:18,37.673022598870055,16.15,4.01,37.673022598870055,16.15,4.01,10,12,upper,Y,PISO_2,_,True
LT1:203:18,37.7930790960452,16.15,4.01,37.7930790960452,16.15,4.01,10,12,upper,Y,PISO_2,_,True
LT1:203:18,37.91313559322034,16.15,4.01,37.91313559322034,16.15,4.01,10,12,upper,Y,PISO_2,_,True
LT1:203:18,38.03319209039548,16.15,4.01,38.03319209039548,16.15,4.01,10,12,upper,Y,PISO_2,_,True
LT1:203:18,38.15324858757062,16.15,4.01,38.15324858757062,16.15,4.01,10,12,upper,Y,PISO_2,_,True
LT1:203:18,38.273305084745765,16.15,4.01,38.273305084745765,16.15,4.01,10,12,upper,Y,PISO_2,_,True
LT1:203:18,38.39336158192091,16.15,4.01,38.39336158192091,16.15,4.01,10,12,upper,Y,PISO_2,_,True
LT1:203:18,38.51341807909604,16.15,4.01,38.51341807909604,16.15,4.01,10,12,upper,Y,PISO_2,_,True
LT1:203:18,38.63347457627118,16.15,4.01,38.63347457627118,16.15,4.01,10,12,upper,Y,PISO_2,_,True
LT1:203:18,38.753531073446325,16.15,4.01,38.753531073446325,16.15,4.01,10,12,upper,Y,PISO_2,_,True
LT1:203:18,38.87358757062147,16.15,4.01,38.87358757062147,16.15,4.01,10,12,upper,Y,PISO_2,_,True
LT1:203:18,38.99364406779661,16.15,4.01,38.99364406779661,16.15,4.01,10,12,upper,Y,PISO_2,_,True
LT1:203:18,39.11370056497175,16.15,4.01,39.11370056497175,16.15,4.01,10,12,upper,Y,PISO_2,_,True
LT1:203:18,39.23375706214689,16.15,4.01,39.23375706214689,16.15,4.01,10,12,upper,Y,PISO_2,_,True
LT1:203:18,39.353813559322035,16.15,4.01,39.353813559322035,16.15,4.01,10,12,upper,Y,PISO_2,_,True
LT1:203:18,39.47387005649718,16.15,4.01,39.47387005649718,16.15,4.01,10,12,upper,Y,PISO_2,_,True
LT1:203:18,39.59392655367232,16.15,4.01,39.59392655367232,16.15,4.01,10,12,upper,Y,PISO_2,_,True
LT1:203:18,39.71398305084746,16.15,4.01,39.71398305084746,16.15,4.01,10,12,upper,Y,PISO_2,_,True
LT1:203:18,39.8340395480226,16.15,4.01,39.8340395480226,16.15,4.01,10,12,upper,Y,PISO_2,_,True
LT1:203:18,39.954096045197744,16.15,4.01,39.954096045197744,16.15,4.01,10,12,upper,Y,PISO_2,_,True
LT1:203:18,40.07415254237288,16.15,4.01,40.07415254237288,16.15,4.01,10,12,upper,Y,PISO_2,_,True
LT1:203:18,40.19420903954802,16.15,4.01,40.19420903954802,16.15,4.01,10,12,upper,Y,PISO_2,_,True
LT1:203:18,40.31426553672316,16.15,4.01,40.31426553672316,16.15,4.01,10,12,upper,Y,PISO_2,_,True
LT1:203:18,40.434322033898304,16.15,4.01,40.434322033898304,16.15,4.01,10,12,upper,Y,PISO_2,_,True
LT1:203:18,40.554378531073446,16.15,4.01,40.554378531073446,16.15,4.01,10,12,upper,Y,PISO_2,_,True
LT1:203:18,40.67443502824859,16.15,4.01,40.67443502824859,16.15,4.01,10,12,upper,Y,PISO_2,_,True
LT1:203:18,40.79449152542373,16.15,4.01,40.79449152542373,16.15,4.01,10,12,upper,Y,PISO_2,_,True
LT1:203:18,40.91454802259887,16.15,4.01,40.91454802259887,16.15,4.01,10,12,upper,Y,PISO_2,_,True
LT1:203:18,41.034604519774014,16.15,4.01,41.034604519774014,16.15,4.01,10,12,upper,Y,PISO_2,_,True
LT1:203:18,41.15466101694915,16.15,4.01,41.15466101694915,16.15,4.01,10,12,upper,Y,PISO_2,_,True
LT1:203:18,41.27471751412429,16.15,4.01,41.27471751412429,16.15,4.01,10,12,upper,Y,PISO_2,_,True
LT1:203:18,41.39477401129943,16.15,4.01,41.39477401129943,16.15,4.01,10,12,upper,Y,PISO_2,_,True
LT1:203:18,41.514830508474574,16.15,4.01,41.514830508474574,16.15,4.01,10,12,upper,Y,PISO_2,_,True
LT1:203:18,41.634887005649716,16.15,4.01,41.634887005649716,16.15,4.01,10,12,upper,Y,PISO_2,_,True
LT1:203:18,41.75494350282486,16.15,4.01,41.75494350282486,16.15,4.01,10,12,upper,Y,PISO_2,_,True
LT1:203:18,41.875,16.15,4.01,41.875,16.15,4.01,10,12,upper,Y,PISO_2,_,True
LT1:203:18,41.99505649717514,16.15,4.01,41.99505649717514,16.15,4.01,10,12,upper,Y,PISO_2,_,True
LT1:203:18,42.115112994350284,16.15,4.01,42.115112994350284,16.15,4.01,10,12,upper,Y,PISO_2,_,True
LT1:203:18,42.235169491525426,16.15,4.01,42.235169491525426,16.15,4.01,10,12,upper,Y,PISO_2,_,True
LT1:203:18,42.35522598870057,16.15,4.01,42.35522598870057,16.15,4.01,10,12,upper,Y,PISO_2,_,True
LT1:203:18,42.47528248587571,16.15,4.01,42.47528248587571,16.15,4.01,10,12,upper,Y,PISO_2,_,True
LT1:203:18,42.59533898305085,16.15,4.01,42.59533898305085,16.15,4.01,10,12,upper,Y,PISO_2,_,True
LT1:203:18,42.715395480225986,16.15,4.01,42.715395480225986,16.15,4.01,10,12,upper,Y,PISO_2,_,True
LT1:203:18,42.83545197740113,16.15,4.01,42.83545197740113,16.15,4.01,10,12,upper,Y,PISO_2,_,True
LT1:203:18,42.95550847457627,16.15,4.01,42.95550847457627,16.15,4.01,10,12,upper,Y,PISO_2,_,True
LT1:203:18,43.07556497175141,16.15,4.01,43.07556497175141,16.15,4.01,10,12,upper,Y,PISO_2,_,True
LT1:203:18,43.195621468926554,16.15,4.01,43.195621468926554,16.15,4.01,10,12,upper,Y,PISO_2,_,True
LT1:203:18,43.315677966101696,16.15,4.01,43.315677966101696,16.15,4.01,10,12,upper,Y,PISO_2,_,True
LT1:203:18,43.43573446327684,16.15,4.01,43.43573446327684,16.15,4.01,10,12,upper,Y,PISO_2,_,True
LT1:203:18,43.55579096045198,16.15,4.01,43.55579096045198,16.15,4.01,10,12,upper,Y,PISO_2,_,True
LT1:203:18,43.67584745762712,16.15,4.01,43.67584745762712,16.15,4.01,10,12,upper,Y,PISO_2,_,True
LT1:203:18,43.795903954802256,16.15,4.01,43.795903954802256,16.15,4.01,10,12,upper,Y,PISO_2,_,True
LT1:203:18,43.9159604519774,16.15,4.01,43.9159604519774,16.15,4.01,10,12,upper,Y,PISO_2,_,True
LT1:203:18,44.03601694915254,16.15,4.01,44.03601694915254,16.15,4.01,10,12,upper,Y,PISO_2,_,True
LT1:203:18,44.15607344632768,16.15,4.01,44.15607344632768,16.15,4.01,10,12,upper,Y,PISO_2,_,True
LT1:203:18,44.27612994350282,16.15,4.01,44.27612994350282,16.15,4.01,10,12,upper,Y,PISO_2,_,True
LT1:203:18,44.396186440677965,16.15,4.01,44.396186440677965,16.15,4.01,10,12,upper,Y,PISO_2,_,True
LT1:203:18,44.51624293785311,16.15,4.01,44.51624293785311,16.15,4.01,10,12,upper,Y,PISO_2,_,True
LT1:203:18,44.63629943502825,16.15,4.01,44.63629943502825,16.15,4.01,10,12,upper,Y,PISO_2,_,True
LT1:203:18,44.75635593220339,16.15,4.01,44.75635593220339,16.15,4.01,10,12,upper,Y,PISO_2,_,True
LT1:203:18,44.87641242937853,16.15,4.01,44.87641242937853,16.15,4.01,10,12,upper,Y,PISO_2,_,True
LT1:203:18,44.996468926553675,16.15,4.01,44.996468926553675,16.15,4.01,10,12,upper,Y,PISO_2,_,True
LT1:203:18,45.11652542372882,16.15,4.01,45.11652542372882,16.15,4.01,10,12,upper,Y,PISO_2,_,True
LT1:203:18,45.23658192090396,16.15,4.01,45.23658192090396,16.15,4.01,10,12,upper,Y,PISO_2,_,True
LT1:203:18,45.3566384180791,16.15,4.01,45.3566384180791,16.15,4.01,10,12,upper,Y,PISO_2,_,True
LT1:203:18,45.476694915254235,16.15,4.01,45.476694915254235,16.15,4.01,10,12,upper,Y,PISO_2,_,True
LT1:203:18,45.59675141242938,16.15,4.01,45.59675141242938,16.15,4.01,10,12,upper,Y,PISO_2,_,True
LT1:203:18,45.71680790960452,16.15,4.01,45.71680790960452,16.15,4.01,10,12,upper,Y,PISO_2,_,True
LT1:203:18,45.83686440677966,16.15,4.01,45.83686440677966,16.15,4.01,10,12,upper,Y,PISO_2,_,True
LT1:203:18,45.9569209039548,16.15,4.01,45.9569209039548,16.15,4.01,10,12,upper,Y,PISO_2,_,True
LT1:203:18,46.076977401129945,16.15,4.01,46.076977401129945,16.15,4.01,10,12,upper,Y,PISO_2,_,True
LT1:203:18,46.19703389830509,16.15,4.01,46.19703389830509,16.15,4.01,10,12,upper,Y,PISO_2,_,True
LT1:203:18,46.31709039548023,16.15,4.01,46.31709039548023,16.15,4.01,10,12,upper,Y,PISO_2,_,True
LT1:203:18,46.43714689265536,16.15,4.01,46.43714689265536,16.15,4.01,10,12,upper,Y,PISO_2,_,True
LT1:203:18,46.557203389830505,16.15,4.01,46.557203389830505,16.15,4.01,10,12,upper,Y,PISO_2,_,True
LT1:203:18,46.67725988700565,16.15,4.01,46.67725988700565,16.15,4.01,10,12,upper,Y,PISO_2,_,True
LT1:203:18,46.79731638418079,16.15,4.01,46.79731638418079,16.15,4.01,10,12,upper,Y,PISO_2,_,True
LT1:203:18,46.91737288135593,16.15,4.01,46.91737288135593,16.15,4.01,10,12,upper,Y,PISO_2,_,True
LT1:203:18,47.03742937853107,16.15,4.01,47.03742937853107,16.15,4.01,10,12,upper,Y,PISO_2,_,True
LT1:203:18,47.157485875706215,16.15,4.01,47.157485875706215,16.15,4.01,10,12,upper,Y,PISO_2,_,True
LT1:203:18,47.277542372881356,16.15,4.01,47.277542372881356,16.15,4.01,10,12,upper,Y,PISO_2,_,True
LT1:203:18,47.3975988700565,16.15,4.01,47.3975988700565,16.15,4.01,10,12,upper,Y,PISO_2,_,True
LT1:203:18,47.51765536723164,16.15,4.01,47.51765536723164,16.15,4.01,10,12,upper,Y,PISO_2,_,True
LT1:203:18,47.63771186440678,16.15,4.01,47.63771186440678,16.15,4.01,10,12,upper,Y,PISO_2,_,True
LT1:203:18,47.757768361581924,16.15,4.01,47.757768361581924,16.15,4.01,10,12,upper,Y,PISO_2,_,True
LT1:203:18,47.877824858757066,16.15,4.01,47.877824858757066,16.15,4.01,10,12,upper,Y,PISO_2,_,True
LT1:203:18,47.99788135593221,16.15,4.01,47.99788135593221,16.15,4.01,10,12,upper,Y,PISO_2,_,True
LT1:203:18,48.11793785310735,16.15,4.01,48.11793785310735,16.15,4.01,10,12,upper,Y,PISO_2,_,True
LT1:203:18,48.237994350282484,16.15,4.01,48.237994350282484,16.15,4.01,10,12,upper,Y,PISO_2,_,True
LT1:203:18,48.358050847457626,16.15,4.01,48.358050847457626,16.15,4.01,10,12,upper,Y,PISO_2,_,True
LT1:203:18,48.47810734463277,16.15,4.01,48.47810734463277,16.15,4.01,10,12,upper,Y,PISO_2,_,True
LT1:203:18,48.59816384180791,16.15,4.01,48.59816384180791,16.15,4.01,10,12,upper,Y,PISO_2,_,True
LT1:203:18,48.71822033898305,16.15,4.01,48.71822033898305,16.15,4.01,10,12,upper,Y,PISO_2,_,True
LT1:203:18,48.838276836158194,16.15,4.01,48.838276836158194,16.15,4.01,10,12,upper,Y,PISO_2,_,True
LT1:203:18,48.95833333333333,16.15,4.01,48.95833333333333,16.15,4.01,10,12,upper,Y,PISO_2,_,True
LT1:203:18,49.07838983050847,16.15,4.01,49.07838983050847,16.15,4.01,10,12,upper,Y,PISO_2,_,True
LT1:203:18,49.19844632768361,16.15,4.01,49.19844632768361,16.15,4.01,10,12,upper,Y,PISO_2,_,True
LT1:203:18,49.318502824858754,16.15,4.01,49.318502824858754,16.15,4.01,10,12,upper,Y,PISO_2,_,True
LT1:203:18,49.438559322033896,16.15,4.01,49.438559322033896,16.15,4.01,10,12,upper,Y,PISO_2,_,True
LT1:203:18,49.55861581920904,16.15,4.01,49.55861581920904,16.15,4.01,10,12,upper,Y,PISO_2,_,True
LT1:203:18,49.67867231638418,16.15,4.01,49.67867231638418,16.15,4.01,10,12,upper,Y,PISO_2,_,True
LT1:203:18,49.79872881355932,16.15,4.01,49.79872881355932,16.15,4.01,10,12,upper,Y,PISO_2,_,True
LT1:203:18,49.918785310734464,16.15,4.01,49.918785310734464,16.15,4.01,10,12,upper,Y,PISO_2,_,True
LT1:203:18,50.038841807909606,16.15,4.01,50.038841807909606,16.15,4.01,10,12,upper,Y,PISO_2,_,True
LT1:203:18,50.15889830508475,16.15,4.01,50.15889830508475,16.15,4.01,10,12,upper,Y,PISO_2,_,True
LT1:203:18,50.27895480225989,16.15,4.01,50.27895480225989,16.15,4.01,10,12,upper,Y,PISO_2,_,True
LT1:203:18,50.39901129943503,16.15,4.01,50.39901129943503,16.15,4.01,10,12,upper,Y,PISO_2,_,True
LT1:203:18,50.51906779661017,16.15,4.01,50.51906779661017,16.15,4.01,10,12,upper,Y,PISO_2,_,True
LT1:203:18,50.639124293785315,16.15,4.01,50.639124293785315,16.15,4.01,10,12,upper,Y,PISO_2,_,True
LT1:203:18,50.75918079096046,16.15,4.01,50.75918079096046,16.15,4.01,10,12,upper,Y,PISO_2,_,True
LT1:203:18,50.87923728813559,16.15,4.01,50.87923728813559,16.15,4.01,10,12,upper,Y,PISO_2,_,True
LT1:203:18,50.99929378531073,16.15,4.01,50.99929378531073,16.15,4.01,10,12,upper,Y,PISO_2,_,True
LT1:203:18,51.119350282485875,16.15,4.01,51.119350282485875,16.15,4.01,10,12,upper,Y,PISO_2,_,True
LT1:203:18,51.23940677966102,16.15,4.01,51.23940677966102,16.15,4.01,10,12,upper,Y,PISO_2,_,True
LT1:203:18,51.35946327683616,16.15,4.01,51.35946327683616,16.15,4.01,10,12,upper,Y,PISO_2,_,True
LT1:203:18,51.4795197740113,16.15,4.01,51.4795197740113,16.15,4.01,10,12,upper,Y,PISO_2,_,True
LT1:203:18,51.599576271186436,16.15,4.01,51.599576271186436,16.15,4.01,10,12,upper,Y,PISO_2,_,True
LT1:203:18,51.71963276836158,16.15,4.01,51.71963276836158,16.15,4.01,10,12,upper,Y,PISO_2,_,True
LT1:203:18,51.83968926553672,16.15,4.01,51.83968926553672,16.15,4.01,10,12,upper,Y,PISO_2,_,True
LT1:203:18,51.95974576271186,16.15,4.01,51.95974576271186,16.15,4.01,10,12,upper,Y,PISO_2,_,True
LT1:203:18,52.079802259887,16.15,4.01,52.079802259887,16.15,4.01,10,12,upper,Y,PISO_2,_,True
LT1:203:18,52.199858757062145,16.15,4.01,52.199858757062145,16.15,4.01,10,12,upper,Y,PISO_2,_,True
LT1:203:18,52.31991525423729,16.15,4.01,52.31991525423729,16.15,4.01,10,12,upper,Y,PISO_2,_,True
LT1:203:18,52.43997175141243,16.15,4.01,52.43997175141243,16.15,4.01,10,12,upper,Y,PISO_2,_,True
LT1:203:18,52.56002824858757,16.15,4.01,52.56002824858757,16.15,4.01,10,12,upper,Y,PISO_2,_,True
LT1:203:18,52.68008474576271,16.15,4.01,52.68008474576271,16.15,4.01,10,12,upper,Y,PISO_2,_,True
LT1:203:18,52.800141242937855,16.15,4.01,52.800141242937855,16.15,4.01,10,12,upper,Y,PISO_2,_,True
LT1:203:18,52.920197740113,16.15,4.01,52.920197740113,16.15,4.01,10,12,upper,Y,PISO_2,_,True
LT1:203:18,53.04025423728814,16.15,4.01,53.04025423728814,16.15,4.01,10,12,upper,Y,PISO_2,_,True
LT1:203:18,53.16031073446328,16.15,4.01,53.16031073446328,16.15,4.01,10,12,upper,Y,PISO_2,_,True
LT1:203:18,53.28036723163842,16.15,4.01,53.28036723163842,16.15,4.01,10,12,upper,Y,PISO_2,_,True
LT1:203:18,53.400423728813564,16.15,4.01,53.400423728813564,16.15,4.01,10,12,upper,Y,PISO_2,_,True
LT1:203:18,53.5204802259887,16.15,4.01,53.5204802259887,16.15,4.01,10,12,upper,Y,PISO_2,_,True
LT1:203:18,53.64053672316384,16.15,4.01,53.64053672316384,16.15,4.01,10,12,upper,Y,PISO_2,_,True
LT1:203:18,53.76059322033898,16.15,4.01,53.76059322033898,16.15,4.01,10,12,upper,Y,PISO_2,_,True
LT1:203:18,53.880649717514125,16.15,4.01,53.880649717514125,16.15,4.01,10,12,upper,Y,PISO_2,_,True
LT1:203:18,54.00070621468927,16.15,4.01,54.00070621468927,16.15,4.01,10,12,upper,Y,PISO_2,_,True
LT1:203:18,54.12076271186441,16.15,4.01,54.12076271186441,16.15,4.01,10,12,upper,Y,PISO_2,_,True
LT1:203:18,54.24081920903954,16.15,4.01,54.24081920903954,16.15,4.01,10,12,upper,Y,PISO_2,_,True
LT1:203:18,54.360875706214685,16.15,4.01,54.360875706214685,16.15,4.01,10,12,upper,Y,PISO_2,_,True
LT1:203:18,54.48093220338983,16.15,4.01,54.48093220338983,16.15,4.01,10,12,upper,Y,PISO_2,_,True
LT1:203:18,54.60098870056497,16.15,4.01,54.60098870056497,16.15,4.01,10,12,upper,Y,PISO_2,_,True
LT1:203:18,54.72104519774011,16.15,4.01,54.72104519774011,16.15,4.01,10,12,upper,Y,PISO_2,_,True
LT1:203:18,54.84110169491525,16.15,4.01,54.84110169491525,16.15,4.01,10,12,upper,Y,PISO_2,_,True
LT1:203:18,54.961158192090394,16.15,4.01,54.961158192090394,16.15,4.01,10,12,upper,Y,PISO_2,_,True
LT1:203:18,55.081214689265536,16.15,4.01,55.081214689265536,16.15,4.01,10,12,upper,Y,PISO_2,_,True
LT1:203:18,55.20127118644068,16.15,4.01,55.20127118644068,16.15,4.01,10,12,upper,Y,PISO_2,_,True
LT1:203:18,55.32132768361582,16.15,4.01,55.32132768361582,16.15,4.01,10,12,upper,Y,PISO_2,_,True
LT1:203:18,55.44138418079096,16.15,4.01,55.44138418079096,16.15,4.01,10,12,upper,Y,PISO_2,_,True
LT1:203:18,55.561440677966104,16.15,4.01,55.561440677966104,16.15,4.01,10,12,upper,Y,PISO_2,_,True
LT1:203:18,55.681497175141246,16.15,4.01,55.681497175141246,16.15,4.01,10,12,upper,Y,PISO_2,_,True
LT1:203:18,55.80155367231639,16.15,4.01,55.80155367231639,16.15,4.01,10,12,upper,Y,PISO_2,_,True
LT1:203:18,55.92161016949153,16.15,4.01,55.92161016949153,16.15,4.01,10,12,upper,Y,PISO_2,_,True
LT1:203:18,56.04166666666667,16.15,4.01,56.04166666666667,16.15,4.01,10,12,upper,Y,PISO_2,_,True
LT1:203:18,56.161723163841806,16.15,4.01,56.161723163841806,16.15,4.01,10,12,upper,Y,PISO_2,_,True
LT1:203:18,56.28177966101695,16.15,4.01,56.28177966101695,16.15,4.01,10,12,upper,Y,PISO_2,_,True
LT1:203:18,56.40183615819209,16.15,4.01,56.40183615819209,16.15,4.01,10,12,upper,Y,PISO_2,_,True
LT1:203:18,56.52189265536723,16.15,4.01,56.52189265536723,16.15,4.01,10,12,upper,Y,PISO_2,_,True
LT1:203:18,56.641949152542374,16.15,4.01,56.641949152542374,16.15,4.01,10,12,upper,Y,PISO_2,_,True
LT1:203:18,56.762005649717516,16.15,4.01,56.762005649717516,16.15,4.01,10,12,upper,Y,PISO_2,_,True
LT1:203:18,56.88206214689265,16.15,4.01,56.88206214689265,16.15,4.01,10,12,upper,Y,PISO_2,_,True
LT1:203:18,57.00211864406779,16.15,4.01,57.00211864406779,16.15,4.01,10,12,upper,Y,PISO_2,_,True
LT1:203:18,57.122175141242934,16.15,4.01,57.122175141242934,16.15,4.01,10,12,upper,Y,PISO_2,_,True
LT1:203:18,57.242231638418076,16.15,4.01,57.242231638418076,16.15,4.01,10,12,upper,Y,PISO_2,_,True
LT1:203:18,57.36228813559322,16.15,4.01,57.36228813559322,16.15,4.01,10,12,upper,Y,PISO_2,_,True
LT1:203:18,57.48234463276836,16.15,4.01,57.48234463276836,16.15,4.01,10,12,upper,Y,PISO_2,_,True
LT1:203:18,57.6024011299435,16.15,4.01,57.6024011299435,16.15,4.01,10,12,upper,Y,PISO_2,_,True
LT1:203:18,57.722457627118644,16.15,4.01,57.722457627118644,16.15,4.01,10,12,upper,Y,PISO_2,_,True
LT1:203:18,57.842514124293785,16.15,4.01,57.842514124293785,16.15,4.01,10,12,upper,Y,PISO_2,_,True
LT1:203:18,57.96257062146893,16.15,4.01,57.96257062146893,16.15,4.01,10,12,upper,Y,PISO_2,_,True
LT1:203:18,58.08262711864407,16.15,4.01,58.08262711864407,16.15,4.01,10,12,upper,Y,PISO_2,_,True
LT1:203:18,58.20268361581921,16.15,4.01,58.20268361581921,16.15,4.01,10,12,upper,Y,PISO_2,_,True
LT1:203:18,58.32274011299435,16.15,4.01,58.32274011299435,16.15,4.01,10,12,upper,Y,PISO_2,_,True
LT1:203:18,58.442796610169495,16.15,4.01,58.442796610169495,16.15,4.01,10,12,upper,Y,PISO_2,_,True
LT1:203:18,58.56285310734464,16.15,4.01,58.56285310734464,16.15,4.01,10,12,upper,Y,PISO_2,_,True
LT1:203:18,58.68290960451978,16.15,4.01,58.68290960451978,16.15,4.01,10,12,upper,Y,PISO_2,_,True
LT1:203:18,58.80296610169492,16.15,4.01,58.80296610169492,16.15,4.01,10,12,upper,Y,PISO_2,_,True
LT1:203:18,58.923022598870055,16.15,4.01,58.923022598870055,16.15,4.01,10,12,upper,Y,PISO_2,_,True
LT1:203:18,59.0430790960452,16.15,4.01,59.0430790960452,16.15,4.01,10,12,upper,Y,PISO_2,_,True
LT1:203:18,59.16313559322034,16.15,4.01,59.16313559322034,16.15,4.01,10,12,upper,Y,PISO_2,_,True
LT1:203:18,59.28319209039548,16.15,4.01,59.28319209039548,16.15,4.01,10,12,upper,Y,PISO_2,_,True
LT1:203:18,59.40324858757062,16.15,4.01,59.40324858757062,16.15,4.01,10,12,upper,Y,PISO_2,_,True
LT1:203:18,59.52330508474576,16.15,4.01,59.52330508474576,16.15,4.01,10,12,upper,Y,PISO_2,_,True
LT1:203:18,59.6433615819209,16.15,4.01,59.6433615819209,16.15,4.01,10,12,upper,Y,PISO_2,_,True
LT1:203:18,59.76341807909604,16.15,4.01,59.76341807909604,16.15,4.01,10,12,upper,Y,PISO_2,_,True
LT1:203:18,59.88347457627118,16.15,4.01,59.88347457627118,16.15,4.01,10,12,upper,Y,PISO_2,_,True
LT1:203:18,60.003531073446325,16.15,4.01,60.003531073446325,16.15,4.01,10,12,upper,Y,PISO_2,_,True
LT1:203:18,60.12358757062147,16.15,4.01,60.12358757062147,16.15,4.01,10,12,upper,Y,PISO_2,_,True
LT1:203:18,60.24364406779661,16.15,4.01,60.24364406779661,16.15,4.01,10,12,upper,Y,PISO_2,_,True
LT1:203:18,60.36370056497175,16.15,4.01,60.36370056497175,16.15,4.01,10,12,upper,Y,PISO_2,_,True
LT1:203:18,60.48375706214689,16.15,4.01,60.48375706214689,16.15,4.01,10,12,upper,Y,PISO_2,_,True
LT1:203:18,60.603813559322035,16.15,4.01,60.603813559322035,16.15,4.01,10,12,upper,Y,PISO_2,_,True
LT1:203:18,60.72387005649718,16.15,4.01,60.72387005649718,16.15,4.01,10,12,upper,Y,PISO_2,_,True
LT1:203:18,60.84392655367232,16.15,4.01,60.84392655367232,16.15,4.01,10,12,upper,Y,PISO_2,_,True
LT1:203:18,60.96398305084746,16.15,4.01,60.96398305084746,16.15,4.01,10,12,upper,Y,PISO_2,_,True
LT1:203:18,61.0840395480226,16.15,4.01,61.0840395480226,16.15,4.01,10,12,upper,Y,PISO_2,_,True
LT1:203:18,61.204096045197744,16.15,4.01,61.204096045197744,16.15,4.01,10,12,upper,Y,PISO_2,_,True
LT1:203:18,61.324152542372886,16.15,4.01,61.324152542372886,16.15,4.01,10,12,upper,Y,PISO_2,_,True
LT1:203:18,61.44420903954803,16.15,4.01,61.44420903954803,16.15,4.01,10,12,upper,Y,PISO_2,_,True
LT1:203:18,61.56426553672316,16.15,4.01,61.56426553672316,16.15,4.01,10,12,upper,Y,PISO_2,_,True
LT1:203:18,61.684322033898304,16.15,4.01,61.684322033898304,16.15,4.01,10,12,upper,Y,PISO_2,_,True
LT1:203:18,61.804378531073446,16.15,4.01,61.804378531073446,16.15,4.01,10,12,upper,Y,PISO_2,_,True
LT1:203:18,61.92443502824859,16.15,4.01,61.92443502824859,16.15,4.01,10,12,upper,Y,PISO_2,_,True
LT1:203:18,62.04449152542373,16.15,4.01,62.04449152542373,16.15,4.01,10,12,upper,Y,PISO_2,_,True
LT1:203:18,62.164548022598865,16.15,4.01,62.164548022598865,16.15,4.01,10,12,upper,Y,PISO_2,_,True
LT1:203:18,62.28460451977401,16.15,4.01,62.28460451977401,16.15,4.01,10,12,upper,Y,PISO_2,_,True
LT1:203:18,62.40466101694915,16.15,4.01,62.40466101694915,16.15,4.01,10,12,upper,Y,PISO_2,_,True
LT1:203:18,62.52471751412429,16.15,4.01,62.52471751412429,16.15,4.01,10,12,upper,Y,PISO_2,_,True
LT1:203:18,62.64477401129943,16.15,4.01,62.64477401129943,16.15,4.01,10,12,upper,Y,PISO_2,_,True
LT1:203:18,62.764830508474574,16.15,4.01,62.764830508474574,16.15,4.01,10,12,upper,Y,PISO_2,_,True
LT1:203:18,62.884887005649716,16.15,4.01,62.884887005649716,16.15,4.01,10,12,upper,Y,PISO_2,_,True
LT1:203:18,63.00494350282486,16.15,4.01,63.00494350282486,16.15,4.01,10,12,upper,Y,PISO_2,_,True
LT1:203:18,63.125,16.15,4.01,63.125,16.15,4.01,10,12,upper,Y,PISO_2,_,True
LT1:203:18,63.24505649717514,16.15,4.01,63.24505649717514,16.15,4.01,10,12,upper,Y,PISO_2,_,True
LT1:203:18,63.365112994350284,16.15,4.01,63.365112994350284,16.15,4.01,10,12,upper,Y,PISO_2,_,True
LT1:203:18,63.485169491525426,16.15,4.01,63.485169491525426,16.15,4.01,10,12,upper,Y,PISO_2,_,True
LT1:203:18,63.60522598870057,16.15,4.01,63.60522598870057,16.15,4.01,10,12,upper,Y,PISO_2,_,True
LT1:203:18,63.72528248587571,16.15,4.01,63.72528248587571,16.15,4.01,10,12,upper,Y,PISO_2,_,True
LT1:203:18,63.845338983050844,16.15,4.01,63.845338983050844,16.15,4.01,10,12,upper,Y,PISO_2,_,True
LT1:203:18,63.965395480225986,16.15,4.01,63.965395480225986,16.15,4.01,10,12,upper,Y,PISO_2,_,True
LT1:203:18,64.08545197740114,16.15,4.01,64.08545197740114,16.15,4.01,10,12,upper,Y,PISO_2,_,True
LT1:203:18,64.20550847457628,16.15,4.01,64.20550847457628,16.15,4.01,10,12,upper,Y,PISO_2,_,True
LT1:203:18,64.32556497175142,16.15,4.01,64.32556497175142,16.15,4.01,10,12,upper,Y,PISO_2,_,True
LT1:203:18,64.44562146892656,16.15,4.01,64.44562146892656,16.15,4.01,10,12,upper,Y,PISO_2,_,True
LT1:203:18,64.5656779661017,16.15,4.01,64.5656779661017,16.15,4.01,10,12,upper,Y,PISO_2,_,True
LT1:203:18,64.68573446327684,16.15,4.01,64.68573446327684,16.15,4.01,10,12,upper,Y,PISO_2,_,True
LT1:203:18,64.80579096045199,16.15,4.01,64.80579096045199,16.15,4.01,10,12,upper,Y,PISO_2,_,True
LT1:203:18,64.92584745762713,16.15,4.01,64.92584745762713,16.15,4.01,10,12,upper,Y,PISO_2,_,True
LT1:203:18,65.04590395480227,16.15,4.01,65.04590395480227,16.15,4.01,10,12,upper,Y,PISO_2,_,True
LT1:203:18,65.1659604519774,16.15,4.01,65.1659604519774,16.15,4.01,10,12,upper,Y,PISO_2,_,True
LT1:203:18,65.28601694915254,16.15,4.01,65.28601694915254,16.15,4.01,10,12,upper,Y,PISO_2,_,True
LT1:203:18,65.40607344632768,16.15,4.01,65.40607344632768,16.15,4.01,10,12,upper,Y,PISO_2,_,True
LT1:203:18,65.52612994350282,16.15,4.01,65.52612994350282,16.15,4.01,10,12,upper,Y,PISO_2,_,True
LT1:203:18,65.64618644067797,16.15,4.01,65.64618644067797,16.15,4.01,10,12,upper,Y,PISO_2,_,True
LT1:203:18,65.76624293785311,16.15,4.01,65.76624293785311,16.15,4.01,10,12,upper,Y,PISO_2,_,True
LT1:203:18,65.88629943502825,16.15,4.01,65.88629943502825,16.15,4.01,10,12,upper,Y,PISO_2,_,True
LT1:203:18,66.00635593220339,16.15,4.01,66.00635593220339,16.15,4.01,10,12,upper,Y,PISO_2,_,True
LT1:203:18,66.12641242937853,16.15,4.01,66.12641242937853,16.15,4.01,10,12,upper,Y,PISO_2,_,True
LT1:203:18,66.24646892655367,16.15,4.01,66.24646892655367,16.15,4.01,10,12,upper,Y,PISO_2,_,True
LT1:203:18,66.36652542372882,16.15,4.01,66.36652542372882,16.15,4.01,10,12,upper,Y,PISO_2,_,True
LT1:203:18,66.48658192090394,16.15,4.01,66.48658192090394,16.15,4.01,10,12,upper,Y,PISO_2,_,True
LT1:203:18,66.60663841807909,16.15,4.01,66.60663841807909,16.15,4.01,10,12,upper,Y,PISO_2,_,True
LT1:203:18,66.72669491525423,16.15,4.01,66.72669491525423,16.15,4.01,10,12,upper,Y,PISO_2,_,True
LT1:203:18,66.84675141242937,16.15,4.01,66.84675141242937,16.15,4.01,10,12,upper,Y,PISO_2,_,True
LT1:203:18,66.96680790960451,16.15,4.01,66.96680790960451,16.15,4.01,10,12,upper,Y,PISO_2,_,True
LT1:203:18,67.08686440677965,16.15,4.01,67.08686440677965,16.15,4.01,10,12,upper,Y,PISO_2,_,True
LT1:203:18,67.2069209039548,16.15,4.01,67.2069209039548,16.15,4.01,10,12,upper,Y,PISO_2,_,True
LT1:203:18,67.32697740112994,16.15,4.01,67.32697740112994,16.15,4.01,10,12,upper,Y,PISO_2,_,True
LT1:203:18,67.44703389830508,16.15,4.01,67.44703389830508,16.15,4.01,10,12,upper,Y,PISO_2,_,True
LT1:203:18,67.56709039548022,16.15,4.01,67.56709039548022,16.15,4.01,10,12,upper,Y,PISO_2,_,True
LT1:203:18,67.68714689265536,16.15,4.01,67.68714689265536,16.15,4.01,10,12,upper,Y,PISO_2,_,True
LT1:203:18,67.8072033898305,16.15,4.01,67.8072033898305,16.15,4.01,10,12,upper,Y,PISO_2,_,True
LT1:203:18,67.92725988700565,16.15,4.01,67.92725988700565,16.15,4.01,10,12,upper,Y,PISO_2,_,True
LT1:203:18,68.04731638418079,16.15,4.01,68.04731638418079,16.15,4.01,10,12,upper,Y,PISO_2,_,True
LT1:203:18,68.16737288135593,16.15,4.01,68.16737288135593,16.15,4.01,10,12,upper,Y,PISO_2,_,True
LT1:203:18,68.28742937853107,16.15,4.01,68.28742937853107,16.15,4.01,10,12,upper,Y,PISO_2,_,True
LT1:203:18,68.40748587570621,16.15,4.01,68.40748587570621,16.15,4.01,10,12,upper,Y,PISO_2,_,True
LT1:203:18,68.52754237288136,16.15,4.01,68.52754237288136,16.15,4.01,10,12,upper,Y,PISO_2,_,True
LT1:203:18,68.6475988700565,16.15,4.01,68.6475988700565,16.15,4.01,10,12,upper,Y,PISO_2,_,True
LT1:203:18,68.76765536723164,16.15,4.01,68.76765536723164,16.15,4.01,10,12,upper,Y,PISO_2,_,True
LT1:203:18,68.88771186440678,16.15,4.01,68.88771186440678,16.15,4.01,10,12,upper,Y,PISO_2,_,True
LT1:203:18,69.00776836158192,16.15,4.01,69.00776836158192,16.15,4.01,10,12,upper,Y,PISO_2,_,True
LT1:203:18,69.12782485875707,16.15,4.01,69.12782485875707,16.15,4.01,10,12,upper,Y,PISO_2,_,True
LT1:203:18,69.24788135593221,16.15,4.01,69.24788135593221,16.15,4.01,10,12,upper,Y,PISO_2,_,True
LT1:203:18,69.36793785310735,16.15,4.01,69.36793785310735,16.15,4.01,10,12,upper,Y,PISO_2,_,True
LT1:203:18,69.48799435028249,16.15,4.01,69.48799435028249,16.15,4.01,10,12,upper,Y,PISO_2,_,True
LT1:203:18,69.60805084745763,16.15,4.01,69.60805084745763,16.15,4.01,10,12,upper,Y,PISO_2,_,True
LT1:203:18,69.72810734463278,16.15,4.01,69.72810734463278,16.15,4.01,10,12,upper,Y,PISO_2,_,True
LT1:203:18,69.84816384180792,16.15,4.01,69.84816384180792,16.15,4.01,10,12,upper,Y,PISO_2,_,True
LT1:203:18,69.96822033898306,16.15,4.01,69.96822033898306,16.15,4.01,10,12,upper,Y,PISO_2,_,True
LT1:203:18,70.0882768361582,16.15,4.01,70.0882768361582,16.15,4.01,10,12,upper,Y,PISO_2,_,True
LT1:203:18,70.20833333333334,16.15,4.01,70.20833333333334,16.15,4.01,10,12,upper,Y,PISO_2,_,True
LT1:203:18,70.32838983050848,16.15,4.01,70.32838983050848,16.15,4.01,10,12,upper,Y,PISO_2,_,True
LT1:203:18,70.44844632768361,16.15,4.01,70.44844632768361,16.15,4.01,10,12,upper,Y,PISO_2,_,True
LT1:203:18,70.56850282485875,16.15,4.01,70.56850282485875,16.15,4.01,10,12,upper,Y,PISO_2,_,True
LT1:203:18,70.6885593220339,16.15,4.01,70.6885593220339,16.15,4.01,10,12,upper,Y,PISO_2,_,True
LT1:203:18,70.80861581920904,16.15,4.01,70.80861581920904,16.15,4.01,10,12,upper,Y,PISO_2,_,True
LT1:203:18,70.92867231638418,16.15,4.01,70.92867231638418,16.15,4.01,10,12,upper,Y,PISO_2,_,True
LT1:203:18,71.04872881355932,16.15,4.01,71.04872881355932,16.15,4.01,10,12,upper,Y,PISO_2,_,True
LT1:203:18,71.16878531073446,16.15,4.01,71.16878531073446,16.15,4.01,10,12,upper,Y,PISO_2,_,True
LT1:203:18,71.2888418079096,16.15,4.01,71.2888418079096,16.15,4.01,10,12,upper,Y,PISO_2,_,True
LT1:203:18,71.40889830508475,16.15,4.01,71.40889830508475,16.15,4.01,10,12,upper,Y,PISO_2,_,True
LT1:203:18,71.52895480225989,16.15,4.01,71.52895480225989,16.15,4.01,10,12,upper,Y,PISO_2,_,True
LT1:203:18,71.64901129943503,16.15,4.01,71.64901129943503,16.15,4.01,10,12,upper,Y,PISO_2,_,True
LT1:203:18,71.76906779661016,16.15,4.01,71.76906779661016,16.15,4.01,10,12,upper,Y,PISO_2,_,True
LT1:203:18,71.8891242937853,16.15,4.01,71.8891242937853,16.15,4.01,10,12,upper,Y,PISO_2,_,True
LT1:203:18,72.00918079096044,16.15,4.01,72.00918079096044,16.15,4.01,10,12,upper,Y,PISO_2,_,True
LT1:203:18,72.12923728813558,16.15,4.01,72.12923728813558,16.15,4.01,10,12,upper,Y,PISO_2,_,True
LT1:203:18,72.24929378531073,16.15,4.01,72.24929378531073,16.15,4.01,10,12,upper,Y,PISO_2,_,True
LT1:203:18,72.36935028248587,16.15,4.01,72.36935028248587,16.15,4.01,10,12,upper,Y,PISO_2,_,True
LT1:203:18,72.48940677966101,16.15,4.01,72.48940677966101,16.15,4.01,10,12,upper,Y,PISO_2,_,True
LT1:203:18,72.60946327683615,16.15,4.01,72.60946327683615,16.15,4.01,10,12,upper,Y,PISO_2,_,True
LT1:203:18,72.7295197740113,16.15,4.01,72.7295197740113,16.15,4.01,10,12,upper,Y,PISO_2,_,True
LT1:203:18,72.84957627118644,16.15,4.01,72.84957627118644,16.15,4.01,10,12,upper,Y,PISO_2,_,True
LT1:203:18,72.96963276836158,16.15,4.01,72.96963276836158,16.15,4.01,10,12,upper,Y,PISO_2,_,True
LT1:203:18,73.08968926553672,16.15,4.01,73.08968926553672,16.15,4.01,10,12,upper,Y,PISO_2,_,True
LT1:203:18,73.20974576271186,16.15,4.01,73.20974576271186,16.15,4.01,10,12,upper,Y,PISO_2,_,True
LT1:203:18,73.329802259887,16.15,4.01,73.329802259887,16.15,4.01,10,12,upper,Y,PISO_2,_,True
LT1:203:18,73.44985875706215,16.15,4.01,73.44985875706215,16.15,4.01,10,12,upper,Y,PISO_2,_,True
LT1:203:18,73.56991525423729,16.15,4.01,73.56991525423729,16.15,4.01,10,12,upper,Y,PISO_2,_,True
LT1:203:18,73.68997175141243,16.15,4.01,73.68997175141243,16.15,4.01,10,12,upper,Y,PISO_2,_,True
LT1:203:23,31.25,4.45,4.01,41.25,4.45,4.01,10,15,upper,X,PISO_2,PISO_2_P11,True
LT1:203:23,31.324626865671643,8.9,4.01,31.324626865671643,-0.0,4.01,10,15,upper,Y,PISO_2,PISO_2_P11,True
LT1:203:23,31.473880597014926,8.9,4.01,31.473880597014926,-0.0,4.01,10,15,upper,Y,PISO_2,PISO_2_P11,True
LT1:203:23,31.62313432835821,8.9,4.01,31.62313432835821,-0.0,4.01,10,15,upper,Y,PISO_2,PISO_2_P11,True
LT1:203:23,31.77238805970149,8.9,4.01,31.77238805970149,-0.0,4.01,10,15,upper,Y,PISO_2,PISO_2_P11,True
LT1:203:23,31.921641791044777,8.9,4.01,31.921641791044777,-0.0,4.01,10,15,upper,Y,PISO_2,PISO_2_P11,True
LT1:203:23,32.07089552238806,8.9,4.01,32.07089552238806,-0.0,4.01,10,15,upper,Y,PISO_2,PISO_2_P11,True
LT1:203:23,32.22014925373134,8.9,4.01,32.22014925373134,-0.0,4.01,10,15,upper,Y,PISO_2,PISO_2_P11,True
LT1:203:23,32.36940298507463,8.9,4.01,32.36940298507463,-0.0,4.01,10,15,upper,Y,PISO_2,PISO_2_P11,True
LT1:203:23,32.51865671641791,8.9,4.01,32.51865671641791,-0.0,4.01,10,15,upper,Y,PISO_2,PISO_2_P11,True
LT1:203:23,32.667910447761194,8.9,4.01,32.667910447761194,-0.0,4.01,10,15,upper,Y,PISO_2,PISO_2_P11,True
LT1:203:23,32.81716417910448,8.9,4.01,32.81716417910448,-0.0,4.01,10,15,upper,Y,PISO_2,PISO_2_P11,True
LT1:203:23,32.96641791044776,8.9,4.01,32.96641791044776,-0.0,4.01,10,15,upper,Y,PISO_2,PISO_2_P11,True
LT1:203:23,33.115671641791046,8.9,4.01,33.115671641791046,-0.0,4.01,10,15,upper,Y,PISO_2,PISO_2_P11,True
LT1:203:23,33.264925373134325,8.9,4.01,33.264925373134325,-0.0,4.01,10,15,upper,Y,PISO_2,PISO_2_P11,True
LT1:203:23,33.41417910447761,8.9,4.01,33.41417910447761,-0.0,4.01,10,15,upper,Y,PISO_2,PISO_2_P11,True
LT1:203:23,33.5634328358209,8.9,4.01,33.5634328358209,-0.0,4.01,10,15,upper,Y,PISO_2,PISO_2_P11,True
LT1:203:23,33.71268656716418,8.9,4.01,33.71268656716418,-0.0,4.01,10,15,upper,Y,PISO_2,PISO_2_P11,True
LT1:203:23,33.86194029850746,8.9,4.01,33.86194029850746,-0.0,4.01,10,15,upper,Y,PISO_2,PISO_2_P11,True
LT1:203:23,34.01119402985075,8.9,4.01,34.01119402985075,-0.0,4.01,10,15,upper,Y,PISO_2,PISO_2_P11,True
LT1:203:23,34.16044776119403,8.9,4.01,34.16044776119403,-0.0,4.01,10,15,upper,Y,PISO_2,PISO_2_P11,True
LT1:203:23,34.309701492537314,8.9,4.01,34.309701492537314,-0.0,4.01,10,15,upper,Y,PISO_2,PISO_2_P11,True
LT1:203:23,34.458955223880594,8.9,4.01,34.458955223880594,-0.0,4.01,10,15,upper,Y,PISO_2,PISO_2_P11,True
LT1:203:23,34.60820895522388,8.9,4.01,34.60820895522388,-0.0,4.01,10,15,upper,Y,PISO_2,PISO_2_P11,True
LT1:203:23,34.757462686567166,8.9,4.01,34.757462686567166,-0.0,4.01,10,15,upper,Y,PISO_2,PISO_2_P11,True
LT1:203:23,34.906716417910445,8.9,4.01,34.906716417910445,-0.0,4.01,10,15,upper,Y,PISO_2,PISO_2_P11,True
LT1:203:23,35.05597014925373,8.9,4.01,35.05597014925373,-0.0,4.01,10,15,upper,Y,PISO_2,PISO_2_P11,True
LT1:203:23,35.20522388059702,8.9,4.01,35.20522388059702,-0.0,4.01,10,15,upper,Y,PISO_2,PISO_2_P11,True
LT1:203:23,35.3544776119403,8.9,4.01,35.3544776119403,-0.0,4.01,10,15,upper,Y,PISO_2,PISO_2_P11,True
LT1:203:23,35.50373134328358,8.9,4.01,35.50373134328358,-0.0,4.01,10,15,upper,Y,PISO_2,PISO_2_P11,True
LT1:203:23,35.65298507462687,8.9,4.01,35.65298507462687,-0.0,4.01,10,15,upper,Y,PISO_2,PISO_2_P11,True
LT1:203:23,35.80223880597015,8.9,4.01,35.80223880597015,-0.0,4.01,10,15,upper,Y,PISO_2,PISO_2_P11,True
LT1:203:23,35.951492537313435,8.9,4.01,35.951492537313435,-0.0,4.01,10,15,upper,Y,PISO_2,PISO_2_P11,True
LT1:203:23,36.100746268656714,8.9,4.01,36.100746268656714,-0.0,4.01,10,15,upper,Y,PISO_2,PISO_2_P11,True
LT1:203:23,36.25,8.9,4.01,36.25,-0.0,4.01,10,15,upper,Y,PISO_2,PISO_2_P11,True
LT1:203:23,36.399253731343286,8.9,4.01,36.399253731343286,-0.0,4.01,10,15,upper,Y,PISO_2,PISO_2_P11,True
LT1:203:23,36.548507462686565,8.9,4.01,36.548507462686565,-0.0,4.01,10,15,upper,Y,PISO_2,PISO_2_P11,True
LT1:203:23,36.69776119402985,8.9,4.01,36.69776119402985,-0.0,4.01,10,15,upper,Y,PISO_2,PISO_2_P11,True
LT1:203:23,36.84701492537313,8.9,4.01,36.84701492537313,-0.0,4.01,10,15,upper,Y,PISO_2,PISO_2_P11,True
LT1:203:23,36.99626865671642,8.9,4.01,36.99626865671642,-0.0,4.01,10,15,upper,Y,PISO_2,PISO_2_P11,True
LT1:203:23,37.1455223880597,8.9,4.01,37.1455223880597,-0.0,4.01,10,15,upper,Y,PISO_2,PISO_2_P11,True
LT1:203:23,37.29477611940298,8.9,4.01,37.29477611940298,-0.0,4.01,10,15,upper,Y,PISO_2,PISO_2_P11,True
LT1:203:23,37.44402985074627,8.9,4.01,37.44402985074627,-0.0,4.01,10,15,upper,Y,PISO_2,PISO_2_P11,True
LT1:203:23,37.593283582089555,8.9,4.01,37.593283582089555,-0.0,4.01,10,15,upper,Y,PISO_2,PISO_2_P11,True
LT1:203:23,37.742537313432834,8.9,4.01,37.742537313432834,-0.0,4.01,10,15,upper,Y,PISO_2,PISO_2_P11,True
LT1:203:23,37.89179104477612,8.9,4.01,37.89179104477612,-0.0,4.01,10,15,upper,Y,PISO_2,PISO_2_P11,True
LT1:203:23,38.041044776119406,8.9,4.01,38.041044776119406,-0.0,4.01,10,15,upper,Y,PISO_2,PISO_2_P11,True
LT1:203:23,38.190298507462686,8.9,4.01,38.190298507462686,-0.0,4.01,10,15,upper,Y,PISO_2,PISO_2_P11,True
LT1:203:23,38.33955223880597,8.9,4.01,38.33955223880597,-0.0,4.01,10,15,upper,Y,PISO_2,PISO_2_P11,True
LT1:203:23,38.48880597014925,8.9,4.01,38.48880597014925,-0.0,4.01,10,15,upper,Y,PISO_2,PISO_2_P11,True
LT1:203:23,38.63805970149254,8.9,4.01,38.63805970149254,-0.0,4.01,10,15,upper,Y,PISO_2,PISO_2_P11,True
LT1:203:23,38.78731343283582,8.9,4.01,38.78731343283582,-0.0,4.01,10,15,upper,Y,PISO_2,PISO_2_P11,True
LT1:203:23,38.9365671641791,8.9,4.01,38.9365671641791,-0.0,4.01,10,15,upper,Y,PISO_2,PISO_2_P11,True
LT1:203:23,39.08582089552239,8.9,4.01,39.08582089552239,-0.0,4.01,10,15,upper,Y,PISO_2,PISO_2_P11,True
LT1:203:23,39.23507462686567,8.9,4.01,39.23507462686567,-0.0,4.01,10,15,upper,Y,PISO_2,PISO_2_P11,True
LT1:203:23,39.384328358208954,8.9,4.01,39.384328358208954,-0.0,4.01,10,15,upper,Y,PISO_2,PISO_2_P11,True
LT1:203:23,39.53358208955224,8.9,4.01,39.53358208955224,-0.0,4.01,10,15,upper,Y,PISO_2,PISO_2_P11,True
LT1:203:23,39.68283582089552,8.9,4.01,39.68283582089552,-0.0,4.01,10,15,upper,Y,PISO_2,PISO_2_P11,True
LT1:203:23,39.832089552238806,8.9,4.01,39.832089552238806,-0.0,4.01,10,15,upper,Y,PISO_2,PISO_2_P11,True
LT1:203:23,39.98134328358209,8.9,4.01,39.98134328358209,-0.0,4.01,10,15,upper,Y,PISO_2,PISO_2_P11,True
LT1:203:23,40.13059701492537,8.9,4.01,40.13059701492537,-0.0,4.01,10,15,upper,Y,PISO_2,PISO_2_P11,True
LT1:203:23,40.27985074626866,8.9,4.01,40.27985074626866,-0.0,4.01,10,15,upper,Y,PISO_2,PISO_2_P11,True
LT1:203:23,40.42910447761194,8.9,4.01,40.42910447761194,-0.0,4.01,10,15,upper,Y,PISO_2,PISO_2_P11,True
LT1:203:23,40.57835820895522,8.9,4.01,40.57835820895522,-0.0,4.01,10,15,upper,Y,PISO_2,PISO_2_P11,True
LT1:203:23,40.72761194029851,8.9,4.01,40.72761194029851,-0.0,4.01,10,15,upper,Y,PISO_2,PISO_2_P11,True
LT1:203:23,40.876865671641795,8.9,4.01,40.876865671641795,-0.0,4.01,10,15,upper,Y,PISO_2,PISO_2_P11,True
LT1:203:23,41.026119402985074,8.9,4.01,41.026119402985074,-0.0,4.01,10,15,upper,Y,PISO_2,PISO_2_P11,True
LT1:203:23,41.17537313432836,8.9,4.01,41.17537313432836,-0.0,4.01,10,15,upper,Y,PISO_2,PISO_2_P11,True
LT1:203:24,31.25,12.524999999999999,4.01,41.25,12.524999999999999,4.01,8,18,upper,X,PISO_2,PISO_2_P12,True
LT1:203:24,31.339285714285715,16.15,4.01,31.339285714285715,8.9,4.01,8,18,upper,Y,PISO_2,PISO_2_P12,True
LT1:203:24,31.517857142857142,16.15,4.01,31.517857142857142,8.9,4.01,8,18,upper,Y,PISO_2,PISO_2_P12,True
LT1:203:24,31.696428571428573,16.15,4.01,31.696428571428573,8.9,4.01,8,18,upper,Y,PISO_2,PISO_2_P12,True
LT1:203:24,31.875,16.15,4.01,31.875,8.9,4.01,8,18,upper,Y,PISO_2,PISO_2_P12,True
LT1:203:24,32.05357142857143,16.15,4.01,32.05357142857143,8.9,4.01,8,18,upper,Y,PISO_2,PISO_2_P12,True
LT1:203:24,32.232142857142854,16.15,4.01,32.232142857142854,8.9,4.01,8,18,upper,Y,PISO_2,PISO_2_P12,True
LT1:203:24,32.410714285714285,16.15,4.01,32.410714285714285,8.9,4.01,8,18,upper,Y,PISO_2,PISO_2_P12,True
LT1:203:24,32.589285714285715,16.15,4.01,32.589285714285715,8.9,4.01,8,18,upper,Y,PISO_2,PISO_2_P12,True
LT1:203:24,32.767857142857146,16.15,4.01,32.767857142857146,8.9,4.01,8,18,upper,Y,PISO_2,PISO_2_P12,True
LT1:203:24,32.94642857142857,16.15,4.01,32.94642857142857,8.9,4.01,8,18,upper,Y,PISO_2,PISO_2_P12,True
LT1:203:24,33.125,16.15,4.01,33.125,8.9,4.01,8,18,upper,Y,PISO_2,PISO_2_P12,True
LT1:203:24,33.30357142857143,16.15,4.01,33.30357142857143,8.9,4.01,8,18,upper,Y,PISO_2,PISO_2_P12,True
LT1:203:24,33.482142857142854,16.15,4.01,33.482142857142854,8.9,4.01,8,18,upper,Y,PISO_2,PISO_2_P12,True
LT1:203:24,33.660714285714285,16.15,4.01,33.660714285714285,8.9,4.01,8,18,upper,Y,PISO_2,PISO_2_P12,True
LT1:203:24,33.839285714285715,16.15,4.01,33.839285714285715,8.9,4.01,8,18,upper,Y,PISO_2,PISO_2_P12,True
LT1:203:24,34.017857142857146,16.15,4.01,34.017857142857146,8.9,4.01,8,18,upper,Y,PISO_2,PISO_2_P12,True
LT1:203:24,34.19642857142857,16.15,4.01,34.19642857142857,8.9,4.01,8,18,upper,Y,PISO_2,PISO_2_P12,True
LT1:203:24,34.375,16.15,4.01,34.375,8.9,4.01,8,18,upper,Y,PISO_2,PISO_2_P12,True
LT1:203:24,34.55357142857143,16.15,4.01,34.55357142857143,8.9,4.01,8,18,upper,Y,PISO_2,PISO_2_P12,True
LT1:203:24,34.732142857142854,16.15,4.01,34.732142857142854,8.9,4.01,8,18,upper,Y,PISO_2,PISO_2_P12,True
LT1:203:24,34.910714285714285,16.15,4.01,34.910714285714285,8.9,4.01,8,18,upper,Y,PISO_2,PISO_2_P12,True
LT1:203:24,35.089285714285715,16.15,4.01,35.089285714285715,8.9,4.01,8,18,upper,Y,PISO_2,PISO_2_P12,True
LT1:203:24,35.267857142857146,16.15,4.01,35.267857142857146,8.9,4.01,8,18,upper,Y,PISO_2,PISO_2_P12,True
LT1:203:24,35.44642857142857,16.15,4.01,35.44642857142857,8.9,4.01,8,18,upper,Y,PISO_2,PISO_2_P12,True
LT1:203:24,35.625,16.15,4.01,35.625,8.9,4.01,8,18,upper,Y,PISO_2,PISO_2_P12,True
LT1:203:24,35.80357142857143,16.15,4.01,35.80357142857143,8.9,4.01,8,18,upper,Y,PISO_2,PISO_2_P12,True
LT1:203:24,35.982142857142854,16.15,4.01,35.982142857142854,8.9,4.01,8,18,upper,Y,PISO_2,PISO_2_P12,True
LT1:203:24,36.160714285714285,16.15,4.01,36.160714285714285,8.9,4.01,8,18,upper,Y,PISO_2,PISO_2_P12,True
LT1:203:24,36.339285714285715,16.15,4.01,36.339285714285715,8.9,4.01,8,18,upper,Y,PISO_2,PISO_2_P12,True
LT1:203:24,36.517857142857146,16.15,4.01,36.517857142857146,8.9,4.01,8,18,upper,Y,PISO_2,PISO_2_P12,True
LT1:203:24,36.69642857142857,16.15,4.01,36.69642857142857,8.9,4.01,8,18,upper,Y,PISO_2,PISO_2_P12,True
LT1:203:24,36.875,16.15,4.01,36.875,8.9,4.01,8,18,upper,Y,PISO_2,PISO_2_P12,True
LT1:203:24,37.05357142857143,16.15,4.01,37.05357142857143,8.9,4.01,8,18,upper,Y,PISO_2,PISO_2_P12,True
LT1:203:24,37.232142857142854,16.15,4.01,37.232142857142854,8.9,4.01,8,18,upper,Y,PISO_2,PISO_2_P12,True
LT1:203:24,37.410714285714285,16.15,4.01,37.410714285714285,8.9,4.01,8,18,upper,Y,PISO_2,PISO_2_P12,True
LT1:203:24,37.589285714285715,16.15,4.01,37.589285714285715,8.9,4.01,8,18,upper,Y,PISO_2,PISO_2_P12,True
LT1:203:24,37.767857142857146,16.15,4.01,37.767857142857146,8.9,4.01,8,18,upper,Y,PISO_2,PISO_2_P12,True
LT1:203:24,37.94642857142857,16.15,4.01,37.94642857142857,8.9,4.01,8,18,upper,Y,PISO_2,PISO_2_P12,True
LT1:203:24,38.125,16.15,4.01,38.125,8.9,4.01,8,18,upper,Y,PISO_2,PISO_2_P12,True
LT1:203:24,38.30357142857143,16.15,4.01,38.30357142857143,8.9,4.01,8,18,upper,Y,PISO_2,PISO_2_P12,True
LT1:203:24,38.482142857142854,16.15,4.01,38.482142857142854,8.9,4.01,8,18,upper,Y,PISO_2,PISO_2_P12,True
LT1:203:24,38.660714285714285,16.15,4.01,38.660714285714285,8.9,4.01,8,18,upper,Y,PISO_2,PISO_2_P12,True
LT1:203:24,38.839285714285715,16.15,4.01,38.839285714285715,8.9,4.01,8,18,upper,Y,PISO_2,PISO_2_P12,True
LT1:203:24,39.017857142857146,16.15,4.01,39.017857142857146,8.9,4.01,8,18,upper,Y,PISO_2,PISO_2_P12,True
LT1:203:24,39.19642857142857,16.15,4.01,39.19642857142857,8.9,4.01,8,18,upper,Y,PISO_2,PISO_2_P12,True
LT1:203:24,39.375,16.15,4.01,39.375,8.9,4.01,8,18,upper,Y,PISO_2,PISO_2_P12,True
LT1:203:24,39.55357142857143,16.15,4.01,39.55357142857143,8.9,4.01,8,18,upper,Y,PISO_2,PISO_2_P12,True
LT1:203:24,39.73214285714286,16.15,4.01,39.73214285714286,8.9,4.01,8,18,upper,Y,PISO_2,PISO_2_P12,True
LT1:203:24,39.910714285714285,16.15,4.01,39.910714285714285,8.9,4.01,8,18,upper,Y,PISO_2,PISO_2_P12,True
LT1:203:24,40.089285714285715,16.15,4.01,40.089285714285715,8.9,4.01,8,18,upper,Y,PISO_2,PISO_2_P12,True
LT1:203:24,40.26785714285714,16.15,4.01,40.26785714285714,8.9,4.01,8,18,upper,Y,PISO_2,PISO_2_P12,True
LT1:203:24,40.44642857142857,16.15,4.01,40.44642857142857,8.9,4.01,8,18,upper,Y,PISO_2,PISO_2_P12,True
LT1:203:24,40.625,16.15,4.01,40.625,8.9,4.01,8,18,upper,Y,PISO_2,PISO_2_P12,True
LT1:203:24,40.80357142857143,16.15,4.01,40.80357142857143,8.9,4.01,8,18,upper,Y,PISO_2,PISO_2_P12,True
LT1:203:24,40.98214285714286,16.15,4.01,40.98214285714286,8.9,4.01,8,18,upper,Y,PISO_2,PISO_2_P12,True
LT1:203:24,41.160714285714285,16.15,4.01,41.160714285714285,8.9,4.01,8,18,upper,Y,PISO_2,PISO_2_P12,True
LT1:204:01,31.25,0.0,7.97,73.75,0.0,7.97,8,18,lower,X,PISO_3,_,True
LT1:204:01,31.340042372881356,-0.0,7.97,31.340042372881356,-0.0,7.97,8,18,lower,Y,PISO_3,_,True
LT1:204:01,31.52012711864407,-0.0,7.97,31.52012711864407,-0.0,7.97,8,18,lower,Y,PISO_3,_,True
LT1:204:01,31.70021186440678,-0.0,7.97,31.70021186440678,-0.0,7.97,8,18,lower,Y,PISO_3,_,True
LT1:204:01,31.88029661016949,-0.0,7.97,31.88029661016949,-0.0,7.97,8,18,lower,Y,PISO_3,_,True
LT1:204:01,32.0603813559322,-0.0,7.97,32.0603813559322,-0.0,7.97,8,18,lower,Y,PISO_3,_,True
LT1:204:01,32.24046610169491,-0.0,7.97,32.24046610169491,-0.0,7.97,8,18,lower,Y,PISO_3,_,True
LT1:204:01,32.420550847457626,-0.0,7.97,32.420550847457626,-0.0,7.97,8,18,lower,Y,PISO_3,_,True
LT1:204:01,32.60063559322034,-0.0,7.97,32.60063559322034,-0.0,7.97,8,18,lower,Y,PISO_3,_,True
LT1:204:01,32.78072033898305,-0.0,7.97,32.78072033898305,-0.0,7.97,8,18,lower,Y,PISO_3,_,True
LT1:204:01,32.960805084745765,-0.0,7.97,32.960805084745765,-0.0,7.97,8,18,lower,Y,PISO_3,_,True
LT1:204:01,33.14088983050848,-0.0,7.97,33.14088983050848,-0.0,7.97,8,18,lower,Y,PISO_3,_,True
LT1:204:01,33.32097457627118,-0.0,7.97,33.32097457627118,-0.0,7.97,8,18,lower,Y,PISO_3,_,True
LT1:204:01,33.501059322033896,-0.0,7.97,33.501059322033896,-0.0,7.97,8,18,lower,Y,PISO_3,_,True
LT1:204:01,33.68114406779661,-0.0,7.97,33.68114406779661,-0.0,7.97,8,18,lower,Y,PISO_3,_,True
LT1:204:01,33.86122881355932,-0.0,7.97,33.86122881355932,-0.0,7.97,8,18,lower,Y,PISO_3,_,True
LT1:204:01,34.041313559322035,-0.0,7.97,34.041313559322035,-0.0,7.97,8,18,lower,Y,PISO_3,_,True
LT1:204:01,34.22139830508475,-0.0,7.97,34.22139830508475,-0.0,7.97,8,18,lower,Y,PISO_3,_,True
LT1:204:01,34.40148305084746,-0.0,7.97,34.40148305084746,-0.0,7.97,8,18,lower,Y,PISO_3,_,True
LT1:204:01,34.58156779661017,-0.0,7.97,34.58156779661017,-0.0,7.97,8,18,lower,Y,PISO_3,_,True
LT1:204:01,34.76165254237288,-0.0,7.97,34.76165254237288,-0.0,7.97,8,18,lower,Y,PISO_3,_,True
LT1:204:01,34.94173728813559,-0.0,7.97,34.94173728813559,-0.0,7.97,8,18,lower,Y,PISO_3,_,True
LT1:204:01,35.121822033898304,-0.0,7.97,35.121822033898304,-0.0,7.97,8,18,lower,Y,PISO_3,_,True
LT1:204:01,35.30190677966102,-0.0,7.97,35.30190677966102,-0.0,7.97,8,18,lower,Y,PISO_3,_,True
LT1:204:01,35.48199152542373,-0.0,7.97,35.48199152542373,-0.0,7.97,8,18,lower,Y,PISO_3,_,True
LT1:204:01,35.66207627118644,-0.0,7.97,35.66207627118644,-0.0,7.97,8,18,lower,Y,PISO_3,_,True
LT1:204:01,35.84216101694915,-0.0,7.97,35.84216101694915,-0.0,7.97,8,18,lower,Y,PISO_3,_,True
LT1:204:01,36.02224576271186,-0.0,7.97,36.02224576271186,-0.0,7.97,8,18,lower,Y,PISO_3,_,True
LT1:204:01,36.202330508474574,-0.0,7.97,36.202330508474574,-0.0,7.97,8,18,lower,Y,PISO_3,_,True
LT1:204:01,36.38241525423729,-0.0,7.97,36.38241525423729,-0.0,7.97,8,18,lower,Y,PISO_3,_,True
LT1:204:01,36.5625,-0.0,7.97,36.5625,-0.0,7.97,8,18,lower,Y,PISO_3,_,True
LT1:204:01,36.74258474576271,-0.0,7.97,36.74258474576271,-0.0,7.97,8,18,lower,Y,PISO_3,_,True
LT1:204:01,36.922669491525426,-0.0,7.97,36.922669491525426,-0.0,7.97,8,18,lower,Y,PISO_3,_,True
LT1:204:01,37.10275423728814,-0.0,7.97,37.10275423728814,-0.0,7.97,8,18,lower,Y,PISO_3,_,True
LT1:204:01,37.28283898305085,-0.0,7.97,37.28283898305085,-0.0,7.97,8,18,lower,Y,PISO_3,_,True
LT1:204:01,37.46292372881356,-0.0,7.97,37.46292372881356,-0.0,7.97,8,18,lower,Y,PISO_3,_,True
LT1:204:01,37.64300847457627,-0.0,7.97,37.64300847457627,-0.0,7.97,8,18,lower,Y,PISO_3,_,True
LT1:204:01,37.82309322033898,-0.0,7.97,37.82309322033898,-0.0,7.97,8,18,lower,Y,PISO_3,_,True
LT1:204:01,38.003177966101696,-0.0,7.97,38.003177966101696,-0.0,7.97,8,18,lower,Y,PISO_3,_,True
LT1:204:01,38.18326271186441,-0.0,7.97,38.18326271186441,-0.0,7.97,8,18,lower,Y,PISO_3,_,True
LT1:204:01,38.36334745762712,-0.0,7.97,38.36334745762712,-0.0,7.97,8,18,lower,Y,PISO_3,_,True
LT1:204:01,38.54343220338983,-0.0,7.97,38.54343220338983,-0.0,7.97,8,18,lower,Y,PISO_3,_,True
LT1:204:01,38.72351694915254,-0.0,7.97,38.72351694915254,-0.0,7.97,8,18,lower,Y,PISO_3,_,True
LT1:204:01,38.90360169491525,-0.0,7.97,38.90360169491525,-0.0,7.97,8,18,lower,Y,PISO_3,_,True
LT1:204:01,39.083686440677965,-0.0,7.97,39.083686440677965,-0.0,7.97,8,18,lower,Y,PISO_3,_,True
LT1:204:01,39.26377118644068,-0.0,7.97,39.26377118644068,-0.0,7.97,8,18,lower,Y,PISO_3,_,True
LT1:204:01,39.44385593220339,-0.0,7.97,39.44385593220339,-0.0,7.97,8,18,lower,Y,PISO_3,_,True
LT1:204:01,39.623940677966104,-0.0,7.97,39.623940677966104,-0.0,7.97,8,18,lower,Y,PISO_3,_,True
LT1:204:01,39.80402542372882,-0.0,7.97,39.80402542372882,-0.0,7.97,8,18,lower,Y,PISO_3,_,True
LT1:204:01,39.98411016949153,-0.0,7.97,39.98411016949153,-0.0,7.97,8,18,lower,Y,PISO_3,_,True
LT1:204:01,40.164194915254235,-0.0,7.97,40.164194915254235,-0.0,7.97,8,18,lower,Y,PISO_3,_,True
LT1:204:01,40.34427966101695,-0.0,7.97,40.34427966101695,-0.0,7.97,8,18,lower,Y,PISO_3,_,True
LT1:204:01,40.52436440677966,-0.0,7.97,40.52436440677966,-0.0,7.97,8,18,lower,Y,PISO_3,_,True
LT1:204:01,40.704449152542374,-0.0,7.97,40.704449152542374,-0.0,7.97,8,18,lower,Y,PISO_3,_,True
LT1:204:01,40.88453389830509,-0.0,7.97,40.88453389830509,-0.0,7.97,8,18,lower,Y,PISO_3,_,True
LT1:204:01,41.06461864406779,-0.0,7.97,41.06461864406779,-0.0,7.97,8,18,lower,Y,PISO_3,_,True
LT1:204:01,41.244703389830505,-0.0,7.97,41.244703389830505,-0.0,7.97,8,18,lower,Y,PISO_3,_,True
LT1:204:01,41.42478813559322,-0.0,7.97,41.42478813559322,-0.0,7.97,8,18,lower,Y,PISO_3,_,True
LT1:204:01,41.60487288135593,-0.0,7.97,41.60487288135593,-0.0,7.97,8,18,lower,Y,PISO_3,_,True
LT1:204:01,41.784957627118644,-0.0,7.97,41.784957627118644,-0.0,7.97,8,18,lower,Y,PISO_3,_,True
LT1:204:01,41.965042372881356,-0.0,7.97,41.965042372881356,-0.0,7.97,8,18,lower,Y,PISO_3,_,True
LT1:204:01,42.14512711864407,-0.0,7.97,42.14512711864407,-0.0,7.97,8,18,lower,Y,PISO_3,_,True
LT1:204:01,42.32521186440678,-0.0,7.97,42.32521186440678,-0.0,7.97,8,18,lower,Y,PISO_3,_,True
LT1:204:01,42.505296610169495,-0.0,7.97,42.505296610169495,-0.0,7.97,8,18,lower,Y,PISO_3,_,True
LT1:204:01,42.68538135593221,-0.0,7.97,42.68538135593221,-0.0,7.97,8,18,lower,Y,PISO_3,_,True
LT1:204:01,42.86546610169491,-0.0,7.97,42.86546610169491,-0.0,7.97,8,18,lower,Y,PISO_3,_,True
LT1:204:01,43.045550847457626,-0.0,7.97,43.045550847457626,-0.0,7.97,8,18,lower,Y,PISO_3,_,True
LT1:204:01,43.22563559322034,-0.0,7.97,43.22563559322034,-0.0,7.97,8,18,lower,Y,PISO_3,_,True
LT1:204:01,43.40572033898305,-0.0,7.97,43.40572033898305,-0.0,7.97,8,18,lower,Y,PISO_3,_,True
LT1:204:01,43.585805084745765,-0.0,7.97,43.585805084745765,-0.0,7.97,8,18,lower,Y,PISO_3,_,True
LT1:204:01,43.76588983050847,-0.0,7.97,43.76588983050847,-0.0,7.97,8,18,lower,Y,PISO_3,_,True
LT1:204:01,43.94597457627118,-0.0,7.97,43.94597457627118,-0.0,7.97,8,18,lower,Y,PISO_3,_,True
LT1:204:01,44.126059322033896,-0.0,7.97,44.126059322033896,-0.0,7.97,8,18,lower,Y,PISO_3,_,True
LT1:204:01,44.30614406779661,-0.0,7.97,44.30614406779661,-0.0,7.97,8,18,lower,Y,PISO_3,_,True
LT1:204:01,44.48622881355932,-0.0,7.97,44.48622881355932,-0.0,7.97,8,18,lower,Y,PISO_3,_,True
LT1:204:01,44.666313559322035,-0.0,7.97,44.666313559322035,-0.0,7.97,8,18,lower,Y,PISO_3,_,True
LT1:204:01,44.84639830508475,-0.0,7.97,44.84639830508475,-0.0,7.97,8,18,lower,Y,PISO_3,_,True
LT1:204:01,45.02648305084746,-0.0,7.97,45.02648305084746,-0.0,7.97,8,18,lower,Y,PISO_3,_,True
LT1:204:01,45.20656779661017,-0.0,7.97,45.20656779661017,-0.0,7.97,8,18,lower,Y,PISO_3,_,True
LT1:204:01,45.38665254237288,-0.0,7.97,45.38665254237288,-0.0,7.97,8,18,lower,Y,PISO_3,_,True
LT1:204:01,45.56673728813559,-0.0,7.97,45.56673728813559,-0.0,7.97,8,18,lower,Y,PISO_3,_,True
LT1:204:01,45.746822033898304,-0.0,7.97,45.746822033898304,-0.0,7.97,8,18,lower,Y,PISO_3,_,True
LT1:204:01,45.92690677966102,-0.0,7.97,45.92690677966102,-0.0,7.97,8,18,lower,Y,PISO_3,_,True
LT1:204:01,46.10699152542373,-0.0,7.97,46.10699152542373,-0.0,7.97,8,18,lower,Y,PISO_3,_,True
LT1:204:01,46.28707627118644,-0.0,7.97,46.28707627118644,-0.0,7.97,8,18,lower,Y,PISO_3,_,True
LT1:204:01,46.46716101694915,-0.0,7.97,46.46716101694915,-0.0,7.97,8,18,lower,Y,PISO_3,_,True
LT1:204:01,46.64724576271186,-0.0,7.97,46.64724576271186,-0.0,7.97,8,18,lower,Y,PISO_3,_,True
LT1:204:01,46.827330508474574,-0.0,7.97,46.827330508474574,-0.0,7.97,8,18,lower,Y,PISO_3,_,True
LT1:204:01,47.00741525423729,-0.0,7.97,47.00741525423729,-0.0,7.97,8,18,lower,Y,PISO_3,_,True
LT1:204:01,47.1875,-0.0,7.97,47.1875,-0.0,7.97,8,18,lower,Y,PISO_3,_,True
LT1:204:01,47.36758474576271,-0.0,7.97,47.36758474576271,-0.0,7.97,8,18,lower,Y,PISO_3,_,True
LT1:204:01,47.547669491525426,-0.0,7.97,47.547669491525426,-0.0,7.97,8,18,lower,Y,PISO_3,_,True
LT1:204:01,47.72775423728814,-0.0,7.97,47.72775423728814,-0.0,7.97,8,18,lower,Y,PISO_3,_,True
LT1:204:01,47.90783898305085,-0.0,7.97,47.90783898305085,-0.0,7.97,8,18,lower,Y,PISO_3,_,True
LT1:204:01,48.087923728813564,-0.0,7.97,48.087923728813564,-0.0,7.97,8,18,lower,Y,PISO_3,_,True
LT1:204:01,48.26800847457627,-0.0,7.97,48.26800847457627,-0.0,7.97,8,18,lower,Y,PISO_3,_,True
LT1:204:01,48.44809322033898,-0.0,7.97,48.44809322033898,-0.0,7.97,8,18,lower,Y,PISO_3,_,True
LT1:204:01,48.628177966101696,-0.0,7.97,48.628177966101696,-0.0,7.97,8,18,lower,Y,PISO_3,_,True
LT1:204:01,48.80826271186441,-0.0,7.97,48.80826271186441,-0.0,7.97,8,18,lower,Y,PISO_3,_,True
LT1:204:01,48.988347457627114,-0.0,7.97,48.988347457627114,-0.0,7.97,8,18,lower,Y,PISO_3,_,True
LT1:204:01,49.16843220338983,-0.0,7.97,49.16843220338983,-0.0,7.97,8,18,lower,Y,PISO_3,_,True
LT1:204:01,49.34851694915254,-0.0,7.97,49.34851694915254,-0.0,7.97,8,18,lower,Y,PISO_3,_,True
LT1:204:01,49.52860169491525,-0.0,7.97,49.52860169491525,-0.0,7.97,8,18,lower,Y,PISO_3,_,True
LT1:204:01,49.708686440677965,-0.0,7.97,49.708686440677965,-0.0,7.97,8,18,lower,Y,PISO_3,_,True
LT1:204:01,49.88877118644068,-0.0,7.97,49.88877118644068,-0.0,7.97,8,18,lower,Y,PISO_3,_,True
LT1:204:01,50.06885593220339,-0.0,7.97,50.06885593220339,-0.0,7.97,8,18,lower,Y,PISO_3,_,True
LT1:204:01,50.248940677966104,-0.0,7.97,50.248940677966104,-0.0,7.97,8,18,lower,Y,PISO_3,_,True
LT1:204:01,50.42902542372882,-0.0,7.97,50.42902542372882,-0.0,7.97,8,18,lower,Y,PISO_3,_,True
LT1:204:01,50.60911016949153,-0.0,7.97,50.60911016949153,-0.0,7.97,8,18,lower,Y,PISO_3,_,True
LT1:204:01,50.78919491525424,-0.0,7.97,50.78919491525424,-0.0,7.97,8,18,lower,Y,PISO_3,_,True
LT1:204:01,50.96927966101695,-0.0,7.97,50.96927966101695,-0.0,7.97,8,18,lower,Y,PISO_3,_,True
LT1:204:01,51.14936440677966,-0.0,7.97,51.14936440677966,-0.0,7.97,8,18,lower,Y,PISO_3,_,True
LT1:204:01,51.329449152542374,-0.0,7.97,51.329449152542374,-0.0,7.97,8,18,lower,Y,PISO_3,_,True
LT1:204:01,51.50953389830508,-0.0,7.97,51.50953389830508,-0.0,7.97,8,18,lower,Y,PISO_3,_,True
LT1:204:01,51.68961864406779,-0.0,7.97,51.68961864406779,-0.0,7.97,8,18,lower,Y,PISO_3,_,True
LT1:204:01,51.869703389830505,-0.0,7.97,51.869703389830505,-0.0,7.97,8,18,lower,Y,PISO_3,_,True
LT1:204:01,52.04978813559322,-0.0,7.97,52.04978813559322,-0.0,7.97,8,18,lower,Y,PISO_3,_,True
LT1:204:01,52.22987288135593,-0.0,7.97,52.22987288135593,-0.0,7.97,8,18,lower,Y,PISO_3,_,True
LT1:204:01,52.409957627118644,-0.0,7.97,52.409957627118644,-0.0,7.97,8,18,lower,Y,PISO_3,_,True
LT1:204:01,52.590042372881356,-0.0,7.97,52.590042372881356,-0.0,7.97,8,18,lower,Y,PISO_3,_,True
LT1:204:01,52.77012711864407,-0.0,7.97,52.77012711864407,-0.0,7.97,8,18,lower,Y,PISO_3,_,True
LT1:204:01,52.95021186440678,-0.0,7.97,52.95021186440678,-0.0,7.97,8,18,lower,Y,PISO_3,_,True
LT1:204:01,53.130296610169495,-0.0,7.97,53.130296610169495,-0.0,7.97,8,18,lower,Y,PISO_3,_,True
LT1:204:01,53.31038135593221,-0.0,7.97,53.31038135593221,-0.0,7.97,8,18,lower,Y,PISO_3,_,True
LT1:204:01,53.49046610169492,-0.0,7.97,53.49046610169492,-0.0,7.97,8,18,lower,Y,PISO_3,_,True
LT1:204:01,53.670550847457626,-0.0,7.97,53.670550847457626,-0.0,7.97,8,18,lower,Y,PISO_3,_,True
LT1:204:01,53.85063559322034,-0.0,7.97,53.85063559322034,-0.0,7.97,8,18,lower,Y,PISO_3,_,True
LT1:204:01,54.03072033898305,-0.0,7.97,54.03072033898305,-0.0,7.97,8,18,lower,Y,PISO_3,_,True
LT1:204:01,54.21080508474576,-0.0,7.97,54.21080508474576,-0.0,7.97,8,18,lower,Y,PISO_3,_,True
LT1:204:01,54.39088983050847,-0.0,7.97,54.39088983050847,-0.0,7.97,8,18,lower,Y,PISO_3,_,True
LT1:204:01,54.57097457627118,-0.0,7.97,54.57097457627118,-0.0,7.97,8,18,lower,Y,PISO_3,_,True
LT1:204:01,54.751059322033896,-0.0,7.97,54.751059322033896,-0.0,7.97,8,18,lower,Y,PISO_3,_,True
LT1:204:01,54.93114406779661,-0.0,7.97,54.93114406779661,-0.0,7.97,8,18,lower,Y,PISO_3,_,True
LT1:204:01,55.11122881355932,-0.0,7.97,55.11122881355932,-0.0,7.97,8,18,lower,Y,PISO_3,_,True
LT1:204:01,55.291313559322035,-0.0,7.97,55.291313559322035,-0.0,7.97,8,18,lower,Y,PISO_3,_,True
LT1:204:01,55.47139830508475,-0.0,7.97,55.47139830508475,-0.0,7.97,8,18,lower,Y,PISO_3,_,True
LT1:204:01,55.65148305084746,-0.0,7.97,55.65148305084746,-0.0,7.97,8,18,lower,Y,PISO_3,_,True
LT1:204:01,55.83156779661017,-0.0,7.97,55.83156779661017,-0.0,7.97,8,18,lower,Y,PISO_3,_,True
LT1:204:01,56.011652542372886,-0.0,7.97,56.011652542372886,-0.0,7.97,8,18,lower,Y,PISO_3,_,True
LT1:204:01,56.19173728813559,-0.0,7.97,56.19173728813559,-0.0,7.97,8,18,lower,Y,PISO_3,_,True
LT1:204:01,56.371822033898304,-0.0,7.97,56.371822033898304,-0.0,7.97,8,18,lower,Y,PISO_3,_,True
LT1:204:01,56.55190677966102,-0.0,7.97,56.55190677966102,-0.0,7.97,8,18,lower,Y,PISO_3,_,True
LT1:204:01,56.73199152542373,-0.0,7.97,56.73199152542373,-0.0,7.97,8,18,lower,Y,PISO_3,_,True
LT1:204:01,56.912076271186436,-0.0,7.97,56.912076271186436,-0.0,7.97,8,18,lower,Y,PISO_3,_,True
LT1:204:01,57.09216101694915,-0.0,7.97,57.09216101694915,-0.0,7.97,8,18,lower,Y,PISO_3,_,True
LT1:204:01,57.27224576271186,-0.0,7.97,57.27224576271186,-0.0,7.97,8,18,lower,Y,PISO_3,_,True
LT1:204:01,57.452330508474574,-0.0,7.97,57.452330508474574,-0.0,7.97,8,18,lower,Y,PISO_3,_,True
LT1:204:01,57.63241525423729,-0.0,7.97,57.63241525423729,-0.0,7.97,8,18,lower,Y,PISO_3,_,True
LT1:204:01,57.8125,-0.0,7.97,57.8125,-0.0,7.97,8,18,lower,Y,PISO_3,_,True
LT1:204:01,57.99258474576271,-0.0,7.97,57.99258474576271,-0.0,7.97,8,18,lower,Y,PISO_3,_,True
LT1:204:01,58.172669491525426,-0.0,7.97,58.172669491525426,-0.0,7.97,8,18,lower,Y,PISO_3,_,True
LT1:204:01,58.35275423728814,-0.0,7.97,58.35275423728814,-0.0,7.97,8,18,lower,Y,PISO_3,_,True
LT1:204:01,58.53283898305085,-0.0,7.97,58.53283898305085,-0.0,7.97,8,18,lower,Y,PISO_3,_,True
LT1:204:01,58.712923728813564,-0.0,7.97,58.712923728813564,-0.0,7.97,8,18,lower,Y,PISO_3,_,True
LT1:204:01,58.89300847457627,-0.0,7.97,58.89300847457627,-0.0,7.97,8,18,lower,Y,PISO_3,_,True
LT1:204:01,59.07309322033898,-0.0,7.97,59.07309322033898,-0.0,7.97,8,18,lower,Y,PISO_3,_,True
LT1:204:01,59.253177966101696,-0.0,7.97,59.253177966101696,-0.0,7.97,8,18,lower,Y,PISO_3,_,True
LT1:204:01,59.43326271186441,-0.0,7.97,59.43326271186441,-0.0,7.97,8,18,lower,Y,PISO_3,_,True
LT1:204:01,59.613347457627114,-0.0,7.97,59.613347457627114,-0.0,7.97,8,18,lower,Y,PISO_3,_,True
LT1:204:01,59.79343220338983,-0.0,7.97,59.79343220338983,-0.0,7.97,8,18,lower,Y,PISO_3,_,True
LT1:204:01,59.97351694915254,-0.0,7.97,59.97351694915254,-0.0,7.97,8,18,lower,Y,PISO_3,_,True
LT1:204:01,60.15360169491525,-0.0,7.97,60.15360169491525,-0.0,7.97,8,18,lower,Y,PISO_3,_,True
LT1:204:01,60.333686440677965,-0.0,7.97,60.333686440677965,-0.0,7.97,8,18,lower,Y,PISO_3,_,True
LT1:204:01,60.51377118644068,-0.0,7.97,60.51377118644068,-0.0,7.97,8,18,lower,Y,PISO_3,_,True
LT1:204:01,60.69385593220339,-0.0,7.97,60.69385593220339,-0.0,7.97,8,18,lower,Y,PISO_3,_,True
LT1:204:01,60.873940677966104,-0.0,7.97,60.873940677966104,-0.0,7.97,8,18,lower,Y,PISO_3,_,True
LT1:204:01,61.05402542372882,-0.0,7.97,61.05402542372882,-0.0,7.97,8,18,lower,Y,PISO_3,_,True
LT1:204:01,61.23411016949153,-0.0,7.97,61.23411016949153,-0.0,7.97,8,18,lower,Y,PISO_3,_,True
LT1:204:01,61.41419491525424,-0.0,7.97,61.41419491525424,-0.0,7.97,8,18,lower,Y,PISO_3,_,True
LT1:204:01,61.59427966101695,-0.0,7.97,61.59427966101695,-0.0,7.97,8,18,lower,Y,PISO_3,_,True
LT1:204:01,61.77436440677966,-0.0,7.97,61.77436440677966,-0.0,7.97,8,18,lower,Y,PISO_3,_,True
LT1:204:01,61.954449152542374,-0.0,7.97,61.954449152542374,-0.0,7.97,8,18,lower,Y,PISO_3,_,True
LT1:204:01,62.13453389830508,-0.0,7.97,62.13453389830508,-0.0,7.97,8,18,lower,Y,PISO_3,_,True
LT1:204:01,62.31461864406779,-0.0,7.97,62.31461864406779,-0.0,7.97,8,18,lower,Y,PISO_3,_,True
LT1:204:01,62.494703389830505,-0.0,7.97,62.494703389830505,-0.0,7.97,8,18,lower,Y,PISO_3,_,True
LT1:204:01,62.67478813559322,-0.0,7.97,62.67478813559322,-0.0,7.97,8,18,lower,Y,PISO_3,_,True
LT1:204:01,62.85487288135593,-0.0,7.97,62.85487288135593,-0.0,7.97,8,18,lower,Y,PISO_3,_,True
LT1:204:01,63.034957627118644,-0.0,7.97,63.034957627118644,-0.0,7.97,8,18,lower,Y,PISO_3,_,True
LT1:204:01,63.215042372881356,-0.0,7.97,63.215042372881356,-0.0,7.97,8,18,lower,Y,PISO_3,_,True
LT1:204:01,63.39512711864407,-0.0,7.97,63.39512711864407,-0.0,7.97,8,18,lower,Y,PISO_3,_,True
LT1:204:01,63.57521186440678,-0.0,7.97,63.57521186440678,-0.0,7.97,8,18,lower,Y,PISO_3,_,True
LT1:204:01,63.755296610169495,-0.0,7.97,63.755296610169495,-0.0,7.97,8,18,lower,Y,PISO_3,_,True
LT1:204:01,63.9353813559322,-0.0,7.97,63.9353813559322,-0.0,7.97,8,18,lower,Y,PISO_3,_,True
LT1:204:01,64.11546610169492,-0.0,7.97,64.11546610169492,-0.0,7.97,8,18,lower,Y,PISO_3,_,True
LT1:204:01,64.29555084745763,-0.0,7.97,64.29555084745763,-0.0,7.97,8,18,lower,Y,PISO_3,_,True
LT1:204:01,64.47563559322035,-0.0,7.97,64.47563559322035,-0.0,7.97,8,18,lower,Y,PISO_3,_,True
LT1:204:01,64.65572033898306,-0.0,7.97,64.65572033898306,-0.0,7.97,8,18,lower,Y,PISO_3,_,True
LT1:204:01,64.83580508474577,-0.0,7.97,64.83580508474577,-0.0,7.97,8,18,lower,Y,PISO_3,_,True
LT1:204:01,65.01588983050848,-0.0,7.97,65.01588983050848,-0.0,7.97,8,18,lower,Y,PISO_3,_,True
LT1:204:01,65.19597457627118,-0.0,7.97,65.19597457627118,-0.0,7.97,8,18,lower,Y,PISO_3,_,True
LT1:204:01,65.3760593220339,-0.0,7.97,65.3760593220339,-0.0,7.97,8,18,lower,Y,PISO_3,_,True
LT1:204:01,65.55614406779661,-0.0,7.97,65.55614406779661,-0.0,7.97,8,18,lower,Y,PISO_3,_,True
LT1:204:01,65.73622881355932,-0.0,7.97,65.73622881355932,-0.0,7.97,8,18,lower,Y,PISO_3,_,True
LT1:204:01,65.91631355932203,-0.0,7.97,65.91631355932203,-0.0,7.97,8,18,lower,Y,PISO_3,_,True
LT1:204:01,66.09639830508475,-0.0,7.97,66.09639830508475,-0.0,7.97,8,18,lower,Y,PISO_3,_,True
LT1:204:01,66.27648305084746,-0.0,7.97,66.27648305084746,-0.0,7.97,8,18,lower,Y,PISO_3,_,True
LT1:204:01,66.45656779661016,-0.0,7.97,66.45656779661016,-0.0,7.97,8,18,lower,Y,PISO_3,_,True
LT1:204:01,66.63665254237287,-0.0,7.97,66.63665254237287,-0.0,7.97,8,18,lower,Y,PISO_3,_,True
LT1:204:01,66.81673728813558,-0.0,7.97,66.81673728813558,-0.0,7.97,8,18,lower,Y,PISO_3,_,True
LT1:204:01,66.9968220338983,-0.0,7.97,66.9968220338983,-0.0,7.97,8,18,lower,Y,PISO_3,_,True
LT1:204:01,67.17690677966101,-0.0,7.97,67.17690677966101,-0.0,7.97,8,18,lower,Y,PISO_3,_,True
LT1:204:01,67.35699152542372,-0.0,7.97,67.35699152542372,-0.0,7.97,8,18,lower,Y,PISO_3,_,True
LT1:204:01,67.53707627118644,-0.0,7.97,67.53707627118644,-0.0,7.97,8,18,lower,Y,PISO_3,_,True
LT1:204:01,67.71716101694915,-0.0,7.97,67.71716101694915,-0.0,7.97,8,18,lower,Y,PISO_3,_,True
LT1:204:01,67.89724576271186,-0.0,7.97,67.89724576271186,-0.0,7.97,8,18,lower,Y,PISO_3,_,True
LT1:204:01,68.07733050847457,-0.0,7.97,68.07733050847457,-0.0,7.97,8,18,lower,Y,PISO_3,_,True
LT1:204:01,68.25741525423729,-0.0,7.97,68.25741525423729,-0.0,7.97,8,18,lower,Y,PISO_3,_,True
LT1:204:01,68.4375,-0.0,7.97,68.4375,-0.0,7.97,8,18,lower,Y,PISO_3,_,True
LT1:204:01,68.61758474576271,-0.0,7.97,68.61758474576271,-0.0,7.97,8,18,lower,Y,PISO_3,_,True
LT1:204:01,68.79766949152543,-0.0,7.97,68.79766949152543,-0.0,7.97,8,18,lower,Y,PISO_3,_,True
LT1:204:01,68.97775423728814,-0.0,7.97,68.97775423728814,-0.0,7.97,8,18,lower,Y,PISO_3,_,True
LT1:204:01,69.15783898305085,-0.0,7.97,69.15783898305085,-0.0,7.97,8,18,lower,Y,PISO_3,_,True
LT1:204:01,69.33792372881356,-0.0,7.97,69.33792372881356,-0.0,7.97,8,18,lower,Y,PISO_3,_,True
LT1:204:01,69.51800847457628,-0.0,7.97,69.51800847457628,-0.0,7.97,8,18,lower,Y,PISO_3,_,True
LT1:204:01,69.69809322033899,-0.0,7.97,69.69809322033899,-0.0,7.97,8,18,lower,Y,PISO_3,_,True
LT1:204:01,69.8781779661017,-0.0,7.97,69.8781779661017,-0.0,7.97,8,18,lower,Y,PISO_3,_,True
LT1:204:01,70.05826271186442,-0.0,7.97,70.05826271186442,-0.0,7.97,8,18,lower,Y,PISO_3,_,True
LT1:204:01,70.23834745762713,-0.0,7.97,70.23834745762713,-0.0,7.97,8,18,lower,Y,PISO_3,_,True
LT1:204:01,70.41843220338984,-0.0,7.97,70.41843220338984,-0.0,7.97,8,18,lower,Y,PISO_3,_,True
LT1:204:01,70.59851694915254,-0.0,7.97,70.59851694915254,-0.0,7.97,8,18,lower,Y,PISO_3,_,True
LT1:204:01,70.77860169491525,-0.0,7.97,70.77860169491525,-0.0,7.97,8,18,lower,Y,PISO_3,_,True
LT1:204:01,70.95868644067797,-0.0,7.97,70.95868644067797,-0.0,7.97,8,18,lower,Y,PISO_3,_,True
LT1:204:01,71.13877118644068,-0.0,7.97,71.13877118644068,-0.0,7.97,8,18,lower,Y,PISO_3,_,True
LT1:204:01,71.31885593220339,-0.0,7.97,71.31885593220339,-0.0,7.97,8,18,lower,Y,PISO_3,_,True
LT1:204:01,71.4989406779661,-0.0,7.97,71.4989406779661,-0.0,7.97,8,18,lower,Y,PISO_3,_,True
LT1:204:01,71.67902542372882,-0.0,7.97,71.67902542372882,-0.0,7.97,8,18,lower,Y,PISO_3,_,True
LT1:204:01,71.85911016949152,-0.0,7.97,71.85911016949152,-0.0,7.97,8,18,lower,Y,PISO_3,_,True
LT1:204:01,72.03919491525423,-0.0,7.97,72.03919491525423,-0.0,7.97,8,18,lower,Y,PISO_3,_,True
LT1:204:01,72.21927966101694,-0.0,7.97,72.21927966101694,-0.0,7.97,8,18,lower,Y,PISO_3,_,True
LT1:204:01,72.39936440677965,-0.0,7.97,72.39936440677965,-0.0,7.97,8,18,lower,Y,PISO_3,_,True
LT1:204:01,72.57944915254237,-0.0,7.97,72.57944915254237,-0.0,7.97,8,18,lower,Y,PISO_3,_,True
LT1:204:01,72.75953389830508,-0.0,7.97,72.75953389830508,-0.0,7.97,8,18,lower,Y,PISO_3,_,True
LT1:204:01,72.93961864406779,-0.0,7.97,72.93961864406779,-0.0,7.97,8,18,lower,Y,PISO_3,_,True
LT1:204:01,73.1197033898305,-0.0,7.97,73.1197033898305,-0.0,7.97,8,18,lower,Y,PISO_3,_,True
LT1:204:01,73.29978813559322,-0.0,7.97,73.29978813559322,-0.0,7.97,8,18,lower,Y,PISO_3,_,True
LT1:204:01,73.47987288135593,-0.0,7.97,73.47987288135593,-0.0,7.97,8,18,lower,Y,PISO_3,_,True
LT1:204:01,73.65995762711864,-0.0,7.97,73.65995762711864,-0.0,7.97,8,18,lower,Y,PISO_3,_,True
LT1:204:02,31.25,16.15,7.97,73.75,16.15,7.97,8,16,lower,X,PISO_3,_,True
LT1:204:02,31.329887218045112,16.15,7.97,31.329887218045112,16.15,7.97,8,16,lower,Y,PISO_3,_,True
LT1:204:02,31.48966165413534,16.15,7.97,31.48966165413534,16.15,7.97,8,16,lower,Y,PISO_3,_,True
LT1:204:02,31.649436090225564,16.15,7.97,31.649436090225564,16.15,7.97,8,16,lower,Y,PISO_3,_,True
LT1:204:02,31.80921052631579,16.15,7.97,31.80921052631579,16.15,7.97,8,16,lower,Y,PISO_3,_,True
LT1:204:02,31.968984962406015,16.15,7.97,31.968984962406015,16.15,7.97,8,16,lower,Y,PISO_3,_,True
LT1:204:02,32.12875939849624,16.15,7.97,32.12875939849624,16.15,7.97,8,16,lower,Y,PISO_3,_,True
LT1:204:02,32.28853383458647,16.15,7.97,32.28853383458647,16.15,7.97,8,16,lower,Y,PISO_3,_,True
LT1:204:02,32.44830827067669,16.15,7.97,32.44830827067669,16.15,7.97,8,16,lower,Y,PISO_3,_,True
LT1:204:02,32.608082706766915,16.15,7.97,32.608082706766915,16.15,7.97,8,16,lower,Y,PISO_3,_,True
LT1:204:02,32.767857142857146,16.15,7.97,32.767857142857146,16.15,7.97,8,16,lower,Y,PISO_3,_,True
LT1:204:02,32.92763157894737,16.15,7.97,32.92763157894737,16.15,7.97,8,16,lower,Y,PISO_3,_,True
LT1:204:02,33.087406015037594,16.15,7.97,33.087406015037594,16.15,7.97,8,16,lower,Y,PISO_3,_,True
LT1:204:02,33.24718045112782,16.15,7.97,33.24718045112782,16.15,7.97,8,16,lower,Y,PISO_3,_,True
LT1:204:02,33.40695488721804,16.15,7.97,33.40695488721804,16.15,7.97,8,16,lower,Y,PISO_3,_,True
LT1:204:02,33.56672932330827,16.15,7.97,33.56672932330827,16.15,7.97,8,16,lower,Y,PISO_3,_,True
LT1:204:02,33.7265037593985,16.15,7.97,33.7265037593985,16.15,7.97,8,16,lower,Y,PISO_3,_,True
LT1:204:02,33.88627819548872,16.15,7.97,33.88627819548872,16.15,7.97,8,16,lower,Y,PISO_3,_,True
LT1:204:02,34.046052631578945,16.15,7.97,34.046052631578945,16.15,7.97,8,16,lower,Y,PISO_3,_,True
LT1:204:02,34.205827067669176,16.15,7.97,34.205827067669176,16.15,7.97,8,16,lower,Y,PISO_3,_,True
LT1:204:02,34.3656015037594,16.15,7.97,34.3656015037594,16.15,7.97,8,16,lower,Y,PISO_3,_,True
LT1:204:02,34.525375939849624,16.15,7.97,34.525375939849624,16.15,7.97,8,16,lower,Y,PISO_3,_,True
LT1:204:02,34.68515037593985,16.15,7.97,34.68515037593985,16.15,7.97,8,16,lower,Y,PISO_3,_,True
LT1:204:02,34.84492481203007,16.15,7.97,34.84492481203007,16.15,7.97,8,16,lower,Y,PISO_3,_,True
LT1:204:02,35.0046992481203,16.15,7.97,35.0046992481203,16.15,7.97,8,16,lower,Y,PISO_3,_,True
LT1:204:02,35.16447368421053,16.15,7.97,35.16447368421053,16.15,7.97,8,16,lower,Y,PISO_3,_,True
LT1:204:02,35.32424812030075,16.15,7.97,35.32424812030075,16.15,7.97,8,16,lower,Y,PISO_3,_,True
LT1:204:02,35.484022556390975,16.15,7.97,35.484022556390975,16.15,7.97,8,16,lower,Y,PISO_3,_,True
LT1:204:02,35.6437969924812,16.15,7.97,35.6437969924812,16.15,7.97,8,16,lower,Y,PISO_3,_,True
LT1:204:02,35.80357142857143,16.15,7.97,35.80357142857143,16.15,7.97,8,16,lower,Y,PISO_3,_,True
LT1:204:02,35.963345864661655,16.15,7.97,35.963345864661655,16.15,7.97,8,16,lower,Y,PISO_3,_,True
LT1:204:02,36.12312030075188,16.15,7.97,36.12312030075188,16.15,7.97,8,16,lower,Y,PISO_3,_,True
LT1:204:02,36.2828947368421,16.15,7.97,36.2828947368421,16.15,7.97,8,16,lower,Y,PISO_3,_,True
LT1:204:02,36.442669172932334,16.15,7.97,36.442669172932334,16.15,7.97,8,16,lower,Y,PISO_3,_,True
LT1:204:02,36.60244360902256,16.15,7.97,36.60244360902256,16.15,7.97,8,16,lower,Y,PISO_3,_,True
LT1:204:02,36.76221804511278,16.15,7.97,36.76221804511278,16.15,7.97,8,16,lower,Y,PISO_3,_,True
LT1:204:02,36.921992481203006,16.15,7.97,36.921992481203006,16.15,7.97,8,16,lower,Y,PISO_3,_,True
LT1:204:02,37.08176691729324,16.15,7.97,37.08176691729324,16.15,7.97,8,16,lower,Y,PISO_3,_,True
LT1:204:02,37.24154135338346,16.15,7.97,37.24154135338346,16.15,7.97,8,16,lower,Y,PISO_3,_,True
LT1:204:02,37.401315789473685,16.15,7.97,37.401315789473685,16.15,7.97,8,16,lower,Y,PISO_3,_,True
LT1:204:02,37.56109022556391,16.15,7.97,37.56109022556391,16.15,7.97,8,16,lower,Y,PISO_3,_,True
LT1:204:02,37.72086466165413,16.15,7.97,37.72086466165413,16.15,7.97,8,16,lower,Y,PISO_3,_,True
LT1:204:02,37.880639097744364,16.15,7.97,37.880639097744364,16.15,7.97,8,16,lower,Y,PISO_3,_,True
LT1:204:02,38.04041353383459,16.15,7.97,38.04041353383459,16.15,7.97,8,16,lower,Y,PISO_3,_,True
LT1:204:02,38.20018796992481,16.15,7.97,38.20018796992481,16.15,7.97,8,16,lower,Y,PISO_3,_,True
LT1:204:02,38.359962406015036,16.15,7.97,38.359962406015036,16.15,7.97,8,16,lower,Y,PISO_3,_,True
LT1:204:02,38.51973684210526,16.15,7.97,38.51973684210526,16.15,7.97,8,16,lower,Y,PISO_3,_,True
LT1:204:02,38.67951127819549,16.15,7.97,38.67951127819549,16.15,7.97,8,16,lower,Y,PISO_3,_,True
LT1:204:02,38.839285714285715,16.15,7.97,38.839285714285715,16.15,7.97,8,16,lower,Y,PISO_3,_,True
LT1:204:02,38.99906015037594,16.15,7.97,38.99906015037594,16.15,7.97,8,16,lower,Y,PISO_3,_,True
LT1:204:02,39.15883458646616,16.15,7.97,39.15883458646616,16.15,7.97,8,16,lower,Y,PISO_3,_,True
LT1:204:02,39.31860902255639,16.15,7.97,39.31860902255639,16.15,7.97,8,16,lower,Y,PISO_3,_,True
LT1:204:02,39.47838345864662,16.15,7.97,39.47838345864662,16.15,7.97,8,16,lower,Y,PISO_3,_,True
LT1:204:02,39.63815789473684,16.15,7.97,39.63815789473684,16.15,7.97,8,16,lower,Y,PISO_3,_,True
LT1:204:02,39.79793233082707,16.15,7.97,39.79793233082707,16.15,7.97,8,16,lower,Y,PISO_3,_,True
LT1:204:02,39.9577067669173,16.15,7.97,39.9577067669173,16.15,7.97,8,16,lower,Y,PISO_3,_,True
LT1:204:02,40.117481203007515,16.15,7.97,40.117481203007515,16.15,7.97,8,16,lower,Y,PISO_3,_,True
LT1:204:02,40.277255639097746,16.15,7.97,40.277255639097746,16.15,7.97,8,16,lower,Y,PISO_3,_,True
LT1:204:02,40.43703007518797,16.15,7.97,40.43703007518797,16.15,7.97,8,16,lower,Y,PISO_3,_,True
LT1:204:02,40.596804511278194,16.15,7.97,40.596804511278194,16.15,7.97,8,16,lower,Y,PISO_3,_,True
LT1:204:02,40.756578947368425,16.15,7.97,40.756578947368425,16.15,7.97,8,16,lower,Y,PISO_3,_,True
LT1:204:02,40.91635338345865,16.15,7.97,40.91635338345865,16.15,7.97,8,16,lower,Y,PISO_3,_,True
LT1:204:02,41.07612781954887,16.15,7.97,41.07612781954887,16.15,7.97,8,16,lower,Y,PISO_3,_,True
LT1:204:02,41.2359022556391,16.15,7.97,41.2359022556391,16.15,7.97,8,16,lower,Y,PISO_3,_,True
LT1:204:02,41.39567669172932,16.15,7.97,41.39567669172932,16.15,7.97,8,16,lower,Y,PISO_3,_,True
LT1:204:02,41.55545112781955,16.15,7.97,41.55545112781955,16.15,7.97,8,16,lower,Y,PISO_3,_,True
LT1:204:02,41.715225563909776,16.15,7.97,41.715225563909776,16.15,7.97,8,16,lower,Y,PISO_3,_,True
LT1:204:02,41.875,16.15,7.97,41.875,16.15,7.97,8,16,lower,Y,PISO_3,_,True
LT1:204:02,42.034774436090224,16.15,7.97,42.034774436090224,16.15,7.97,8,16,lower,Y,PISO_3,_,True
LT1:204:02,42.19454887218045,16.15,7.97,42.19454887218045,16.15,7.97,8,16,lower,Y,PISO_3,_,True
LT1:204:02,42.35432330827068,16.15,7.97,42.35432330827068,16.15,7.97,8,16,lower,Y,PISO_3,_,True
LT1:204:02,42.5140977443609,16.15,7.97,42.5140977443609,16.15,7.97,8,16,lower,Y,PISO_3,_,True
LT1:204:02,42.67387218045113,16.15,7.97,42.67387218045113,16.15,7.97,8,16,lower,Y,PISO_3,_,True
LT1:204:02,42.83364661654135,16.15,7.97,42.83364661654135,16.15,7.97,8,16,lower,Y,PISO_3,_,True
LT1:204:02,42.993421052631575,16.15,7.97,42.993421052631575,16.15,7.97,8,16,lower,Y,PISO_3,_,True
LT1:204:02,43.153195488721806,16.15,7.97,43.153195488721806,16.15,7.97,8,16,lower,Y,PISO_3,_,True
LT1:204:02,43.31296992481203,16.15,7.97,43.31296992481203,16.15,7.97,8,16,lower,Y,PISO_3,_,True
LT1:204:02,43.472744360902254,16.15,7.97,43.472744360902254,16.15,7.97,8,16,lower,Y,PISO_3,_,True
LT1:204:02,43.632518796992485,16.15,7.97,43.632518796992485,16.15,7.97,8,16,lower,Y,PISO_3,_,True
LT1:204:02,43.7922932330827,16.15,7.97,43.7922932330827,16.15,7.97,8,16,lower,Y,PISO_3,_,True
LT1:204:02,43.95206766917293,16.15,7.97,43.95206766917293,16.15,7.97,8,16,lower,Y,PISO_3,_,True
LT1:204:02,44.11184210526316,16.15,7.97,44.11184210526316,16.15,7.97,8,16,lower,Y,PISO_3,_,True
LT1:204:02,44.27161654135338,16.15,7.97,44.27161654135338,16.15,7.97,8,16,lower,Y,PISO_3,_,True
LT1:204:02,44.43139097744361,16.15,7.97,44.43139097744361,16.15,7.97,8,16,lower,Y,PISO_3,_,True
LT1:204:02,44.59116541353384,16.15,7.97,44.59116541353384,16.15,7.97,8,16,lower,Y,PISO_3,_,True
LT1:204:02,44.75093984962406,16.15,7.97,44.75093984962406,16.15,7.97,8,16,lower,Y,PISO_3,_,True
LT1:204:02,44.910714285714285,16.15,7.97,44.910714285714285,16.15,7.97,8,16,lower,Y,PISO_3,_,True
LT1:204:02,45.07048872180451,16.15,7.97,45.07048872180451,16.15,7.97,8,16,lower,Y,PISO_3,_,True
LT1:204:02,45.23026315789474,16.15,7.97,45.23026315789474,16.15,7.97,8,16,lower,Y,PISO_3,_,True
LT1:204:02,45.390037593984964,16.15,7.97,45.390037593984964,16.15,7.97,8,16,lower,Y,PISO_3,_,True
LT1:204:02,45.54981203007519,16.15,7.97,45.54981203007519,16.15,7.97,8,16,lower,Y,PISO_3,_,True
LT1:204:02,45.70958646616541,16.15,7.97,45.70958646616541,16.15,7.97,8,16,lower,Y,PISO_3,_,True
LT1:204:02,45.869360902255636,16.15,7.97,45.869360902255636,16.15,7.97,8,16,lower,Y,PISO_3,_,True
LT1:204:02,46.02913533834587,16.15,7.97,46.02913533834587,16.15,7.97,8,16,lower,Y,PISO_3,_,True
LT1:204:02,46.18890977443609,16.15,7.97,46.18890977443609,16.15,7.97,8,16,lower,Y,PISO_3,_,True
LT1:204:02,46.348684210526315,16.15,7.97,46.348684210526315,16.15,7.97,8,16,lower,Y,PISO_3,_,True
LT1:204:02,46.50845864661654,16.15,7.97,46.50845864661654,16.15,7.97,8,16,lower,Y,PISO_3,_,True
LT1:204:02,46.66823308270676,16.15,7.97,46.66823308270676,16.15,7.97,8,16,lower,Y,PISO_3,_,True
LT1:204:02,46.828007518796994,16.15,7.97,46.828007518796994,16.15,7.97,8,16,lower,Y,PISO_3,_,True
LT1:204:02,46.98778195488722,16.15,7.97,46.98778195488722,16.15,7.97,8,16,lower,Y,PISO_3,_,True
LT1:204:02,47.14755639097744,16.15,7.97,47.14755639097744,16.15,7.97,8,16,lower,Y,PISO_3,_,True
LT1:204:02,47.30733082706767,16.15,7.97,47.30733082706767,16.15,7.97,8,16,lower,Y,PISO_3,_,True
LT1:204:02,47.46710526315789,16.15,7.97,47.46710526315789,16.15,7.97,8,16,lower,Y,PISO_3,_,True
LT1:204:02,47.62687969924812,16.15,7.97,47.62687969924812,16.15,7.97,8,16,lower,Y,PISO_3,_,True
LT1:204:02,47.786654135338345,16.15,7.97,47.786654135338345,16.15,7.97,8,16,lower,Y,PISO_3,_,True
LT1:204:02,47.94642857142857,16.15,7.97,47.94642857142857,16.15,7.97,8,16,lower,Y,PISO_3,_,True
LT1:204:02,48.1062030075188,16.15,7.97,48.1062030075188,16.15,7.97,8,16,lower,Y,PISO_3,_,True
LT1:204:02,48.26597744360902,16.15,7.97,48.26597744360902,16.15,7.97,8,16,lower,Y,PISO_3,_,True
LT1:204:02,48.42575187969925,16.15,7.97,48.42575187969925,16.15,7.97,8,16,lower,Y,PISO_3,_,True
LT1:204:02,48.58552631578947,16.15,7.97,48.58552631578947,16.15,7.97,8,16,lower,Y,PISO_3,_,True
LT1:204:02,48.7453007518797,16.15,7.97,48.7453007518797,16.15,7.97,8,16,lower,Y,PISO_3,_,True
LT1:204:02,48.90507518796993,16.15,7.97,48.90507518796993,16.15,7.97,8,16,lower,Y,PISO_3,_,True
LT1:204:02,49.06484962406015,16.15,7.97,49.06484962406015,16.15,7.97,8,16,lower,Y,PISO_3,_,True
LT1:204:02,49.224624060150376,16.15,7.97,49.224624060150376,16.15,7.97,8,16,lower,Y,PISO_3,_,True
LT1:204:02,49.3843984962406,16.15,7.97,49.3843984962406,16.15,7.97,8,16,lower,Y,PISO_3,_,True
LT1:204:02,49.544172932330824,16.15,7.97,49.544172932330824,16.15,7.97,8,16,lower,Y,PISO_3,_,True
LT1:204:02,49.703947368421055,16.15,7.97,49.703947368421055,16.15,7.97,8,16,lower,Y,PISO_3,_,True
LT1:204:02,49.86372180451128,16.15,7.97,49.86372180451128,16.15,7.97,8,16,lower,Y,PISO_3,_,True
LT1:204:02,50.0234962406015,16.15,7.97,50.0234962406015,16.15,7.97,8,16,lower,Y,PISO_3,_,True
LT1:204:02,50.183270676691734,16.15,7.97,50.183270676691734,16.15,7.97,8,16,lower,Y,PISO_3,_,True
LT1:204:02,50.34304511278195,16.15,7.97,50.34304511278195,16.15,7.97,8,16,lower,Y,PISO_3,_,True
LT1:204:02,50.50281954887218,16.15,7.97,50.50281954887218,16.15,7.97,8,16,lower,Y,PISO_3,_,True
LT1:204:02,50.662593984962406,16.15,7.97,50.662593984962406,16.15,7.97,8,16,lower,Y,PISO_3,_,True
LT1:204:02,50.82236842105263,16.15,7.97,50.82236842105263,16.15,7.97,8,16,lower,Y,PISO_3,_,True
LT1:204:02,50.98214285714286,16.15,7.97,50.98214285714286,16.15,7.97,8,16,lower,Y,PISO_3,_,True
LT1:204:02,51.14191729323308,16.15,7.97,51.14191729323308,16.15,7.97,8,16,lower,Y,PISO_3,_,True
LT1:204:02,51.30169172932331,16.15,7.97,51.30169172932331,16.15,7.97,8,16,lower,Y,PISO_3,_,True
LT1:204:02,51.46146616541353,16.15,7.97,51.46146616541353,16.15,7.97,8,16,lower,Y,PISO_3,_,True
LT1:204:02,51.62124060150376,16.15,7.97,51.62124060150376,16.15,7.97,8,16,lower,Y,PISO_3,_,True
LT1:204:02,51.78101503759399,16.15,7.97,51.78101503759399,16.15,7.97,8,16,lower,Y,PISO_3,_,True
LT1:204:02,51.940789473684205,16.15,7.97,51.940789473684205,16.15,7.97,8,16,lower,Y,PISO_3,_,True
LT1:204:02,52.100563909774436,16.15,7.97,52.100563909774436,16.15,7.97,8,16,lower,Y,PISO_3,_,True
LT1:204:02,52.26033834586466,16.15,7.97,52.26033834586466,16.15,7.97,8,16,lower,Y,PISO_3,_,True
LT1:204:02,52.420112781954884,16.15,7.97,52.420112781954884,16.15,7.97,8,16,lower,Y,PISO_3,_,True
LT1:204:02,52.579887218045116,16.15,7.97,52.579887218045116,16.15,7.97,8,16,lower,Y,PISO_3,_,True
LT1:204:02,52.73966165413534,16.15,7.97,52.73966165413534,16.15,7.97,8,16,lower,Y,PISO_3,_,True
LT1:204:02,52.899436090225564,16.15,7.97,52.899436090225564,16.15,7.97,8,16,lower,Y,PISO_3,_,True
LT1:204:02,53.059210526315795,16.15,7.97,53.059210526315795,16.15,7.97,8,16,lower,Y,PISO_3,_,True
LT1:204:02,53.21898496240601,16.15,7.97,53.21898496240601,16.15,7.97,8,16,lower,Y,PISO_3,_,True
LT1:204:02,53.37875939849624,16.15,7.97,53.37875939849624,16.15,7.97,8,16,lower,Y,PISO_3,_,True
LT1:204:02,53.53853383458647,16.15,7.97,53.53853383458647,16.15,7.97,8,16,lower,Y,PISO_3,_,True
LT1:204:02,53.69830827067669,16.15,7.97,53.69830827067669,16.15,7.97,8,16,lower,Y,PISO_3,_,True
LT1:204:02,53.85808270676692,16.15,7.97,53.85808270676692,16.15,7.97,8,16,lower,Y,PISO_3,_,True
LT1:204:02,54.01785714285714,16.15,7.97,54.01785714285714,16.15,7.97,8,16,lower,Y,PISO_3,_,True
LT1:204:02,54.17763157894737,16.15,7.97,54.17763157894737,16.15,7.97,8,16,lower,Y,PISO_3,_,True
LT1:204:02,54.337406015037594,16.15,7.97,54.337406015037594,16.15,7.97,8,16,lower,Y,PISO_3,_,True
LT1:204:02,54.49718045112782,16.15,7.97,54.49718045112782,16.15,7.97,8,16,lower,Y,PISO_3,_,True
LT1:204:02,54.65695488721805,16.15,7.97,54.65695488721805,16.15,7.97,8,16,lower,Y,PISO_3,_,True
LT1:204:02,54.816729323308266,16.15,7.97,54.816729323308266,16.15,7.97,8,16,lower,Y,PISO_3,_,True
LT1:204:02,54.9765037593985,16.15,7.97,54.9765037593985,16.15,7.97,8,16,lower,Y,PISO_3,_,True
LT1:204:02,55.13627819548872,16.15,7.97,55.13627819548872,16.15,7.97,8,16,lower,Y,PISO_3,_,True
LT1:204:02,55.296052631578945,16.15,7.97,55.296052631578945,16.15,7.97,8,16,lower,Y,PISO_3,_,True
LT1:204:02,55.455827067669176,16.15,7.97,55.455827067669176,16.15,7.97,8,16,lower,Y,PISO_3,_,True
LT1:204:02,55.6156015037594,16.15,7.97,55.6156015037594,16.15,7.97,8,16,lower,Y,PISO_3,_,True
LT1:204:02,55.775375939849624,16.15,7.97,55.775375939849624,16.15,7.97,8,16,lower,Y,PISO_3,_,True
LT1:204:02,55.93515037593985,16.15,7.97,55.93515037593985,16.15,7.97,8,16,lower,Y,PISO_3,_,True
LT1:204:02,56.09492481203007,16.15,7.97,56.09492481203007,16.15,7.97,8,16,lower,Y,PISO_3,_,True
LT1:204:02,56.2546992481203,16.15,7.97,56.2546992481203,16.15,7.97,8,16,lower,Y,PISO_3,_,True
LT1:204:02,56.41447368421053,16.15,7.97,56.41447368421053,16.15,7.97,8,16,lower,Y,PISO_3,_,True
LT1:204:02,56.57424812030075,16.15,7.97,56.57424812030075,16.15,7.97,8,16,lower,Y,PISO_3,_,True
LT1:204:02,56.73402255639098,16.15,7.97,56.73402255639098,16.15,7.97,8,16,lower,Y,PISO_3,_,True
LT1:204:02,56.8937969924812,16.15,7.97,56.8937969924812,16.15,7.97,8,16,lower,Y,PISO_3,_,True
LT1:204:02,57.05357142857143,16.15,7.97,57.05357142857143,16.15,7.97,8,16,lower,Y,PISO_3,_,True
LT1:204:02,57.213345864661655,16.15,7.97,57.213345864661655,16.15,7.97,8,16,lower,Y,PISO_3,_,True
LT1:204:02,57.37312030075188,16.15,7.97,57.37312030075188,16.15,7.97,8,16,lower,Y,PISO_3,_,True
LT1:204:02,57.53289473684211,16.15,7.97,57.53289473684211,16.15,7.97,8,16,lower,Y,PISO_3,_,True
LT1:204:02,57.69266917293233,16.15,7.97,57.69266917293233,16.15,7.97,8,16,lower,Y,PISO_3,_,True
LT1:204:02,57.85244360902256,16.15,7.97,57.85244360902256,16.15,7.97,8,16,lower,Y,PISO_3,_,True
LT1:204:02,58.01221804511278,16.15,7.97,58.01221804511278,16.15,7.97,8,16,lower,Y,PISO_3,_,True
LT1:204:02,58.171992481203006,16.15,7.97,58.171992481203006,16.15,7.97,8,16,lower,Y,PISO_3,_,True
LT1:204:02,58.33176691729324,16.15,7.97,58.33176691729324,16.15,7.97,8,16,lower,Y,PISO_3,_,True
LT1:204:02,58.491541353383454,16.15,7.97,58.491541353383454,16.15,7.97,8,16,lower,Y,PISO_3,_,True
LT1:204:02,58.651315789473685,16.15,7.97,58.651315789473685,16.15,7.97,8,16,lower,Y,PISO_3,_,True
LT1:204:02,58.81109022556391,16.15,7.97,58.81109022556391,16.15,7.97,8,16,lower,Y,PISO_3,_,True
LT1:204:02,58.97086466165413,16.15,7.97,58.97086466165413,16.15,7.97,8,16,lower,Y,PISO_3,_,True
LT1:204:02,59.130639097744364,16.15,7.97,59.130639097744364,16.15,7.97,8,16,lower,Y,PISO_3,_,True
LT1:204:02,59.29041353383459,16.15,7.97,59.29041353383459,16.15,7.97,8,16,lower,Y,PISO_3,_,True
LT1:204:02,59.45018796992481,16.15,7.97,59.45018796992481,16.15,7.97,8,16,lower,Y,PISO_3,_,True
LT1:204:02,59.609962406015036,16.15,7.97,59.609962406015036,16.15,7.97,8,16,lower,Y,PISO_3,_,True
LT1:204:02,59.76973684210526,16.15,7.97,59.76973684210526,16.15,7.97,8,16,lower,Y,PISO_3,_,True
LT1:204:02,59.92951127819549,16.15,7.97,59.92951127819549,16.15,7.97,8,16,lower,Y,PISO_3,_,True
LT1:204:02,60.089285714285715,16.15,7.97,60.089285714285715,16.15,7.97,8,16,lower,Y,PISO_3,_,True
LT1:204:02,60.24906015037594,16.15,7.97,60.24906015037594,16.15,7.97,8,16,lower,Y,PISO_3,_,True
LT1:204:02,60.40883458646617,16.15,7.97,60.40883458646617,16.15,7.97,8,16,lower,Y,PISO_3,_,True
LT1:204:02,60.56860902255639,16.15,7.97,60.56860902255639,16.15,7.97,8,16,lower,Y,PISO_3,_,True
LT1:204:02,60.72838345864662,16.15,7.97,60.72838345864662,16.15,7.97,8,16,lower,Y,PISO_3,_,True
LT1:204:02,60.88815789473684,16.15,7.97,60.88815789473684,16.15,7.97,8,16,lower,Y,PISO_3,_,True
LT1:204:02,61.04793233082707,16.15,7.97,61.04793233082707,16.15,7.97,8,16,lower,Y,PISO_3,_,True
LT1:204:02,61.2077067669173,16.15,7.97,61.2077067669173,16.15,7.97,8,16,lower,Y,PISO_3,_,True
LT1:204:02,61.367481203007515,16.15,7.97,61.367481203007515,16.15,7.97,8,16,lower,Y,PISO_3,_,True
LT1:204:02,61.527255639097746,16.15,7.97,61.527255639097746,16.15,7.97,8,16,lower,Y,PISO_3,_,True
LT1:204:02,61.68703007518797,16.15,7.97,61.68703007518797,16.15,7.97,8,16,lower,Y,PISO_3,_,True
LT1:204:02,61.846804511278194,16.15,7.97,61.846804511278194,16.15,7.97,8,16,lower,Y,PISO_3,_,True
LT1:204:02,62.006578947368425,16.15,7.97,62.006578947368425,16.15,7.97,8,16,lower,Y,PISO_3,_,True
LT1:204:02,62.16635338345864,16.15,7.97,62.16635338345864,16.15,7.97,8,16,lower,Y,PISO_3,_,True
LT1:204:02,62.32612781954887,16.15,7.97,62.32612781954887,16.15,7.97,8,16,lower,Y,PISO_3,_,True
LT1:204:02,62.4859022556391,16.15,7.97,62.4859022556391,16.15,7.97,8,16,lower,Y,PISO_3,_,True
LT1:204:02,62.64567669172932,16.15,7.97,62.64567669172932,16.15,7.97,8,16,lower,Y,PISO_3,_,True
LT1:204:02,62.80545112781955,16.15,7.97,62.80545112781955,16.15,7.97,8,16,lower,Y,PISO_3,_,True
LT1:204:02,62.965225563909776,16.15,7.97,62.965225563909776,16.15,7.97,8,16,lower,Y,PISO_3,_,True
LT1:204:02,63.125,16.15,7.97,63.125,16.15,7.97,8,16,lower,Y,PISO_3,_,True
LT1:204:02,63.284774436090224,16.15,7.97,63.284774436090224,16.15,7.97,8,16,lower,Y,PISO_3,_,True
LT1:204:02,63.44454887218045,16.15,7.97,63.44454887218045,16.15,7.97,8,16,lower,Y,PISO_3,_,True
LT1:204:02,63.60432330827068,16.15,7.97,63.60432330827068,16.15,7.97,8,16,lower,Y,PISO_3,_,True
LT1:204:02,63.7640977443609,16.15,7.97,63.7640977443609,16.15,7.97,8,16,lower,Y,PISO_3,_,True
LT1:204:02,63.92387218045113,16.15,7.97,63.92387218045113,16.15,7.97,8,16,lower,Y,PISO_3,_,True
LT1:204:02,64.08364661654136,16.15,7.97,64.08364661654136,16.15,7.97,8,16,lower,Y,PISO_3,_,True
LT1:204:02,64.24342105263159,16.15,7.97,64.24342105263159,16.15,7.97,8,16,lower,Y,PISO_3,_,True
LT1:204:02,64.4031954887218,16.15,7.97,64.4031954887218,16.15,7.97,8,16,lower,Y,PISO_3,_,True
LT1:204:02,64.56296992481202,16.15,7.97,64.56296992481202,16.15,7.97,8,16,lower,Y,PISO_3,_,True
LT1:204:02,64.72274436090225,16.15,7.97,64.72274436090225,16.15,7.97,8,16,lower,Y,PISO_3,_,True
LT1:204:02,64.88251879699249,16.15,7.97,64.88251879699249,16.15,7.97,8,16,lower,Y,PISO_3,_,True
LT1:204:02,65.04229323308272,16.15,7.97,65.04229323308272,16.15,7.97,8,16,lower,Y,PISO_3,_,True
LT1:204:02,65.20206766917293,16.15,7.97,65.20206766917293,16.15,7.97,8,16,lower,Y,PISO_3,_,True
LT1:204:02,65.36184210526315,16.15,7.97,65.36184210526315,16.15,7.97,8,16,lower,Y,PISO_3,_,True
LT1:204:02,65.52161654135338,16.15,7.97,65.52161654135338,16.15,7.97,8,16,lower,Y,PISO_3,_,True
LT1:204:02,65.68139097744361,16.15,7.97,65.68139097744361,16.15,7.97,8,16,lower,Y,PISO_3,_,True
LT1:204:02,65.84116541353384,16.15,7.97,65.84116541353384,16.15,7.97,8,16,lower,Y,PISO_3,_,True
LT1:204:02,66.00093984962406,16.15,7.97,66.00093984962406,16.15,7.97,8,16,lower,Y,PISO_3,_,True
LT1:204:02,66.16071428571428,16.15,7.97,66.16071428571428,16.15,7.97,8,16,lower,Y,PISO_3,_,True
LT1:204:02,66.32048872180451,16.15,7.97,66.32048872180451,16.15,7.97,8,16,lower,Y,PISO_3,_,True
LT1:204:02,66.48026315789474,16.15,7.97,66.48026315789474,16.15,7.97,8,16,lower,Y,PISO_3,_,True
LT1:204:02,66.64003759398497,16.15,7.97,66.64003759398497,16.15,7.97,8,16,lower,Y,PISO_3,_,True
LT1:204:02,66.79981203007519,16.15,7.97,66.79981203007519,16.15,7.97,8,16,lower,Y,PISO_3,_,True
LT1:204:02,66.9595864661654,16.15,7.97,66.9595864661654,16.15,7.97,8,16,lower,Y,PISO_3,_,True
LT1:204:02,67.11936090225564,16.15,7.97,67.11936090225564,16.15,7.97,8,16,lower,Y,PISO_3,_,True
LT1:204:02,67.27913533834587,16.15,7.97,67.27913533834587,16.15,7.97,8,16,lower,Y,PISO_3,_,True
LT1:204:02,67.4389097744361,16.15,7.97,67.4389097744361,16.15,7.97,8,16,lower,Y,PISO_3,_,True
LT1:204:02,67.59868421052632,16.15,7.97,67.59868421052632,16.15,7.97,8,16,lower,Y,PISO_3,_,True
LT1:204:02,67.75845864661653,16.15,7.97,67.75845864661653,16.15,7.97,8,16,lower,Y,PISO_3,_,True
LT1:204:02,67.91823308270676,16.15,7.97,67.91823308270676,16.15,7.97,8,16,lower,Y,PISO_3,_,True
LT1:204:02,68.078007518797,16.15,7.97,68.078007518797,16.15,7.97,8,16,lower,Y,PISO_3,_,True
LT1:204:02,68.23778195488723,16.15,7.97,68.23778195488723,16.15,7.97,8,16,lower,Y,PISO_3,_,True
LT1:204:02,68.39755639097744,16.15,7.97,68.39755639097744,16.15,7.97,8,16,lower,Y,PISO_3,_,True
LT1:204:02,68.55733082706766,16.15,7.97,68.55733082706766,16.15,7.97,8,16,lower,Y,PISO_3,_,True
LT1:204:02,68.71710526315789,16.15,7.97,68.71710526315789,16.15,7.97,8,16,lower,Y,PISO_3,_,True
LT1:204:02,68.87687969924812,16.15,7.97,68.87687969924812,16.15,7.97,8,16,lower,Y,PISO_3,_,True
LT1:204:02,69.03665413533835,16.15,7.97,69.03665413533835,16.15,7.97,8,16,lower,Y,PISO_3,_,True
LT1:204:02,69.19642857142857,16.15,7.97,69.19642857142857,16.15,7.97,8,16,lower,Y,PISO_3,_,True
LT1:204:02,69.3562030075188,16.15,7.97,69.3562030075188,16.15,7.97,8,16,lower,Y,PISO_3,_,True
LT1:204:02,69.51597744360902,16.15,7.97,69.51597744360902,16.15,7.97,8,16,lower,Y,PISO_3,_,True
LT1:204:02,69.67575187969925,16.15,7.97,69.67575187969925,16.15,7.97,8,16,lower,Y,PISO_3,_,True
LT1:204:02,69.83552631578948,16.15,7.97,69.83552631578948,16.15,7.97,8,16,lower,Y,PISO_3,_,True
LT1:204:02,69.9953007518797,16.15,7.97,69.9953007518797,16.15,7.97,8,16,lower,Y,PISO_3,_,True
LT1:204:02,70.15507518796993,16.15,7.97,70.15507518796993,16.15,7.97,8,16,lower,Y,PISO_3,_,True
LT1:204:02,70.31484962406014,16.15,7.97,70.31484962406014,16.15,7.97,8,16,lower,Y,PISO_3,_,True
LT1:204:02,70.47462406015038,16.15,7.97,70.47462406015038,16.15,7.97,8,16,lower,Y,PISO_3,_,True
LT1:204:02,70.6343984962406,16.15,7.97,70.6343984962406,16.15,7.97,8,16,lower,Y,PISO_3,_,True
LT1:204:02,70.79417293233082,16.15,7.97,70.79417293233082,16.15,7.97,8,16,lower,Y,PISO_3,_,True
LT1:204:02,70.95394736842105,16.15,7.97,70.95394736842105,16.15,7.97,8,16,lower,Y,PISO_3,_,True
LT1:204:02,71.11372180451127,16.15,7.97,71.11372180451127,16.15,7.97,8,16,lower,Y,PISO_3,_,True
LT1:204:02,71.2734962406015,16.15,7.97,71.2734962406015,16.15,7.97,8,16,lower,Y,PISO_3,_,True
LT1:204:02,71.43327067669173,16.15,7.97,71.43327067669173,16.15,7.97,8,16,lower,Y,PISO_3,_,True
LT1:204:02,71.59304511278197,16.15,7.97,71.59304511278197,16.15,7.97,8,16,lower,Y,PISO_3,_,True
LT1:204:02,71.75281954887218,16.15,7.97,71.75281954887218,16.15,7.97,8,16,lower,Y,PISO_3,_,True
LT1:204:02,71.9125939849624,16.15,7.97,71.9125939849624,16.15,7.97,8,16,lower,Y,PISO_3,_,True
LT1:204:02,72.07236842105263,16.15,7.97,72.07236842105263,16.15,7.97,8,16,lower,Y,PISO_3,_,True
LT1:204:02,72.23214285714286,16.15,7.97,72.23214285714286,16.15,7.97,8,16,lower,Y,PISO_3,_,True
LT1:204:02,72.39191729323309,16.15,7.97,72.39191729323309,16.15,7.97,8,16,lower,Y,PISO_3,_,True
LT1:204:02,72.55169172932331,16.15,7.97,72.55169172932331,16.15,7.97,8,16,lower,Y,PISO_3,_,True
LT1:204:02,72.71146616541353,16.15,7.97,72.71146616541353,16.15,7.97,8,16,lower,Y,PISO_3,_,True
LT1:204:02,72.87124060150376,16.15,7.97,72.87124060150376,16.15,7.97,8,16,lower,Y,PISO_3,_,True
LT1:204:02,73.03101503759399,16.15,7.97,73.03101503759399,16.15,7.97,8,16,lower,Y,PISO_3,_,True
LT1:204:02,73.19078947368422,16.15,7.97,73.19078947368422,16.15,7.97,8,16,lower,Y,PISO_3,_,True
LT1:204:02,73.35056390977444,16.15,7.97,73.35056390977444,16.15,7.97,8,16,lower,Y,PISO_3,_,True
LT1:204:02,73.51033834586465,16.15,7.97,73.51033834586465,16.15,7.97,8,16,lower,Y,PISO_3,_,True
LT1:204:02,73.67011278195488,16.15,7.97,73.67011278195488,16.15,7.97,8,16,lower,Y,PISO_3,_,True
LT1:204:09,31.25,0.0,7.97,73.75,0.0,7.97,8,20,lower,X,PISO_3,_,True
LT1:204:09,31.350235849056602,-0.0,7.97,31.350235849056602,-0.0,7.97,8,20,lower,Y,PISO_3,_,True
LT1:204:09,31.55070754716981,-0.0,7.97,31.55070754716981,-0.0,7.97,8,20,lower,Y,PISO_3,_,True
LT1:204:09,31.75117924528302,-0.0,7.97,31.75117924528302,-0.0,7.97,8,20,lower,Y,PISO_3,_,True
LT1:204:09,31.951650943396228,-0.0,7.97,31.951650943396228,-0.0,7.97,8,20,lower,Y,PISO_3,_,True
LT1:204:09,32.152122641509436,-0.0,7.97,32.152122641509436,-0.0,7.97,8,20,lower,Y,PISO_3,_,True
LT1:204:09,32.35259433962264,-0.0,7.97,32.35259433962264,-0.0,7.97,8,20,lower,Y,PISO_3,_,True
LT1:204:09,32.553066037735846,-0.0,7.97,32.553066037735846,-0.0,7.97,8,20,lower,Y,PISO_3,_,True
LT1:204:09,32.75353773584906,-0.0,7.97,32.75353773584906,-0.0,7.97,8,20,lower,Y,PISO_3,_,True
LT1:204:09,32.95400943396226,-0.0,7.97,32.95400943396226,-0.0,7.97,8,20,lower,Y,PISO_3,_,True
LT1:204:09,33.154481132075475,-0.0,7.97,33.154481132075475,-0.0,7.97,8,20,lower,Y,PISO_3,_,True
LT1:204:09,33.35495283018868,-0.0,7.97,33.35495283018868,-0.0,7.97,8,20,lower,Y,PISO_3,_,True
LT1:204:09,33.555424528301884,-0.0,7.97,33.555424528301884,-0.0,7.97,8,20,lower,Y,PISO_3,_,True
LT1:204:09,33.755896226415096,-0.0,7.97,33.755896226415096,-0.0,7.97,8,20,lower,Y,PISO_3,_,True
LT1:204:09,33.9563679245283,-0.0,7.97,33.9563679245283,-0.0,7.97,8,20,lower,Y,PISO_3,_,True
LT1:204:09,34.15683962264151,-0.0,7.97,34.15683962264151,-0.0,7.97,8,20,lower,Y,PISO_3,_,True
LT1:204:09,34.35731132075472,-0.0,7.97,34.35731132075472,-0.0,7.97,8,20,lower,Y,PISO_3,_,True
LT1:204:09,34.55778301886792,-0.0,7.97,34.55778301886792,-0.0,7.97,8,20,lower,Y,PISO_3,_,True
LT1:204:09,34.758254716981135,-0.0,7.97,34.758254716981135,-0.0,7.97,8,20,lower,Y,PISO_3,_,True
LT1:204:09,34.95872641509434,-0.0,7.97,34.95872641509434,-0.0,7.97,8,20,lower,Y,PISO_3,_,True
LT1:204:09,35.159198113207545,-0.0,7.97,35.159198113207545,-0.0,7.97,8,20,lower,Y,PISO_3,_,True
LT1:204:09,35.35966981132076,-0.0,7.97,35.35966981132076,-0.0,7.97,8,20,lower,Y,PISO_3,_,True
LT1:204:09,35.56014150943396,-0.0,7.97,35.56014150943396,-0.0,7.97,8,20,lower,Y,PISO_3,_,True
LT1:204:09,35.760613207547166,-0.0,7.97,35.760613207547166,-0.0,7.97,8,20,lower,Y,PISO_3,_,True
LT1:204:09,35.96108490566038,-0.0,7.97,35.96108490566038,-0.0,7.97,8,20,lower,Y,PISO_3,_,True
LT1:204:09,36.16155660377358,-0.0,7.97,36.16155660377358,-0.0,7.97,8,20,lower,Y,PISO_3,_,True
LT1:204:09,36.362028301886795,-0.0,7.97,36.362028301886795,-0.0,7.97,8,20,lower,Y,PISO_3,_,True
LT1:204:09,36.5625,-0.0,7.97,36.5625,-0.0,7.97,8,20,lower,Y,PISO_3,_,True
LT1:204:09,36.762971698113205,-0.0,7.97,36.762971698113205,-0.0,7.97,8,20,lower,Y,PISO_3,_,True
LT1:204:09,36.96344339622642,-0.0,7.97,36.96344339622642,-0.0,7.97,8,20,lower,Y,PISO_3,_,True
LT1:204:09,37.16391509433962,-0.0,7.97,37.16391509433962,-0.0,7.97,8,20,lower,Y,PISO_3,_,True
LT1:204:09,37.364386792452834,-0.0,7.97,37.364386792452834,-0.0,7.97,8,20,lower,Y,PISO_3,_,True
LT1:204:09,37.56485849056604,-0.0,7.97,37.56485849056604,-0.0,7.97,8,20,lower,Y,PISO_3,_,True
LT1:204:09,37.76533018867924,-0.0,7.97,37.76533018867924,-0.0,7.97,8,20,lower,Y,PISO_3,_,True
LT1:204:09,37.965801886792455,-0.0,7.97,37.965801886792455,-0.0,7.97,8,20,lower,Y,PISO_3,_,True
LT1:204:09,38.16627358490566,-0.0,7.97,38.16627358490566,-0.0,7.97,8,20,lower,Y,PISO_3,_,True
LT1:204:09,38.366745283018865,-0.0,7.97,38.366745283018865,-0.0,7.97,8,20,lower,Y,PISO_3,_,True
LT1:204:09,38.56721698113208,-0.0,7.97,38.56721698113208,-0.0,7.97,8,20,lower,Y,PISO_3,_,True
LT1:204:09,38.76768867924528,-0.0,7.97,38.76768867924528,-0.0,7.97,8,20,lower,Y,PISO_3,_,True
LT1:204:09,38.96816037735849,-0.0,7.97,38.96816037735849,-0.0,7.97,8,20,lower,Y,PISO_3,_,True
LT1:204:09,39.1686320754717,-0.0,7.97,39.1686320754717,-0.0,7.97,8,20,lower,Y,PISO_3,_,True
LT1:204:09,39.369103773584904,-0.0,7.97,39.369103773584904,-0.0,7.97,8,20,lower,Y,PISO_3,_,True
LT1:204:09,39.569575471698116,-0.0,7.97,39.569575471698116,-0.0,7.97,8,20,lower,Y,PISO_3,_,True
LT1:204:09,39.77004716981132,-0.0,7.97,39.77004716981132,-0.0,7.97,8,20,lower,Y,PISO_3,_,True
LT1:204:09,39.970518867924525,-0.0,7.97,39.970518867924525,-0.0,7.97,8,20,lower,Y,PISO_3,_,True
LT1:204:09,40.17099056603774,-0.0,7.97,40.17099056603774,-0.0,7.97,8,20,lower,Y,PISO_3,_,True
LT1:204:09,40.37146226415094,-0.0,7.97,40.37146226415094,-0.0,7.97,8,20,lower,Y,PISO_3,_,True
LT1:204:09,40.571933962264154,-0.0,7.97,40.571933962264154,-0.0,7.97,8,20,lower,Y,PISO_3,_,True
LT1:204:09,40.77240566037736,-0.0,7.97,40.77240566037736,-0.0,7.97,8,20,lower,Y,PISO_3,_,True
LT1:204:09,40.972877358490564,-0.0,7.97,40.972877358490564,-0.0,7.97,8,20,lower,Y,PISO_3,_,True
LT1:204:09,41.173349056603776,-0.0,7.97,41.173349056603776,-0.0,7.97,8,20,lower,Y,PISO_3,_,True
LT1:204:09,41.37382075471698,-0.0,7.97,41.37382075471698,-0.0,7.97,8,20,lower,Y,PISO_3,_,True
LT1:204:09,41.57429245283019,-0.0,7.97,41.57429245283019,-0.0,7.97,8,20,lower,Y,PISO_3,_,True
LT1:204:09,41.7747641509434,-0.0,7.97,41.7747641509434,-0.0,7.97,8,20,lower,Y,PISO_3,_,True
LT1:204:09,41.9752358490566,-0.0,7.97,41.9752358490566,-0.0,7.97,8,20,lower,Y,PISO_3,_,True
LT1:204:09,42.17570754716981,-0.0,7.97,42.17570754716981,-0.0,7.97,8,20,lower,Y,PISO_3,_,True
LT1:204:09,42.37617924528302,-0.0,7.97,42.37617924528302,-0.0,7.97,8,20,lower,Y,PISO_3,_,True
LT1:204:09,42.576650943396224,-0.0,7.97,42.576650943396224,-0.0,7.97,8,20,lower,Y,PISO_3,_,True
LT1:204:09,42.777122641509436,-0.0,7.97,42.777122641509436,-0.0,7.97,8,20,lower,Y,PISO_3,_,True
LT1:204:09,42.97759433962264,-0.0,7.97,42.97759433962264,-0.0,7.97,8,20,lower,Y,PISO_3,_,True
LT1:204:09,43.178066037735846,-0.0,7.97,43.178066037735846,-0.0,7.97,8,20,lower,Y,PISO_3,_,True
LT1:204:09,43.37853773584906,-0.0,7.97,43.37853773584906,-0.0,7.97,8,20,lower,Y,PISO_3,_,True
LT1:204:09,43.57900943396226,-0.0,7.97,43.57900943396226,-0.0,7.97,8,20,lower,Y,PISO_3,_,True
LT1:204:09,43.779481132075475,-0.0,7.97,43.779481132075475,-0.0,7.97,8,20,lower,Y,PISO_3,_,True
LT1:204:09,43.97995283018868,-0.0,7.97,43.97995283018868,-0.0,7.97,8,20,lower,Y,PISO_3,_,True
LT1:204:09,44.180424528301884,-0.0,7.97,44.180424528301884,-0.0,7.97,8,20,lower,Y,PISO_3,_,True
LT1:204:09,44.380896226415096,-0.0,7.97,44.380896226415096,-0.0,7.97,8,20,lower,Y,PISO_3,_,True
LT1:204:09,44.5813679245283,-0.0,7.97,44.5813679245283,-0.0,7.97,8,20,lower,Y,PISO_3,_,True
LT1:204:09,44.78183962264151,-0.0,7.97,44.78183962264151,-0.0,7.97,8,20,lower,Y,PISO_3,_,True
LT1:204:09,44.98231132075472,-0.0,7.97,44.98231132075472,-0.0,7.97,8,20,lower,Y,PISO_3,_,True
LT1:204:09,45.18278301886792,-0.0,7.97,45.18278301886792,-0.0,7.97,8,20,lower,Y,PISO_3,_,True
LT1:204:09,45.38325471698113,-0.0,7.97,45.38325471698113,-0.0,7.97,8,20,lower,Y,PISO_3,_,True
LT1:204:09,45.58372641509434,-0.0,7.97,45.58372641509434,-0.0,7.97,8,20,lower,Y,PISO_3,_,True
LT1:204:09,45.784198113207545,-0.0,7.97,45.784198113207545,-0.0,7.97,8,20,lower,Y,PISO_3,_,True
LT1:204:09,45.98466981132076,-0.0,7.97,45.98466981132076,-0.0,7.97,8,20,lower,Y,PISO_3,_,True
LT1:204:09,46.18514150943396,-0.0,7.97,46.18514150943396,-0.0,7.97,8,20,lower,Y,PISO_3,_,True
LT1:204:09,46.385613207547166,-0.0,7.97,46.385613207547166,-0.0,7.97,8,20,lower,Y,PISO_3,_,True
LT1:204:09,46.58608490566038,-0.0,7.97,46.58608490566038,-0.0,7.97,8,20,lower,Y,PISO_3,_,True
LT1:204:09,46.78655660377358,-0.0,7.97,46.78655660377358,-0.0,7.97,8,20,lower,Y,PISO_3,_,True
LT1:204:09,46.987028301886795,-0.0,7.97,46.987028301886795,-0.0,7.97,8,20,lower,Y,PISO_3,_,True
LT1:204:09,47.1875,-0.0,7.97,47.1875,-0.0,7.97,8,20,lower,Y,PISO_3,_,True
LT1:204:09,47.387971698113205,-0.0,7.97,47.387971698113205,-0.0,7.97,8,20,lower,Y,PISO_3,_,True
LT1:204:09,47.58844339622642,-0.0,7.97,47.58844339622642,-0.0,7.97,8,20,lower,Y,PISO_3,_,True
LT1:204:09,47.78891509433962,-0.0,7.97,47.78891509433962,-0.0,7.97,8,20,lower,Y,PISO_3,_,True
LT1:204:09,47.989386792452834,-0.0,7.97,47.989386792452834,-0.0,7.97,8,20,lower,Y,PISO_3,_,True
LT1:204:09,48.18985849056604,-0.0,7.97,48.18985849056604,-0.0,7.97,8,20,lower,Y,PISO_3,_,True
LT1:204:09,48.39033018867924,-0.0,7.97,48.39033018867924,-0.0,7.97,8,20,lower,Y,PISO_3,_,True
LT1:204:09,48.59080188679245,-0.0,7.97,48.59080188679245,-0.0,7.97,8,20,lower,Y,PISO_3,_,True
LT1:204:09,48.79127358490566,-0.0,7.97,48.79127358490566,-0.0,7.97,8,20,lower,Y,PISO_3,_,True
LT1:204:09,48.99174528301887,-0.0,7.97,48.99174528301887,-0.0,7.97,8,20,lower,Y,PISO_3,_,True
LT1:204:09,49.19221698113208,-0.0,7.97,49.19221698113208,-0.0,7.97,8,20,lower,Y,PISO_3,_,True
LT1:204:09,49.39268867924528,-0.0,7.97,49.39268867924528,-0.0,7.97,8,20,lower,Y,PISO_3,_,True
LT1:204:09,49.59316037735849,-0.0,7.97,49.59316037735849,-0.0,7.97,8,20,lower,Y,PISO_3,_,True
LT1:204:09,49.7936320754717,-0.0,7.97,49.7936320754717,-0.0,7.97,8,20,lower,Y,PISO_3,_,True
LT1:204:09,49.99410377358491,-0.0,7.97,49.99410377358491,-0.0,7.97,8,20,lower,Y,PISO_3,_,True
LT1:204:09,50.194575471698116,-0.0,7.97,50.194575471698116,-0.0,7.97,8,20,lower,Y,PISO_3,_,True
LT1:204:09,50.39504716981132,-0.0,7.97,50.39504716981132,-0.0,7.97,8,20,lower,Y,PISO_3,_,True
LT1:204:09,50.595518867924525,-0.0,7.97,50.595518867924525,-0.0,7.97,8,20,lower,Y,PISO_3,_,True
LT1:204:09,50.79599056603774,-0.0,7.97,50.79599056603774,-0.0,7.97,8,20,lower,Y,PISO_3,_,True
LT1:204:09,50.99646226415094,-0.0,7.97,50.99646226415094,-0.0,7.97,8,20,lower,Y,PISO_3,_,True
LT1:204:09,51.196933962264154,-0.0,7.97,51.196933962264154,-0.0,7.97,8,20,lower,Y,PISO_3,_,True
LT1:204:09,51.39740566037736,-0.0,7.97,51.39740566037736,-0.0,7.97,8,20,lower,Y,PISO_3,_,True
LT1:204:09,51.597877358490564,-0.0,7.97,51.597877358490564,-0.0,7.97,8,20,lower,Y,PISO_3,_,True
LT1:204:09,51.79834905660377,-0.0,7.97,51.79834905660377,-0.0,7.97,8,20,lower,Y,PISO_3,_,True
LT1:204:09,51.99882075471698,-0.0,7.97,51.99882075471698,-0.0,7.97,8,20,lower,Y,PISO_3,_,True
LT1:204:09,52.19929245283019,-0.0,7.97,52.19929245283019,-0.0,7.97,8,20,lower,Y,PISO_3,_,True
LT1:204:09,52.3997641509434,-0.0,7.97,52.3997641509434,-0.0,7.97,8,20,lower,Y,PISO_3,_,True
LT1:204:09,52.6002358490566,-0.0,7.97,52.6002358490566,-0.0,7.97,8,20,lower,Y,PISO_3,_,True
LT1:204:09,52.80070754716981,-0.0,7.97,52.80070754716981,-0.0,7.97,8,20,lower,Y,PISO_3,_,True
LT1:204:09,53.00117924528302,-0.0,7.97,53.00117924528302,-0.0,7.97,8,20,lower,Y,PISO_3,_,True
LT1:204:09,53.20165094339623,-0.0,7.97,53.20165094339623,-0.0,7.97,8,20,lower,Y,PISO_3,_,True
LT1:204:09,53.402122641509436,-0.0,7.97,53.402122641509436,-0.0,7.97,8,20,lower,Y,PISO_3,_,True
LT1:204:09,53.60259433962264,-0.0,7.97,53.60259433962264,-0.0,7.97,8,20,lower,Y,PISO_3,_,True
LT1:204:09,53.803066037735846,-0.0,7.97,53.803066037735846,-0.0,7.97,8,20,lower,Y,PISO_3,_,True
LT1:204:09,54.00353773584906,-0.0,7.97,54.00353773584906,-0.0,7.97,8,20,lower,Y,PISO_3,_,True
LT1:204:09,54.20400943396226,-0.0,7.97,54.20400943396226,-0.0,7.97,8,20,lower,Y,PISO_3,_,True
LT1:204:09,54.404481132075475,-0.0,7.97,54.404481132075475,-0.0,7.97,8,20,lower,Y,PISO_3,_,True
LT1:204:09,54.60495283018868,-0.0,7.97,54.60495283018868,-0.0,7.97,8,20,lower,Y,PISO_3,_,True
LT1:204:09,54.805424528301884,-0.0,7.97,54.805424528301884,-0.0,7.97,8,20,lower,Y,PISO_3,_,True
LT1:204:09,55.00589622641509,-0.0,7.97,55.00589622641509,-0.0,7.97,8,20,lower,Y,PISO_3,_,True
LT1:204:09,55.2063679245283,-0.0,7.97,55.2063679245283,-0.0,7.97,8,20,lower,Y,PISO_3,_,True
LT1:204:09,55.40683962264151,-0.0,7.97,55.40683962264151,-0.0,7.97,8,20,lower,Y,PISO_3,_,True
LT1:204:09,55.60731132075472,-0.0,7.97,55.60731132075472,-0.0,7.97,8,20,lower,Y,PISO_3,_,True
LT1:204:09,55.80778301886792,-0.0,7.97,55.80778301886792,-0.0,7.97,8,20,lower,Y,PISO_3,_,True
LT1:204:09,56.00825471698113,-0.0,7.97,56.00825471698113,-0.0,7.97,8,20,lower,Y,PISO_3,_,True
LT1:204:09,56.20872641509434,-0.0,7.97,56.20872641509434,-0.0,7.97,8,20,lower,Y,PISO_3,_,True
LT1:204:09,56.40919811320755,-0.0,7.97,56.40919811320755,-0.0,7.97,8,20,lower,Y,PISO_3,_,True
LT1:204:09,56.60966981132076,-0.0,7.97,56.60966981132076,-0.0,7.97,8,20,lower,Y,PISO_3,_,True
LT1:204:09,56.81014150943396,-0.0,7.97,56.81014150943396,-0.0,7.97,8,20,lower,Y,PISO_3,_,True
LT1:204:09,57.010613207547166,-0.0,7.97,57.010613207547166,-0.0,7.97,8,20,lower,Y,PISO_3,_,True
LT1:204:09,57.21108490566038,-0.0,7.97,57.21108490566038,-0.0,7.97,8,20,lower,Y,PISO_3,_,True
LT1:204:09,57.41155660377358,-0.0,7.97,57.41155660377358,-0.0,7.97,8,20,lower,Y,PISO_3,_,True
LT1:204:09,57.612028301886795,-0.0,7.97,57.612028301886795,-0.0,7.97,8,20,lower,Y,PISO_3,_,True
LT1:204:09,57.8125,-0.0,7.97,57.8125,-0.0,7.97,8,20,lower,Y,PISO_3,_,True
LT1:204:09,58.012971698113205,-0.0,7.97,58.012971698113205,-0.0,7.97,8,20,lower,Y,PISO_3,_,True
LT1:204:09,58.21344339622642,-0.0,7.97,58.21344339622642,-0.0,7.97,8,20,lower,Y,PISO_3,_,True
LT1:204:09,58.41391509433962,-0.0,7.97,58.41391509433962,-0.0,7.97,8,20,lower,Y,PISO_3,_,True
LT1:204:09,58.614386792452834,-0.0,7.97,58.614386792452834,-0.0,7.97,8,20,lower,Y,PISO_3,_,True
LT1:204:09,58.81485849056604,-0.0,7.97,58.81485849056604,-0.0,7.97,8,20,lower,Y,PISO_3,_,True
LT1:204:09,59.01533018867924,-0.0,7.97,59.01533018867924,-0.0,7.97,8,20,lower,Y,PISO_3,_,True
LT1:204:09,59.21580188679245,-0.0,7.97,59.21580188679245,-0.0,7.97,8,20,lower,Y,PISO_3,_,True
LT1:204:09,59.41627358490566,-0.0,7.97,59.41627358490566,-0.0,7.97,8,20,lower,Y,PISO_3,_,True
LT1:204:09,59.61674528301887,-0.0,7.97,59.61674528301887,-0.0,7.97,8,20,lower,Y,PISO_3,_,True
LT1:204:09,59.81721698113208,-0.0,7.97,59.81721698113208,-0.0,7.97,8,20,lower,Y,PISO_3,_,True
LT1:204:09,60.01768867924528,-0.0,7.97,60.01768867924528,-0.0,7.97,8,20,lower,Y,PISO_3,_,True
LT1:204:09,60.21816037735849,-0.0,7.97,60.21816037735849,-0.0,7.97,8,20,lower,Y,PISO_3,_,True
LT1:204:09,60.4186320754717,-0.0,7.97,60.4186320754717,-0.0,7.97,8,20,lower,Y,PISO_3,_,True
LT1:204:09,60.61910377358491,-0.0,7.97,60.61910377358491,-0.0,7.97,8,20,lower,Y,PISO_3,_,True
LT1:204:09,60.819575471698116,-0.0,7.97,60.819575471698116,-0.0,7.97,8,20,lower,Y,PISO_3,_,True
LT1:204:09,61.02004716981132,-0.0,7.97,61.02004716981132,-0.0,7.97,8,20,lower,Y,PISO_3,_,True
LT1:204:09,61.220518867924525,-0.0,7.97,61.220518867924525,-0.0,7.97,8,20,lower,Y,PISO_3,_,True
LT1:204:09,61.42099056603774,-0.0,7.97,61.42099056603774,-0.0,7.97,8,20,lower,Y,PISO_3,_,True
LT1:204:09,61.62146226415094,-0.0,7.97,61.62146226415094,-0.0,7.97,8,20,lower,Y,PISO_3,_,True
LT1:204:09,61.821933962264154,-0.0,7.97,61.821933962264154,-0.0,7.97,8,20,lower,Y,PISO_3,_,True
LT1:204:09,62.02240566037736,-0.0,7.97,62.02240566037736,-0.0,7.97,8,20,lower,Y,PISO_3,_,True
LT1:204:09,62.222877358490564,-0.0,7.97,62.222877358490564,-0.0,7.97,8,20,lower,Y,PISO_3,_,True
LT1:204:09,62.42334905660377,-0.0,7.97,62.42334905660377,-0.0,7.97,8,20,lower,Y,PISO_3,_,True
LT1:204:09,62.62382075471698,-0.0,7.97,62.62382075471698,-0.0,7.97,8,20,lower,Y,PISO_3,_,True
LT1:204:09,62.82429245283019,-0.0,7.97,62.82429245283019,-0.0,7.97,8,20,lower,Y,PISO_3,_,True
LT1:204:09,63.0247641509434,-0.0,7.97,63.0247641509434,-0.0,7.97,8,20,lower,Y,PISO_3,_,True
LT1:204:09,63.2252358490566,-0.0,7.97,63.2252358490566,-0.0,7.97,8,20,lower,Y,PISO_3,_,True
LT1:204:09,63.425707547169814,-0.0,7.97,63.425707547169814,-0.0,7.97,8,20,lower,Y,PISO_3,_,True
LT1:204:09,63.62617924528302,-0.0,7.97,63.62617924528302,-0.0,7.97,8,20,lower,Y,PISO_3,_,True
LT1:204:09,63.826650943396224,-0.0,7.97,63.826650943396224,-0.0,7.97,8,20,lower,Y,PISO_3,_,True
LT1:204:09,64.02712264150944,-0.0,7.97,64.02712264150944,-0.0,7.97,8,20,lower,Y,PISO_3,_,True
LT1:204:09,64.22759433962264,-0.0,7.97,64.22759433962264,-0.0,7.97,8,20,lower,Y,PISO_3,_,True
LT1:204:09,64.42806603773585,-0.0,7.97,64.42806603773585,-0.0,7.97,8,20,lower,Y,PISO_3,_,True
LT1:204:09,64.62853773584905,-0.0,7.97,64.62853773584905,-0.0,7.97,8,20,lower,Y,PISO_3,_,True
LT1:204:09,64.82900943396226,-0.0,7.97,64.82900943396226,-0.0,7.97,8,20,lower,Y,PISO_3,_,True
LT1:204:09,65.02948113207547,-0.0,7.97,65.02948113207547,-0.0,7.97,8,20,lower,Y,PISO_3,_,True
LT1:204:09,65.22995283018868,-0.0,7.97,65.22995283018868,-0.0,7.97,8,20,lower,Y,PISO_3,_,True
LT1:204:09,65.43042452830188,-0.0,7.97,65.43042452830188,-0.0,7.97,8,20,lower,Y,PISO_3,_,True
LT1:204:09,65.6308962264151,-0.0,7.97,65.6308962264151,-0.0,7.97,8,20,lower,Y,PISO_3,_,True
LT1:204:09,65.83136792452831,-0.0,7.97,65.83136792452831,-0.0,7.97,8,20,lower,Y,PISO_3,_,True
LT1:204:09,66.03183962264151,-0.0,7.97,66.03183962264151,-0.0,7.97,8,20,lower,Y,PISO_3,_,True
LT1:204:09,66.23231132075472,-0.0,7.97,66.23231132075472,-0.0,7.97,8,20,lower,Y,PISO_3,_,True
LT1:204:09,66.43278301886792,-0.0,7.97,66.43278301886792,-0.0,7.97,8,20,lower,Y,PISO_3,_,True
LT1:204:09,66.63325471698113,-0.0,7.97,66.63325471698113,-0.0,7.97,8,20,lower,Y,PISO_3,_,True
LT1:204:09,66.83372641509433,-0.0,7.97,66.83372641509433,-0.0,7.97,8,20,lower,Y,PISO_3,_,True
LT1:204:09,67.03419811320754,-0.0,7.97,67.03419811320754,-0.0,7.97,8,20,lower,Y,PISO_3,_,True
LT1:204:09,67.23466981132076,-0.0,7.97,67.23466981132076,-0.0,7.97,8,20,lower,Y,PISO_3,_,True
LT1:204:09,67.43514150943396,-0.0,7.97,67.43514150943396,-0.0,7.97,8,20,lower,Y,PISO_3,_,True
LT1:204:09,67.63561320754717,-0.0,7.97,67.63561320754717,-0.0,7.97,8,20,lower,Y,PISO_3,_,True
LT1:204:09,67.83608490566039,-0.0,7.97,67.83608490566039,-0.0,7.97,8,20,lower,Y,PISO_3,_,True
LT1:204:09,68.03655660377359,-0.0,7.97,68.03655660377359,-0.0,7.97,8,20,lower,Y,PISO_3,_,True
LT1:204:09,68.2370283018868,-0.0,7.97,68.2370283018868,-0.0,7.97,8,20,lower,Y,PISO_3,_,True
LT1:204:09,68.4375,-0.0,7.97,68.4375,-0.0,7.97,8,20,lower,Y,PISO_3,_,True
LT1:204:09,68.6379716981132,-0.0,7.97,68.6379716981132,-0.0,7.97,8,20,lower,Y,PISO_3,_,True
LT1:204:09,68.83844339622641,-0.0,7.97,68.83844339622641,-0.0,7.97,8,20,lower,Y,PISO_3,_,True
LT1:204:09,69.03891509433961,-0.0,7.97,69.03891509433961,-0.0,7.97,8,20,lower,Y,PISO_3,_,True
LT1:204:09,69.23938679245283,-0.0,7.97,69.23938679245283,-0.0,7.97,8,20,lower,Y,PISO_3,_,True
LT1:204:09,69.43985849056604,-0.0,7.97,69.43985849056604,-0.0,7.97,8,20,lower,Y,PISO_3,_,True
LT1:204:09,69.64033018867924,-0.0,7.97,69.64033018867924,-0.0,7.97,8,20,lower,Y,PISO_3,_,True
LT1:204:09,69.84080188679246,-0.0,7.97,69.84080188679246,-0.0,7.97,8,20,lower,Y,PISO_3,_,True
LT1:204:09,70.04127358490567,-0.0,7.97,70.04127358490567,-0.0,7.97,8,20,lower,Y,PISO_3,_,True
LT1:204:09,70.24174528301887,-0.0,7.97,70.24174528301887,-0.0,7.97,8,20,lower,Y,PISO_3,_,True
LT1:204:09,70.44221698113208,-0.0,7.97,70.44221698113208,-0.0,7.97,8,20,lower,Y,PISO_3,_,True
LT1:204:09,70.64268867924528,-0.0,7.97,70.64268867924528,-0.0,7.97,8,20,lower,Y,PISO_3,_,True
LT1:204:09,70.84316037735849,-0.0,7.97,70.84316037735849,-0.0,7.97,8,20,lower,Y,PISO_3,_,True
LT1:204:09,71.04363207547169,-0.0,7.97,71.04363207547169,-0.0,7.97,8,20,lower,Y,PISO_3,_,True
LT1:204:09,71.2441037735849,-0.0,7.97,71.2441037735849,-0.0,7.97,8,20,lower,Y,PISO_3,_,True
LT1:204:09,71.44457547169812,-0.0,7.97,71.44457547169812,-0.0,7.97,8,20,lower,Y,PISO_3,_,True
LT1:204:09,71.64504716981132,-0.0,7.97,71.64504716981132,-0.0,7.97,8,20,lower,Y,PISO_3,_,True
LT1:204:09,71.84551886792453,-0.0,7.97,71.84551886792453,-0.0,7.97,8,20,lower,Y,PISO_3,_,True
LT1:204:09,72.04599056603774,-0.0,7.97,72.04599056603774,-0.0,7.97,8,20,lower,Y,PISO_3,_,True
LT1:204:09,72.24646226415095,-0.0,7.97,72.24646226415095,-0.0,7.97,8,20,lower,Y,PISO_3,_,True
LT1:204:09,72.44693396226415,-0.0,7.97,72.44693396226415,-0.0,7.97,8,20,lower,Y,PISO_3,_,True
LT1:204:09,72.64740566037736,-0.0,7.97,72.64740566037736,-0.0,7.97,8,20,lower,Y,PISO_3,_,True
LT1:204:09,72.84787735849056,-0.0,7.97,72.84787735849056,-0.0,7.97,8,20,lower,Y,PISO_3,_,True
LT1:204:09,73.04834905660377,-0.0,7.97,73.04834905660377,-0.0,7.97,8,20,lower,Y,PISO_3,_,True
LT1:204:09,73.24882075471697,-0.0,7.97,73.24882075471697,-0.0,7.97,8,20,lower,Y,PISO_3,_,True
LT1:204:09,73.44929245283018,-0.0,7.97,73.44929245283018,-0.0,7.97,8,20,lower,Y,PISO_3,_,True
LT1:204:09,73.6497641509434,-0.0,7.97,73.6497641509434,-0.0,7.97,8,20,lower,Y,PISO_3,_,True
LT1:204:10,31.25,0.0,7.97,73.75,0.0,7.97,8,20,lower,X,PISO_3,_,True
LT1:204:10,31.350235849056602,-0.0,7.97,31.350235849056602,-0.0,7.97,8,20,lower,Y,PISO_3,_,True
LT1:204:10,31.55070754716981,-0.0,7.97,31.55070754716981,-0.0,7.97,8,20,lower,Y,PISO_3,_,True
LT1:204:10,31.75117924528302,-0.0,7.97,31.75117924528302,-0.0,7.97,8,20,lower,Y,PISO_3,_,True
LT1:204:10,31.951650943396228,-0.0,7.97,31.951650943396228,-0.0,7.97,8,20,lower,Y,PISO_3,_,True
LT1:204:10,32.152122641509436,-0.0,7.97,32.152122641509436,-0.0,7.97,8,20,lower,Y,PISO_3,_,True
LT1:204:10,32.35259433962264,-0.0,7.97,32.35259433962264,-0.0,7.97,8,20,lower,Y,PISO_3,_,True
LT1:204:10,32.553066037735846,-0.0,7.97,32.553066037735846,-0.0,7.97,8,20,lower,Y,PISO_3,_,True
LT1:204:10,32.75353773584906,-0.0,7.97,32.75353773584906,-0.0,7.97,8,20,lower,Y,PISO_3,_,True
LT1:204:10,32.95400943396226,-0.0,7.97,32.95400943396226,-0.0,7.97,8,20,lower,Y,PISO_3,_,True
LT1:204:10,33.154481132075475,-0.0,7.97,33.154481132075475,-0.0,7.97,8,20,lower,Y,PISO_3,_,True
LT1:204:10,33.35495283018868,-0.0,7.97,33.35495283018868,-0.0,7.97,8,20,lower,Y,PISO_3,_,True
LT1:204:10,33.555424528301884,-0.0,7.97,33.555424528301884,-0.0,7.97,8,20,lower,Y,PISO_3,_,True
LT1:204:10,33.755896226415096,-0.0,7.97,33.755896226415096,-0.0,7.97,8,20,lower,Y,PISO_3,_,True
LT1:204:10,33.9563679245283,-0.0,7.97,33.9563679245283,-0.0,7.97,8,20,lower,Y,PISO_3,_,True
LT1:204:10,34.15683962264151,-0.0,7.97,34.15683962264151,-0.0,7.97,8,20,lower,Y,PISO_3,_,True
LT1:204:10,34.35731132075472,-0.0,7.97,34.35731132075472,-0.0,7.97,8,20,lower,Y,PISO_3,_,True
LT1:204:10,34.55778301886792,-0.0,7.97,34.55778301886792,-0.0,7.97,8,20,lower,Y,PISO_3,_,True
LT1:204:10,34.758254716981135,-0.0,7.97,34.758254716981135,-0.0,7.97,8,20,lower,Y,PISO_3,_,True
LT1:204:10,34.95872641509434,-0.0,7.97,34.95872641509434,-0.0,7.97,8,20,lower,Y,PISO_3,_,True
LT1:204:10,35.159198113207545,-0.0,7.97,35.159198113207545,-0.0,7.97,8,20,lower,Y,PISO_3,_,True
LT1:204:10,35.35966981132076,-0.0,7.97,35.35966981132076,-0.0,7.97,8,20,lower,Y,PISO_3,_,True
LT1:204:10,35.56014150943396,-0.0,7.97,35.56014150943396,-0.0,7.97,8,20,lower,Y,PISO_3,_,True
LT1:204:10,35.760613207547166,-0.0,7.97,35.760613207547166,-0.0,7.97,8,20,lower,Y,PISO_3,_,True
LT1:204:10,35.96108490566038,-0.0,7.97,35.96108490566038,-0.0,7.97,8,20,lower,Y,PISO_3,_,True
LT1:204:10,36.16155660377358,-0.0,7.97,36.16155660377358,-0.0,7.97,8,20,lower,Y,PISO_3,_,True
LT1:204:10,36.362028301886795,-0.0,7.97,36.362028301886795,-0.0,7.97,8,20,lower,Y,PISO_3,_,True
LT1:204:10,36.5625,-0.0,7.97,36.5625,-0.0,7.97,8,20,lower,Y,PISO_3,_,True
LT1:204:10,36.762971698113205,-0.0,7.97,36.762971698113205,-0.0,7.97,8,20,lower,Y,PISO_3,_,True
LT1:204:10,36.96344339622642,-0.0,7.97,36.96344339622642,-0.0,7.97,8,20,lower,Y,PISO_3,_,True
LT1:204:10,37.16391509433962,-0.0,7.97,37.16391509433962,-0.0,7.97,8,20,lower,Y,PISO_3,_,True
LT1:204:10,37.364386792452834,-0.0,7.97,37.364386792452834,-0.0,7.97,8,20,lower,Y,PISO_3,_,True
LT1:204:10,37.56485849056604,-0.0,7.97,37.56485849056604,-0.0,7.97,8,20,lower,Y,PISO_3,_,True
LT1:204:10,37.76533018867924,-0.0,7.97,37.76533018867924,-0.0,7.97,8,20,lower,Y,PISO_3,_,True
LT1:204:10,37.965801886792455,-0.0,7.97,37.965801886792455,-0.0,7.97,8,20,lower,Y,PISO_3,_,True
LT1:204:10,38.16627358490566,-0.0,7.97,38.16627358490566,-0.0,7.97,8,20,lower,Y,PISO_3,_,True
LT1:204:10,38.366745283018865,-0.0,7.97,38.366745283018865,-0.0,7.97,8,20,lower,Y,PISO_3,_,True
LT1:204:10,38.56721698113208,-0.0,7.97,38.56721698113208,-0.0,7.97,8,20,lower,Y,PISO_3,_,True
LT1:204:10,38.76768867924528,-0.0,7.97,38.76768867924528,-0.0,7.97,8,20,lower,Y,PISO_3,_,True
LT1:204:10,38.96816037735849,-0.0,7.97,38.96816037735849,-0.0,7.97,8,20,lower,Y,PISO_3,_,True
LT1:204:10,39.1686320754717,-0.0,7.97,39.1686320754717,-0.0,7.97,8,20,lower,Y,PISO_3,_,True
LT1:204:10,39.369103773584904,-0.0,7.97,39.369103773584904,-0.0,7.97,8,20,lower,Y,PISO_3,_,True
LT1:204:10,39.569575471698116,-0.0,7.97,39.569575471698116,-0.0,7.97,8,20,lower,Y,PISO_3,_,True
LT1:204:10,39.77004716981132,-0.0,7.97,39.77004716981132,-0.0,7.97,8,20,lower,Y,PISO_3,_,True
LT1:204:10,39.970518867924525,-0.0,7.97,39.970518867924525,-0.0,7.97,8,20,lower,Y,PISO_3,_,True
LT1:204:10,40.17099056603774,-0.0,7.97,40.17099056603774,-0.0,7.97,8,20,lower,Y,PISO_3,_,True
LT1:204:10,40.37146226415094,-0.0,7.97,40.37146226415094,-0.0,7.97,8,20,lower,Y,PISO_3,_,True
LT1:204:10,40.571933962264154,-0.0,7.97,40.571933962264154,-0.0,7.97,8,20,lower,Y,PISO_3,_,True
LT1:204:10,40.77240566037736,-0.0,7.97,40.77240566037736,-0.0,7.97,8,20,lower,Y,PISO_3,_,True
LT1:204:10,40.972877358490564,-0.0,7.97,40.972877358490564,-0.0,7.97,8,20,lower,Y,PISO_3,_,True
LT1:204:10,41.173349056603776,-0.0,7.97,41.173349056603776,-0.0,7.97,8,20,lower,Y,PISO_3,_,True
LT1:204:10,41.37382075471698,-0.0,7.97,41.37382075471698,-0.0,7.97,8,20,lower,Y,PISO_3,_,True
LT1:204:10,41.57429245283019,-0.0,7.97,41.57429245283019,-0.0,7.97,8,20,lower,Y,PISO_3,_,True
LT1:204:10,41.7747641509434,-0.0,7.97,41.7747641509434,-0.0,7.97,8,20,lower,Y,PISO_3,_,True
LT1:204:10,41.9752358490566,-0.0,7.97,41.9752358490566,-0.0,7.97,8,20,lower,Y,PISO_3,_,True
LT1:204:10,42.17570754716981,-0.0,7.97,42.17570754716981,-0.0,7.97,8,20,lower,Y,PISO_3,_,True
LT1:204:10,42.37617924528302,-0.0,7.97,42.37617924528302,-0.0,7.97,8,20,lower,Y,PISO_3,_,True
LT1:204:10,42.576650943396224,-0.0,7.97,42.576650943396224,-0.0,7.97,8,20,lower,Y,PISO_3,_,True
LT1:204:10,42.777122641509436,-0.0,7.97,42.777122641509436,-0.0,7.97,8,20,lower,Y,PISO_3,_,True
LT1:204:10,42.97759433962264,-0.0,7.97,42.97759433962264,-0.0,7.97,8,20,lower,Y,PISO_3,_,True
LT1:204:10,43.178066037735846,-0.0,7.97,43.178066037735846,-0.0,7.97,8,20,lower,Y,PISO_3,_,True
LT1:204:10,43.37853773584906,-0.0,7.97,43.37853773584906,-0.0,7.97,8,20,lower,Y,PISO_3,_,True
LT1:204:10,43.57900943396226,-0.0,7.97,43.57900943396226,-0.0,7.97,8,20,lower,Y,PISO_3,_,True
LT1:204:10,43.779481132075475,-0.0,7.97,43.779481132075475,-0.0,7.97,8,20,lower,Y,PISO_3,_,True
LT1:204:10,43.97995283018868,-0.0,7.97,43.97995283018868,-0.0,7.97,8,20,lower,Y,PISO_3,_,True
LT1:204:10,44.180424528301884,-0.0,7.97,44.180424528301884,-0.0,7.97,8,20,lower,Y,PISO_3,_,True
LT1:204:10,44.380896226415096,-0.0,7.97,44.380896226415096,-0.0,7.97,8,20,lower,Y,PISO_3,_,True
LT1:204:10,44.5813679245283,-0.0,7.97,44.5813679245283,-0.0,7.97,8,20,lower,Y,PISO_3,_,True
LT1:204:10,44.78183962264151,-0.0,7.97,44.78183962264151,-0.0,7.97,8,20,lower,Y,PISO_3,_,True
LT1:204:10,44.98231132075472,-0.0,7.97,44.98231132075472,-0.0,7.97,8,20,lower,Y,PISO_3,_,True
LT1:204:10,45.18278301886792,-0.0,7.97,45.18278301886792,-0.0,7.97,8,20,lower,Y,PISO_3,_,True
LT1:204:10,45.38325471698113,-0.0,7.97,45.38325471698113,-0.0,7.97,8,20,lower,Y,PISO_3,_,True
LT1:204:10,45.58372641509434,-0.0,7.97,45.58372641509434,-0.0,7.97,8,20,lower,Y,PISO_3,_,True
LT1:204:10,45.784198113207545,-0.0,7.97,45.784198113207545,-0.0,7.97,8,20,lower,Y,PISO_3,_,True
LT1:204:10,45.98466981132076,-0.0,7.97,45.98466981132076,-0.0,7.97,8,20,lower,Y,PISO_3,_,True
LT1:204:10,46.18514150943396,-0.0,7.97,46.18514150943396,-0.0,7.97,8,20,lower,Y,PISO_3,_,True
LT1:204:10,46.385613207547166,-0.0,7.97,46.385613207547166,-0.0,7.97,8,20,lower,Y,PISO_3,_,True
LT1:204:10,46.58608490566038,-0.0,7.97,46.58608490566038,-0.0,7.97,8,20,lower,Y,PISO_3,_,True
LT1:204:10,46.78655660377358,-0.0,7.97,46.78655660377358,-0.0,7.97,8,20,lower,Y,PISO_3,_,True
LT1:204:10,46.987028301886795,-0.0,7.97,46.987028301886795,-0.0,7.97,8,20,lower,Y,PISO_3,_,True
LT1:204:10,47.1875,-0.0,7.97,47.1875,-0.0,7.97,8,20,lower,Y,PISO_3,_,True
LT1:204:10,47.387971698113205,-0.0,7.97,47.387971698113205,-0.0,7.97,8,20,lower,Y,PISO_3,_,True
LT1:204:10,47.58844339622642,-0.0,7.97,47.58844339622642,-0.0,7.97,8,20,lower,Y,PISO_3,_,True
LT1:204:10,47.78891509433962,-0.0,7.97,47.78891509433962,-0.0,7.97,8,20,lower,Y,PISO_3,_,True
LT1:204:10,47.989386792452834,-0.0,7.97,47.989386792452834,-0.0,7.97,8,20,lower,Y,PISO_3,_,True
LT1:204:10,48.18985849056604,-0.0,7.97,48.18985849056604,-0.0,7.97,8,20,lower,Y,PISO_3,_,True
LT1:204:10,48.39033018867924,-0.0,7.97,48.39033018867924,-0.0,7.97,8,20,lower,Y,PISO_3,_,True
LT1:204:10,48.59080188679245,-0.0,7.97,48.59080188679245,-0.0,7.97,8,20,lower,Y,PISO_3,_,True
LT1:204:10,48.79127358490566,-0.0,7.97,48.79127358490566,-0.0,7.97,8,20,lower,Y,PISO_3,_,True
LT1:204:10,48.99174528301887,-0.0,7.97,48.99174528301887,-0.0,7.97,8,20,lower,Y,PISO_3,_,True
LT1:204:10,49.19221698113208,-0.0,7.97,49.19221698113208,-0.0,7.97,8,20,lower,Y,PISO_3,_,True
LT1:204:10,49.39268867924528,-0.0,7.97,49.39268867924528,-0.0,7.97,8,20,lower,Y,PISO_3,_,True
LT1:204:10,49.59316037735849,-0.0,7.97,49.59316037735849,-0.0,7.97,8,20,lower,Y,PISO_3,_,True
LT1:204:10,49.7936320754717,-0.0,7.97,49.7936320754717,-0.0,7.97,8,20,lower,Y,PISO_3,_,True
LT1:204:10,49.99410377358491,-0.0,7.97,49.99410377358491,-0.0,7.97,8,20,lower,Y,PISO_3,_,True
LT1:204:10,50.194575471698116,-0.0,7.97,50.194575471698116,-0.0,7.97,8,20,lower,Y,PISO_3,_,True
LT1:204:10,50.39504716981132,-0.0,7.97,50.39504716981132,-0.0,7.97,8,20,lower,Y,PISO_3,_,True
LT1:204:10,50.595518867924525,-0.0,7.97,50.595518867924525,-0.0,7.97,8,20,lower,Y,PISO_3,_,True
LT1:204:10,50.79599056603774,-0.0,7.97,50.79599056603774,-0.0,7.97,8,20,lower,Y,PISO_3,_,True
LT1:204:10,50.99646226415094,-0.0,7.97,50.99646226415094,-0.0,7.97,8,20,lower,Y,PISO_3,_,True
LT1:204:10,51.196933962264154,-0.0,7.97,51.196933962264154,-0.0,7.97,8,20,lower,Y,PISO_3,_,True
LT1:204:10,51.39740566037736,-0.0,7.97,51.39740566037736,-0.0,7.97,8,20,lower,Y,PISO_3,_,True
LT1:204:10,51.597877358490564,-0.0,7.97,51.597877358490564,-0.0,7.97,8,20,lower,Y,PISO_3,_,True
LT1:204:10,51.79834905660377,-0.0,7.97,51.79834905660377,-0.0,7.97,8,20,lower,Y,PISO_3,_,True
LT1:204:10,51.99882075471698,-0.0,7.97,51.99882075471698,-0.0,7.97,8,20,lower,Y,PISO_3,_,True
LT1:204:10,52.19929245283019,-0.0,7.97,52.19929245283019,-0.0,7.97,8,20,lower,Y,PISO_3,_,True
LT1:204:10,52.3997641509434,-0.0,7.97,52.3997641509434,-0.0,7.97,8,20,lower,Y,PISO_3,_,True
LT1:204:10,52.6002358490566,-0.0,7.97,52.6002358490566,-0.0,7.97,8,20,lower,Y,PISO_3,_,True
LT1:204:10,52.80070754716981,-0.0,7.97,52.80070754716981,-0.0,7.97,8,20,lower,Y,PISO_3,_,True
LT1:204:10,53.00117924528302,-0.0,7.97,53.00117924528302,-0.0,7.97,8,20,lower,Y,PISO_3,_,True
LT1:204:10,53.20165094339623,-0.0,7.97,53.20165094339623,-0.0,7.97,8,20,lower,Y,PISO_3,_,True
LT1:204:10,53.402122641509436,-0.0,7.97,53.402122641509436,-0.0,7.97,8,20,lower,Y,PISO_3,_,True
LT1:204:10,53.60259433962264,-0.0,7.97,53.60259433962264,-0.0,7.97,8,20,lower,Y,PISO_3,_,True
LT1:204:10,53.803066037735846,-0.0,7.97,53.803066037735846,-0.0,7.97,8,20,lower,Y,PISO_3,_,True
LT1:204:10,54.00353773584906,-0.0,7.97,54.00353773584906,-0.0,7.97,8,20,lower,Y,PISO_3,_,True
LT1:204:10,54.20400943396226,-0.0,7.97,54.20400943396226,-0.0,7.97,8,20,lower,Y,PISO_3,_,True
LT1:204:10,54.404481132075475,-0.0,7.97,54.404481132075475,-0.0,7.97,8,20,lower,Y,PISO_3,_,True
LT1:204:10,54.60495283018868,-0.0,7.97,54.60495283018868,-0.0,7.97,8,20,lower,Y,PISO_3,_,True
LT1:204:10,54.805424528301884,-0.0,7.97,54.805424528301884,-0.0,7.97,8,20,lower,Y,PISO_3,_,True
LT1:204:10,55.00589622641509,-0.0,7.97,55.00589622641509,-0.0,7.97,8,20,lower,Y,PISO_3,_,True
LT1:204:10,55.2063679245283,-0.0,7.97,55.2063679245283,-0.0,7.97,8,20,lower,Y,PISO_3,_,True
LT1:204:10,55.40683962264151,-0.0,7.97,55.40683962264151,-0.0,7.97,8,20,lower,Y,PISO_3,_,True
LT1:204:10,55.60731132075472,-0.0,7.97,55.60731132075472,-0.0,7.97,8,20,lower,Y,PISO_3,_,True
LT1:204:10,55.80778301886792,-0.0,7.97,55.80778301886792,-0.0,7.97,8,20,lower,Y,PISO_3,_,True
LT1:204:10,56.00825471698113,-0.0,7.97,56.00825471698113,-0.0,7.97,8,20,lower,Y,PISO_3,_,True
LT1:204:10,56.20872641509434,-0.0,7.97,56.20872641509434,-0.0,7.97,8,20,lower,Y,PISO_3,_,True
LT1:204:10,56.40919811320755,-0.0,7.97,56.40919811320755,-0.0,7.97,8,20,lower,Y,PISO_3,_,True
LT1:204:10,56.60966981132076,-0.0,7.97,56.60966981132076,-0.0,7.97,8,20,lower,Y,PISO_3,_,True
LT1:204:10,56.81014150943396,-0.0,7.97,56.81014150943396,-0.0,7.97,8,20,lower,Y,PISO_3,_,True
LT1:204:10,57.010613207547166,-0.0,7.97,57.010613207547166,-0.0,7.97,8,20,lower,Y,PISO_3,_,True
LT1:204:10,57.21108490566038,-0.0,7.97,57.21108490566038,-0.0,7.97,8,20,lower,Y,PISO_3,_,True
LT1:204:10,57.41155660377358,-0.0,7.97,57.41155660377358,-0.0,7.97,8,20,lower,Y,PISO_3,_,True
LT1:204:10,57.612028301886795,-0.0,7.97,57.612028301886795,-0.0,7.97,8,20,lower,Y,PISO_3,_,True
LT1:204:10,57.8125,-0.0,7.97,57.8125,-0.0,7.97,8,20,lower,Y,PISO_3,_,True
LT1:204:10,58.012971698113205,-0.0,7.97,58.012971698113205,-0.0,7.97,8,20,lower,Y,PISO_3,_,True
LT1:204:10,58.21344339622642,-0.0,7.97,58.21344339622642,-0.0,7.97,8,20,lower,Y,PISO_3,_,True
LT1:204:10,58.41391509433962,-0.0,7.97,58.41391509433962,-0.0,7.97,8,20,lower,Y,PISO_3,_,True
LT1:204:10,58.614386792452834,-0.0,7.97,58.614386792452834,-0.0,7.97,8,20,lower,Y,PISO_3,_,True
LT1:204:10,58.81485849056604,-0.0,7.97,58.81485849056604,-0.0,7.97,8,20,lower,Y,PISO_3,_,True
LT1:204:10,59.01533018867924,-0.0,7.97,59.01533018867924,-0.0,7.97,8,20,lower,Y,PISO_3,_,True
LT1:204:10,59.21580188679245,-0.0,7.97,59.21580188679245,-0.0,7.97,8,20,lower,Y,PISO_3,_,True
LT1:204:10,59.41627358490566,-0.0,7.97,59.41627358490566,-0.0,7.97,8,20,lower,Y,PISO_3,_,True
LT1:204:10,59.61674528301887,-0.0,7.97,59.61674528301887,-0.0,7.97,8,20,lower,Y,PISO_3,_,True
LT1:204:10,59.81721698113208,-0.0,7.97,59.81721698113208,-0.0,7.97,8,20,lower,Y,PISO_3,_,True
LT1:204:10,60.01768867924528,-0.0,7.97,60.01768867924528,-0.0,7.97,8,20,lower,Y,PISO_3,_,True
LT1:204:10,60.21816037735849,-0.0,7.97,60.21816037735849,-0.0,7.97,8,20,lower,Y,PISO_3,_,True
LT1:204:10,60.4186320754717,-0.0,7.97,60.4186320754717,-0.0,7.97,8,20,lower,Y,PISO_3,_,True
LT1:204:10,60.61910377358491,-0.0,7.97,60.61910377358491,-0.0,7.97,8,20,lower,Y,PISO_3,_,True
LT1:204:10,60.819575471698116,-0.0,7.97,60.819575471698116,-0.0,7.97,8,20,lower,Y,PISO_3,_,True
LT1:204:10,61.02004716981132,-0.0,7.97,61.02004716981132,-0.0,7.97,8,20,lower,Y,PISO_3,_,True
LT1:204:10,61.220518867924525,-0.0,7.97,61.220518867924525,-0.0,7.97,8,20,lower,Y,PISO_3,_,True
LT1:204:10,61.42099056603774,-0.0,7.97,61.42099056603774,-0.0,7.97,8,20,lower,Y,PISO_3,_,True
LT1:204:10,61.62146226415094,-0.0,7.97,61.62146226415094,-0.0,7.97,8,20,lower,Y,PISO_3,_,True
LT1:204:10,61.821933962264154,-0.0,7.97,61.821933962264154,-0.0,7.97,8,20,lower,Y,PISO_3,_,True
LT1:204:10,62.02240566037736,-0.0,7.97,62.02240566037736,-0.0,7.97,8,20,lower,Y,PISO_3,_,True
LT1:204:10,62.222877358490564,-0.0,7.97,62.222877358490564,-0.0,7.97,8,20,lower,Y,PISO_3,_,True
LT1:204:10,62.42334905660377,-0.0,7.97,62.42334905660377,-0.0,7.97,8,20,lower,Y,PISO_3,_,True
LT1:204:10,62.62382075471698,-0.0,7.97,62.62382075471698,-0.0,7.97,8,20,lower,Y,PISO_3,_,True
LT1:204:10,62.82429245283019,-0.0,7.97,62.82429245283019,-0.0,7.97,8,20,lower,Y,PISO_3,_,True
LT1:204:10,63.0247641509434,-0.0,7.97,63.0247641509434,-0.0,7.97,8,20,lower,Y,PISO_3,_,True
LT1:204:10,63.2252358490566,-0.0,7.97,63.2252358490566,-0.0,7.97,8,20,lower,Y,PISO_3,_,True
LT1:204:10,63.425707547169814,-0.0,7.97,63.425707547169814,-0.0,7.97,8,20,lower,Y,PISO_3,_,True
LT1:204:10,63.62617924528302,-0.0,7.97,63.62617924528302,-0.0,7.97,8,20,lower,Y,PISO_3,_,True
LT1:204:10,63.826650943396224,-0.0,7.97,63.826650943396224,-0.0,7.97,8,20,lower,Y,PISO_3,_,True
LT1:204:10,64.02712264150944,-0.0,7.97,64.02712264150944,-0.0,7.97,8,20,lower,Y,PISO_3,_,True
LT1:204:10,64.22759433962264,-0.0,7.97,64.22759433962264,-0.0,7.97,8,20,lower,Y,PISO_3,_,True
LT1:204:10,64.42806603773585,-0.0,7.97,64.42806603773585,-0.0,7.97,8,20,lower,Y,PISO_3,_,True
LT1:204:10,64.62853773584905,-0.0,7.97,64.62853773584905,-0.0,7.97,8,20,lower,Y,PISO_3,_,True
LT1:204:10,64.82900943396226,-0.0,7.97,64.82900943396226,-0.0,7.97,8,20,lower,Y,PISO_3,_,True
LT1:204:10,65.02948113207547,-0.0,7.97,65.02948113207547,-0.0,7.97,8,20,lower,Y,PISO_3,_,True
LT1:204:10,65.22995283018868,-0.0,7.97,65.22995283018868,-0.0,7.97,8,20,lower,Y,PISO_3,_,True
LT1:204:10,65.43042452830188,-0.0,7.97,65.43042452830188,-0.0,7.97,8,20,lower,Y,PISO_3,_,True
LT1:204:10,65.6308962264151,-0.0,7.97,65.6308962264151,-0.0,7.97,8,20,lower,Y,PISO_3,_,True
LT1:204:10,65.83136792452831,-0.0,7.97,65.83136792452831,-0.0,7.97,8,20,lower,Y,PISO_3,_,True
LT1:204:10,66.03183962264151,-0.0,7.97,66.03183962264151,-0.0,7.97,8,20,lower,Y,PISO_3,_,True
LT1:204:10,66.23231132075472,-0.0,7.97,66.23231132075472,-0.0,7.97,8,20,lower,Y,PISO_3,_,True
LT1:204:10,66.43278301886792,-0.0,7.97,66.43278301886792,-0.0,7.97,8,20,lower,Y,PISO_3,_,True
LT1:204:10,66.63325471698113,-0.0,7.97,66.63325471698113,-0.0,7.97,8,20,lower,Y,PISO_3,_,True
LT1:204:10,66.83372641509433,-0.0,7.97,66.83372641509433,-0.0,7.97,8,20,lower,Y,PISO_3,_,True
LT1:204:10,67.03419811320754,-0.0,7.97,67.03419811320754,-0.0,7.97,8,20,lower,Y,PISO_3,_,True
LT1:204:10,67.23466981132076,-0.0,7.97,67.23466981132076,-0.0,7.97,8,20,lower,Y,PISO_3,_,True
LT1:204:10,67.43514150943396,-0.0,7.97,67.43514150943396,-0.0,7.97,8,20,lower,Y,PISO_3,_,True
LT1:204:10,67.63561320754717,-0.0,7.97,67.63561320754717,-0.0,7.97,8,20,lower,Y,PISO_3,_,True
LT1:204:10,67.83608490566039,-0.0,7.97,67.83608490566039,-0.0,7.97,8,20,lower,Y,PISO_3,_,True
LT1:204:10,68.03655660377359,-0.0,7.97,68.03655660377359,-0.0,7.97,8,20,lower,Y,PISO_3,_,True
LT1:204:10,68.2370283018868,-0.0,7.97,68.2370283018868,-0.0,7.97,8,20,lower,Y,PISO_3,_,True
LT1:204:10,68.4375,-0.0,7.97,68.4375,-0.0,7.97,8,20,lower,Y,PISO_3,_,True
LT1:204:10,68.6379716981132,-0.0,7.97,68.6379716981132,-0.0,7.97,8,20,lower,Y,PISO_3,_,True
LT1:204:10,68.83844339622641,-0.0,7.97,68.83844339622641,-0.0,7.97,8,20,lower,Y,PISO_3,_,True
LT1:204:10,69.03891509433961,-0.0,7.97,69.03891509433961,-0.0,7.97,8,20,lower,Y,PISO_3,_,True
LT1:204:10,69.23938679245283,-0.0,7.97,69.23938679245283,-0.0,7.97,8,20,lower,Y,PISO_3,_,True
LT1:204:10,69.43985849056604,-0.0,7.97,69.43985849056604,-0.0,7.97,8,20,lower,Y,PISO_3,_,True
LT1:204:10,69.64033018867924,-0.0,7.97,69.64033018867924,-0.0,7.97,8,20,lower,Y,PISO_3,_,True
LT1:204:10,69.84080188679246,-0.0,7.97,69.84080188679246,-0.0,7.97,8,20,lower,Y,PISO_3,_,True
LT1:204:10,70.04127358490567,-0.0,7.97,70.04127358490567,-0.0,7.97,8,20,lower,Y,PISO_3,_,True
LT1:204:10,70.24174528301887,-0.0,7.97,70.24174528301887,-0.0,7.97,8,20,lower,Y,PISO_3,_,True
LT1:204:10,70.44221698113208,-0.0,7.97,70.44221698113208,-0.0,7.97,8,20,lower,Y,PISO_3,_,True
LT1:204:10,70.64268867924528,-0.0,7.97,70.64268867924528,-0.0,7.97,8,20,lower,Y,PISO_3,_,True
LT1:204:10,70.84316037735849,-0.0,7.97,70.84316037735849,-0.0,7.97,8,20,lower,Y,PISO_3,_,True
LT1:204:10,71.04363207547169,-0.0,7.97,71.04363207547169,-0.0,7.97,8,20,lower,Y,PISO_3,_,True
LT1:204:10,71.2441037735849,-0.0,7.97,71.2441037735849,-0.0,7.97,8,20,lower,Y,PISO_3,_,True
LT1:204:10,71.44457547169812,-0.0,7.97,71.44457547169812,-0.0,7.97,8,20,lower,Y,PISO_3,_,True
LT1:204:10,71.64504716981132,-0.0,7.97,71.64504716981132,-0.0,7.97,8,20,lower,Y,PISO_3,_,True
LT1:204:10,71.84551886792453,-0.0,7.97,71.84551886792453,-0.0,7.97,8,20,lower,Y,PISO_3,_,True
LT1:204:10,72.04599056603774,-0.0,7.97,72.04599056603774,-0.0,7.97,8,20,lower,Y,PISO_3,_,True
LT1:204:10,72.24646226415095,-0.0,7.97,72.24646226415095,-0.0,7.97,8,20,lower,Y,PISO_3,_,True
LT1:204:10,72.44693396226415,-0.0,7.97,72.44693396226415,-0.0,7.97,8,20,lower,Y,PISO_3,_,True
LT1:204:10,72.64740566037736,-0.0,7.97,72.64740566037736,-0.0,7.97,8,20,lower,Y,PISO_3,_,True
LT1:204:10,72.84787735849056,-0.0,7.97,72.84787735849056,-0.0,7.97,8,20,lower,Y,PISO_3,_,True
LT1:204:10,73.04834905660377,-0.0,7.97,73.04834905660377,-0.0,7.97,8,20,lower,Y,PISO_3,_,True
LT1:204:10,73.24882075471697,-0.0,7.97,73.24882075471697,-0.0,7.97,8,20,lower,Y,PISO_3,_,True
LT1:204:10,73.44929245283018,-0.0,7.97,73.44929245283018,-0.0,7.97,8,20,lower,Y,PISO_3,_,True
LT1:204:10,73.6497641509434,-0.0,7.97,73.6497641509434,-0.0,7.97,8,20,lower,Y,PISO_3,_,True
LT1:204:11,31.25,8.075,7.97,73.75,8.075,7.97,8,18,lower,X,PISO_3,PISO_3_P11;PISO_3_P12;PISO_3_P21;PISO_3_P22;PISO_3_P31;PISO_3_P32;PISO_3_P41;PISO_3_P42;PISO_3_P51;PISO_3_P52,True
LT1:204:11,31.340042372881356,16.15,7.97,31.340042372881356,-0.0,7.97,8,18,lower,Y,PISO_3,PISO_3_P11;PISO_3_P12;PISO_3_P21;PISO_3_P22;PISO_3_P31;PISO_3_P32;PISO_3_P41;PISO_3_P42;PISO_3_P51;PISO_3_P52,True
LT1:204:11,31.52012711864407,16.15,7.97,31.52012711864407,-0.0,7.97,8,18,lower,Y,PISO_3,PISO_3_P11;PISO_3_P12;PISO_3_P21;PISO_3_P22;PISO_3_P31;PISO_3_P32;PISO_3_P41;PISO_3_P42;PISO_3_P51;PISO_3_P52,True
LT1:204:11,31.70021186440678,16.15,7.97,31.70021186440678,-0.0,7.97,8,18,lower,Y,PISO_3,PISO_3_P11;PISO_3_P12;PISO_3_P21;PISO_3_P22;PISO_3_P31;PISO_3_P32;PISO_3_P41;PISO_3_P42;PISO_3_P51;PISO_3_P52,True
LT1:204:11,31.88029661016949,16.15,7.97,31.88029661016949,-0.0,7.97,8,18,lower,Y,PISO_3,PISO_3_P11;PISO_3_P12;PISO_3_P21;PISO_3_P22;PISO_3_P31;PISO_3_P32;PISO_3_P41;PISO_3_P42;PISO_3_P51;PISO_3_P52,True
LT1:204:11,32.0603813559322,16.15,7.97,32.0603813559322,-0.0,7.97,8,18,lower,Y,PISO_3,PISO_3_P11;PISO_3_P12;PISO_3_P21;PISO_3_P22;PISO_3_P31;PISO_3_P32;PISO_3_P41;PISO_3_P42;PISO_3_P51;PISO_3_P52,True
LT1:204:11,32.24046610169491,16.15,7.97,32.24046610169491,-0.0,7.97,8,18,lower,Y,PISO_3,PISO_3_P11;PISO_3_P12;PISO_3_P21;PISO_3_P22;PISO_3_P31;PISO_3_P32;PISO_3_P41;PISO_3_P42;PISO_3_P51;PISO_3_P52,True
LT1:204:11,32.420550847457626,16.15,7.97,32.420550847457626,-0.0,7.97,8,18,lower,Y,PISO_3,PISO_3_P11;PISO_3_P12;PISO_3_P21;PISO_3_P22;PISO_3_P31;PISO_3_P32;PISO_3_P41;PISO_3_P42;PISO_3_P51;PISO_3_P52,True
LT1:204:11,32.60063559322034,16.15,7.97,32.60063559322034,-0.0,7.97,8,18,lower,Y,PISO_3,PISO_3_P11;PISO_3_P12;PISO_3_P21;PISO_3_P22;PISO_3_P31;PISO_3_P32;PISO_3_P41;PISO_3_P42;PISO_3_P51;PISO_3_P52,True
LT1:204:11,32.78072033898305,16.15,7.97,32.78072033898305,-0.0,7.97,8,18,lower,Y,PISO_3,PISO_3_P11;PISO_3_P12;PISO_3_P21;PISO_3_P22;PISO_3_P31;PISO_3_P32;PISO_3_P41;PISO_3_P42;PISO_3_P51;PISO_3_P52,True
LT1:204:11,32.960805084745765,16.15,7.97,32.960805084745765,-0.0,7.97,8,18,lower,Y,PISO_3,PISO_3_P11;PISO_3_P12;PISO_3_P21;PISO_3_P22;PISO_3_P31;PISO_3_P32;PISO_3_P41;PISO_3_P42;PISO_3_P51;PISO_3_P52,True
LT1:204:11,33.14088983050848,16.15,7.97,33.14088983050848,-0.0,7.97,8,18,lower,Y,PISO_3,PISO_3_P11;PISO_3_P12;PISO_3_P21;PISO_3_P22;PISO_3_P31;PISO_3_P32;PISO_3_P41;PISO_3_P42;PISO_3_P51;PISO_3_P52,True
LT1:204:11,33.32097457627118,16.15,7.97,33.32097457627118,-0.0,7.97,8,18,lower,Y,PISO_3,PISO_3_P11;PISO_3_P12;PISO_3_P21;PISO_3_P22;PISO_3_P31;PISO_3_P32;PISO_3_P41;PISO_3_P42;PISO_3_P51;PISO_3_P52,True
LT1:204:11,33.501059322033896,16.15,7.97,33.501059322033896,-0.0,7.97,8,18,lower,Y,PISO_3,PISO_3_P11;PISO_3_P12;PISO_3_P21;PISO_3_P22;PISO_3_P31;PISO_3_P32;PISO_3_P41;PISO_3_P42;PISO_3_P51;PISO_3_P52,True
LT1:204:11,33.68114406779661,16.15,7.97,33.68114406779661,-0.0,7.97,8,18,lower,Y,PISO_3,PISO_3_P11;PISO_3_P12;PISO_3_P21;PISO_3_P22;PISO_3_P31;PISO_3_P32;PISO_3_P41;PISO_3_P42;PISO_3_P51;PISO_3_P52,True
LT1:204:11,33.86122881355932,16.15,7.97,33.86122881355932,-0.0,7.97,8,18,lower,Y,PISO_3,PISO_3_P11;PISO_3_P12;PISO_3_P21;PISO_3_P22;PISO_3_P31;PISO_3_P32;PISO_3_P41;PISO_3_P42;PISO_3_P51;PISO_3_P52,True
LT1:204:11,34.041313559322035,16.15,7.97,34.041313559322035,-0.0,7.97,8,18,lower,Y,PISO_3,PISO_3_P11;PISO_3_P12;PISO_3_P21;PISO_3_P22;PISO_3_P31;PISO_3_P32;PISO_3_P41;PISO_3_P42;PISO_3_P51;PISO_3_P52,True
LT1:204:11,34.22139830508475,16.15,7.97,34.22139830508475,-0.0,7.97,8,18,lower,Y,PISO_3,PISO_3_P11;PISO_3_P12;PISO_3_P21;PISO_3_P22;PISO_3_P31;PISO_3_P32;PISO_3_P41;PISO_3_P42;PISO_3_P51;PISO_3_P52,True
LT1:204:11,34.40148305084746,16.15,7.97,34.40148305084746,-0.0,7.97,8,18,lower,Y,PISO_3,PISO_3_P11;PISO_3_P12;PISO_3_P21;PISO_3_P22;PISO_3_P31;PISO_3_P32;PISO_3_P41;PISO_3_P42;PISO_3_P51;PISO_3_P52,True
LT1:204:11,34.58156779661017,16.15,7.97,34.58156779661017,-0.0,7.97,8,18,lower,Y,PISO_3,PISO_3_P11;PISO_3_P12;PISO_3_P21;PISO_3_P22;PISO_3_P31;PISO_3_P32;PISO_3_P41;PISO_3_P42;PISO_3_P51;PISO_3_P52,True
LT1:204:11,34.76165254237288,16.15,7.97,34.76165254237288,-0.0,7.97,8,18,lower,Y,PISO_3,PISO_3_P11;PISO_3_P12;PISO_3_P21;PISO_3_P22;PISO_3_P31;PISO_3_P32;PISO_3_P41;PISO_3_P42;PISO_3_P51;PISO_3_P52,True
LT1:204:11,34.94173728813559,16.15,7.97,34.94173728813559,-0.0,7.97,8,18,lower,Y,PISO_3,PISO_3_P11;PISO_3_P12;PISO_3_P21;PISO_3_P22;PISO_3_P31;PISO_3_P32;PISO_3_P41;PISO_3_P42;PISO_3_P51;PISO_3_P52,True
LT1:204:11,35.121822033898304,16.15,7.97,35.121822033898304,-0.0,7.97,8,18,lower,Y,PISO_3,PISO_3_P11;PISO_3_P12;PISO_3_P21;PISO_3_P22;PISO_3_P31;PISO_3_P32;PISO_3_P41;PISO_3_P42;PISO_3_P51;PISO_3_P52,True
LT1:204:11,35.30190677966102,16.15,7.97,35.30190677966102,-0.0,7.97,8,18,lower,Y,PISO_3,PISO_3_P11;PISO_3_P12;PISO_3_P21;PISO_3_P22;PISO_3_P31;PISO_3_P32;PISO_3_P41;PISO_3_P42;PISO_3_P51;PISO_3_P52,True
LT1:204:11,35.48199152542373,16.15,7.97,35.48199152542373,-0.0,7.97,8,18,lower,Y,PISO_3,PISO_3_P11;PISO_3_P12;PISO_3_P21;PISO_3_P22;PISO_3_P31;PISO_3_P32;PISO_3_P41;PISO_3_P42;PISO_3_P51;PISO_3_P52,True
LT1:204:11,35.66207627118644,16.15,7.97,35.66207627118644,-0.0,7.97,8,18,lower,Y,PISO_3,PISO_3_P11;PISO_3_P12;PISO_3_P21;PISO_3_P22;PISO_3_P31;PISO_3_P32;PISO_3_P41;PISO_3_P42;PISO_3_P51;PISO_3_P52,True
LT1:204:11,35.84216101694915,16.15,7.97,35.84216101694915,-0.0,7.97,8,18,lower,Y,PISO_3,PISO_3_P11;PISO_3_P12;PISO_3_P21;PISO_3_P22;PISO_3_P31;PISO_3_P32;PISO_3_P41;PISO_3_P42;PISO_3_P51;PISO_3_P52,True
LT1:204:11,36.02224576271186,16.15,7.97,36.02224576271186,-0.0,7.97,8,18,lower,Y,PISO_3,PISO_3_P11;PISO_3_P12;PISO_3_P21;PISO_3_P22;PISO_3_P31;PISO_3_P32;PISO_3_P41;PISO_3_P42;PISO_3_P51;PISO_3_P52,True
LT1:204:11,36.202330508474574,16.15,7.97,36.202330508474574,-0.0,7.97,8,18,lower,Y,PISO_3,PISO_3_P11;PISO_3_P12;PISO_3_P21;PISO_3_P22;PISO_3_P31;PISO_3_P32;PISO_3_P41;PISO_3_P42;PISO_3_P51;PISO_3_P52,True
LT1:204:11,36.38241525423729,16.15,7.97,36.38241525423729,-0.0,7.97,8,18,lower,Y,PISO_3,PISO_3_P11;PISO_3_P12;PISO_3_P21;PISO_3_P22;PISO_3_P31;PISO_3_P32;PISO_3_P41;PISO_3_P42;PISO_3_P51;PISO_3_P52,True
LT1:204:11,36.5625,16.15,7.97,36.5625,-0.0,7.97,8,18,lower,Y,PISO_3,PISO_3_P11;PISO_3_P12;PISO_3_P21;PISO_3_P22;PISO_3_P31;PISO_3_P32;PISO_3_P41;PISO_3_P42;PISO_3_P51;PISO_3_P52,True
LT1:204:11,36.74258474576271,16.15,7.97,36.74258474576271,-0.0,7.97,8,18,lower,Y,PISO_3,PISO_3_P11;PISO_3_P12;PISO_3_P21;PISO_3_P22;PISO_3_P31;PISO_3_P32;PISO_3_P41;PISO_3_P42;PISO_3_P51;PISO_3_P52,True
LT1:204:11,36.922669491525426,16.15,7.97,36.922669491525426,-0.0,7.97,8,18,lower,Y,PISO_3,PISO_3_P11;PISO_3_P12;PISO_3_P21;PISO_3_P22;PISO_3_P31;PISO_3_P32;PISO_3_P41;PISO_3_P42;PISO_3_P51;PISO_3_P52,True
LT1:204:11,37.10275423728814,16.15,7.97,37.10275423728814,-0.0,7.97,8,18,lower,Y,PISO_3,PISO_3_P11;PISO_3_P12;PISO_3_P21;PISO_3_P22;PISO_3_P31;PISO_3_P32;PISO_3_P41;PISO_3_P42;PISO_3_P51;PISO_3_P52,True
LT1:204:11,37.28283898305085,16.15,7.97,37.28283898305085,-0.0,7.97,8,18,lower,Y,PISO_3,PISO_3_P11;PISO_3_P12;PISO_3_P21;PISO_3_P22;PISO_3_P31;PISO_3_P32;PISO_3_P41;PISO_3_P42;PISO_3_P51;PISO_3_P52,True
LT1:204:11,37.46292372881356,16.15,7.97,37.46292372881356,-0.0,7.97,8,18,lower,Y,PISO_3,PISO_3_P11;PISO_3_P12;PISO_3_P21;PISO_3_P22;PISO_3_P31;PISO_3_P32;PISO_3_P41;PISO_3_P42;PISO_3_P51;PISO_3_P52,True
LT1:204:11,37.64300847457627,16.15,7.97,37.64300847457627,-0.0,7.97,8,18,lower,Y,PISO_3,PISO_3_P11;PISO_3_P12;PISO_3_P21;PISO_3_P22;PISO_3_P31;PISO_3_P32;PISO_3_P41;PISO_3_P42;PISO_3_P51;PISO_3_P52,True
LT1:204:11,37.82309322033898,16.15,7.97,37.82309322033898,-0.0,7.97,8,18,lower,Y,PISO_3,PISO_3_P11;PISO_3_P12;PISO_3_P21;PISO_3_P22;PISO_3_P31;PISO_3_P32;PISO_3_P41;PISO_3_P42;PISO_3_P51;PISO_3_P52,True
LT1:204:11,38.003177966101696,16.15,7.97,38.003177966101696,-0.0,7.97,8,18,lower,Y,PISO_3,PISO_3_P11;PISO_3_P12;PISO_3_P21;PISO_3_P22;PISO_3_P31;PISO_3_P32;PISO_3_P41;PISO_3_P42;PISO_3_P51;PISO_3_P52,True
LT1:204:11,38.18326271186441,16.15,7.97,38.18326271186441,-0.0,7.97,8,18,lower,Y,PISO_3,PISO_3_P11;PISO_3_P12;PISO_3_P21;PISO_3_P22;PISO_3_P31;PISO_3_P32;PISO_3_P41;PISO_3_P42;PISO_3_P51;PISO_3_P52,True
LT1:204:11,38.36334745762712,16.15,7.97,38.36334745762712,-0.0,7.97,8,18,lower,Y,PISO_3,PISO_3_P11;PISO_3_P12;PISO_3_P21;PISO_3_P22;PISO_3_P31;PISO_3_P32;PISO_3_P41;PISO_3_P42;PISO_3_P51;PISO_3_P52,True
LT1:204:11,38.54343220338983,16.15,7.97,38.54343220338983,-0.0,7.97,8,18,lower,Y,PISO_3,PISO_3_P11;PISO_3_P12;PISO_3_P21;PISO_3_P22;PISO_3_P31;PISO_3_P32;PISO_3_P41;PISO_3_P42;PISO_3_P51;PISO_3_P52,True
LT1:204:11,38.72351694915254,16.15,7.97,38.72351694915254,-0.0,7.97,8,18,lower,Y,PISO_3,PISO_3_P11;PISO_3_P12;PISO_3_P21;PISO_3_P22;PISO_3_P31;PISO_3_P32;PISO_3_P41;PISO_3_P42;PISO_3_P51;PISO_3_P52,True
LT1:204:11,38.90360169491525,16.15,7.97,38.90360169491525,-0.0,7.97,8,18,lower,Y,PISO_3,PISO_3_P11;PISO_3_P12;PISO_3_P21;PISO_3_P22;PISO_3_P31;PISO_3_P32;PISO_3_P41;PISO_3_P42;PISO_3_P51;PISO_3_P52,True
LT1:204:11,39.083686440677965,16.15,7.97,39.083686440677965,-0.0,7.97,8,18,lower,Y,PISO_3,PISO_3_P11;PISO_3_P12;PISO_3_P21;PISO_3_P22;PISO_3_P31;PISO_3_P32;PISO_3_P41;PISO_3_P42;PISO_3_P51;PISO_3_P52,True
LT1:204:11,39.26377118644068,16.15,7.97,39.26377118644068,-0.0,7.97,8,18,lower,Y,PISO_3,PISO_3_P11;PISO_3_P12;PISO_3_P21;PISO_3_P22;PISO_3_P31;PISO_3_P32;PISO_3_P41;PISO_3_P42;PISO_3_P51;PISO_3_P52,True
LT1:204:11,39.44385593220339,16.15,7.97,39.44385593220339,-0.0,7.97,8,18,lower,Y,PISO_3,PISO_3_P11;PISO_3_P12;PISO_3_P21;PISO_3_P22;PISO_3_P31;PISO_3_P32;PISO_3_P41;PISO_3_P42;PISO_3_P51;PISO_3_P52,True
LT1:204:11,39.623940677966104,16.15,7.97,39.623940677966104,-0.0,7.97,8,18,lower,Y,PISO_3,PISO_3_P11;PISO_3_P12;PISO_3_P21;PISO_3_P22;PISO_3_P31;PISO_3_P32;PISO_3_P41;PISO_3_P42;PISO_3_P51;PISO_3_P52,True
LT1:204:11,39.80402542372882,16.15,7.97,39.80402542372882,-0.0,7.97,8,18,lower,Y,PISO_3,PISO_3_P11;PISO_3_P12;PISO_3_P21;PISO_3_P22;PISO_3_P31;PISO_3_P32;PISO_3_P41;PISO_3_P42;PISO_3_P51;PISO_3_P52,True
LT1:204:11,39.98411016949153,16.15,7.97,39.98411016949153,-0.0,7.97,8,18,lower,Y,PISO_3,PISO_3_P11;PISO_3_P12;PISO_3_P21;PISO_3_P22;PISO_3_P31;PISO_3_P32;PISO_3_P41;PISO_3_P42;PISO_3_P51;PISO_3_P52,True
LT1:204:11,40.164194915254235,16.15,7.97,40.164194915254235,-0.0,7.97,8,18,lower,Y,PISO_3,PISO_3_P11;PISO_3_P12;PISO_3_P21;PISO_3_P22;PISO_3_P31;PISO_3_P32;PISO_3_P41;PISO_3_P42;PISO_3_P51;PISO_3_P52,True
LT1:204:11,40.34427966101695,16.15,7.97,40.34427966101695,-0.0,7.97,8,18,lower,Y,PISO_3,PISO_3_P11;PISO_3_P12;PISO_3_P21;PISO_3_P22;PISO_3_P31;PISO_3_P32;PISO_3_P41;PISO_3_P42;PISO_3_P51;PISO_3_P52,True
LT1:204:11,40.52436440677966,16.15,7.97,40.52436440677966,-0.0,7.97,8,18,lower,Y,PISO_3,PISO_3_P11;PISO_3_P12;PISO_3_P21;PISO_3_P22;PISO_3_P31;PISO_3_P32;PISO_3_P41;PISO_3_P42;PISO_3_P51;PISO_3_P52,True
LT1:204:11,40.704449152542374,16.15,7.97,40.704449152542374,-0.0,7.97,8,18,lower,Y,PISO_3,PISO_3_P11;PISO_3_P12;PISO_3_P21;PISO_3_P22;PISO_3_P31;PISO_3_P32;PISO_3_P41;PISO_3_P42;PISO_3_P51;PISO_3_P52,True
LT1:204:11,40.88453389830509,16.15,7.97,40.88453389830509,-0.0,7.97,8,18,lower,Y,PISO_3,PISO_3_P11;PISO_3_P12;PISO_3_P21;PISO_3_P22;PISO_3_P31;PISO_3_P32;PISO_3_P41;PISO_3_P42;PISO_3_P51;PISO_3_P52,True
LT1:204:11,41.06461864406779,16.15,7.97,41.06461864406779,-0.0,7.97,8,18,lower,Y,PISO_3,PISO_3_P11;PISO_3_P12;PISO_3_P21;PISO_3_P22;PISO_3_P31;PISO_3_P32;PISO_3_P41;PISO_3_P42;PISO_3_P51;PISO_3_P52,True
LT1:204:11,41.244703389830505,16.15,7.97,41.244703389830505,-0.0,7.97,8,18,lower,Y,PISO_3,PISO_3_P11;PISO_3_P12;PISO_3_P21;PISO_3_P22;PISO_3_P31;PISO_3_P32;PISO_3_P41;PISO_3_P42;PISO_3_P51;PISO_3_P52,True
LT1:204:11,41.42478813559322,16.15,7.97,41.42478813559322,-0.0,7.97,8,18,lower,Y,PISO_3,PISO_3_P11;PISO_3_P12;PISO_3_P21;PISO_3_P22;PISO_3_P31;PISO_3_P32;PISO_3_P41;PISO_3_P42;PISO_3_P51;PISO_3_P52,True
LT1:204:11,41.60487288135593,16.15,7.97,41.60487288135593,-0.0,7.97,8,18,lower,Y,PISO_3,PISO_3_P11;PISO_3_P12;PISO_3_P21;PISO_3_P22;PISO_3_P31;PISO_3_P32;PISO_3_P41;PISO_3_P42;PISO_3_P51;PISO_3_P52,True
LT1:204:11,41.784957627118644,16.15,7.97,41.784957627118644,-0.0,7.97,8,18,lower,Y,PISO_3,PISO_3_P11;PISO_3_P12;PISO_3_P21;PISO_3_P22;PISO_3_P31;PISO_3_P32;PISO_3_P41;PISO_3_P42;PISO_3_P51;PISO_3_P52,True
LT1:204:11,41.965042372881356,16.15,7.97,41.965042372881356,-0.0,7.97,8,18,lower,Y,PISO_3,PISO_3_P11;PISO_3_P12;PISO_3_P21;PISO_3_P22;PISO_3_P31;PISO_3_P32;PISO_3_P41;PISO_3_P42;PISO_3_P51;PISO_3_P52,True
LT1:204:11,42.14512711864407,16.15,7.97,42.14512711864407,-0.0,7.97,8,18,lower,Y,PISO_3,PISO_3_P11;PISO_3_P12;PISO_3_P21;PISO_3_P22;PISO_3_P31;PISO_3_P32;PISO_3_P41;PISO_3_P42;PISO_3_P51;PISO_3_P52,True
LT1:204:11,42.32521186440678,16.15,7.97,42.32521186440678,-0.0,7.97,8,18,lower,Y,PISO_3,PISO_3_P11;PISO_3_P12;PISO_3_P21;PISO_3_P22;PISO_3_P31;PISO_3_P32;PISO_3_P41;PISO_3_P42;PISO_3_P51;PISO_3_P52,True
LT1:204:11,42.505296610169495,16.15,7.97,42.505296610169495,-0.0,7.97,8,18,lower,Y,PISO_3,PISO_3_P11;PISO_3_P12;PISO_3_P21;PISO_3_P22;PISO_3_P31;PISO_3_P32;PISO_3_P41;PISO_3_P42;PISO_3_P51;PISO_3_P52,True
LT1:204:11,42.68538135593221,16.15,7.97,42.68538135593221,-0.0,7.97,8,18,lower,Y,PISO_3,PISO_3_P11;PISO_3_P12;PISO_3_P21;PISO_3_P22;PISO_3_P31;PISO_3_P32;PISO_3_P41;PISO_3_P42;PISO_3_P51;PISO_3_P52,True
LT1:204:11,42.86546610169491,16.15,7.97,42.86546610169491,-0.0,7.97,8,18,lower,Y,PISO_3,PISO_3_P11;PISO_3_P12;PISO_3_P21;PISO_3_P22;PISO_3_P31;PISO_3_P32;PISO_3_P41;PISO_3_P42;PISO_3_P51;PISO_3_P52,True
LT1:204:11,43.045550847457626,16.15,7.97,43.045550847457626,-0.0,7.97,8,18,lower,Y,PISO_3,PISO_3_P11;PISO_3_P12;PISO_3_P21;PISO_3_P22;PISO_3_P31;PISO_3_P32;PISO_3_P41;PISO_3_P42;PISO_3_P51;PISO_3_P52,True
LT1:204:11,43.22563559322034,16.15,7.97,43.22563559322034,-0.0,7.97,8,18,lower,Y,PISO_3,PISO_3_P11;PISO_3_P12;PISO_3_P21;PISO_3_P22;PISO_3_P31;PISO_3_P32;PISO_3_P41;PISO_3_P42;PISO_3_P51;PISO_3_P52,True
LT1:204:11,43.40572033898305,16.15,7.97,43.40572033898305,-0.0,7.97,8,18,lower,Y,PISO_3,PISO_3_P11;PISO_3_P12;PISO_3_P21;PISO_3_P22;PISO_3_P31;PISO_3_P32;PISO_3_P41;PISO_3_P42;PISO_3_P51;PISO_3_P52,True
LT1:204:11,43.585805084745765,16.15,7.97,43.585805084745765,-0.0,7.97,8,18,lower,Y,PISO_3,PISO_3_P11;PISO_3_P12;PISO_3_P21;PISO_3_P22;PISO_3_P31;PISO_3_P32;PISO_3_P41;PISO_3_P42;PISO_3_P51;PISO_3_P52,True
LT1:204:11,43.76588983050847,16.15,7.97,43.76588983050847,-0.0,7.97,8,18,lower,Y,PISO_3,PISO_3_P11;PISO_3_P12;PISO_3_P21;PISO_3_P22;PISO_3_P31;PISO_3_P32;PISO_3_P41;PISO_3_P42;PISO_3_P51;PISO_3_P52,True
LT1:204:11,43.94597457627118,16.15,7.97,43.94597457627118,-0.0,7.97,8,18,lower,Y,PISO_3,PISO_3_P11;PISO_3_P12;PISO_3_P21;PISO_3_P22;PISO_3_P31;PISO_3_P32;PISO_3_P41;PISO_3_P42;PISO_3_P51;PISO_3_P52,True
LT1:204:11,44.126059322033896,16.15,7.97,44.126059322033896,-0.0,7.97,8,18,lower,Y,PISO_3,PISO_3_P11;PISO_3_P12;PISO_3_P21;PISO_3_P22;PISO_3_P31;PISO_3_P32;PISO_3_P41;PISO_3_P42;PISO_3_P51;PISO_3_P52,True
LT1:204:11,44.30614406779661,16.15,7.97,44.30614406779661,-0.0,7.97,8,18,lower,Y,PISO_3,PISO_3_P11;PISO_3_P12;PISO_3_P21;PISO_3_P22;PISO_3_P31;PISO_3_P32;PISO_3_P41;PISO_3_P42;PISO_3_P51;PISO_3_P52,True
LT1:204:11,44.48622881355932,16.15,7.97,44.48622881355932,-0.0,7.97,8,18,lower,Y,PISO_3,PISO_3_P11;PISO_3_P12;PISO_3_P21;PISO_3_P22;PISO_3_P31;PISO_3_P32;PISO_3_P41;PISO_3_P42;PISO_3_P51;PISO_3_P52,True
LT1:204:11,44.666313559322035,16.15,7.97,44.666313559322035,-0.0,7.97,8,18,lower,Y,PISO_3,PISO_3_P11;PISO_3_P12;PISO_3_P21;PISO_3_P22;PISO_3_P31;PISO_3_P32;PISO_3_P41;PISO_3_P42;PISO_3_P51;PISO_3_P52,True
LT1:204:11,44.84639830508475,16.15,7.97,44.84639830508475,-0.0,7.97,8,18,lower,Y,PISO_3,PISO_3_P11;PISO_3_P12;PISO_3_P21;PISO_3_P22;PISO_3_P31;PISO_3_P32;PISO_3_P41;PISO_3_P42;PISO_3_P51;PISO_3_P52,True
LT1:204:11,45.02648305084746,16.15,7.97,45.02648305084746,-0.0,7.97,8,18,lower,Y,PISO_3,PISO_3_P11;PISO_3_P12;PISO_3_P21;PISO_3_P22;PISO_3_P31;PISO_3_P32;PISO_3_P41;PISO_3_P42;PISO_3_P51;PISO_3_P52,True
LT1:204:11,45.20656779661017,16.15,7.97,45.20656779661017,-0.0,7.97,8,18,lower,Y,PISO_3,PISO_3_P11;PISO_3_P12;PISO_3_P21;PISO_3_P22;PISO_3_P31;PISO_3_P32;PISO_3_P41;PISO_3_P42;PISO_3_P51;PISO_3_P52,True
LT1:204:11,45.38665254237288,16.15,7.97,45.38665254237288,-0.0,7.97,8,18,lower,Y,PISO_3,PISO_3_P11;PISO_3_P12;PISO_3_P21;PISO_3_P22;PISO_3_P31;PISO_3_P32;PISO_3_P41;PISO_3_P42;PISO_3_P51;PISO_3_P52,True
LT1:204:11,45.56673728813559,16.15,7.97,45.56673728813559,-0.0,7.97,8,18,lower,Y,PISO_3,PISO_3_P11;PISO_3_P12;PISO_3_P21;PISO_3_P22;PISO_3_P31;PISO_3_P32;PISO_3_P41;PISO_3_P42;PISO_3_P51;PISO_3_P52,True
LT1:204:11,45.746822033898304,16.15,7.97,45.746822033898304,-0.0,7.97,8,18,lower,Y,PISO_3,PISO_3_P11;PISO_3_P12;PISO_3_P21;PISO_3_P22;PISO_3_P31;PISO_3_P32;PISO_3_P41;PISO_3_P42;PISO_3_P51;PISO_3_P52,True
LT1:204:11,45.92690677966102,16.15,7.97,45.92690677966102,-0.0,7.97,8,18,lower,Y,PISO_3,PISO_3_P11;PISO_3_P12;PISO_3_P21;PISO_3_P22;PISO_3_P31;PISO_3_P32;PISO_3_P41;PISO_3_P42;PISO_3_P51;PISO_3_P52,True
LT1:204:11,46.10699152542373,16.15,7.97,46.10699152542373,-0.0,7.97,8,18,lower,Y,PISO_3,PISO_3_P11;PISO_3_P12;PISO_3_P21;PISO_3_P22;PISO_3_P31;PISO_3_P32;PISO_3_P41;PISO_3_P42;PISO_3_P51;PISO_3_P52,True
LT1:204:11,46.28707627118644,16.15,7.97,46.28707627118644,-0.0,7.97,8,18,lower,Y,PISO_3,PISO_3_P11;PISO_3_P12;PISO_3_P21;PISO_3_P22;PISO_3_P31;PISO_3_P32;PISO_3_P41;PISO_3_P42;PISO_3_P51;PISO_3_P52,True
LT1:204:11,46.46716101694915,16.15,7.97,46.46716101694915,-0.0,7.97,8,18,lower,Y,PISO_3,PISO_3_P11;PISO_3_P12;PISO_3_P21;PISO_3_P22;PISO_3_P31;PISO_3_P32;PISO_3_P41;PISO_3_P42;PISO_3_P51;PISO_3_P52,True
LT1:204:11,46.64724576271186,16.15,7.97,46.64724576271186,-0.0,7.97,8,18,lower,Y,PISO_3,PISO_3_P11;PISO_3_P12;PISO_3_P21;PISO_3_P22;PISO_3_P31;PISO_3_P32;PISO_3_P41;PISO_3_P42;PISO_3_P51;PISO_3_P52,True
LT1:204:11,46.827330508474574,16.15,7.97,46.827330508474574,-0.0,7.97,8,18,lower,Y,PISO_3,PISO_3_P11;PISO_3_P12;PISO_3_P21;PISO_3_P22;PISO_3_P31;PISO_3_P32;PISO_3_P41;PISO_3_P42;PISO_3_P51;PISO_3_P52,True
LT1:204:11,47.00741525423729,16.15,7.97,47.00741525423729,-0.0,7.97,8,18,lower,Y,PISO_3,PISO_3_P11;PISO_3_P12;PISO_3_P21;PISO_3_P22;PISO_3_P31;PISO_3_P32;PISO_3_P41;PISO_3_P42;PISO_3_P51;PISO_3_P52,True
LT1:204:11,47.1875,16.15,7.97,47.1875,-0.0,7.97,8,18,lower,Y,PISO_3,PISO_3_P11;PISO_3_P12;PISO_3_P21;PISO_3_P22;PISO_3_P31;PISO_3_P32;PISO_3_P41;PISO_3_P42;PISO_3_P51;PISO_3_P52,True
LT1:204:11,47.36758474576271,16.15,7.97,47.36758474576271,-0.0,7.97,8,18,lower,Y,PISO_3,PISO_3_P11;PISO_3_P12;PISO_3_P21;PISO_3_P22;PISO_3_P31;PISO_3_P32;PISO_3_P41;PISO_3_P42;PISO_3_P51;PISO_3_P52,True
LT1:204:11,47.547669491525426,16.15,7.97,47.547669491525426,-0.0,7.97,8,18,lower,Y,PISO_3,PISO_3_P11;PISO_3_P12;PISO_3_P21;PISO_3_P22;PISO_3_P31;PISO_3_P32;PISO_3_P41;PISO_3_P42;PISO_3_P51;PISO_3_P52,True
LT1:204:11,47.72775423728814,16.15,7.97,47.72775423728814,-0.0,7.97,8,18,lower,Y,PISO_3,PISO_3_P11;PISO_3_P12;PISO_3_P21;PISO_3_P22;PISO_3_P31;PISO_3_P32;PISO_3_P41;PISO_3_P42;PISO_3_P51;PISO_3_P52,True
LT1:204:11,47.90783898305085,16.15,7.97,47.90783898305085,-0.0,7.97,8,18,lower,Y,PISO_3,PISO_3_P11;PISO_3_P12;PISO_3_P21;PISO_3_P22;PISO_3_P31;PISO_3_P32;PISO_3_P41;PISO_3_P42;PISO_3_P51;PISO_3_P52,True
LT1:204:11,48.087923728813564,16.15,7.97,48.087923728813564,-0.0,7.97,8,18,lower,Y,PISO_3,PISO_3_P11;PISO_3_P12;PISO_3_P21;PISO_3_P22;PISO_3_P31;PISO_3_P32;PISO_3_P41;PISO_3_P42;PISO_3_P51;PISO_3_P52,True
LT1:204:11,48.26800847457627,16.15,7.97,48.26800847457627,-0.0,7.97,8,18,lower,Y,PISO_3,PISO_3_P11;PISO_3_P12;PISO_3_P21;PISO_3_P22;PISO_3_P31;PISO_3_P32;PISO_3_P41;PISO_3_P42;PISO_3_P51;PISO_3_P52,True
LT1:204:11,48.44809322033898,16.15,7.97,48.44809322033898,-0.0,7.97,8,18,lower,Y,PISO_3,PISO_3_P11;PISO_3_P12;PISO_3_P21;PISO_3_P22;PISO_3_P31;PISO_3_P32;PISO_3_P41;PISO_3_P42;PISO_3_P51;PISO_3_P52,True
LT1:204:11,48.628177966101696,16.15,7.97,48.628177966101696,-0.0,7.97,8,18,lower,Y,PISO_3,PISO_3_P11;PISO_3_P12;PISO_3_P21;PISO_3_P22;PISO_3_P31;PISO_3_P32;PISO_3_P41;PISO_3_P42;PISO_3_P51;PISO_3_P52,True
LT1:204:11,48.80826271186441,16.15,7.97,48.80826271186441,-0.0,7.97,8,18,lower,Y,PISO_3,PISO_3_P11;PISO_3_P12;PISO_3_P21;PISO_3_P22;PISO_3_P31;PISO_3_P32;PISO_3_P41;PISO_3_P42;PISO_3_P51;PISO_3_P52,True
LT1:204:11,48.988347457627114,16.15,7.97,48.988347457627114,-0.0,7.97,8,18,lower,Y,PISO_3,PISO_3_P11;PISO_3_P12;PISO_3_P21;PISO_3_P22;PISO_3_P31;PISO_3_P32;PISO_3_P41;PISO_3_P42;PISO_3_P51;PISO_3_P52,True
LT1:204:11,49.16843220338983,16.15,7.97,49.16843220338983,-0.0,7.97,8,18,lower,Y,PISO_3,PISO_3_P11;PISO_3_P12;PISO_3_P21;PISO_3_P22;PISO_3_P31;PISO_3_P32;PISO_3_P41;PISO_3_P42;PISO_3_P51;PISO_3_P52,True
LT1:204:11,49.34851694915254,16.15,7.97,49.34851694915254,-0.0,7.97,8,18,lower,Y,PISO_3,PISO_3_P11;PISO_3_P12;PISO_3_P21;PISO_3_P22;PISO_3_P31;PISO_3_P32;PISO_3_P41;PISO_3_P42;PISO_3_P51;PISO_3_P52,True
LT1:204:11,49.52860169491525,16.15,7.97,49.52860169491525,-0.0,7.97,8,18,lower,Y,PISO_3,PISO_3_P11;PISO_3_P12;PISO_3_P21;PISO_3_P22;PISO_3_P31;PISO_3_P32;PISO_3_P41;PISO_3_P42;PISO_3_P51;PISO_3_P52,True
LT1:204:11,49.708686440677965,16.15,7.97,49.708686440677965,-0.0,7.97,8,18,lower,Y,PISO_3,PISO_3_P11;PISO_3_P12;PISO_3_P21;PISO_3_P22;PISO_3_P31;PISO_3_P32;PISO_3_P41;PISO_3_P42;PISO_3_P51;PISO_3_P52,True
LT1:204:11,49.88877118644068,16.15,7.97,49.88877118644068,-0.0,7.97,8,18,lower,Y,PISO_3,PISO_3_P11;PISO_3_P12;PISO_3_P21;PISO_3_P22;PISO_3_P31;PISO_3_P32;PISO_3_P41;PISO_3_P42;PISO_3_P51;PISO_3_P52,True
LT1:204:11,50.06885593220339,16.15,7.97,50.06885593220339,-0.0,7.97,8,18,lower,Y,PISO_3,PISO_3_P11;PISO_3_P12;PISO_3_P21;PISO_3_P22;PISO_3_P31;PISO_3_P32;PISO_3_P41;PISO_3_P42;PISO_3_P51;PISO_3_P52,True
LT1:204:11,50.248940677966104,16.15,7.97,50.248940677966104,-0.0,7.97,8,18,lower,Y,PISO_3,PISO_3_P11;PISO_3_P12;PISO_3_P21;PISO_3_P22;PISO_3_P31;PISO_3_P32;PISO_3_P41;PISO_3_P42;PISO_3_P51;PISO_3_P52,True
LT1:204:11,50.42902542372882,16.15,7.97,50.42902542372882,-0.0,7.97,8,18,lower,Y,PISO_3,PISO_3_P11;PISO_3_P12;PISO_3_P21;PISO_3_P22;PISO_3_P31;PISO_3_P32;PISO_3_P41;PISO_3_P42;PISO_3_P51;PISO_3_P52,True
LT1:204:11,50.60911016949153,16.15,7.97,50.60911016949153,-0.0,7.97,8,18,lower,Y,PISO_3,PISO_3_P11;PISO_3_P12;PISO_3_P21;PISO_3_P22;PISO_3_P31;PISO_3_P32;PISO_3_P41;PISO_3_P42;PISO_3_P51;PISO_3_P52,True
LT1:204:11,50.78919491525424,16.15,7.97,50.78919491525424,-0.0,7.97,8,18,lower,Y,PISO_3,PISO_3_P11;PISO_3_P12;PISO_3_P21;PISO_3_P22;PISO_3_P31;PISO_3_P32;PISO_3_P41;PISO_3_P42;PISO_3_P51;PISO_3_P52,True
LT1:204:11,50.96927966101695,16.15,7.97,50.96927966101695,-0.0,7.97,8,18,lower,Y,PISO_3,PISO_3_P11;PISO_3_P12;PISO_3_P21;PISO_3_P22;PISO_3_P31;PISO_3_P32;PISO_3_P41;PISO_3_P42;PISO_3_P51;PISO_3_P52,True
LT1:204:11,51.14936440677966,16.15,7.97,51.14936440677966,-0.0,7.97,8,18,lower,Y,PISO_3,PISO_3_P11;PISO_3_P12;PISO_3_P21;PISO_3_P22;PISO_3_P31;PISO_3_P32;PISO_3_P41;PISO_3_P42;PISO_3_P51;PISO_3_P52,True
LT1:204:11,51.329449152542374,16.15,7.97,51.329449152542374,-0.0,7.97,8,18,lower,Y,PISO_3,PISO_3_P11;PISO_3_P12;PISO_3_P21;PISO_3_P22;PISO_3_P31;PISO_3_P32;PISO_3_P41;PISO_3_P42;PISO_3_P51;PISO_3_P52,True
LT1:204:11,51.50953389830508,16.15,7.97,51.50953389830508,-0.0,7.97,8,18,lower,Y,PISO_3,PISO_3_P11;PISO_3_P12;PISO_3_P21;PISO_3_P22;PISO_3_P31;PISO_3_P32;PISO_3_P41;PISO_3_P42;PISO_3_P51;PISO_3_P52,True
LT1:204:11,51.68961864406779,16.15,7.97,51.68961864406779,-0.0,7.97,8,18,lower,Y,PISO_3,PISO_3_P11;PISO_3_P12;PISO_3_P21;PISO_3_P22;PISO_3_P31;PISO_3_P32;PISO_3_P41;PISO_3_P42;PISO_3_P51;PISO_3_P52,True
LT1:204:11,51.869703389830505,16.15,7.97,51.869703389830505,-0.0,7.97,8,18,lower,Y,PISO_3,PISO_3_P11;PISO_3_P12;PISO_3_P21;PISO_3_P22;PISO_3_P31;PISO_3_P32;PISO_3_P41;PISO_3_P42;PISO_3_P51;PISO_3_P52,True
LT1:204:11,52.04978813559322,16.15,7.97,52.04978813559322,-0.0,7.97,8,18,lower,Y,PISO_3,PISO_3_P11;PISO_3_P12;PISO_3_P21;PISO_3_P22;PISO_3_P31;PISO_3_P32;PISO_3_P41;PISO_3_P42;PISO_3_P51;PISO_3_P52,True
LT1:204:11,52.22987288135593,16.15,7.97,52.22987288135593,-0.0,7.97,8,18,lower,Y,PISO_3,PISO_3_P11;PISO_3_P12;PISO_3_P21;PISO_3_P22;PISO_3_P31;PISO_3_P32;PISO_3_P41;PISO_3_P42;PISO_3_P51;PISO_3_P52,True
LT1:204:11,52.409957627118644,16.15,7.97,52.409957627118644,-0.0,7.97,8,18,lower,Y,PISO_3,PISO_3_P11;PISO_3_P12;PISO_3_P21;PISO_3_P22;PISO_3_P31;PISO_3_P32;PISO_3_P41;PISO_3_P42;PISO_3_P51;PISO_3_P52,True
LT1:204:11,52.590042372881356,16.15,7.97,52.590042372881356,-0.0,7.97,8,18,lower,Y,PISO_3,PISO_3_P11;PISO_3_P12;PISO_3_P21;PISO_3_P22;PISO_3_P31;PISO_3_P32;PISO_3_P41;PISO_3_P42;PISO_3_P51;PISO_3_P52,True
LT1:204:11,52.77012711864407,16.15,7.97,52.77012711864407,-0.0,7.97,8,18,lower,Y,PISO_3,PISO_3_P11;PISO_3_P12;PISO_3_P21;PISO_3_P22;PISO_3_P31;PISO_3_P32;PISO_3_P41;PISO_3_P42;PISO_3_P51;PISO_3_P52,True
LT1:204:11,52.95021186440678,16.15,7.97,52.95021186440678,-0.0,7.97,8,18,lower,Y,PISO_3,PISO_3_P11;PISO_3_P12;PISO_3_P21;PISO_3_P22;PISO_3_P31;PISO_3_P32;PISO_3_P41;PISO_3_P42;PISO_3_P51;PISO_3_P52,True
LT1:204:11,53.130296610169495,16.15,7.97,53.130296610169495,-0.0,7.97,8,18,lower,Y,PISO_3,PISO_3_P11;PISO_3_P12;PISO_3_P21;PISO_3_P22;PISO_3_P31;PISO_3_P32;PISO_3_P41;PISO_3_P42;PISO_3_P51;PISO_3_P52,True
LT1:204:11,53.31038135593221,16.15,7.97,53.31038135593221,-0.0,7.97,8,18,lower,Y,PISO_3,PISO_3_P11;PISO_3_P12;PISO_3_P21;PISO_3_P22;PISO_3_P31;PISO_3_P32;PISO_3_P41;PISO_3_P42;PISO_3_P51;PISO_3_P52,True
LT1:204:11,53.49046610169492,16.15,7.97,53.49046610169492,-0.0,7.97,8,18,lower,Y,PISO_3,PISO_3_P11;PISO_3_P12;PISO_3_P21;PISO_3_P22;PISO_3_P31;PISO_3_P32;PISO_3_P41;PISO_3_P42;PISO_3_P51;PISO_3_P52,True
LT1:204:11,53.670550847457626,16.15,7.97,53.670550847457626,-0.0,7.97,8,18,lower,Y,PISO_3,PISO_3_P11;PISO_3_P12;PISO_3_P21;PISO_3_P22;PISO_3_P31;PISO_3_P32;PISO_3_P41;PISO_3_P42;PISO_3_P51;PISO_3_P52,True
LT1:204:11,53.85063559322034,16.15,7.97,53.85063559322034,-0.0,7.97,8,18,lower,Y,PISO_3,PISO_3_P11;PISO_3_P12;PISO_3_P21;PISO_3_P22;PISO_3_P31;PISO_3_P32;PISO_3_P41;PISO_3_P42;PISO_3_P51;PISO_3_P52,True
LT1:204:11,54.03072033898305,16.15,7.97,54.03072033898305,-0.0,7.97,8,18,lower,Y,PISO_3,PISO_3_P11;PISO_3_P12;PISO_3_P21;PISO_3_P22;PISO_3_P31;PISO_3_P32;PISO_3_P41;PISO_3_P42;PISO_3_P51;PISO_3_P52,True
LT1:204:11,54.21080508474576,16.15,7.97,54.21080508474576,-0.0,7.97,8,18,lower,Y,PISO_3,PISO_3_P11;PISO_3_P12;PISO_3_P21;PISO_3_P22;PISO_3_P31;PISO_3_P32;PISO_3_P41;PISO_3_P42;PISO_3_P51;PISO_3_P52,True
LT1:204:11,54.39088983050847,16.15,7.97,54.39088983050847,-0.0,7.97,8,18,lower,Y,PISO_3,PISO_3_P11;PISO_3_P12;PISO_3_P21;PISO_3_P22;PISO_3_P31;PISO_3_P32;PISO_3_P41;PISO_3_P42;PISO_3_P51;PISO_3_P52,True
LT1:204:11,54.57097457627118,16.15,7.97,54.57097457627118,-0.0,7.97,8,18,lower,Y,PISO_3,PISO_3_P11;PISO_3_P12;PISO_3_P21;PISO_3_P22;PISO_3_P31;PISO_3_P32;PISO_3_P41;PISO_3_P42;PISO_3_P51;PISO_3_P52,True
LT1:204:11,54.751059322033896,16.15,7.97,54.751059322033896,-0.0,7.97,8,18,lower,Y,PISO_3,PISO_3_P11;PISO_3_P12;PISO_3_P21;PISO_3_P22;PISO_3_P31;PISO_3_P32;PISO_3_P41;PISO_3_P42;PISO_3_P51;PISO_3_P52,True
LT1:204:11,54.93114406779661,16.15,7.97,54.93114406779661,-0.0,7.97,8,18,lower,Y,PISO_3,PISO_3_P11;PISO_3_P12;PISO_3_P21;PISO_3_P22;PISO_3_P31;PISO_3_P32;PISO_3_P41;PISO_3_P42;PISO_3_P51;PISO_3_P52,True
LT1:204:11,55.11122881355932,16.15,7.97,55.11122881355932,-0.0,7.97,8,18,lower,Y,PISO_3,PISO_3_P11;PISO_3_P12;PISO_3_P21;PISO_3_P22;PISO_3_P31;PISO_3_P32;PISO_3_P41;PISO_3_P42;PISO_3_P51;PISO_3_P52,True
LT1:204:11,55.291313559322035,16.15,7.97,55.291313559322035,-0.0,7.97,8,18,lower,Y,PISO_3,PISO_3_P11;PISO_3_P12;PISO_3_P21;PISO_3_P22;PISO_3_P31;PISO_3_P32;PISO_3_P41;PISO_3_P42;PISO_3_P51;PISO_3_P52,True
LT1:204:11,55.47139830508475,16.15,7.97,55.47139830508475,-0.0,7.97,8,18,lower,Y,PISO_3,PISO_3_P11;PISO_3_P12;PISO_3_P21;PISO_3_P22;PISO_3_P31;PISO_3_P32;PISO_3_P41;PISO_3_P42;PISO_3_P51;PISO_3_P52,True
LT1:204:11,55.65148305084746,16.15,7.97,55.65148305084746,-0.0,7.97,8,18,lower,Y,PISO_3,PISO_3_P11;PISO_3_P12;PISO_3_P21;PISO_3_P22;PISO_3_P31;PISO_3_P32;PISO_3_P41;PISO_3_P42;PISO_3_P51;PISO_3_P52,True
LT1:204:11,55.83156779661017,16.15,7.97,55.83156779661017,-0.0,7.97,8,18,lower,Y,PISO_3,PISO_3_P11;PISO_3_P12;PISO_3_P21;PISO_3_P22;PISO_3_P31;PISO_3_P32;PISO_3_P41;PISO_3_P42;PISO_3_P51;PISO_3_P52,True
LT1:204:11,56.011652542372886,16.15,7.97,56.011652542372886,-0.0,7.97,8,18,lower,Y,PISO_3,PISO_3_P11;PISO_3_P12;PISO_3_P21;PISO_3_P22;PISO_3_P31;PISO_3_P32;PISO_3_P41;PISO_3_P42;PISO_3_P51;PISO_3_P52,True
LT1:204:11,56.19173728813559,16.15,7.97,56.19173728813559,-0.0,7.97,8,18,lower,Y,PISO_3,PISO_3_P11;PISO_3_P12;PISO_3_P21;PISO_3_P22;PISO_3_P31;PISO_3_P32;PISO_3_P41;PISO_3_P42;PISO_3_P51;PISO_3_P52,True
LT1:204:11,56.371822033898304,16.15,7.97,56.371822033898304,-0.0,7.97,8,18,lower,Y,PISO_3,PISO_3_P11;PISO_3_P12;PISO_3_P21;PISO_3_P22;PISO_3_P31;PISO_3_P32;PISO_3_P41;PISO_3_P42;PISO_3_P51;PISO_3_P52,True
LT1:204:11,56.55190677966102,16.15,7.97,56.55190677966102,-0.0,7.97,8,18,lower,Y,PISO_3,PISO_3_P11;PISO_3_P12;PISO_3_P21;PISO_3_P22;PISO_3_P31;PISO_3_P32;PISO_3_P41;PISO_3_P42;PISO_3_P51;PISO_3_P52,True
LT1:204:11,56.73199152542373,16.15,7.97,56.73199152542373,-0.0,7.97,8,18,lower,Y,PISO_3,PISO_3_P11;PISO_3_P12;PISO_3_P21;PISO_3_P22;PISO_3_P31;PISO_3_P32;PISO_3_P41;PISO_3_P42;PISO_3_P51;PISO_3_P52,True
LT1:204:11,56.912076271186436,16.15,7.97,56.912076271186436,-0.0,7.97,8,18,lower,Y,PISO_3,PISO_3_P11;PISO_3_P12;PISO_3_P21;PISO_3_P22;PISO_3_P31;PISO_3_P32;PISO_3_P41;PISO_3_P42;PISO_3_P51;PISO_3_P52,True
LT1:204:11,57.09216101694915,16.15,7.97,57.09216101694915,-0.0,7.97,8,18,lower,Y,PISO_3,PISO_3_P11;PISO_3_P12;PISO_3_P21;PISO_3_P22;PISO_3_P31;PISO_3_P32;PISO_3_P41;PISO_3_P42;PISO_3_P51;PISO_3_P52,True
LT1:204:11,57.27224576271186,16.15,7.97,57.27224576271186,-0.0,7.97,8,18,lower,Y,PISO_3,PISO_3_P11;PISO_3_P12;PISO_3_P21;PISO_3_P22;PISO_3_P31;PISO_3_P32;PISO_3_P41;PISO_3_P42;PISO_3_P51;PISO_3_P52,True
LT1:204:11,57.452330508474574,16.15,7.97,57.452330508474574,-0.0,7.97,8,18,lower,Y,PISO_3,PISO_3_P11;PISO_3_P12;PISO_3_P21;PISO_3_P22;PISO_3_P31;PISO_3_P32;PISO_3_P41;PISO_3_P42;PISO_3_P51;PISO_3_P52,True
LT1:204:11,57.63241525423729,16.15,7.97,57.63241525423729,-0.0,7.97,8,18,lower,Y,PISO_3,PISO_3_P11;PISO_3_P12;PISO_3_P21;PISO_3_P22;PISO_3_P31;PISO_3_P32;PISO_3_P41;PISO_3_P42;PISO_3_P51;PISO_3_P52,True
LT1:204:11,57.8125,16.15,7.97,57.8125,-0.0,7.97,8,18,lower,Y,PISO_3,PISO_3_P11;PISO_3_P12;PISO_3_P21;PISO_3_P22;PISO_3_P31;PISO_3_P32;PISO_3_P41;PISO_3_P42;PISO_3_P51;PISO_3_P52,True
LT1:204:11,57.99258474576271,16.15,7.97,57.99258474576271,-0.0,7.97,8,18,lower,Y,PISO_3,PISO_3_P11;PISO_3_P12;PISO_3_P21;PISO_3_P22;PISO_3_P31;PISO_3_P32;PISO_3_P41;PISO_3_P42;PISO_3_P51;PISO_3_P52,True
LT1:204:11,58.172669491525426,16.15,7.97,58.172669491525426,-0.0,7.97,8,18,lower,Y,PISO_3,PISO_3_P11;PISO_3_P12;PISO_3_P21;PISO_3_P22;PISO_3_P31;PISO_3_P32;PISO_3_P41;PISO_3_P42;PISO_3_P51;PISO_3_P52,True
LT1:204:11,58.35275423728814,16.15,7.97,58.35275423728814,-0.0,7.97,8,18,lower,Y,PISO_3,PISO_3_P11;PISO_3_P12;PISO_3_P21;PISO_3_P22;PISO_3_P31;PISO_3_P32;PISO_3_P41;PISO_3_P42;PISO_3_P51;PISO_3_P52,True
LT1:204:11,58.53283898305085,16.15,7.97,58.53283898305085,-0.0,7.97,8,18,lower,Y,PISO_3,PISO_3_P11;PISO_3_P12;PISO_3_P21;PISO_3_P22;PISO_3_P31;PISO_3_P32;PISO_3_P41;PISO_3_P42;PISO_3_P51;PISO_3_P52,True
LT1:204:11,58.712923728813564,16.15,7.97,58.712923728813564,-0.0,7.97,8,18,lower,Y,PISO_3,PISO_3_P11;PISO_3_P12;PISO_3_P21;PISO_3_P22;PISO_3_P31;PISO_3_P32;PISO_3_P41;PISO_3_P42;PISO_3_P51;PISO_3_P52,True
LT1:204:11,58.89300847457627,16.15,7.97,58.89300847457627,-0.0,7.97,8,18,lower,Y,PISO_3,PISO_3_P11;PISO_3_P12;PISO_3_P21;PISO_3_P22;PISO_3_P31;PISO_3_P32;PISO_3_P41;PISO_3_P42;PISO_3_P51;PISO_3_P52,True
LT1:204:11,59.07309322033898,16.15,7.97,59.07309322033898,-0.0,7.97,8,18,lower,Y,PISO_3,PISO_3_P11;PISO_3_P12;PISO_3_P21;PISO_3_P22;PISO_3_P31;PISO_3_P32;PISO_3_P41;PISO_3_P42;PISO_3_P51;PISO_3_P52,True
LT1:204:11,59.253177966101696,16.15,7.97,59.253177966101696,-0.0,7.97,8,18,lower,Y,PISO_3,PISO_3_P11;PISO_3_P12;PISO_3_P21;PISO_3_P22;PISO_3_P31;PISO_3_P32;PISO_3_P41;PISO_3_P42;PISO_3_P51;PISO_3_P52,True
LT1:204:11,59.43326271186441,16.15,7.97,59.43326271186441,-0.0,7.97,8,18,lower,Y,PISO_3,PISO_3_P11;PISO_3_P12;PISO_3_P21;PISO_3_P22;PISO_3_P31;PISO_3_P32;PISO_3_P41;PISO_3_P42;PISO_3_P51;PISO_3_P52,True
LT1:204:11,59.613347457627114,16.15,7.97,59.613347457627114,-0.0,7.97,8,18,lower,Y,PISO_3,PISO_3_P11;PISO_3_P12;PISO_3_P21;PISO_3_P22;PISO_3_P31;PISO_3_P32;PISO_3_P41;PISO_3_P42;PISO_3_P51;PISO_3_P52,True
LT1:204:11,59.79343220338983,16.15,7.97,59.79343220338983,-0.0,7.97,8,18,lower,Y,PISO_3,PISO_3_P11;PISO_3_P12;PISO_3_P21;PISO_3_P22;PISO_3_P31;PISO_3_P32;PISO_3_P41;PISO_3_P42;PISO_3_P51;PISO_3_P52,True
LT1:204:11,59.97351694915254,16.15,7.97,59.97351694915254,-0.0,7.97,8,18,lower,Y,PISO_3,PISO_3_P11;PISO_3_P12;PISO_3_P21;PISO_3_P22;PISO_3_P31;PISO_3_P32;PISO_3_P41;PISO_3_P42;PISO_3_P51;PISO_3_P52,True
LT1:204:11,60.15360169491525,16.15,7.97,60.15360169491525,-0.0,7.97,8,18,lower,Y,PISO_3,PISO_3_P11;PISO_3_P12;PISO_3_P21;PISO_3_P22;PISO_3_P31;PISO_3_P32;PISO_3_P41;PISO_3_P42;PISO_3_P51;PISO_3_P52,True
LT1:204:11,60.333686440677965,16.15,7.97,60.333686440677965,-0.0,7.97,8,18,lower,Y,PISO_3,PISO_3_P11;PISO_3_P12;PISO_3_P21;PISO_3_P22;PISO_3_P31;PISO_3_P32;PISO_3_P41;PISO_3_P42;PISO_3_P51;PISO_3_P52,True
LT1:204:11,60.51377118644068,16.15,7.97,60.51377118644068,-0.0,7.97,8,18,lower,Y,PISO_3,PISO_3_P11;PISO_3_P12;PISO_3_P21;PISO_3_P22;PISO_3_P31;PISO_3_P32;PISO_3_P41;PISO_3_P42;PISO_3_P51;PISO_3_P52,True
LT1:204:11,60.69385593220339,16.15,7.97,60.69385593220339,-0.0,7.97,8,18,lower,Y,PISO_3,PISO_3_P11;PISO_3_P12;PISO_3_P21;PISO_3_P22;PISO_3_P31;PISO_3_P32;PISO_3_P41;PISO_3_P42;PISO_3_P51;PISO_3_P52,True
LT1:204:11,60.873940677966104,16.15,7.97,60.873940677966104,-0.0,7.97,8,18,lower,Y,PISO_3,PISO_3_P11;PISO_3_P12;PISO_3_P21;PISO_3_P22;PISO_3_P31;PISO_3_P32;PISO_3_P41;PISO_3_P42;PISO_3_P51;PISO_3_P52,True
LT1:204:11,61.05402542372882,16.15,7.97,61.05402542372882,-0.0,7.97,8,18,lower,Y,PISO_3,PISO_3_P11;PISO_3_P12;PISO_3_P21;PISO_3_P22;PISO_3_P31;PISO_3_P32;PISO_3_P41;PISO_3_P42;PISO_3_P51;PISO_3_P52,True
LT1:204:11,61.23411016949153,16.15,7.97,61.23411016949153,-0.0,7.97,8,18,lower,Y,PISO_3,PISO_3_P11;PISO_3_P12;PISO_3_P21;PISO_3_P22;PISO_3_P31;PISO_3_P32;PISO_3_P41;PISO_3_P42;PISO_3_P51;PISO_3_P52,True
LT1:204:11,61.41419491525424,16.15,7.97,61.41419491525424,-0.0,7.97,8,18,lower,Y,PISO_3,PISO_3_P11;PISO_3_P12;PISO_3_P21;PISO_3_P22;PISO_3_P31;PISO_3_P32;PISO_3_P41;PISO_3_P42;PISO_3_P51;PISO_3_P52,True
LT1:204:11,61.59427966101695,16.15,7.97,61.59427966101695,-0.0,7.97,8,18,lower,Y,PISO_3,PISO_3_P11;PISO_3_P12;PISO_3_P21;PISO_3_P22;PISO_3_P31;PISO_3_P32;PISO_3_P41;PISO_3_P42;PISO_3_P51;PISO_3_P52,True
LT1:204:11,61.77436440677966,16.15,7.97,61.77436440677966,-0.0,7.97,8,18,lower,Y,PISO_3,PISO_3_P11;PISO_3_P12;PISO_3_P21;PISO_3_P22;PISO_3_P31;PISO_3_P32;PISO_3_P41;PISO_3_P42;PISO_3_P51;PISO_3_P52,True
LT1:204:11,61.954449152542374,16.15,7.97,61.954449152542374,-0.0,7.97,8,18,lower,Y,PISO_3,PISO_3_P11;PISO_3_P12;PISO_3_P21;PISO_3_P22;PISO_3_P31;PISO_3_P32;PISO_3_P41;PISO_3_P42;PISO_3_P51;PISO_3_P52,True
LT1:204:11,62.13453389830508,16.15,7.97,62.13453389830508,-0.0,7.97,8,18,lower,Y,PISO_3,PISO_3_P11;PISO_3_P12;PISO_3_P21;PISO_3_P22;PISO_3_P31;PISO_3_P32;PISO_3_P41;PISO_3_P42;PISO_3_P51;PISO_3_P52,True
LT1:204:11,62.31461864406779,16.15,7.97,62.31461864406779,-0.0,7.97,8,18,lower,Y,PISO_3,PISO_3_P11;PISO_3_P12;PISO_3_P21;PISO_3_P22;PISO_3_P31;PISO_3_P32;PISO_3_P41;PISO_3_P42;PISO_3_P51;PISO_3_P52,True
LT1:204:11,62.494703389830505,16.15,7.97,62.494703389830505,-0.0,7.97,8,18,lower,Y,PISO_3,PISO_3_P11;PISO_3_P12;PISO_3_P21;PISO_3_P22;PISO_3_P31;PISO_3_P32;PISO_3_P41;PISO_3_P42;PISO_3_P51;PISO_3_P52,True
LT1:204:11,62.67478813559322,16.15,7.97,62.67478813559322,-0.0,7.97,8,18,lower,Y,PISO_3,PISO_3_P11;PISO_3_P12;PISO_3_P21;PISO_3_P22;PISO_3_P31;PISO_3_P32;PISO_3_P41;PISO_3_P42;PISO_3_P51;PISO_3_P52,True
LT1:204:11,62.85487288135593,16.15,7.97,62.85487288135593,-0.0,7.97,8,18,lower,Y,PISO_3,PISO_3_P11;PISO_3_P12;PISO_3_P21;PISO_3_P22;PISO_3_P31;PISO_3_P32;PISO_3_P41;PISO_3_P42;PISO_3_P51;PISO_3_P52,True
LT1:204:11,63.034957627118644,16.15,7.97,63.034957627118644,-0.0,7.97,8,18,lower,Y,PISO_3,PISO_3_P11;PISO_3_P12;PISO_3_P21;PISO_3_P22;PISO_3_P31;PISO_3_P32;PISO_3_P41;PISO_3_P42;PISO_3_P51;PISO_3_P52,True
LT1:204:11,63.215042372881356,16.15,7.97,63.215042372881356,-0.0,7.97,8,18,lower,Y,PISO_3,PISO_3_P11;PISO_3_P12;PISO_3_P21;PISO_3_P22;PISO_3_P31;PISO_3_P32;PISO_3_P41;PISO_3_P42;PISO_3_P51;PISO_3_P52,True
LT1:204:11,63.39512711864407,16.15,7.97,63.39512711864407,-0.0,7.97,8,18,lower,Y,PISO_3,PISO_3_P11;PISO_3_P12;PISO_3_P21;PISO_3_P22;PISO_3_P31;PISO_3_P32;PISO_3_P41;PISO_3_P42;PISO_3_P51;PISO_3_P52,True
LT1:204:11,63.57521186440678,16.15,7.97,63.57521186440678,-0.0,7.97,8,18,lower,Y,PISO_3,PISO_3_P11;PISO_3_P12;PISO_3_P21;PISO_3_P22;PISO_3_P31;PISO_3_P32;PISO_3_P41;PISO_3_P42;PISO_3_P51;PISO_3_P52,True
LT1:204:11,63.755296610169495,16.15,7.97,63.755296610169495,-0.0,7.97,8,18,lower,Y,PISO_3,PISO_3_P11;PISO_3_P12;PISO_3_P21;PISO_3_P22;PISO_3_P31;PISO_3_P32;PISO_3_P41;PISO_3_P42;PISO_3_P51;PISO_3_P52,True
LT1:204:11,63.9353813559322,16.15,7.97,63.9353813559322,-0.0,7.97,8,18,lower,Y,PISO_3,PISO_3_P11;PISO_3_P12;PISO_3_P21;PISO_3_P22;PISO_3_P31;PISO_3_P32;PISO_3_P41;PISO_3_P42;PISO_3_P51;PISO_3_P52,True
LT1:204:11,64.11546610169492,16.15,7.97,64.11546610169492,-0.0,7.97,8,18,lower,Y,PISO_3,PISO_3_P11;PISO_3_P12;PISO_3_P21;PISO_3_P22;PISO_3_P31;PISO_3_P32;PISO_3_P41;PISO_3_P42;PISO_3_P51;PISO_3_P52,True
LT1:204:11,64.29555084745763,16.15,7.97,64.29555084745763,-0.0,7.97,8,18,lower,Y,PISO_3,PISO_3_P11;PISO_3_P12;PISO_3_P21;PISO_3_P22;PISO_3_P31;PISO_3_P32;PISO_3_P41;PISO_3_P42;PISO_3_P51;PISO_3_P52,True
LT1:204:11,64.47563559322035,16.15,7.97,64.47563559322035,-0.0,7.97,8,18,lower,Y,PISO_3,PISO_3_P11;PISO_3_P12;PISO_3_P21;PISO_3_P22;PISO_3_P31;PISO_3_P32;PISO_3_P41;PISO_3_P42;PISO_3_P51;PISO_3_P52,True
LT1:204:11,64.65572033898306,16.15,7.97,64.65572033898306,-0.0,7.97,8,18,lower,Y,PISO_3,PISO_3_P11;PISO_3_P12;PISO_3_P21;PISO_3_P22;PISO_3_P31;PISO_3_P32;PISO_3_P41;PISO_3_P42;PISO_3_P51;PISO_3_P52,True
LT1:204:11,64.83580508474577,16.15,7.97,64.83580508474577,-0.0,7.97,8,18,lower,Y,PISO_3,PISO_3_P11;PISO_3_P12;PISO_3_P21;PISO_3_P22;PISO_3_P31;PISO_3_P32;PISO_3_P41;PISO_3_P42;PISO_3_P51;PISO_3_P52,True
LT1:204:11,65.01588983050848,16.15,7.97,65.01588983050848,-0.0,7.97,8,18,lower,Y,PISO_3,PISO_3_P11;PISO_3_P12;PISO_3_P21;PISO_3_P22;PISO_3_P31;PISO_3_P32;PISO_3_P41;PISO_3_P42;PISO_3_P51;PISO_3_P52,True
LT1:204:11,65.19597457627118,16.15,7.97,65.19597457627118,-0.0,7.97,8,18,lower,Y,PISO_3,PISO_3_P11;PISO_3_P12;PISO_3_P21;PISO_3_P22;PISO_3_P31;PISO_3_P32;PISO_3_P41;PISO_3_P42;PISO_3_P51;PISO_3_P52,True
LT1:204:11,65.3760593220339,16.15,7.97,65.3760593220339,-0.0,7.97,8,18,lower,Y,PISO_3,PISO_3_P11;PISO_3_P12;PISO_3_P21;PISO_3_P22;PISO_3_P31;PISO_3_P32;PISO_3_P41;PISO_3_P42;PISO_3_P51;PISO_3_P52,True
LT1:204:11,65.55614406779661,16.15,7.97,65.55614406779661,-0.0,7.97,8,18,lower,Y,PISO_3,PISO_3_P11;PISO_3_P12;PISO_3_P21;PISO_3_P22;PISO_3_P31;PISO_3_P32;PISO_3_P41;PISO_3_P42;PISO_3_P51;PISO_3_P52,True
LT1:204:11,65.73622881355932,16.15,7.97,65.73622881355932,-0.0,7.97,8,18,lower,Y,PISO_3,PISO_3_P11;PISO_3_P12;PISO_3_P21;PISO_3_P22;PISO_3_P31;PISO_3_P32;PISO_3_P41;PISO_3_P42;PISO_3_P51;PISO_3_P52,True
LT1:204:11,65.91631355932203,16.15,7.97,65.91631355932203,-0.0,7.97,8,18,lower,Y,PISO_3,PISO_3_P11;PISO_3_P12;PISO_3_P21;PISO_3_P22;PISO_3_P31;PISO_3_P32;PISO_3_P41;PISO_3_P42;PISO_3_P51;PISO_3_P52,True
LT1:204:11,66.09639830508475,16.15,7.97,66.09639830508475,-0.0,7.97,8,18,lower,Y,PISO_3,PISO_3_P11;PISO_3_P12;PISO_3_P21;PISO_3_P22;PISO_3_P31;PISO_3_P32;PISO_3_P41;PISO_3_P42;PISO_3_P51;PISO_3_P52,True
LT1:204:11,66.27648305084746,16.15,7.97,66.27648305084746,-0.0,7.97,8,18,lower,Y,PISO_3,PISO_3_P11;PISO_3_P12;PISO_3_P21;PISO_3_P22;PISO_3_P31;PISO_3_P32;PISO_3_P41;PISO_3_P42;PISO_3_P51;PISO_3_P52,True
LT1:204:11,66.45656779661016,16.15,7.97,66.45656779661016,-0.0,7.97,8,18,lower,Y,PISO_3,PISO_3_P11;PISO_3_P12;PISO_3_P21;PISO_3_P22;PISO_3_P31;PISO_3_P32;PISO_3_P41;PISO_3_P42;PISO_3_P51;PISO_3_P52,True
LT1:204:11,66.63665254237287,16.15,7.97,66.63665254237287,-0.0,7.97,8,18,lower,Y,PISO_3,PISO_3_P11;PISO_3_P12;PISO_3_P21;PISO_3_P22;PISO_3_P31;PISO_3_P32;PISO_3_P41;PISO_3_P42;PISO_3_P51;PISO_3_P52,True
LT1:204:11,66.81673728813558,16.15,7.97,66.81673728813558,-0.0,7.97,8,18,lower,Y,PISO_3,PISO_3_P11;PISO_3_P12;PISO_3_P21;PISO_3_P22;PISO_3_P31;PISO_3_P32;PISO_3_P41;PISO_3_P42;PISO_3_P51;PISO_3_P52,True
LT1:204:11,66.9968220338983,16.15,7.97,66.9968220338983,-0.0,7.97,8,18,lower,Y,PISO_3,PISO_3_P11;PISO_3_P12;PISO_3_P21;PISO_3_P22;PISO_3_P31;PISO_3_P32;PISO_3_P41;PISO_3_P42;PISO_3_P51;PISO_3_P52,True
LT1:204:11,67.17690677966101,16.15,7.97,67.17690677966101,-0.0,7.97,8,18,lower,Y,PISO_3,PISO_3_P11;PISO_3_P12;PISO_3_P21;PISO_3_P22;PISO_3_P31;PISO_3_P32;PISO_3_P41;PISO_3_P42;PISO_3_P51;PISO_3_P52,True
LT1:204:11,67.35699152542372,16.15,7.97,67.35699152542372,-0.0,7.97,8,18,lower,Y,PISO_3,PISO_3_P11;PISO_3_P12;PISO_3_P21;PISO_3_P22;PISO_3_P31;PISO_3_P32;PISO_3_P41;PISO_3_P42;PISO_3_P51;PISO_3_P52,True
LT1:204:11,67.53707627118644,16.15,7.97,67.53707627118644,-0.0,7.97,8,18,lower,Y,PISO_3,PISO_3_P11;PISO_3_P12;PISO_3_P21;PISO_3_P22;PISO_3_P31;PISO_3_P32;PISO_3_P41;PISO_3_P42;PISO_3_P51;PISO_3_P52,True
LT1:204:11,67.71716101694915,16.15,7.97,67.71716101694915,-0.0,7.97,8,18,lower,Y,PISO_3,PISO_3_P11;PISO_3_P12;PISO_3_P21;PISO_3_P22;PISO_3_P31;PISO_3_P32;PISO_3_P41;PISO_3_P42;PISO_3_P51;PISO_3_P52,True
LT1:204:11,67.89724576271186,16.15,7.97,67.89724576271186,-0.0,7.97,8,18,lower,Y,PISO_3,PISO_3_P11;PISO_3_P12;PISO_3_P21;PISO_3_P22;PISO_3_P31;PISO_3_P32;PISO_3_P41;PISO_3_P42;PISO_3_P51;PISO_3_P52,True
LT1:204:11,68.07733050847457,16.15,7.97,68.07733050847457,-0.0,7.97,8,18,lower,Y,PISO_3,PISO_3_P11;PISO_3_P12;PISO_3_P21;PISO_3_P22;PISO_3_P31;PISO_3_P32;PISO_3_P41;PISO_3_P42;PISO_3_P51;PISO_3_P52,True
LT1:204:11,68.25741525423729,16.15,7.97,68.25741525423729,-0.0,7.97,8,18,lower,Y,PISO_3,PISO_3_P11;PISO_3_P12;PISO_3_P21;PISO_3_P22;PISO_3_P31;PISO_3_P32;PISO_3_P41;PISO_3_P42;PISO_3_P51;PISO_3_P52,True
LT1:204:11,68.4375,16.15,7.97,68.4375,-0.0,7.97,8,18,lower,Y,PISO_3,PISO_3_P11;PISO_3_P12;PISO_3_P21;PISO_3_P22;PISO_3_P31;PISO_3_P32;PISO_3_P41;PISO_3_P42;PISO_3_P51;PISO_3_P52,True
LT1:204:11,68.61758474576271,16.15,7.97,68.61758474576271,-0.0,7.97,8,18,lower,Y,PISO_3,PISO_3_P11;PISO_3_P12;PISO_3_P21;PISO_3_P22;PISO_3_P31;PISO_3_P32;PISO_3_P41;PISO_3_P42;PISO_3_P51;PISO_3_P52,True
LT1:204:11,68.79766949152543,16.15,7.97,68.79766949152543,-0.0,7.97,8,18,lower,Y,PISO_3,PISO_3_P11;PISO_3_P12;PISO_3_P21;PISO_3_P22;PISO_3_P31;PISO_3_P32;PISO_3_P41;PISO_3_P42;PISO_3_P51;PISO_3_P52,True
LT1:204:11,68.97775423728814,16.15,7.97,68.97775423728814,-0.0,7.97,8,18,lower,Y,PISO_3,PISO_3_P11;PISO_3_P12;PISO_3_P21;PISO_3_P22;PISO_3_P31;PISO_3_P32;PISO_3_P41;PISO_3_P42;PISO_3_P51;PISO_3_P52,True
LT1:204:11,69.15783898305085,16.15,7.97,69.15783898305085,-0.0,7.97,8,18,lower,Y,PISO_3,PISO_3_P11;PISO_3_P12;PISO_3_P21;PISO_3_P22;PISO_3_P31;PISO_3_P32;PISO_3_P41;PISO_3_P42;PISO_3_P51;PISO_3_P52,True
LT1:204:11,69.33792372881356,16.15,7.97,69.33792372881356,-0.0,7.97,8,18,lower,Y,PISO_3,PISO_3_P11;PISO_3_P12;PISO_3_P21;PISO_3_P22;PISO_3_P31;PISO_3_P32;PISO_3_P41;PISO_3_P42;PISO_3_P51;PISO_3_P52,True
LT1:204:11,69.51800847457628,16.15,7.97,69.51800847457628,-0.0,7.97,8,18,lower,Y,PISO_3,PISO_3_P11;PISO_3_P12;PISO_3_P21;PISO_3_P22;PISO_3_P31;PISO_3_P32;PISO_3_P41;PISO_3_P42;PISO_3_P51;PISO_3_P52,True
LT1:204:11,69.69809322033899,16.15,7.97,69.69809322033899,-0.0,7.97,8,18,lower,Y,PISO_3,PISO_3_P11;PISO_3_P12;PISO_3_P21;PISO_3_P22;PISO_3_P31;PISO_3_P32;PISO_3_P41;PISO_3_P42;PISO_3_P51;PISO_3_P52,True
LT1:204:11,69.8781779661017,16.15,7.97,69.8781779661017,-0.0,7.97,8,18,lower,Y,PISO_3,PISO_3_P11;PISO_3_P12;PISO_3_P21;PISO_3_P22;PISO_3_P31;PISO_3_P32;PISO_3_P41;PISO_3_P42;PISO_3_P51;PISO_3_P52,True
LT1:204:11,70.05826271186442,16.15,7.97,70.05826271186442,-0.0,7.97,8,18,lower,Y,PISO_3,PISO_3_P11;PISO_3_P12;PISO_3_P21;PISO_3_P22;PISO_3_P31;PISO_3_P32;PISO_3_P41;PISO_3_P42;PISO_3_P51;PISO_3_P52,True
LT1:204:11,70.23834745762713,16.15,7.97,70.23834745762713,-0.0,7.97,8,18,lower,Y,PISO_3,PISO_3_P11;PISO_3_P12;PISO_3_P21;PISO_3_P22;PISO_3_P31;PISO_3_P32;PISO_3_P41;PISO_3_P42;PISO_3_P51;PISO_3_P52,True
LT1:204:11,70.41843220338984,16.15,7.97,70.41843220338984,-0.0,7.97,8,18,lower,Y,PISO_3,PISO_3_P11;PISO_3_P12;PISO_3_P21;PISO_3_P22;PISO_3_P31;PISO_3_P32;PISO_3_P41;PISO_3_P42;PISO_3_P51;PISO_3_P52,True
LT1:204:11,70.59851694915254,16.15,7.97,70.59851694915254,-0.0,7.97,8,18,lower,Y,PISO_3,PISO_3_P11;PISO_3_P12;PISO_3_P21;PISO_3_P22;PISO_3_P31;PISO_3_P32;PISO_3_P41;PISO_3_P42;PISO_3_P51;PISO_3_P52,True
LT1:204:11,70.77860169491525,16.15,7.97,70.77860169491525,-0.0,7.97,8,18,lower,Y,PISO_3,PISO_3_P11;PISO_3_P12;PISO_3_P21;PISO_3_P22;PISO_3_P31;PISO_3_P32;PISO_3_P41;PISO_3_P42;PISO_3_P51;PISO_3_P52,True
LT1:204:11,70.95868644067797,16.15,7.97,70.95868644067797,-0.0,7.97,8,18,lower,Y,PISO_3,PISO_3_P11;PISO_3_P12;PISO_3_P21;PISO_3_P22;PISO_3_P31;PISO_3_P32;PISO_3_P41;PISO_3_P42;PISO_3_P51;PISO_3_P52,True
LT1:204:11,71.13877118644068,16.15,7.97,71.13877118644068,-0.0,7.97,8,18,lower,Y,PISO_3,PISO_3_P11;PISO_3_P12;PISO_3_P21;PISO_3_P22;PISO_3_P31;PISO_3_P32;PISO_3_P41;PISO_3_P42;PISO_3_P51;PISO_3_P52,True
LT1:204:11,71.31885593220339,16.15,7.97,71.31885593220339,-0.0,7.97,8,18,lower,Y,PISO_3,PISO_3_P11;PISO_3_P12;PISO_3_P21;PISO_3_P22;PISO_3_P31;PISO_3_P32;PISO_3_P41;PISO_3_P42;PISO_3_P51;PISO_3_P52,True
LT1:204:11,71.4989406779661,16.15,7.97,71.4989406779661,-0.0,7.97,8,18,lower,Y,PISO_3,PISO_3_P11;PISO_3_P12;PISO_3_P21;PISO_3_P22;PISO_3_P31;PISO_3_P32;PISO_3_P41;PISO_3_P42;PISO_3_P51;PISO_3_P52,True
LT1:204:11,71.67902542372882,16.15,7.97,71.67902542372882,-0.0,7.97,8,18,lower,Y,PISO_3,PISO_3_P11;PISO_3_P12;PISO_3_P21;PISO_3_P22;PISO_3_P31;PISO_3_P32;PISO_3_P41;PISO_3_P42;PISO_3_P51;PISO_3_P52,True
LT1:204:11,71.85911016949152,16.15,7.97,71.85911016949152,-0.0,7.97,8,18,lower,Y,PISO_3,PISO_3_P11;PISO_3_P12;PISO_3_P21;PISO_3_P22;PISO_3_P31;PISO_3_P32;PISO_3_P41;PISO_3_P42;PISO_3_P51;PISO_3_P52,True
LT1:204:11,72.03919491525423,16.15,7.97,72.03919491525423,-0.0,7.97,8,18,lower,Y,PISO_3,PISO_3_P11;PISO_3_P12;PISO_3_P21;PISO_3_P22;PISO_3_P31;PISO_3_P32;PISO_3_P41;PISO_3_P42;PISO_3_P51;PISO_3_P52,True
LT1:204:11,72.21927966101694,16.15,7.97,72.21927966101694,-0.0,7.97,8,18,lower,Y,PISO_3,PISO_3_P11;PISO_3_P12;PISO_3_P21;PISO_3_P22;PISO_3_P31;PISO_3_P32;PISO_3_P41;PISO_3_P42;PISO_3_P51;PISO_3_P52,True
LT1:204:11,72.39936440677965,16.15,7.97,72.39936440677965,-0.0,7.97,8,18,lower,Y,PISO_3,PISO_3_P11;PISO_3_P12;PISO_3_P21;PISO_3_P22;PISO_3_P31;PISO_3_P32;PISO_3_P41;PISO_3_P42;PISO_3_P51;PISO_3_P52,True
LT1:204:11,72.57944915254237,16.15,7.97,72.57944915254237,-0.0,7.97,8,18,lower,Y,PISO_3,PISO_3_P11;PISO_3_P12;PISO_3_P21;PISO_3_P22;PISO_3_P31;PISO_3_P32;PISO_3_P41;PISO_3_P42;PISO_3_P51;PISO_3_P52,True
LT1:204:11,72.75953389830508,16.15,7.97,72.75953389830508,-0.0,7.97,8,18,lower,Y,PISO_3,PISO_3_P11;PISO_3_P12;PISO_3_P21;PISO_3_P22;PISO_3_P31;PISO_3_P32;PISO_3_P41;PISO_3_P42;PISO_3_P51;PISO_3_P52,True
LT1:204:11,72.93961864406779,16.15,7.97,72.93961864406779,-0.0,7.97,8,18,lower,Y,PISO_3,PISO_3_P11;PISO_3_P12;PISO_3_P21;PISO_3_P22;PISO_3_P31;PISO_3_P32;PISO_3_P41;PISO_3_P42;PISO_3_P51;PISO_3_P52,True
LT1:204:11,73.1197033898305,16.15,7.97,73.1197033898305,-0.0,7.97,8,18,lower,Y,PISO_3,PISO_3_P11;PISO_3_P12;PISO_3_P21;PISO_3_P22;PISO_3_P31;PISO_3_P32;PISO_3_P41;PISO_3_P42;PISO_3_P51;PISO_3_P52,True
LT1:204:11,73.29978813559322,16.15,7.97,73.29978813559322,-0.0,7.97,8,18,lower,Y,PISO_3,PISO_3_P11;PISO_3_P12;PISO_3_P21;PISO_3_P22;PISO_3_P31;PISO_3_P32;PISO_3_P41;PISO_3_P42;PISO_3_P51;PISO_3_P52,True
LT1:204:11,73.47987288135593,16.15,7.97,73.47987288135593,-0.0,7.97,8,18,lower,Y,PISO_3,PISO_3_P11;PISO_3_P12;PISO_3_P21;PISO_3_P22;PISO_3_P31;PISO_3_P32;PISO_3_P41;PISO_3_P42;PISO_3_P51;PISO_3_P52,True
LT1:204:11,73.65995762711864,16.15,7.97,73.65995762711864,-0.0,7.97,8,18,lower,Y,PISO_3,PISO_3_P11;PISO_3_P12;PISO_3_P21;PISO_3_P22;PISO_3_P31;PISO_3_P32;PISO_3_P41;PISO_3_P42;PISO_3_P51;PISO_3_P52,True
LT1:204:14,31.25,8.9,7.97,73.75,8.9,7.97,10,15,upper,X,PISO_3,_,True
LT1:204:14,31.325088339222614,8.9,7.97,31.325088339222614,8.9,7.97,10,15,upper,Y,PISO_3,_,True
LT1:204:14,31.475265017667844,8.9,7.97,31.475265017667844,8.9,7.97,10,15,upper,Y,PISO_3,_,True
LT1:204:14,31.625441696113075,8.9,7.97,31.625441696113075,8.9,7.97,10,15,upper,Y,PISO_3,_,True
LT1:204:14,31.775618374558302,8.9,7.97,31.775618374558302,8.9,7.97,10,15,upper,Y,PISO_3,_,True
LT1:204:14,31.925795053003533,8.9,7.97,31.925795053003533,8.9,7.97,10,15,upper,Y,PISO_3,_,True
LT1:204:14,32.07597173144876,8.9,7.97,32.07597173144876,8.9,7.97,10,15,upper,Y,PISO_3,_,True
LT1:204:14,32.226148409893995,8.9,7.97,32.226148409893995,8.9,7.97,10,15,upper,Y,PISO_3,_,True
LT1:204:14,32.37632508833922,8.9,7.97,32.37632508833922,8.9,7.97,10,15,upper,Y,PISO_3,_,True
LT1:204:14,32.52650176678445,8.9,7.97,32.52650176678445,8.9,7.97,10,15,upper,Y,PISO_3,_,True
LT1:204:14,32.67667844522968,8.9,7.97,32.67667844522968,8.9,7.97,10,15,upper,Y,PISO_3,_,True
LT1:204:14,32.82685512367491,8.9,7.97,32.82685512367491,8.9,7.97,10,15,upper,Y,PISO_3,_,True
LT1:204:14,32.977031802120145,8.9,7.97,32.977031802120145,8.9,7.97,10,15,upper,Y,PISO_3,_,True
LT1:204:14,33.12720848056537,8.9,7.97,33.12720848056537,8.9,7.97,10,15,upper,Y,PISO_3,_,True
LT1:204:14,33.2773851590106,8.9,7.97,33.2773851590106,8.9,7.97,10,15,upper,Y,PISO_3,_,True
LT1:204:14,33.42756183745583,8.9,7.97,33.42756183745583,8.9,7.97,10,15,upper,Y,PISO_3,_,True
LT1:204:14,33.57773851590106,8.9,7.97,33.57773851590106,8.9,7.97,10,15,upper,Y,PISO_3,_,True
LT1:204:14,33.72791519434629,8.9,7.97,33.72791519434629,8.9,7.97,10,15,upper,Y,PISO_3,_,True
LT1:204:14,33.87809187279152,8.9,7.97,33.87809187279152,8.9,7.97,10,15,upper,Y,PISO_3,_,True
LT1:204:14,34.02826855123675,8.9,7.97,34.02826855123675,8.9,7.97,10,15,upper,Y,PISO_3,_,True
LT1:204:14,34.17844522968198,8.9,7.97,34.17844522968198,8.9,7.97,10,15,upper,Y,PISO_3,_,True
LT1:204:14,34.32862190812721,8.9,7.97,34.32862190812721,8.9,7.97,10,15,upper,Y,PISO_3,_,True
LT1:204:14,34.47879858657244,8.9,7.97,34.47879858657244,8.9,7.97,10,15,upper,Y,PISO_3,_,True
LT1:204:14,34.628975265017665,8.9,7.97,34.628975265017665,8.9,7.97,10,15,upper,Y,PISO_3,_,True
LT1:204:14,34.7791519434629,8.9,7.97,34.7791519434629,8.9,7.97,10,15,upper,Y,PISO_3,_,True
LT1:204:14,34.92932862190813,8.9,7.97,34.92932862190813,8.9,7.97,10,15,upper,Y,PISO_3,_,True
LT1:204:14,35.079505300353354,8.9,7.97,35.079505300353354,8.9,7.97,10,15,upper,Y,PISO_3,_,True
LT1:204:14,35.22968197879859,8.9,7.97,35.22968197879859,8.9,7.97,10,15,upper,Y,PISO_3,_,True
LT1:204:14,35.379858657243815,8.9,7.97,35.379858657243815,8.9,7.97,10,15,upper,Y,PISO_3,_,True
LT1:204:14,35.53003533568905,8.9,7.97,35.53003533568905,8.9,7.97,10,15,upper,Y,PISO_3,_,True
LT1:204:14,35.68021201413428,8.9,7.97,35.68021201413428,8.9,7.97,10,15,upper,Y,PISO_3,_,True
LT1:204:14,35.830388692579504,8.9,7.97,35.830388692579504,8.9,7.97,10,15,upper,Y,PISO_3,_,True
LT1:204:14,35.98056537102474,8.9,7.97,35.98056537102474,8.9,7.97,10,15,upper,Y,PISO_3,_,True
LT1:204:14,36.130742049469966,8.9,7.97,36.130742049469966,8.9,7.97,10,15,upper,Y,PISO_3,_,True
LT1:204:14,36.28091872791519,8.9,7.97,36.28091872791519,8.9,7.97,10,15,upper,Y,PISO_3,_,True
LT1:204:14,36.43109540636043,8.9,7.97,36.43109540636043,8.9,7.97,10,15,upper,Y,PISO_3,_,True
LT1:204:14,36.581272084805654,8.9,7.97,36.581272084805654,8.9,7.97,10,15,upper,Y,PISO_3,_,True
LT1:204:14,36.73144876325088,8.9,7.97,36.73144876325088,8.9,7.97,10,15,upper,Y,PISO_3,_,True
LT1:204:14,36.881625441696116,8.9,7.97,36.881625441696116,8.9,7.97,10,15,upper,Y,PISO_3,_,True
LT1:204:14,37.03180212014134,8.9,7.97,37.03180212014134,8.9,7.97,10,15,upper,Y,PISO_3,_,True
LT1:204:14,37.18197879858657,8.9,7.97,37.18197879858657,8.9,7.97,10,15,upper,Y,PISO_3,_,True
LT1:204:14,37.332155477031804,8.9,7.97,37.332155477031804,8.9,7.97,10,15,upper,Y,PISO_3,_,True
LT1:204:14,37.48233215547703,8.9,7.97,37.48233215547703,8.9,7.97,10,15,upper,Y,PISO_3,_,True
LT1:204:14,37.63250883392226,8.9,7.97,37.63250883392226,8.9,7.97,10,15,upper,Y,PISO_3,_,True
LT1:204:14,37.78268551236749,8.9,7.97,37.78268551236749,8.9,7.97,10,15,upper,Y,PISO_3,_,True
LT1:204:14,37.93286219081272,8.9,7.97,37.93286219081272,8.9,7.97,10,15,upper,Y,PISO_3,_,True
LT1:204:14,38.08303886925795,8.9,7.97,38.08303886925795,8.9,7.97,10,15,upper,Y,PISO_3,_,True
LT1:204:14,38.23321554770318,8.9,7.97,38.23321554770318,8.9,7.97,10,15,upper,Y,PISO_3,_,True
LT1:204:14,38.38339222614841,8.9,7.97,38.38339222614841,8.9,7.97,10,15,upper,Y,PISO_3,_,True
LT1:204:14,38.533568904593636,8.9,7.97,38.533568904593636,8.9,7.97,10,15,upper,Y,PISO_3,_,True
LT1:204:14,38.68374558303887,8.9,7.97,38.68374558303887,8.9,7.97,10,15,upper,Y,PISO_3,_,True
LT1:204:14,38.8339222614841,8.9,7.97,38.8339222614841,8.9,7.97,10,15,upper,Y,PISO_3,_,True
LT1:204:14,38.984098939929325,8.9,7.97,38.984098939929325,8.9,7.97,10,15,upper,Y,PISO_3,_,True
LT1:204:14,39.13427561837456,8.9,7.97,39.13427561837456,8.9,7.97,10,15,upper,Y,PISO_3,_,True
LT1:204:14,39.28445229681979,8.9,7.97,39.28445229681979,8.9,7.97,10,15,upper,Y,PISO_3,_,True
LT1:204:14,39.434628975265014,8.9,7.97,39.434628975265014,8.9,7.97,10,15,upper,Y,PISO_3,_,True
LT1:204:14,39.58480565371025,8.9,7.97,39.58480565371025,8.9,7.97,10,15,upper,Y,PISO_3,_,True
LT1:204:14,39.734982332155475,8.9,7.97,39.734982332155475,8.9,7.97,10,15,upper,Y,PISO_3,_,True
LT1:204:14,39.8851590106007,8.9,7.97,39.8851590106007,8.9,7.97,10,15,upper,Y,PISO_3,_,True
LT1:204:14,40.03533568904594,8.9,7.97,40.03533568904594,8.9,7.97,10,15,upper,Y,PISO_3,_,True
LT1:204:14,40.185512367491164,8.9,7.97,40.185512367491164,8.9,7.97,10,15,upper,Y,PISO_3,_,True
LT1:204:14,40.3356890459364,8.9,7.97,40.3356890459364,8.9,7.97,10,15,upper,Y,PISO_3,_,True
LT1:204:14,40.485865724381625,8.9,7.97,40.485865724381625,8.9,7.97,10,15,upper,Y,PISO_3,_,True
LT1:204:14,40.63604240282685,8.9,7.97,40.63604240282685,8.9,7.97,10,15,upper,Y,PISO_3,_,True
LT1:204:14,40.78621908127209,8.9,7.97,40.78621908127209,8.9,7.97,10,15,upper,Y,PISO_3,_,True
LT1:204:14,40.936395759717314,8.9,7.97,40.936395759717314,8.9,7.97,10,15,upper,Y,PISO_3,_,True
LT1:204:14,41.08657243816255,8.9,7.97,41.08657243816255,8.9,7.97,10,15,upper,Y,PISO_3,_,True
LT1:204:14,41.236749116607776,8.9,7.97,41.236749116607776,8.9,7.97,10,15,upper,Y,PISO_3,_,True
LT1:204:14,41.386925795053,8.9,7.97,41.386925795053,8.9,7.97,10,15,upper,Y,PISO_3,_,True
LT1:204:14,41.53710247349824,8.9,7.97,41.53710247349824,8.9,7.97,10,15,upper,Y,PISO_3,_,True
LT1:204:14,41.687279151943464,8.9,7.97,41.687279151943464,8.9,7.97,10,15,upper,Y,PISO_3,_,True
LT1:204:14,41.83745583038869,8.9,7.97,41.83745583038869,8.9,7.97,10,15,upper,Y,PISO_3,_,True
LT1:204:14,41.987632508833926,8.9,7.97,41.987632508833926,8.9,7.97,10,15,upper,Y,PISO_3,_,True
LT1:204:14,42.13780918727915,8.9,7.97,42.13780918727915,8.9,7.97,10,15,upper,Y,PISO_3,_,True
LT1:204:14,42.28798586572438,8.9,7.97,42.28798586572438,8.9,7.97,10,15,upper,Y,PISO_3,_,True
LT1:204:14,42.438162544169614,8.9,7.97,42.438162544169614,8.9,7.97,10,15,upper,Y,PISO_3,_,True
LT1:204:14,42.58833922261484,8.9,7.97,42.58833922261484,8.9,7.97,10,15,upper,Y,PISO_3,_,True
LT1:204:14,42.73851590106007,8.9,7.97,42.73851590106007,8.9,7.97,10,15,upper,Y,PISO_3,_,True
LT1:204:14,42.8886925795053,8.9,7.97,42.8886925795053,8.9,7.97,10,15,upper,Y,PISO_3,_,True
LT1:204:14,43.03886925795053,8.9,7.97,43.03886925795053,8.9,7.97,10,15,upper,Y,PISO_3,_,True
LT1:204:14,43.18904593639576,8.9,7.97,43.18904593639576,8.9,7.97,10,15,upper,Y,PISO_3,_,True
LT1:204:14,43.33922261484099,8.9,7.97,43.33922261484099,8.9,7.97,10,15,upper,Y,PISO_3,_,True
LT1:204:14,43.48939929328622,8.9,7.97,43.48939929328622,8.9,7.97,10,15,upper,Y,PISO_3,_,True
LT1:204:14,43.639575971731446,8.9,7.97,43.639575971731446,8.9,7.97,10,15,upper,Y,PISO_3,_,True
LT1:204:14,43.78975265017668,8.9,7.97,43.78975265017668,8.9,7.97,10,15,upper,Y,PISO_3,_,True
LT1:204:14,43.93992932862191,8.9,7.97,43.93992932862191,8.9,7.97,10,15,upper,Y,PISO_3,_,True
LT1:204:14,44.090106007067135,8.9,7.97,44.090106007067135,8.9,7.97,10,15,upper,Y,PISO_3,_,True
LT1:204:14,44.24028268551237,8.9,7.97,44.24028268551237,8.9,7.97,10,15,upper,Y,PISO_3,_,True
LT1:204:14,44.390459363957596,8.9,7.97,44.390459363957596,8.9,7.97,10,15,upper,Y,PISO_3,_,True
LT1:204:14,44.540636042402824,8.9,7.97,44.540636042402824,8.9,7.97,10,15,upper,Y,PISO_3,_,True
LT1:204:14,44.69081272084806,8.9,7.97,44.69081272084806,8.9,7.97,10,15,upper,Y,PISO_3,_,True
LT1:204:14,44.840989399293285,8.9,7.97,44.840989399293285,8.9,7.97,10,15,upper,Y,PISO_3,_,True
LT1:204:14,44.99116607773851,8.9,7.97,44.99116607773851,8.9,7.97,10,15,upper,Y,PISO_3,_,True
LT1:204:14,45.14134275618375,8.9,7.97,45.14134275618375,8.9,7.97,10,15,upper,Y,PISO_3,_,True
LT1:204:14,45.291519434628974,8.9,7.97,45.291519434628974,8.9,7.97,10,15,upper,Y,PISO_3,_,True
LT1:204:14,45.4416961130742,8.9,7.97,45.4416961130742,8.9,7.97,10,15,upper,Y,PISO_3,_,True
LT1:204:14,45.591872791519435,8.9,7.97,45.591872791519435,8.9,7.97,10,15,upper,Y,PISO_3,_,True
LT1:204:14,45.74204946996466,8.9,7.97,45.74204946996466,8.9,7.97,10,15,upper,Y,PISO_3,_,True
LT1:204:14,45.89222614840989,8.9,7.97,45.89222614840989,8.9,7.97,10,15,upper,Y,PISO_3,_,True
LT1:204:14,46.042402826855124,8.9,7.97,46.042402826855124,8.9,7.97,10,15,upper,Y,PISO_3,_,True
LT1:204:14,46.19257950530035,8.9,7.97,46.19257950530035,8.9,7.97,10,15,upper,Y,PISO_3,_,True
LT1:204:14,46.342756183745585,8.9,7.97,46.342756183745585,8.9,7.97,10,15,upper,Y,PISO_3,_,True
LT1:204:14,46.49293286219081,8.9,7.97,46.49293286219081,8.9,7.97,10,15,upper,Y,PISO_3,_,True
LT1:204:14,46.64310954063604,8.9,7.97,46.64310954063604,8.9,7.97,10,15,upper,Y,PISO_3,_,True
LT1:204:14,46.793286219081274,8.9,7.97,46.793286219081274,8.9,7.97,10,15,upper,Y,PISO_3,_,True
LT1:204:14,46.9434628975265,8.9,7.97,46.9434628975265,8.9,7.97,10,15,upper,Y,PISO_3,_,True
LT1:204:14,47.093639575971736,8.9,7.97,47.093639575971736,8.9,7.97,10,15,upper,Y,PISO_3,_,True
LT1:204:14,47.24381625441696,8.9,7.97,47.24381625441696,8.9,7.97,10,15,upper,Y,PISO_3,_,True
LT1:204:14,47.39399293286219,8.9,7.97,47.39399293286219,8.9,7.97,10,15,upper,Y,PISO_3,_,True
LT1:204:14,47.544169611307424,8.9,7.97,47.544169611307424,8.9,7.97,10,15,upper,Y,PISO_3,_,True
LT1:204:14,47.69434628975265,8.9,7.97,47.69434628975265,8.9,7.97,10,15,upper,Y,PISO_3,_,True
LT1:204:14,47.84452296819788,8.9,7.97,47.84452296819788,8.9,7.97,10,15,upper,Y,PISO_3,_,True
LT1:204:14,47.99469964664311,8.9,7.97,47.99469964664311,8.9,7.97,10,15,upper,Y,PISO_3,_,True
LT1:204:14,48.14487632508834,8.9,7.97,48.14487632508834,8.9,7.97,10,15,upper,Y,PISO_3,_,True
LT1:204:14,48.29505300353357,8.9,7.97,48.29505300353357,8.9,7.97,10,15,upper,Y,PISO_3,_,True
LT1:204:14,48.4452296819788,8.9,7.97,48.4452296819788,8.9,7.97,10,15,upper,Y,PISO_3,_,True
LT1:204:14,48.59540636042403,8.9,7.97,48.59540636042403,8.9,7.97,10,15,upper,Y,PISO_3,_,True
LT1:204:14,48.745583038869256,8.9,7.97,48.745583038869256,8.9,7.97,10,15,upper,Y,PISO_3,_,True
LT1:204:14,48.89575971731449,8.9,7.97,48.89575971731449,8.9,7.97,10,15,upper,Y,PISO_3,_,True
LT1:204:14,49.04593639575972,8.9,7.97,49.04593639575972,8.9,7.97,10,15,upper,Y,PISO_3,_,True
LT1:204:14,49.196113074204945,8.9,7.97,49.196113074204945,8.9,7.97,10,15,upper,Y,PISO_3,_,True
LT1:204:14,49.34628975265018,8.9,7.97,49.34628975265018,8.9,7.97,10,15,upper,Y,PISO_3,_,True
LT1:204:14,49.496466431095406,8.9,7.97,49.496466431095406,8.9,7.97,10,15,upper,Y,PISO_3,_,True
LT1:204:14,49.64664310954063,8.9,7.97,49.64664310954063,8.9,7.97,10,15,upper,Y,PISO_3,_,True
LT1:204:14,49.79681978798587,8.9,7.97,49.79681978798587,8.9,7.97,10,15,upper,Y,PISO_3,_,True
LT1:204:14,49.946996466431095,8.9,7.97,49.946996466431095,8.9,7.97,10,15,upper,Y,PISO_3,_,True
LT1:204:14,50.09717314487632,8.9,7.97,50.09717314487632,8.9,7.97,10,15,upper,Y,PISO_3,_,True
LT1:204:14,50.24734982332156,8.9,7.97,50.24734982332156,8.9,7.97,10,15,upper,Y,PISO_3,_,True
LT1:204:14,50.397526501766784,8.9,7.97,50.397526501766784,8.9,7.97,10,15,upper,Y,PISO_3,_,True
LT1:204:14,50.54770318021201,8.9,7.97,50.54770318021201,8.9,7.97,10,15,upper,Y,PISO_3,_,True
LT1:204:14,50.697879858657245,8.9,7.97,50.697879858657245,8.9,7.97,10,15,upper,Y,PISO_3,_,True
LT1:204:14,50.84805653710247,8.9,7.97,50.84805653710247,8.9,7.97,10,15,upper,Y,PISO_3,_,True
LT1:204:14,50.9982332155477,8.9,7.97,50.9982332155477,8.9,7.97,10,15,upper,Y,PISO_3,_,True
LT1:204:14,51.148409893992934,8.9,7.97,51.148409893992934,8.9,7.97,10,15,upper,Y,PISO_3,_,True
LT1:204:14,51.29858657243816,8.9,7.97,51.29858657243816,8.9,7.97,10,15,upper,Y,PISO_3,_,True
LT1:204:14,51.44876325088339,8.9,7.97,51.44876325088339,8.9,7.97,10,15,upper,Y,PISO_3,_,True
LT1:204:14,51.59893992932862,8.9,7.97,51.59893992932862,8.9,7.97,10,15,upper,Y,PISO_3,_,True
LT1:204:14,51.74911660777386,8.9,7.97,51.74911660777386,8.9,7.97,10,15,upper,Y,PISO_3,_,True
LT1:204:14,51.89929328621908,8.9,7.97,51.89929328621908,8.9,7.97,10,15,upper,Y,PISO_3,_,True
LT1:204:14,52.04946996466431,8.9,7.97,52.04946996466431,8.9,7.97,10,15,upper,Y,PISO_3,_,True
LT1:204:14,52.199646643109546,8.9,7.97,52.199646643109546,8.9,7.97,10,15,upper,Y,PISO_3,_,True
LT1:204:14,52.349823321554766,8.9,7.97,52.349823321554766,8.9,7.97,10,15,upper,Y,PISO_3,_,True
LT1:204:14,52.5,8.9,7.97,52.5,8.9,7.97,10,15,upper,Y,PISO_3,_,True
LT1:204:14,52.650176678445234,8.9,7.97,52.650176678445234,8.9,7.97,10,15,upper,Y,PISO_3,_,True
LT1:204:14,52.800353356890454,8.9,7.97,52.800353356890454,8.9,7.97,10,15,upper,Y,PISO_3,_,True
LT1:204:14,52.95053003533569,8.9,7.97,52.95053003533569,8.9,7.97,10,15,upper,Y,PISO_3,_,True
LT1:204:14,53.10070671378092,8.9,7.97,53.10070671378092,8.9,7.97,10,15,upper,Y,PISO_3,_,True
LT1:204:14,53.25088339222614,8.9,7.97,53.25088339222614,8.9,7.97,10,15,upper,Y,PISO_3,_,True
LT1:204:14,53.40106007067138,8.9,7.97,53.40106007067138,8.9,7.97,10,15,upper,Y,PISO_3,_,True
LT1:204:14,53.55123674911661,8.9,7.97,53.55123674911661,8.9,7.97,10,15,upper,Y,PISO_3,_,True
LT1:204:14,53.70141342756184,8.9,7.97,53.70141342756184,8.9,7.97,10,15,upper,Y,PISO_3,_,True
LT1:204:14,53.851590106007066,8.9,7.97,53.851590106007066,8.9,7.97,10,15,upper,Y,PISO_3,_,True
LT1:204:14,54.0017667844523,8.9,7.97,54.0017667844523,8.9,7.97,10,15,upper,Y,PISO_3,_,True
LT1:204:14,54.15194346289753,8.9,7.97,54.15194346289753,8.9,7.97,10,15,upper,Y,PISO_3,_,True
LT1:204:14,54.302120141342755,8.9,7.97,54.302120141342755,8.9,7.97,10,15,upper,Y,PISO_3,_,True
LT1:204:14,54.45229681978799,8.9,7.97,54.45229681978799,8.9,7.97,10,15,upper,Y,PISO_3,_,True
LT1:204:14,54.602473498233216,8.9,7.97,54.602473498233216,8.9,7.97,10,15,upper,Y,PISO_3,_,True
LT1:204:14,54.75265017667844,8.9,7.97,54.75265017667844,8.9,7.97,10,15,upper,Y,PISO_3,_,True
LT1:204:14,54.90282685512368,8.9,7.97,54.90282685512368,8.9,7.97,10,15,upper,Y,PISO_3,_,True
LT1:204:14,55.053003533568905,8.9,7.97,55.053003533568905,8.9,7.97,10,15,upper,Y,PISO_3,_,True
LT1:204:14,55.20318021201413,8.9,7.97,55.20318021201413,8.9,7.97,10,15,upper,Y,PISO_3,_,True
LT1:204:14,55.35335689045937,8.9,7.97,55.35335689045937,8.9,7.97,10,15,upper,Y,PISO_3,_,True
LT1:204:14,55.503533568904594,8.9,7.97,55.503533568904594,8.9,7.97,10,15,upper,Y,PISO_3,_,True
LT1:204:14,55.65371024734982,8.9,7.97,55.65371024734982,8.9,7.97,10,15,upper,Y,PISO_3,_,True
LT1:204:14,55.803886925795055,8.9,7.97,55.803886925795055,8.9,7.97,10,15,upper,Y,PISO_3,_,True
LT1:204:14,55.95406360424028,8.9,7.97,55.95406360424028,8.9,7.97,10,15,upper,Y,PISO_3,_,True
LT1:204:14,56.10424028268551,8.9,7.97,56.10424028268551,8.9,7.97,10,15,upper,Y,PISO_3,_,True
LT1:204:14,56.254416961130744,8.9,7.97,56.254416961130744,8.9,7.97,10,15,upper,Y,PISO_3,_,True
LT1:204:14,56.40459363957597,8.9,7.97,56.40459363957597,8.9,7.97,10,15,upper,Y,PISO_3,_,True
LT1:204:14,56.5547703180212,8.9,7.97,56.5547703180212,8.9,7.97,10,15,upper,Y,PISO_3,_,True
LT1:204:14,56.70494699646643,8.9,7.97,56.70494699646643,8.9,7.97,10,15,upper,Y,PISO_3,_,True
LT1:204:14,56.85512367491166,8.9,7.97,56.85512367491166,8.9,7.97,10,15,upper,Y,PISO_3,_,True
LT1:204:14,57.00530035335689,8.9,7.97,57.00530035335689,8.9,7.97,10,15,upper,Y,PISO_3,_,True
LT1:204:14,57.15547703180212,8.9,7.97,57.15547703180212,8.9,7.97,10,15,upper,Y,PISO_3,_,True
LT1:204:14,57.30565371024735,8.9,7.97,57.30565371024735,8.9,7.97,10,15,upper,Y,PISO_3,_,True
LT1:204:14,57.455830388692576,8.9,7.97,57.455830388692576,8.9,7.97,10,15,upper,Y,PISO_3,_,True
LT1:204:14,57.60600706713781,8.9,7.97,57.60600706713781,8.9,7.97,10,15,upper,Y,PISO_3,_,True
LT1:204:14,57.75618374558304,8.9,7.97,57.75618374558304,8.9,7.97,10,15,upper,Y,PISO_3,_,True
LT1:204:14,57.906360424028264,8.9,7.97,57.906360424028264,8.9,7.97,10,15,upper,Y,PISO_3,_,True
LT1:204:14,58.0565371024735,8.9,7.97,58.0565371024735,8.9,7.97,10,15,upper,Y,PISO_3,_,True
LT1:204:14,58.20671378091873,8.9,7.97,58.20671378091873,8.9,7.97,10,15,upper,Y,PISO_3,_,True
LT1:204:14,58.35689045936395,8.9,7.97,58.35689045936395,8.9,7.97,10,15,upper,Y,PISO_3,_,True
LT1:204:14,58.50706713780919,8.9,7.97,58.50706713780919,8.9,7.97,10,15,upper,Y,PISO_3,_,True
LT1:204:14,58.65724381625442,8.9,7.97,58.65724381625442,8.9,7.97,10,15,upper,Y,PISO_3,_,True
LT1:204:14,58.80742049469964,8.9,7.97,58.80742049469964,8.9,7.97,10,15,upper,Y,PISO_3,_,True
LT1:204:14,58.957597173144876,8.9,7.97,58.957597173144876,8.9,7.97,10,15,upper,Y,PISO_3,_,True
LT1:204:14,59.10777385159011,8.9,7.97,59.10777385159011,8.9,7.97,10,15,upper,Y,PISO_3,_,True
LT1:204:14,59.25795053003533,8.9,7.97,59.25795053003533,8.9,7.97,10,15,upper,Y,PISO_3,_,True
LT1:204:14,59.408127208480565,8.9,7.97,59.408127208480565,8.9,7.97,10,15,upper,Y,PISO_3,_,True
LT1:204:14,59.5583038869258,8.9,7.97,59.5583038869258,8.9,7.97,10,15,upper,Y,PISO_3,_,True
LT1:204:14,59.708480565371026,8.9,7.97,59.708480565371026,8.9,7.97,10,15,upper,Y,PISO_3,_,True
LT1:204:14,59.85865724381625,8.9,7.97,59.85865724381625,8.9,7.97,10,15,upper,Y,PISO_3,_,True
LT1:204:14,60.00883392226149,8.9,7.97,60.00883392226149,8.9,7.97,10,15,upper,Y,PISO_3,_,True
LT1:204:14,60.159010600706715,8.9,7.97,60.159010600706715,8.9,7.97,10,15,upper,Y,PISO_3,_,True
LT1:204:14,60.30918727915194,8.9,7.97,60.30918727915194,8.9,7.97,10,15,upper,Y,PISO_3,_,True
LT1:204:14,60.459363957597176,8.9,7.97,60.459363957597176,8.9,7.97,10,15,upper,Y,PISO_3,_,True
LT1:204:14,60.609540636042404,8.9,7.97,60.609540636042404,8.9,7.97,10,15,upper,Y,PISO_3,_,True
LT1:204:14,60.75971731448763,8.9,7.97,60.75971731448763,8.9,7.97,10,15,upper,Y,PISO_3,_,True
LT1:204:14,60.909893992932865,8.9,7.97,60.909893992932865,8.9,7.97,10,15,upper,Y,PISO_3,_,True
LT1:204:14,61.06007067137809,8.9,7.97,61.06007067137809,8.9,7.97,10,15,upper,Y,PISO_3,_,True
LT1:204:14,61.21024734982332,8.9,7.97,61.21024734982332,8.9,7.97,10,15,upper,Y,PISO_3,_,True
LT1:204:14,61.360424028268554,8.9,7.97,61.360424028268554,8.9,7.97,10,15,upper,Y,PISO_3,_,True
LT1:204:14,61.51060070671378,8.9,7.97,61.51060070671378,8.9,7.97,10,15,upper,Y,PISO_3,_,True
LT1:204:14,61.66077738515901,8.9,7.97,61.66077738515901,8.9,7.97,10,15,upper,Y,PISO_3,_,True
LT1:204:14,61.81095406360424,8.9,7.97,61.81095406360424,8.9,7.97,10,15,upper,Y,PISO_3,_,True
LT1:204:14,61.96113074204947,8.9,7.97,61.96113074204947,8.9,7.97,10,15,upper,Y,PISO_3,_,True
LT1:204:14,62.1113074204947,8.9,7.97,62.1113074204947,8.9,7.97,10,15,upper,Y,PISO_3,_,True
LT1:204:14,62.26148409893993,8.9,7.97,62.26148409893993,8.9,7.97,10,15,upper,Y,PISO_3,_,True
LT1:204:14,62.41166077738516,8.9,7.97,62.41166077738516,8.9,7.97,10,15,upper,Y,PISO_3,_,True
LT1:204:14,62.561837455830386,8.9,7.97,62.561837455830386,8.9,7.97,10,15,upper,Y,PISO_3,_,True
LT1:204:14,62.71201413427562,8.9,7.97,62.71201413427562,8.9,7.97,10,15,upper,Y,PISO_3,_,True
LT1:204:14,62.86219081272085,8.9,7.97,62.86219081272085,8.9,7.97,10,15,upper,Y,PISO_3,_,True
LT1:204:14,63.012367491166074,8.9,7.97,63.012367491166074,8.9,7.97,10,15,upper,Y,PISO_3,_,True
LT1:204:14,63.16254416961131,8.9,7.97,63.16254416961131,8.9,7.97,10,15,upper,Y,PISO_3,_,True
LT1:204:14,63.312720848056536,8.9,7.97,63.312720848056536,8.9,7.97,10,15,upper,Y,PISO_3,_,True
LT1:204:14,63.46289752650177,8.9,7.97,63.46289752650177,8.9,7.97,10,15,upper,Y,PISO_3,_,True
LT1:204:14,63.613074204947,8.9,7.97,63.613074204947,8.9,7.97,10,15,upper,Y,PISO_3,_,True
LT1:204:14,63.763250883392224,8.9,7.97,63.763250883392224,8.9,7.97,10,15,upper,Y,PISO_3,_,True
LT1:204:14,63.91342756183746,8.9,7.97,63.91342756183746,8.9,7.97,10,15,upper,Y,PISO_3,_,True
LT1:204:14,64.06360424028269,8.9,7.97,64.06360424028269,8.9,7.97,10,15,upper,Y,PISO_3,_,True
LT1:204:14,64.2137809187279,8.9,7.97,64.2137809187279,8.9,7.97,10,15,upper,Y,PISO_3,_,True
LT1:204:14,64.36395759717314,8.9,7.97,64.36395759717314,8.9,7.97,10,15,upper,Y,PISO_3,_,True
LT1:204:14,64.51413427561837,8.9,7.97,64.51413427561837,8.9,7.97,10,15,upper,Y,PISO_3,_,True
LT1:204:14,64.66431095406361,8.9,7.97,64.66431095406361,8.9,7.97,10,15,upper,Y,PISO_3,_,True
LT1:204:14,64.81448763250884,8.9,7.97,64.81448763250884,8.9,7.97,10,15,upper,Y,PISO_3,_,True
LT1:204:14,64.96466431095406,8.9,7.97,64.96466431095406,8.9,7.97,10,15,upper,Y,PISO_3,_,True
LT1:204:14,65.11484098939928,8.9,7.97,65.11484098939928,8.9,7.97,10,15,upper,Y,PISO_3,_,True
LT1:204:14,65.26501766784452,8.9,7.97,65.26501766784452,8.9,7.97,10,15,upper,Y,PISO_3,_,True
LT1:204:14,65.41519434628975,8.9,7.97,65.41519434628975,8.9,7.97,10,15,upper,Y,PISO_3,_,True
LT1:204:14,65.56537102473499,8.9,7.97,65.56537102473499,8.9,7.97,10,15,upper,Y,PISO_3,_,True
LT1:204:14,65.71554770318022,8.9,7.97,65.71554770318022,8.9,7.97,10,15,upper,Y,PISO_3,_,True
LT1:204:14,65.86572438162544,8.9,7.97,65.86572438162544,8.9,7.97,10,15,upper,Y,PISO_3,_,True
LT1:204:14,66.01590106007066,8.9,7.97,66.01590106007066,8.9,7.97,10,15,upper,Y,PISO_3,_,True
LT1:204:14,66.1660777385159,8.9,7.97,66.1660777385159,8.9,7.97,10,15,upper,Y,PISO_3,_,True
LT1:204:14,66.31625441696113,8.9,7.97,66.31625441696113,8.9,7.97,10,15,upper,Y,PISO_3,_,True
LT1:204:14,66.46643109540636,8.9,7.97,66.46643109540636,8.9,7.97,10,15,upper,Y,PISO_3,_,True
LT1:204:14,66.6166077738516,8.9,7.97,66.6166077738516,8.9,7.97,10,15,upper,Y,PISO_3,_,True
LT1:204:14,66.76678445229682,8.9,7.97,66.76678445229682,8.9,7.97,10,15,upper,Y,PISO_3,_,True
LT1:204:14,66.91696113074205,8.9,7.97,66.91696113074205,8.9,7.97,10,15,upper,Y,PISO_3,_,True
LT1:204:14,67.06713780918727,8.9,7.97,67.06713780918727,8.9,7.97,10,15,upper,Y,PISO_3,_,True
LT1:204:14,67.2173144876325,8.9,7.97,67.2173144876325,8.9,7.97,10,15,upper,Y,PISO_3,_,True
LT1:204:14,67.36749116607774,8.9,7.97,67.36749116607774,8.9,7.97,10,15,upper,Y,PISO_3,_,True
LT1:204:14,67.51766784452298,8.9,7.97,67.51766784452298,8.9,7.97,10,15,upper,Y,PISO_3,_,True
LT1:204:14,67.6678445229682,8.9,7.97,67.6678445229682,8.9,7.97,10,15,upper,Y,PISO_3,_,True
LT1:204:14,67.81802120141343,8.9,7.97,67.81802120141343,8.9,7.97,10,15,upper,Y,PISO_3,_,True
LT1:204:14,67.96819787985865,8.9,7.97,67.96819787985865,8.9,7.97,10,15,upper,Y,PISO_3,_,True
LT1:204:14,68.11837455830388,8.9,7.97,68.11837455830388,8.9,7.97,10,15,upper,Y,PISO_3,_,True
LT1:204:14,68.26855123674912,8.9,7.97,68.26855123674912,8.9,7.97,10,15,upper,Y,PISO_3,_,True
LT1:204:14,68.41872791519435,8.9,7.97,68.41872791519435,8.9,7.97,10,15,upper,Y,PISO_3,_,True
LT1:204:14,68.56890459363957,8.9,7.97,68.56890459363957,8.9,7.97,10,15,upper,Y,PISO_3,_,True
LT1:204:14,68.71908127208481,8.9,7.97,68.71908127208481,8.9,7.97,10,15,upper,Y,PISO_3,_,True
LT1:204:14,68.86925795053003,8.9,7.97,68.86925795053003,8.9,7.97,10,15,upper,Y,PISO_3,_,True
LT1:204:14,69.01943462897526,8.9,7.97,69.01943462897526,8.9,7.97,10,15,upper,Y,PISO_3,_,True
LT1:204:14,69.1696113074205,8.9,7.97,69.1696113074205,8.9,7.97,10,15,upper,Y,PISO_3,_,True
LT1:204:14,69.31978798586573,8.9,7.97,69.31978798586573,8.9,7.97,10,15,upper,Y,PISO_3,_,True
LT1:204:14,69.46996466431096,8.9,7.97,69.46996466431096,8.9,7.97,10,15,upper,Y,PISO_3,_,True
LT1:204:14,69.62014134275618,8.9,7.97,69.62014134275618,8.9,7.97,10,15,upper,Y,PISO_3,_,True
LT1:204:14,69.7703180212014,8.9,7.97,69.7703180212014,8.9,7.97,10,15,upper,Y,PISO_3,_,True
LT1:204:14,69.92049469964664,8.9,7.97,69.92049469964664,8.9,7.97,10,15,upper,Y,PISO_3,_,True
LT1:204:14,70.07067137809187,8.9,7.97,70.07067137809187,8.9,7.97,10,15,upper,Y,PISO_3,_,True
LT1:204:14,70.22084805653711,8.9,7.97,70.22084805653711,8.9,7.97,10,15,upper,Y,PISO_3,_,True
LT1:204:14,70.37102473498234,8.9,7.97,70.37102473498234,8.9,7.97,10,15,upper,Y,PISO_3,_,True
LT1:204:14,70.52120141342756,8.9,7.97,70.52120141342756,8.9,7.97,10,15,upper,Y,PISO_3,_,True
LT1:204:14,70.67137809187278,8.9,7.97,70.67137809187278,8.9,7.97,10,15,upper,Y,PISO_3,_,True
LT1:204:14,70.82155477031802,8.9,7.97,70.82155477031802,8.9,7.97,10,15,upper,Y,PISO_3,_,True
LT1:204:14,70.97173144876325,8.9,7.97,70.97173144876325,8.9,7.97,10,15,upper,Y,PISO_3,_,True
LT1:204:14,71.12190812720848,8.9,7.97,71.12190812720848,8.9,7.97,10,15,upper,Y,PISO_3,_,True
LT1:204:14,71.27208480565372,8.9,7.97,71.27208480565372,8.9,7.97,10,15,upper,Y,PISO_3,_,True
LT1:204:14,71.42226148409894,8.9,7.97,71.42226148409894,8.9,7.97,10,15,upper,Y,PISO_3,_,True
LT1:204:14,71.57243816254416,8.9,7.97,71.57243816254416,8.9,7.97,10,15,upper,Y,PISO_3,_,True
LT1:204:14,71.7226148409894,8.9,7.97,71.7226148409894,8.9,7.97,10,15,upper,Y,PISO_3,_,True
LT1:204:14,71.87279151943463,8.9,7.97,71.87279151943463,8.9,7.97,10,15,upper,Y,PISO_3,_,True
LT1:204:14,72.02296819787986,8.9,7.97,72.02296819787986,8.9,7.97,10,15,upper,Y,PISO_3,_,True
LT1:204:14,72.1731448763251,8.9,7.97,72.1731448763251,8.9,7.97,10,15,upper,Y,PISO_3,_,True
LT1:204:14,72.32332155477032,8.9,7.97,72.32332155477032,8.9,7.97,10,15,upper,Y,PISO_3,_,True
LT1:204:14,72.47349823321555,8.9,7.97,72.47349823321555,8.9,7.97,10,15,upper,Y,PISO_3,_,True
LT1:204:14,72.62367491166077,8.9,7.97,72.62367491166077,8.9,7.97,10,15,upper,Y,PISO_3,_,True
LT1:204:14,72.773851590106,8.9,7.97,72.773851590106,8.9,7.97,10,15,upper,Y,PISO_3,_,True
LT1:204:14,72.92402826855124,8.9,7.97,72.92402826855124,8.9,7.97,10,15,upper,Y,PISO_3,_,True
LT1:204:14,73.07420494699647,8.9,7.97,73.07420494699647,8.9,7.97,10,15,upper,Y,PISO_3,_,True
LT1:204:14,73.2243816254417,8.9,7.97,73.2243816254417,8.9,7.97,10,15,upper,Y,PISO_3,_,True
LT1:204:14,73.37455830388693,8.9,7.97,73.37455830388693,8.9,7.97,10,15,upper,Y,PISO_3,_,True
LT1:204:14,73.52473498233215,8.9,7.97,73.52473498233215,8.9,7.97,10,15,upper,Y,PISO_3,_,True
LT1:204:14,73.67491166077738,8.9,7.97,73.67491166077738,8.9,7.97,10,15,upper,Y,PISO_3,_,True
LT1:204:15,31.25,16.15,7.97,73.75,16.15,7.97,10,15,upper,X,PISO_3,_,True
LT1:204:15,31.325088339222614,16.15,7.97,31.325088339222614,16.15,7.97,10,15,upper,Y,PISO_3,_,True
LT1:204:15,31.475265017667844,16.15,7.97,31.475265017667844,16.15,7.97,10,15,upper,Y,PISO_3,_,True
LT1:204:15,31.625441696113075,16.15,7.97,31.625441696113075,16.15,7.97,10,15,upper,Y,PISO_3,_,True
LT1:204:15,31.775618374558302,16.15,7.97,31.775618374558302,16.15,7.97,10,15,upper,Y,PISO_3,_,True
LT1:204:15,31.925795053003533,16.15,7.97,31.925795053003533,16.15,7.97,10,15,upper,Y,PISO_3,_,True
LT1:204:15,32.07597173144876,16.15,7.97,32.07597173144876,16.15,7.97,10,15,upper,Y,PISO_3,_,True
LT1:204:15,32.226148409893995,16.15,7.97,32.226148409893995,16.15,7.97,10,15,upper,Y,PISO_3,_,True
LT1:204:15,32.37632508833922,16.15,7.97,32.37632508833922,16.15,7.97,10,15,upper,Y,PISO_3,_,True
LT1:204:15,32.52650176678445,16.15,7.97,32.52650176678445,16.15,7.97,10,15,upper,Y,PISO_3,_,True
LT1:204:15,32.67667844522968,16.15,7.97,32.67667844522968,16.15,7.97,10,15,upper,Y,PISO_3,_,True
LT1:204:15,32.82685512367491,16.15,7.97,32.82685512367491,16.15,7.97,10,15,upper,Y,PISO_3,_,True
LT1:204:15,32.977031802120145,16.15,7.97,32.977031802120145,16.15,7.97,10,15,upper,Y,PISO_3,_,True
LT1:204:15,33.12720848056537,16.15,7.97,33.12720848056537,16.15,7.97,10,15,upper,Y,PISO_3,_,True
LT1:204:15,33.2773851590106,16.15,7.97,33.2773851590106,16.15,7.97,10,15,upper,Y,PISO_3,_,True
LT1:204:15,33.42756183745583,16.15,7.97,33.42756183745583,16.15,7.97,10,15,upper,Y,PISO_3,_,True
LT1:204:15,33.57773851590106,16.15,7.97,33.57773851590106,16.15,7.97,10,15,upper,Y,PISO_3,_,True
LT1:204:15,33.72791519434629,16.15,7.97,33.72791519434629,16.15,7.97,10,15,upper,Y,PISO_3,_,True
LT1:204:15,33.87809187279152,16.15,7.97,33.87809187279152,16.15,7.97,10,15,upper,Y,PISO_3,_,True
LT1:204:15,34.02826855123675,16.15,7.97,34.02826855123675,16.15,7.97,10,15,upper,Y,PISO_3,_,True
LT1:204:15,34.17844522968198,16.15,7.97,34.17844522968198,16.15,7.97,10,15,upper,Y,PISO_3,_,True
LT1:204:15,34.32862190812721,16.15,7.97,34.32862190812721,16.15,7.97,10,15,upper,Y,PISO_3,_,True
LT1:204:15,34.47879858657244,16.15,7.97,34.47879858657244,16.15,7.97,10,15,upper,Y,PISO_3,_,True
LT1:204:15,34.628975265017665,16.15,7.97,34.628975265017665,16.15,7.97,10,15,upper,Y,PISO_3,_,True
LT1:204:15,34.7791519434629,16.15,7.97,34.7791519434629,16.15,7.97,10,15,upper,Y,PISO_3,_,True
LT1:204:15,34.92932862190813,16.15,7.97,34.92932862190813,16.15,7.97,10,15,upper,Y,PISO_3,_,True
LT1:204:15,35.079505300353354,16.15,7.97,35.079505300353354,16.15,7.97,10,15,upper,Y,PISO_3,_,True
LT1:204:15,35.22968197879859,16.15,7.97,35.22968197879859,16.15,7.97,10,15,upper,Y,PISO_3,_,True
LT1:204:15,35.379858657243815,16.15,7.97,35.379858657243815,16.15,7.97,10,15,upper,Y,PISO_3,_,True
LT1:204:15,35.53003533568905,16.15,7.97,35.53003533568905,16.15,7.97,10,15,upper,Y,PISO_3,_,True
LT1:204:15,35.68021201413428,16.15,7.97,35.68021201413428,16.15,7.97,10,15,upper,Y,PISO_3,_,True
LT1:204:15,35.830388692579504,16.15,7.97,35.830388692579504,16.15,7.97,10,15,upper,Y,PISO_3,_,True
LT1:204:15,35.98056537102474,16.15,7.97,35.98056537102474,16.15,7.97,10,15,upper,Y,PISO_3,_,True
LT1:204:15,36.130742049469966,16.15,7.97,36.130742049469966,16.15,7.97,10,15,upper,Y,PISO_3,_,True
LT1:204:15,36.28091872791519,16.15,7.97,36.28091872791519,16.15,7.97,10,15,upper,Y,PISO_3,_,True
LT1:204:15,36.43109540636043,16.15,7.97,36.43109540636043,16.15,7.97,10,15,upper,Y,PISO_3,_,True
LT1:204:15,36.581272084805654,16.15,7.97,36.581272084805654,16.15,7.97,10,15,upper,Y,PISO_3,_,True
LT1:204:15,36.73144876325088,16.15,7.97,36.73144876325088,16.15,7.97,10,15,upper,Y,PISO_3,_,True
LT1:204:15,36.881625441696116,16.15,7.97,36.881625441696116,16.15,7.97,10,15,upper,Y,PISO_3,_,True
LT1:204:15,37.03180212014134,16.15,7.97,37.03180212014134,16.15,7.97,10,15,upper,Y,PISO_3,_,True
LT1:204:15,37.18197879858657,16.15,7.97,37.18197879858657,16.15,7.97,10,15,upper,Y,PISO_3,_,True
LT1:204:15,37.332155477031804,16.15,7.97,37.332155477031804,16.15,7.97,10,15,upper,Y,PISO_3,_,True
LT1:204:15,37.48233215547703,16.15,7.97,37.48233215547703,16.15,7.97,10,15,upper,Y,PISO_3,_,True
LT1:204:15,37.63250883392226,16.15,7.97,37.63250883392226,16.15,7.97,10,15,upper,Y,PISO_3,_,True
LT1:204:15,37.78268551236749,16.15,7.97,37.78268551236749,16.15,7.97,10,15,upper,Y,PISO_3,_,True
LT1:204:15,37.93286219081272,16.15,7.97,37.93286219081272,16.15,7.97,10,15,upper,Y,PISO_3,_,True
LT1:204:15,38.08303886925795,16.15,7.97,38.08303886925795,16.15,7.97,10,15,upper,Y,PISO_3,_,True
LT1:204:15,38.23321554770318,16.15,7.97,38.23321554770318,16.15,7.97,10,15,upper,Y,PISO_3,_,True
LT1:204:15,38.38339222614841,16.15,7.97,38.38339222614841,16.15,7.97,10,15,upper,Y,PISO_3,_,True
LT1:204:15,38.533568904593636,16.15,7.97,38.533568904593636,16.15,7.97,10,15,upper,Y,PISO_3,_,True
LT1:204:15,38.68374558303887,16.15,7.97,38.68374558303887,16.15,7.97,10,15,upper,Y,PISO_3,_,True
LT1:204:15,38.8339222614841,16.15,7.97,38.8339222614841,16.15,7.97,10,15,upper,Y,PISO_3,_,True
LT1:204:15,38.984098939929325,16.15,7.97,38.984098939929325,16.15,7.97,10,15,upper,Y,PISO_3,_,True
LT1:204:15,39.13427561837456,16.15,7.97,39.13427561837456,16.15,7.97,10,15,upper,Y,PISO_3,_,True
LT1:204:15,39.28445229681979,16.15,7.97,39.28445229681979,16.15,7.97,10,15,upper,Y,PISO_3,_,True
LT1:204:15,39.434628975265014,16.15,7.97,39.434628975265014,16.15,7.97,10,15,upper,Y,PISO_3,_,True
LT1:204:15,39.58480565371025,16.15,7.97,39.58480565371025,16.15,7.97,10,15,upper,Y,PISO_3,_,True
LT1:204:15,39.734982332155475,16.15,7.97,39.734982332155475,16.15,7.97,10,15,upper,Y,PISO_3,_,True
LT1:204:15,39.8851590106007,16.15,7.97,39.8851590106007,16.15,7.97,10,15,upper,Y,PISO_3,_,True
LT1:204:15,40.03533568904594,16.15,7.97,40.03533568904594,16.15,7.97,10,15,upper,Y,PISO_3,_,True
LT1:204:15,40.185512367491164,16.15,7.97,40.185512367491164,16.15,7.97,10,15,upper,Y,PISO_3,_,True
LT1:204:15,40.3356890459364,16.15,7.97,40.3356890459364,16.15,7.97,10,15,upper,Y,PISO_3,_,True
LT1:204:15,40.485865724381625,16.15,7.97,40.485865724381625,16.15,7.97,10,15,upper,Y,PISO_3,_,True
LT1:204:15,40.63604240282685,16.15,7.97,40.63604240282685,16.15,7.97,10,15,upper,Y,PISO_3,_,True
LT1:204:15,40.78621908127209,16.15,7.97,40.78621908127209,16.15,7.97,10,15,upper,Y,PISO_3,_,True
LT1:204:15,40.936395759717314,16.15,7.97,40.936395759717314,16.15,7.97,10,15,upper,Y,PISO_3,_,True
LT1:204:15,41.08657243816255,16.15,7.97,41.08657243816255,16.15,7.97,10,15,upper,Y,PISO_3,_,True
LT1:204:15,41.236749116607776,16.15,7.97,41.236749116607776,16.15,7.97,10,15,upper,Y,PISO_3,_,True
LT1:204:15,41.386925795053,16.15,7.97,41.386925795053,16.15,7.97,10,15,upper,Y,PISO_3,_,True
LT1:204:15,41.53710247349824,16.15,7.97,41.53710247349824,16.15,7.97,10,15,upper,Y,PISO_3,_,True
LT1:204:15,41.687279151943464,16.15,7.97,41.687279151943464,16.15,7.97,10,15,upper,Y,PISO_3,_,True
LT1:204:15,41.83745583038869,16.15,7.97,41.83745583038869,16.15,7.97,10,15,upper,Y,PISO_3,_,True
LT1:204:15,41.987632508833926,16.15,7.97,41.987632508833926,16.15,7.97,10,15,upper,Y,PISO_3,_,True
LT1:204:15,42.13780918727915,16.15,7.97,42.13780918727915,16.15,7.97,10,15,upper,Y,PISO_3,_,True
LT1:204:15,42.28798586572438,16.15,7.97,42.28798586572438,16.15,7.97,10,15,upper,Y,PISO_3,_,True
LT1:204:15,42.438162544169614,16.15,7.97,42.438162544169614,16.15,7.97,10,15,upper,Y,PISO_3,_,True
LT1:204:15,42.58833922261484,16.15,7.97,42.58833922261484,16.15,7.97,10,15,upper,Y,PISO_3,_,True
LT1:204:15,42.73851590106007,16.15,7.97,42.73851590106007,16.15,7.97,10,15,upper,Y,PISO_3,_,True
LT1:204:15,42.8886925795053,16.15,7.97,42.8886925795053,16.15,7.97,10,15,upper,Y,PISO_3,_,True
LT1:204:15,43.03886925795053,16.15,7.97,43.03886925795053,16.15,7.97,10,15,upper,Y,PISO_3,_,True
LT1:204:15,43.18904593639576,16.15,7.97,43.18904593639576,16.15,7.97,10,15,upper,Y,PISO_3,_,True
LT1:204:15,43.33922261484099,16.15,7.97,43.33922261484099,16.15,7.97,10,15,upper,Y,PISO_3,_,True
LT1:204:15,43.48939929328622,16.15,7.97,43.48939929328622,16.15,7.97,10,15,upper,Y,PISO_3,_,True
LT1:204:15,43.639575971731446,16.15,7.97,43.639575971731446,16.15,7.97,10,15,upper,Y,PISO_3,_,True
LT1:204:15,43.78975265017668,16.15,7.97,43.78975265017668,16.15,7.97,10,15,upper,Y,PISO_3,_,True
LT1:204:15,43.93992932862191,16.15,7.97,43.93992932862191,16.15,7.97,10,15,upper,Y,PISO_3,_,True
LT1:204:15,44.090106007067135,16.15,7.97,44.090106007067135,16.15,7.97,10,15,upper,Y,PISO_3,_,True
LT1:204:15,44.24028268551237,16.15,7.97,44.24028268551237,16.15,7.97,10,15,upper,Y,PISO_3,_,True
LT1:204:15,44.390459363957596,16.15,7.97,44.390459363957596,16.15,7.97,10,15,upper,Y,PISO_3,_,True
LT1:204:15,44.540636042402824,16.15,7.97,44.540636042402824,16.15,7.97,10,15,upper,Y,PISO_3,_,True
LT1:204:15,44.69081272084806,16.15,7.97,44.69081272084806,16.15,7.97,10,15,upper,Y,PISO_3,_,True
LT1:204:15,44.840989399293285,16.15,7.97,44.840989399293285,16.15,7.97,10,15,upper,Y,PISO_3,_,True
LT1:204:15,44.99116607773851,16.15,7.97,44.99116607773851,16.15,7.97,10,15,upper,Y,PISO_3,_,True
LT1:204:15,45.14134275618375,16.15,7.97,45.14134275618375,16.15,7.97,10,15,upper,Y,PISO_3,_,True
LT1:204:15,45.291519434628974,16.15,7.97,45.291519434628974,16.15,7.97,10,15,upper,Y,PISO_3,_,True
LT1:204:15,45.4416961130742,16.15,7.97,45.4416961130742,16.15,7.97,10,15,upper,Y,PISO_3,_,True
LT1:204:15,45.591872791519435,16.15,7.97,45.591872791519435,16.15,7.97,10,15,upper,Y,PISO_3,_,True
LT1:204:15,45.74204946996466,16.15,7.97,45.74204946996466,16.15,7.97,10,15,upper,Y,PISO_3,_,True
LT1:204:15,45.89222614840989,16.15,7.97,45.89222614840989,16.15,7.97,10,15,upper,Y,PISO_3,_,True
LT1:204:15,46.042402826855124,16.15,7.97,46.042402826855124,16.15,7.97,10,15,upper,Y,PISO_3,_,True
LT1:204:15,46.19257950530035,16.15,7.97,46.19257950530035,16.15,7.97,10,15,upper,Y,PISO_3,_,True
LT1:204:15,46.342756183745585,16.15,7.97,46.342756183745585,16.15,7.97,10,15,upper,Y,PISO_3,_,True
LT1:204:15,46.49293286219081,16.15,7.97,46.49293286219081,16.15,7.97,10,15,upper,Y,PISO_3,_,True
LT1:204:15,46.64310954063604,16.15,7.97,46.64310954063604,16.15,7.97,10,15,upper,Y,PISO_3,_,True
LT1:204:15,46.793286219081274,16.15,7.97,46.793286219081274,16.15,7.97,10,15,upper,Y,PISO_3,_,True
LT1:204:15,46.9434628975265,16.15,7.97,46.9434628975265,16.15,7.97,10,15,upper,Y,PISO_3,_,True
LT1:204:15,47.093639575971736,16.15,7.97,47.093639575971736,16.15,7.97,10,15,upper,Y,PISO_3,_,True
LT1:204:15,47.24381625441696,16.15,7.97,47.24381625441696,16.15,7.97,10,15,upper,Y,PISO_3,_,True
LT1:204:15,47.39399293286219,16.15,7.97,47.39399293286219,16.15,7.97,10,15,upper,Y,PISO_3,_,True
LT1:204:15,47.544169611307424,16.15,7.97,47.544169611307424,16.15,7.97,10,15,upper,Y,PISO_3,_,True
LT1:204:15,47.69434628975265,16.15,7.97,47.69434628975265,16.15,7.97,10,15,upper,Y,PISO_3,_,True
LT1:204:15,47.84452296819788,16.15,7.97,47.84452296819788,16.15,7.97,10,15,upper,Y,PISO_3,_,True
LT1:204:15,47.99469964664311,16.15,7.97,47.99469964664311,16.15,7.97,10,15,upper,Y,PISO_3,_,True
LT1:204:15,48.14487632508834,16.15,7.97,48.14487632508834,16.15,7.97,10,15,upper,Y,PISO_3,_,True
LT1:204:15,48.29505300353357,16.15,7.97,48.29505300353357,16.15,7.97,10,15,upper,Y,PISO_3,_,True
LT1:204:15,48.4452296819788,16.15,7.97,48.4452296819788,16.15,7.97,10,15,upper,Y,PISO_3,_,True
LT1:204:15,48.59540636042403,16.15,7.97,48.59540636042403,16.15,7.97,10,15,upper,Y,PISO_3,_,True
LT1:204:15,48.745583038869256,16.15,7.97,48.745583038869256,16.15,7.97,10,15,upper,Y,PISO_3,_,True
LT1:204:15,48.89575971731449,16.15,7.97,48.89575971731449,16.15,7.97,10,15,upper,Y,PISO_3,_,True
LT1:204:15,49.04593639575972,16.15,7.97,49.04593639575972,16.15,7.97,10,15,upper,Y,PISO_3,_,True
LT1:204:15,49.196113074204945,16.15,7.97,49.196113074204945,16.15,7.97,10,15,upper,Y,PISO_3,_,True
LT1:204:15,49.34628975265018,16.15,7.97,49.34628975265018,16.15,7.97,10,15,upper,Y,PISO_3,_,True
LT1:204:15,49.496466431095406,16.15,7.97,49.496466431095406,16.15,7.97,10,15,upper,Y,PISO_3,_,True
LT1:204:15,49.64664310954063,16.15,7.97,49.64664310954063,16.15,7.97,10,15,upper,Y,PISO_3,_,True
LT1:204:15,49.79681978798587,16.15,7.97,49.79681978798587,16.15,7.97,10,15,upper,Y,PISO_3,_,True
LT1:204:15,49.946996466431095,16.15,7.97,49.946996466431095,16.15,7.97,10,15,upper,Y,PISO_3,_,True
LT1:204:15,50.09717314487632,16.15,7.97,50.09717314487632,16.15,7.97,10,15,upper,Y,PISO_3,_,True
LT1:204:15,50.24734982332156,16.15,7.97,50.24734982332156,16.15,7.97,10,15,upper,Y,PISO_3,_,True
LT1:204:15,50.397526501766784,16.15,7.97,50.397526501766784,16.15,7.97,10,15,upper,Y,PISO_3,_,True
LT1:204:15,50.54770318021201,16.15,7.97,50.54770318021201,16.15,7.97,10,15,upper,Y,PISO_3,_,True
LT1:204:15,50.697879858657245,16.15,7.97,50.697879858657245,16.15,7.97,10,15,upper,Y,PISO_3,_,True
LT1:204:15,50.84805653710247,16.15,7.97,50.84805653710247,16.15,7.97,10,15,upper,Y,PISO_3,_,True
LT1:204:15,50.9982332155477,16.15,7.97,50.9982332155477,16.15,7.97,10,15,upper,Y,PISO_3,_,True
LT1:204:15,51.148409893992934,16.15,7.97,51.148409893992934,16.15,7.97,10,15,upper,Y,PISO_3,_,True
LT1:204:15,51.29858657243816,16.15,7.97,51.29858657243816,16.15,7.97,10,15,upper,Y,PISO_3,_,True
LT1:204:15,51.44876325088339,16.15,7.97,51.44876325088339,16.15,7.97,10,15,upper,Y,PISO_3,_,True
LT1:204:15,51.59893992932862,16.15,7.97,51.59893992932862,16.15,7.97,10,15,upper,Y,PISO_3,_,True
LT1:204:15,51.74911660777386,16.15,7.97,51.74911660777386,16.15,7.97,10,15,upper,Y,PISO_3,_,True
LT1:204:15,51.89929328621908,16.15,7.97,51.89929328621908,16.15,7.97,10,15,upper,Y,PISO_3,_,True
LT1:204:15,52.04946996466431,16.15,7.97,52.04946996466431,16.15,7.97,10,15,upper,Y,PISO_3,_,True
LT1:204:15,52.199646643109546,16.15,7.97,52.199646643109546,16.15,7.97,10,15,upper,Y,PISO_3,_,True
LT1:204:15,52.349823321554766,16.15,7.97,52.349823321554766,16.15,7.97,10,15,upper,Y,PISO_3,_,True
LT1:204:15,52.5,16.15,7.97,52.5,16.15,7.97,10,15,upper,Y,PISO_3,_,True
LT1:204:15,52.650176678445234,16.15,7.97,52.650176678445234,16.15,7.97,10,15,upper,Y,PISO_3,_,True
LT1:204:15,52.800353356890454,16.15,7.97,52.800353356890454,16.15,7.97,10,15,upper,Y,PISO_3,_,True
LT1:204:15,52.95053003533569,16.15,7.97,52.95053003533569,16.15,7.97,10,15,upper,Y,PISO_3,_,True
LT1:204:15,53.10070671378092,16.15,7.97,53.10070671378092,16.15,7.97,10,15,upper,Y,PISO_3,_,True
LT1:204:15,53.25088339222614,16.15,7.97,53.25088339222614,16.15,7.97,10,15,upper,Y,PISO_3,_,True
LT1:204:15,53.40106007067138,16.15,7.97,53.40106007067138,16.15,7.97,10,15,upper,Y,PISO_3,_,True
LT1:204:15,53.55123674911661,16.15,7.97,53.55123674911661,16.15,7.97,10,15,upper,Y,PISO_3,_,True
LT1:204:15,53.70141342756184,16.15,7.97,53.70141342756184,16.15,7.97,10,15,upper,Y,PISO_3,_,True
LT1:204:15,53.851590106007066,16.15,7.97,53.851590106007066,16.15,7.97,10,15,upper,Y,PISO_3,_,True
LT1:204:15,54.0017667844523,16.15,7.97,54.0017667844523,16.15,7.97,10,15,upper,Y,PISO_3,_,True
LT1:204:15,54.15194346289753,16.15,7.97,54.15194346289753,16.15,7.97,10,15,upper,Y,PISO_3,_,True
LT1:204:15,54.302120141342755,16.15,7.97,54.302120141342755,16.15,7.97,10,15,upper,Y,PISO_3,_,True
LT1:204:15,54.45229681978799,16.15,7.97,54.45229681978799,16.15,7.97,10,15,upper,Y,PISO_3,_,True
LT1:204:15,54.602473498233216,16.15,7.97,54.602473498233216,16.15,7.97,10,15,upper,Y,PISO_3,_,True
LT1:204:15,54.75265017667844,16.15,7.97,54.75265017667844,16.15,7.97,10,15,upper,Y,PISO_3,_,True
LT1:204:15,54.90282685512368,16.15,7.97,54.90282685512368,16.15,7.97,10,15,upper,Y,PISO_3,_,True
LT1:204:15,55.053003533568905,16.15,7.97,55.053003533568905,16.15,7.97,10,15,upper,Y,PISO_3,_,True
LT1:204:15,55.20318021201413,16.15,7.97,55.20318021201413,16.15,7.97,10,15,upper,Y,PISO_3,_,True
LT1:204:15,55.35335689045937,16.15,7.97,55.35335689045937,16.15,7.97,10,15,upper,Y,PISO_3,_,True
LT1:204:15,55.503533568904594,16.15,7.97,55.503533568904594,16.15,7.97,10,15,upper,Y,PISO_3,_,True
LT1:204:15,55.65371024734982,16.15,7.97,55.65371024734982,16.15,7.97,10,15,upper,Y,PISO_3,_,True
LT1:204:15,55.803886925795055,16.15,7.97,55.803886925795055,16.15,7.97,10,15,upper,Y,PISO_3,_,True
LT1:204:15,55.95406360424028,16.15,7.97,55.95406360424028,16.15,7.97,10,15,upper,Y,PISO_3,_,True
LT1:204:15,56.10424028268551,16.15,7.97,56.10424028268551,16.15,7.97,10,15,upper,Y,PISO_3,_,True
LT1:204:15,56.254416961130744,16.15,7.97,56.254416961130744,16.15,7.97,10,15,upper,Y,PISO_3,_,True
LT1:204:15,56.40459363957597,16.15,7.97,56.40459363957597,16.15,7.97,10,15,upper,Y,PISO_3,_,True
LT1:204:15,56.5547703180212,16.15,7.97,56.5547703180212,16.15,7.97,10,15,upper,Y,PISO_3,_,True
LT1:204:15,56.70494699646643,16.15,7.97,56.70494699646643,16.15,7.97,10,15,upper,Y,PISO_3,_,True
LT1:204:15,56.85512367491166,16.15,7.97,56.85512367491166,16.15,7.97,10,15,upper,Y,PISO_3,_,True
LT1:204:15,57.00530035335689,16.15,7.97,57.00530035335689,16.15,7.97,10,15,upper,Y,PISO_3,_,True
LT1:204:15,57.15547703180212,16.15,7.97,57.15547703180212,16.15,7.97,10,15,upper,Y,PISO_3,_,True
LT1:204:15,57.30565371024735,16.15,7.97,57.30565371024735,16.15,7.97,10,15,upper,Y,PISO_3,_,True
LT1:204:15,57.455830388692576,16.15,7.97,57.455830388692576,16.15,7.97,10,15,upper,Y,PISO_3,_,True
LT1:204:15,57.60600706713781,16.15,7.97,57.60600706713781,16.15,7.97,10,15,upper,Y,PISO_3,_,True
LT1:204:15,57.75618374558304,16.15,7.97,57.75618374558304,16.15,7.97,10,15,upper,Y,PISO_3,_,True
LT1:204:15,57.906360424028264,16.15,7.97,57.906360424028264,16.15,7.97,10,15,upper,Y,PISO_3,_,True
LT1:204:15,58.0565371024735,16.15,7.97,58.0565371024735,16.15,7.97,10,15,upper,Y,PISO_3,_,True
LT1:204:15,58.20671378091873,16.15,7.97,58.20671378091873,16.15,7.97,10,15,upper,Y,PISO_3,_,True
LT1:204:15,58.35689045936395,16.15,7.97,58.35689045936395,16.15,7.97,10,15,upper,Y,PISO_3,_,True
LT1:204:15,58.50706713780919,16.15,7.97,58.50706713780919,16.15,7.97,10,15,upper,Y,PISO_3,_,True
LT1:204:15,58.65724381625442,16.15,7.97,58.65724381625442,16.15,7.97,10,15,upper,Y,PISO_3,_,True
LT1:204:15,58.80742049469964,16.15,7.97,58.80742049469964,16.15,7.97,10,15,upper,Y,PISO_3,_,True
LT1:204:15,58.957597173144876,16.15,7.97,58.957597173144876,16.15,7.97,10,15,upper,Y,PISO_3,_,True
LT1:204:15,59.10777385159011,16.15,7.97,59.10777385159011,16.15,7.97,10,15,upper,Y,PISO_3,_,True
LT1:204:15,59.25795053003533,16.15,7.97,59.25795053003533,16.15,7.97,10,15,upper,Y,PISO_3,_,True
LT1:204:15,59.408127208480565,16.15,7.97,59.408127208480565,16.15,7.97,10,15,upper,Y,PISO_3,_,True
LT1:204:15,59.5583038869258,16.15,7.97,59.5583038869258,16.15,7.97,10,15,upper,Y,PISO_3,_,True
LT1:204:15,59.708480565371026,16.15,7.97,59.708480565371026,16.15,7.97,10,15,upper,Y,PISO_3,_,True
LT1:204:15,59.85865724381625,16.15,7.97,59.85865724381625,16.15,7.97,10,15,upper,Y,PISO_3,_,True
LT1:204:15,60.00883392226149,16.15,7.97,60.00883392226149,16.15,7.97,10,15,upper,Y,PISO_3,_,True
LT1:204:15,60.159010600706715,16.15,7.97,60.159010600706715,16.15,7.97,10,15,upper,Y,PISO_3,_,True
LT1:204:15,60.30918727915194,16.15,7.97,60.30918727915194,16.15,7.97,10,15,upper,Y,PISO_3,_,True
LT1:204:15,60.459363957597176,16.15,7.97,60.459363957597176,16.15,7.97,10,15,upper,Y,PISO_3,_,True
LT1:204:15,60.609540636042404,16.15,7.97,60.609540636042404,16.15,7.97,10,15,upper,Y,PISO_3,_,True
LT1:204:15,60.75971731448763,16.15,7.97,60.75971731448763,16.15,7.97,10,15,upper,Y,PISO_3,_,True
LT1:204:15,60.909893992932865,16.15,7.97,60.909893992932865,16.15,7.97,10,15,upper,Y,PISO_3,_,True
LT1:204:15,61.06007067137809,16.15,7.97,61.06007067137809,16.15,7.97,10,15,upper,Y,PISO_3,_,True
LT1:204:15,61.21024734982332,16.15,7.97,61.21024734982332,16.15,7.97,10,15,upper,Y,PISO_3,_,True
LT1:204:15,61.360424028268554,16.15,7.97,61.360424028268554,16.15,7.97,10,15,upper,Y,PISO_3,_,True
LT1:204:15,61.51060070671378,16.15,7.97,61.51060070671378,16.15,7.97,10,15,upper,Y,PISO_3,_,True
LT1:204:15,61.66077738515901,16.15,7.97,61.66077738515901,16.15,7.97,10,15,upper,Y,PISO_3,_,True
LT1:204:15,61.81095406360424,16.15,7.97,61.81095406360424,16.15,7.97,10,15,upper,Y,PISO_3,_,True
LT1:204:15,61.96113074204947,16.15,7.97,61.96113074204947,16.15,7.97,10,15,upper,Y,PISO_3,_,True
LT1:204:15,62.1113074204947,16.15,7.97,62.1113074204947,16.15,7.97,10,15,upper,Y,PISO_3,_,True
LT1:204:15,62.26148409893993,16.15,7.97,62.26148409893993,16.15,7.97,10,15,upper,Y,PISO_3,_,True
LT1:204:15,62.41166077738516,16.15,7.97,62.41166077738516,16.15,7.97,10,15,upper,Y,PISO_3,_,True
LT1:204:15,62.561837455830386,16.15,7.97,62.561837455830386,16.15,7.97,10,15,upper,Y,PISO_3,_,True
LT1:204:15,62.71201413427562,16.15,7.97,62.71201413427562,16.15,7.97,10,15,upper,Y,PISO_3,_,True
LT1:204:15,62.86219081272085,16.15,7.97,62.86219081272085,16.15,7.97,10,15,upper,Y,PISO_3,_,True
LT1:204:15,63.012367491166074,16.15,7.97,63.012367491166074,16.15,7.97,10,15,upper,Y,PISO_3,_,True
LT1:204:15,63.16254416961131,16.15,7.97,63.16254416961131,16.15,7.97,10,15,upper,Y,PISO_3,_,True
LT1:204:15,63.312720848056536,16.15,7.97,63.312720848056536,16.15,7.97,10,15,upper,Y,PISO_3,_,True
LT1:204:15,63.46289752650177,16.15,7.97,63.46289752650177,16.15,7.97,10,15,upper,Y,PISO_3,_,True
LT1:204:15,63.613074204947,16.15,7.97,63.613074204947,16.15,7.97,10,15,upper,Y,PISO_3,_,True
LT1:204:15,63.763250883392224,16.15,7.97,63.763250883392224,16.15,7.97,10,15,upper,Y,PISO_3,_,True
LT1:204:15,63.91342756183746,16.15,7.97,63.91342756183746,16.15,7.97,10,15,upper,Y,PISO_3,_,True
LT1:204:15,64.06360424028269,16.15,7.97,64.06360424028269,16.15,7.97,10,15,upper,Y,PISO_3,_,True
LT1:204:15,64.2137809187279,16.15,7.97,64.2137809187279,16.15,7.97,10,15,upper,Y,PISO_3,_,True
LT1:204:15,64.36395759717314,16.15,7.97,64.36395759717314,16.15,7.97,10,15,upper,Y,PISO_3,_,True
LT1:204:15,64.51413427561837,16.15,7.97,64.51413427561837,16.15,7.97,10,15,upper,Y,PISO_3,_,True
LT1:204:15,64.66431095406361,16.15,7.97,64.66431095406361,16.15,7.97,10,15,upper,Y,PISO_3,_,True
LT1:204:15,64.81448763250884,16.15,7.97,64.81448763250884,16.15,7.97,10,15,upper,Y,PISO_3,_,True
LT1:204:15,64.96466431095406,16.15,7.97,64.96466431095406,16.15,7.97,10,15,upper,Y,PISO_3,_,True
LT1:204:15,65.11484098939928,16.15,7.97,65.11484098939928,16.15,7.97,10,15,upper,Y,PISO_3,_,True
LT1:204:15,65.26501766784452,16.15,7.97,65.26501766784452,16.15,7.97,10,15,upper,Y,PISO_3,_,True
LT1:204:15,65.41519434628975,16.15,7.97,65.41519434628975,16.15,7.97,10,15,upper,Y,PISO_3,_,True
LT1:204:15,65.56537102473499,16.15,7.97,65.56537102473499,16.15,7.97,10,15,upper,Y,PISO_3,_,True
LT1:204:15,65.71554770318022,16.15,7.97,65.71554770318022,16.15,7.97,10,15,upper,Y,PISO_3,_,True
LT1:204:15,65.86572438162544,16.15,7.97,65.86572438162544,16.15,7.97,10,15,upper,Y,PISO_3,_,True
LT1:204:15,66.01590106007066,16.15,7.97,66.01590106007066,16.15,7.97,10,15,upper,Y,PISO_3,_,True
LT1:204:15,66.1660777385159,16.15,7.97,66.1660777385159,16.15,7.97,10,15,upper,Y,PISO_3,_,True
LT1:204:15,66.31625441696113,16.15,7.97,66.31625441696113,16.15,7.97,10,15,upper,Y,PISO_3,_,True
LT1:204:15,66.46643109540636,16.15,7.97,66.46643109540636,16.15,7.97,10,15,upper,Y,PISO_3,_,True
LT1:204:15,66.6166077738516,16.15,7.97,66.6166077738516,16.15,7.97,10,15,upper,Y,PISO_3,_,True
LT1:204:15,66.76678445229682,16.15,7.97,66.76678445229682,16.15,7.97,10,15,upper,Y,PISO_3,_,True
LT1:204:15,66.91696113074205,16.15,7.97,66.91696113074205,16.15,7.97,10,15,upper,Y,PISO_3,_,True
LT1:204:15,67.06713780918727,16.15,7.97,67.06713780918727,16.15,7.97,10,15,upper,Y,PISO_3,_,True
LT1:204:15,67.2173144876325,16.15,7.97,67.2173144876325,16.15,7.97,10,15,upper,Y,PISO_3,_,True
LT1:204:15,67.36749116607774,16.15,7.97,67.36749116607774,16.15,7.97,10,15,upper,Y,PISO_3,_,True
LT1:204:15,67.51766784452298,16.15,7.97,67.51766784452298,16.15,7.97,10,15,upper,Y,PISO_3,_,True
LT1:204:15,67.6678445229682,16.15,7.97,67.6678445229682,16.15,7.97,10,15,upper,Y,PISO_3,_,True
LT1:204:15,67.81802120141343,16.15,7.97,67.81802120141343,16.15,7.97,10,15,upper,Y,PISO_3,_,True
LT1:204:15,67.96819787985865,16.15,7.97,67.96819787985865,16.15,7.97,10,15,upper,Y,PISO_3,_,True
LT1:204:15,68.11837455830388,16.15,7.97,68.11837455830388,16.15,7.97,10,15,upper,Y,PISO_3,_,True
LT1:204:15,68.26855123674912,16.15,7.97,68.26855123674912,16.15,7.97,10,15,upper,Y,PISO_3,_,True
LT1:204:15,68.41872791519435,16.15,7.97,68.41872791519435,16.15,7.97,10,15,upper,Y,PISO_3,_,True
LT1:204:15,68.56890459363957,16.15,7.97,68.56890459363957,16.15,7.97,10,15,upper,Y,PISO_3,_,True
LT1:204:15,68.71908127208481,16.15,7.97,68.71908127208481,16.15,7.97,10,15,upper,Y,PISO_3,_,True
LT1:204:15,68.86925795053003,16.15,7.97,68.86925795053003,16.15,7.97,10,15,upper,Y,PISO_3,_,True
LT1:204:15,69.01943462897526,16.15,7.97,69.01943462897526,16.15,7.97,10,15,upper,Y,PISO_3,_,True
LT1:204:15,69.1696113074205,16.15,7.97,69.1696113074205,16.15,7.97,10,15,upper,Y,PISO_3,_,True
LT1:204:15,69.31978798586573,16.15,7.97,69.31978798586573,16.15,7.97,10,15,upper,Y,PISO_3,_,True
LT1:204:15,69.46996466431096,16.15,7.97,69.46996466431096,16.15,7.97,10,15,upper,Y,PISO_3,_,True
LT1:204:15,69.62014134275618,16.15,7.97,69.62014134275618,16.15,7.97,10,15,upper,Y,PISO_3,_,True
LT1:204:15,69.7703180212014,16.15,7.97,69.7703180212014,16.15,7.97,10,15,upper,Y,PISO_3,_,True
LT1:204:15,69.92049469964664,16.15,7.97,69.92049469964664,16.15,7.97,10,15,upper,Y,PISO_3,_,True
LT1:204:15,70.07067137809187,16.15,7.97,70.07067137809187,16.15,7.97,10,15,upper,Y,PISO_3,_,True
LT1:204:15,70.22084805653711,16.15,7.97,70.22084805653711,16.15,7.97,10,15,upper,Y,PISO_3,_,True
LT1:204:15,70.37102473498234,16.15,7.97,70.37102473498234,16.15,7.97,10,15,upper,Y,PISO_3,_,True
LT1:204:15,70.52120141342756,16.15,7.97,70.52120141342756,16.15,7.97,10,15,upper,Y,PISO_3,_,True
LT1:204:15,70.67137809187278,16.15,7.97,70.67137809187278,16.15,7.97,10,15,upper,Y,PISO_3,_,True
LT1:204:15,70.82155477031802,16.15,7.97,70.82155477031802,16.15,7.97,10,15,upper,Y,PISO_3,_,True
LT1:204:15,70.97173144876325,16.15,7.97,70.97173144876325,16.15,7.97,10,15,upper,Y,PISO_3,_,True
LT1:204:15,71.12190812720848,16.15,7.97,71.12190812720848,16.15,7.97,10,15,upper,Y,PISO_3,_,True
LT1:204:15,71.27208480565372,16.15,7.97,71.27208480565372,16.15,7.97,10,15,upper,Y,PISO_3,_,True
LT1:204:15,71.42226148409894,16.15,7.97,71.42226148409894,16.15,7.97,10,15,upper,Y,PISO_3,_,True
LT1:204:15,71.57243816254416,16.15,7.97,71.57243816254416,16.15,7.97,10,15,upper,Y,PISO_3,_,True
LT1:204:15,71.7226148409894,16.15,7.97,71.7226148409894,16.15,7.97,10,15,upper,Y,PISO_3,_,True
LT1:204:15,71.87279151943463,16.15,7.97,71.87279151943463,16.15,7.97,10,15,upper,Y,PISO_3,_,True
LT1:204:15,72.02296819787986,16.15,7.97,72.02296819787986,16.15,7.97,10,15,upper,Y,PISO_3,_,True
LT1:204:15,72.1731448763251,16.15,7.97,72.1731448763251,16.15,7.97,10,15,upper,Y,PISO_3,_,True
LT1:204:15,72.32332155477032,16.15,7.97,72.32332155477032,16.15,7.97,10,15,upper,Y,PISO_3,_,True
LT1:204:15,72.47349823321555,16.15,7.97,72.47349823321555,16.15,7.97,10,15,upper,Y,PISO_3,_,True
LT1:204:15,72.62367491166077,16.15,7.97,72.62367491166077,16.15,7.97,10,15,upper,Y,PISO_3,_,True
LT1:204:15,72.773851590106,16.15,7.97,72.773851590106,16.15,7.97,10,15,upper,Y,PISO_3,_,True
LT1:204:15,72.92402826855124,16.15,7.97,72.92402826855124,16.15,7.97,10,15,upper,Y,PISO_3,_,True
LT1:204:15,73.07420494699647,16.15,7.97,73.07420494699647,16.15,7.97,10,15,upper,Y,PISO_3,_,True
LT1:204:15,73.2243816254417,16.15,7.97,73.2243816254417,16.15,7.97,10,15,upper,Y,PISO_3,_,True
LT1:204:15,73.37455830388693,16.15,7.97,73.37455830388693,16.15,7.97,10,15,upper,Y,PISO_3,_,True
LT1:204:15,73.52473498233215,16.15,7.97,73.52473498233215,16.15,7.97,10,15,upper,Y,PISO_3,_,True
LT1:204:15,73.67491166077738,16.15,7.97,73.67491166077738,16.15,7.97,10,15,upper,Y,PISO_3,_,True
LT1:204:16,31.25,0.0,7.97,73.75,0.0,7.97,8,12,upper,X,PISO_3,_,True
LT1:204:16,31.31002824858757,-0.0,7.97,31.31002824858757,-0.0,7.97,8,12,upper,Y,PISO_3,_,True
LT1:204:16,31.430084745762713,-0.0,7.97,31.430084745762713,-0.0,7.97,8,12,upper,Y,PISO_3,_,True
LT1:204:16,31.550141242937855,-0.0,7.97,31.550141242937855,-0.0,7.97,8,12,upper,Y,PISO_3,_,True
LT1:204:16,31.670197740112993,-0.0,7.97,31.670197740112993,-0.0,7.97,8,12,upper,Y,PISO_3,_,True
LT1:204:16,31.790254237288135,-0.0,7.97,31.790254237288135,-0.0,7.97,8,12,upper,Y,PISO_3,_,True
LT1:204:16,31.910310734463277,-0.0,7.97,31.910310734463277,-0.0,7.97,8,12,upper,Y,PISO_3,_,True
LT1:204:16,32.030367231638415,-0.0,7.97,32.030367231638415,-0.0,7.97,8,12,upper,Y,PISO_3,_,True
LT1:204:16,32.15042372881356,-0.0,7.97,32.15042372881356,-0.0,7.97,8,12,upper,Y,PISO_3,_,True
LT1:204:16,32.2704802259887,-0.0,7.97,32.2704802259887,-0.0,7.97,8,12,upper,Y,PISO_3,_,True
LT1:204:16,32.39053672316384,-0.0,7.97,32.39053672316384,-0.0,7.97,8,12,upper,Y,PISO_3,_,True
LT1:204:16,32.51059322033898,-0.0,7.97,32.51059322033898,-0.0,7.97,8,12,upper,Y,PISO_3,_,True
LT1:204:16,32.630649717514125,-0.0,7.97,32.630649717514125,-0.0,7.97,8,12,upper,Y,PISO_3,_,True
LT1:204:16,32.75070621468927,-0.0,7.97,32.75070621468927,-0.0,7.97,8,12,upper,Y,PISO_3,_,True
LT1:204:16,32.87076271186441,-0.0,7.97,32.87076271186441,-0.0,7.97,8,12,upper,Y,PISO_3,_,True
LT1:204:16,32.99081920903955,-0.0,7.97,32.99081920903955,-0.0,7.97,8,12,upper,Y,PISO_3,_,True
LT1:204:16,33.11087570621469,-0.0,7.97,33.11087570621469,-0.0,7.97,8,12,upper,Y,PISO_3,_,True
LT1:204:16,33.23093220338983,-0.0,7.97,33.23093220338983,-0.0,7.97,8,12,upper,Y,PISO_3,_,True
LT1:204:16,33.35098870056497,-0.0,7.97,33.35098870056497,-0.0,7.97,8,12,upper,Y,PISO_3,_,True
LT1:204:16,33.47104519774011,-0.0,7.97,33.47104519774011,-0.0,7.97,8,12,upper,Y,PISO_3,_,True
LT1:204:16,33.59110169491525,-0.0,7.97,33.59110169491525,-0.0,7.97,8,12,upper,Y,PISO_3,_,True
LT1:204:16,33.711158192090394,-0.0,7.97,33.711158192090394,-0.0,7.97,8,12,upper,Y,PISO_3,_,True
LT1:204:16,33.831214689265536,-0.0,7.97,33.831214689265536,-0.0,7.97,8,12,upper,Y,PISO_3,_,True
LT1:204:16,33.95127118644068,-0.0,7.97,33.95127118644068,-0.0,7.97,8,12,upper,Y,PISO_3,_,True
LT1:204:16,34.07132768361582,-0.0,7.97,34.07132768361582,-0.0,7.97,8,12,upper,Y,PISO_3,_,True
LT1:204:16,34.19138418079096,-0.0,7.97,34.19138418079096,-0.0,7.97,8,12,upper,Y,PISO_3,_,True
LT1:204:16,34.311440677966104,-0.0,7.97,34.311440677966104,-0.0,7.97,8,12,upper,Y,PISO_3,_,True
LT1:204:16,34.431497175141246,-0.0,7.97,34.431497175141246,-0.0,7.97,8,12,upper,Y,PISO_3,_,True
LT1:204:16,34.55155367231639,-0.0,7.97,34.55155367231639,-0.0,7.97,8,12,upper,Y,PISO_3,_,True
LT1:204:16,34.67161016949152,-0.0,7.97,34.67161016949152,-0.0,7.97,8,12,upper,Y,PISO_3,_,True
LT1:204:16,34.791666666666664,-0.0,7.97,34.791666666666664,-0.0,7.97,8,12,upper,Y,PISO_3,_,True
LT1:204:16,34.911723163841806,-0.0,7.97,34.911723163841806,-0.0,7.97,8,12,upper,Y,PISO_3,_,True
LT1:204:16,35.03177966101695,-0.0,7.97,35.03177966101695,-0.0,7.97,8,12,upper,Y,PISO_3,_,True
LT1:204:16,35.15183615819209,-0.0,7.97,35.15183615819209,-0.0,7.97,8,12,upper,Y,PISO_3,_,True
LT1:204:16,35.27189265536723,-0.0,7.97,35.27189265536723,-0.0,7.97,8,12,upper,Y,PISO_3,_,True
LT1:204:16,35.391949152542374,-0.0,7.97,35.391949152542374,-0.0,7.97,8,12,upper,Y,PISO_3,_,True
LT1:204:16,35.512005649717516,-0.0,7.97,35.512005649717516,-0.0,7.97,8,12,upper,Y,PISO_3,_,True
LT1:204:16,35.63206214689266,-0.0,7.97,35.63206214689266,-0.0,7.97,8,12,upper,Y,PISO_3,_,True
LT1:204:16,35.7521186440678,-0.0,7.97,35.7521186440678,-0.0,7.97,8,12,upper,Y,PISO_3,_,True
LT1:204:16,35.872175141242934,-0.0,7.97,35.872175141242934,-0.0,7.97,8,12,upper,Y,PISO_3,_,True
LT1:204:16,35.992231638418076,-0.0,7.97,35.992231638418076,-0.0,7.97,8,12,upper,Y,PISO_3,_,True
LT1:204:16,36.11228813559322,-0.0,7.97,36.11228813559322,-0.0,7.97,8,12,upper,Y,PISO_3,_,True
LT1:204:16,36.23234463276836,-0.0,7.97,36.23234463276836,-0.0,7.97,8,12,upper,Y,PISO_3,_,True
LT1:204:16,36.3524011299435,-0.0,7.97,36.3524011299435,-0.0,7.97,8,12,upper,Y,PISO_3,_,True
LT1:204:16,36.472457627118644,-0.0,7.97,36.472457627118644,-0.0,7.97,8,12,upper,Y,PISO_3,_,True
LT1:204:16,36.592514124293785,-0.0,7.97,36.592514124293785,-0.0,7.97,8,12,upper,Y,PISO_3,_,True
LT1:204:16,36.71257062146893,-0.0,7.97,36.71257062146893,-0.0,7.97,8,12,upper,Y,PISO_3,_,True
LT1:204:16,36.83262711864407,-0.0,7.97,36.83262711864407,-0.0,7.97,8,12,upper,Y,PISO_3,_,True
LT1:204:16,36.95268361581921,-0.0,7.97,36.95268361581921,-0.0,7.97,8,12,upper,Y,PISO_3,_,True
LT1:204:16,37.07274011299435,-0.0,7.97,37.07274011299435,-0.0,7.97,8,12,upper,Y,PISO_3,_,True
LT1:204:16,37.192796610169495,-0.0,7.97,37.192796610169495,-0.0,7.97,8,12,upper,Y,PISO_3,_,True
LT1:204:16,37.31285310734463,-0.0,7.97,37.31285310734463,-0.0,7.97,8,12,upper,Y,PISO_3,_,True
LT1:204:16,37.43290960451977,-0.0,7.97,37.43290960451977,-0.0,7.97,8,12,upper,Y,PISO_3,_,True
LT1:204:16,37.55296610169491,-0.0,7.97,37.55296610169491,-0.0,7.97,8,12,upper,Y,PISO_3,_,True
LT1:204:16,37.673022598870055,-0.0,7.97,37.673022598870055,-0.0,7.97,8,12,upper,Y,PISO_3,_,True
LT1:204:16,37.7930790960452,-0.0,7.97,37.7930790960452,-0.0,7.97,8,12,upper,Y,PISO_3,_,True
LT1:204:16,37.91313559322034,-0.0,7.97,37.91313559322034,-0.0,7.97,8,12,upper,Y,PISO_3,_,True
LT1:204:16,38.03319209039548,-0.0,7.97,38.03319209039548,-0.0,7.97,8,12,upper,Y,PISO_3,_,True
LT1:204:16,38.15324858757062,-0.0,7.97,38.15324858757062,-0.0,7.97,8,12,upper,Y,PISO_3,_,True
LT1:204:16,38.273305084745765,-0.0,7.97,38.273305084745765,-0.0,7.97,8,12,upper,Y,PISO_3,_,True
LT1:204:16,38.39336158192091,-0.0,7.97,38.39336158192091,-0.0,7.97,8,12,upper,Y,PISO_3,_,True
LT1:204:16,38.51341807909604,-0.0,7.97,38.51341807909604,-0.0,7.97,8,12,upper,Y,PISO_3,_,True
LT1:204:16,38.63347457627118,-0.0,7.97,38.63347457627118,-0.0,7.97,8,12,upper,Y,PISO_3,_,True
LT1:204:16,38.753531073446325,-0.0,7.97,38.753531073446325,-0.0,7.97,8,12,upper,Y,PISO_3,_,True
LT1:204:16,38.87358757062147,-0.0,7.97,38.87358757062147,-0.0,7.97,8,12,upper,Y,PISO_3,_,True
LT1:204:16,38.99364406779661,-0.0,7.97,38.99364406779661,-0.0,7.97,8,12,upper,Y,PISO_3,_,True
LT1:204:16,39.11370056497175,-0.0,7.97,39.11370056497175,-0.0,7.97,8,12,upper,Y,PISO_3,_,True
LT1:204:16,39.23375706214689,-0.0,7.97,39.23375706214689,-0.0,7.97,8,12,upper,Y,PISO_3,_,True
LT1:204:16,39.353813559322035,-0.0,7.97,39.353813559322035,-0.0,7.97,8,12,upper,Y,PISO_3,_,True
LT1:204:16,39.47387005649718,-0.0,7.97,39.47387005649718,-0.0,7.97,8,12,upper,Y,PISO_3,_,True
LT1:204:16,39.59392655367232,-0.0,7.97,39.59392655367232,-0.0,7.97,8,12,upper,Y,PISO_3,_,True
LT1:204:16,39.71398305084746,-0.0,7.97,39.71398305084746,-0.0,7.97,8,12,upper,Y,PISO_3,_,True
LT1:204:16,39.8340395480226,-0.0,7.97,39.8340395480226,-0.0,7.97,8,12,upper,Y,PISO_3,_,True
LT1:204:16,39.954096045197744,-0.0,7.97,39.954096045197744,-0.0,7.97,8,12,upper,Y,PISO_3,_,True
LT1:204:16,40.07415254237288,-0.0,7.97,40.07415254237288,-0.0,7.97,8,12,upper,Y,PISO_3,_,True
LT1:204:16,40.19420903954802,-0.0,7.97,40.19420903954802,-0.0,7.97,8,12,upper,Y,PISO_3,_,True
LT1:204:16,40.31426553672316,-0.0,7.97,40.31426553672316,-0.0,7.97,8,12,upper,Y,PISO_3,_,True
LT1:204:16,40.434322033898304,-0.0,7.97,40.434322033898304,-0.0,7.97,8,12,upper,Y,PISO_3,_,True
LT1:204:16,40.554378531073446,-0.0,7.97,40.554378531073446,-0.0,7.97,8,12,upper,Y,PISO_3,_,True
LT1:204:16,40.67443502824859,-0.0,7.97,40.67443502824859,-0.0,7.97,8,12,upper,Y,PISO_3,_,True
LT1:204:16,40.79449152542373,-0.0,7.97,40.79449152542373,-0.0,7.97,8,12,upper,Y,PISO_3,_,True
LT1:204:16,40.91454802259887,-0.0,7.97,40.91454802259887,-0.0,7.97,8,12,upper,Y,PISO_3,_,True
LT1:204:16,41.034604519774014,-0.0,7.97,41.034604519774014,-0.0,7.97,8,12,upper,Y,PISO_3,_,True
LT1:204:16,41.15466101694915,-0.0,7.97,41.15466101694915,-0.0,7.97,8,12,upper,Y,PISO_3,_,True
LT1:204:16,41.27471751412429,-0.0,7.97,41.27471751412429,-0.0,7.97,8,12,upper,Y,PISO_3,_,True
LT1:204:16,41.39477401129943,-0.0,7.97,41.39477401129943,-0.0,7.97,8,12,upper,Y,PISO_3,_,True
LT1:204:16,41.514830508474574,-0.0,7.97,41.514830508474574,-0.0,7.97,8,12,upper,Y,PISO_3,_,True
LT1:204:16,41.634887005649716,-0.0,7.97,41.634887005649716,-0.0,7.97,8,12,upper,Y,PISO_3,_,True
LT1:204:16,41.75494350282486,-0.0,7.97,41.75494350282486,-0.0,7.97,8,12,upper,Y,PISO_3,_,True
LT1:204:16,41.875,-0.0,7.97,41.875,-0.0,7.97,8,12,upper,Y,PISO_3,_,True
LT1:204:16,41.99505649717514,-0.0,7.97,41.99505649717514,-0.0,7.97,8,12,upper,Y,PISO_3,_,True
LT1:204:16,42.115112994350284,-0.0,7.97,42.115112994350284,-0.0,7.97,8,12,upper,Y,PISO_3,_,True
LT1:204:16,42.235169491525426,-0.0,7.97,42.235169491525426,-0.0,7.97,8,12,upper,Y,PISO_3,_,True
LT1:204:16,42.35522598870057,-0.0,7.97,42.35522598870057,-0.0,7.97,8,12,upper,Y,PISO_3,_,True
LT1:204:16,42.47528248587571,-0.0,7.97,42.47528248587571,-0.0,7.97,8,12,upper,Y,PISO_3,_,True
LT1:204:16,42.59533898305085,-0.0,7.97,42.59533898305085,-0.0,7.97,8,12,upper,Y,PISO_3,_,True
LT1:204:16,42.715395480225986,-0.0,7.97,42.715395480225986,-0.0,7.97,8,12,upper,Y,PISO_3,_,True
LT1:204:16,42.83545197740113,-0.0,7.97,42.83545197740113,-0.0,7.97,8,12,upper,Y,PISO_3,_,True
LT1:204:16,42.95550847457627,-0.0,7.97,42.95550847457627,-0.0,7.97,8,12,upper,Y,PISO_3,_,True
LT1:204:16,43.07556497175141,-0.0,7.97,43.07556497175141,-0.0,7.97,8,12,upper,Y,PISO_3,_,True
LT1:204:16,43.195621468926554,-0.0,7.97,43.195621468926554,-0.0,7.97,8,12,upper,Y,PISO_3,_,True
LT1:204:16,43.315677966101696,-0.0,7.97,43.315677966101696,-0.0,7.97,8,12,upper,Y,PISO_3,_,True
LT1:204:16,43.43573446327684,-0.0,7.97,43.43573446327684,-0.0,7.97,8,12,upper,Y,PISO_3,_,True
LT1:204:16,43.55579096045198,-0.0,7.97,43.55579096045198,-0.0,7.97,8,12,upper,Y,PISO_3,_,True
LT1:204:16,43.67584745762712,-0.0,7.97,43.67584745762712,-0.0,7.97,8,12,upper,Y,PISO_3,_,True
LT1:204:16,43.795903954802256,-0.0,7.97,43.795903954802256,-0.0,7.97,8,12,upper,Y,PISO_3,_,True
LT1:204:16,43.9159604519774,-0.0,7.97,43.9159604519774,-0.0,7.97,8,12,upper,Y,PISO_3,_,True
LT1:204:16,44.03601694915254,-0.0,7.97,44.03601694915254,-0.0,7.97,8,12,upper,Y,PISO_3,_,True
LT1:204:16,44.15607344632768,-0.0,7.97,44.15607344632768,-0.0,7.97,8,12,upper,Y,PISO_3,_,True
LT1:204:16,44.27612994350282,-0.0,7.97,44.27612994350282,-0.0,7.97,8,12,upper,Y,PISO_3,_,True
LT1:204:16,44.396186440677965,-0.0,7.97,44.396186440677965,-0.0,7.97,8,12,upper,Y,PISO_3,_,True
LT1:204:16,44.51624293785311,-0.0,7.97,44.51624293785311,-0.0,7.97,8,12,upper,Y,PISO_3,_,True
LT1:204:16,44.63629943502825,-0.0,7.97,44.63629943502825,-0.0,7.97,8,12,upper,Y,PISO_3,_,True
LT1:204:16,44.75635593220339,-0.0,7.97,44.75635593220339,-0.0,7.97,8,12,upper,Y,PISO_3,_,True
LT1:204:16,44.87641242937853,-0.0,7.97,44.87641242937853,-0.0,7.97,8,12,upper,Y,PISO_3,_,True
LT1:204:16,44.996468926553675,-0.0,7.97,44.996468926553675,-0.0,7.97,8,12,upper,Y,PISO_3,_,True
LT1:204:16,45.11652542372882,-0.0,7.97,45.11652542372882,-0.0,7.97,8,12,upper,Y,PISO_3,_,True
LT1:204:16,45.23658192090396,-0.0,7.97,45.23658192090396,-0.0,7.97,8,12,upper,Y,PISO_3,_,True
LT1:204:16,45.3566384180791,-0.0,7.97,45.3566384180791,-0.0,7.97,8,12,upper,Y,PISO_3,_,True
LT1:204:16,45.476694915254235,-0.0,7.97,45.476694915254235,-0.0,7.97,8,12,upper,Y,PISO_3,_,True
LT1:204:16,45.59675141242938,-0.0,7.97,45.59675141242938,-0.0,7.97,8,12,upper,Y,PISO_3,_,True
LT1:204:16,45.71680790960452,-0.0,7.97,45.71680790960452,-0.0,7.97,8,12,upper,Y,PISO_3,_,True
LT1:204:16,45.83686440677966,-0.0,7.97,45.83686440677966,-0.0,7.97,8,12,upper,Y,PISO_3,_,True
LT1:204:16,45.9569209039548,-0.0,7.97,45.9569209039548,-0.0,7.97,8,12,upper,Y,PISO_3,_,True
LT1:204:16,46.076977401129945,-0.0,7.97,46.076977401129945,-0.0,7.97,8,12,upper,Y,PISO_3,_,True
LT1:204:16,46.19703389830509,-0.0,7.97,46.19703389830509,-0.0,7.97,8,12,upper,Y,PISO_3,_,True
LT1:204:16,46.31709039548023,-0.0,7.97,46.31709039548023,-0.0,7.97,8,12,upper,Y,PISO_3,_,True
LT1:204:16,46.43714689265536,-0.0,7.97,46.43714689265536,-0.0,7.97,8,12,upper,Y,PISO_3,_,True
LT1:204:16,46.557203389830505,-0.0,7.97,46.557203389830505,-0.0,7.97,8,12,upper,Y,PISO_3,_,True
LT1:204:16,46.67725988700565,-0.0,7.97,46.67725988700565,-0.0,7.97,8,12,upper,Y,PISO_3,_,True
LT1:204:16,46.79731638418079,-0.0,7.97,46.79731638418079,-0.0,7.97,8,12,upper,Y,PISO_3,_,True
LT1:204:16,46.91737288135593,-0.0,7.97,46.91737288135593,-0.0,7.97,8,12,upper,Y,PISO_3,_,True
LT1:204:16,47.03742937853107,-0.0,7.97,47.03742937853107,-0.0,7.97,8,12,upper,Y,PISO_3,_,True
LT1:204:16,47.157485875706215,-0.0,7.97,47.157485875706215,-0.0,7.97,8,12,upper,Y,PISO_3,_,True
LT1:204:16,47.277542372881356,-0.0,7.97,47.277542372881356,-0.0,7.97,8,12,upper,Y,PISO_3,_,True
LT1:204:16,47.3975988700565,-0.0,7.97,47.3975988700565,-0.0,7.97,8,12,upper,Y,PISO_3,_,True
LT1:204:16,47.51765536723164,-0.0,7.97,47.51765536723164,-0.0,7.97,8,12,upper,Y,PISO_3,_,True
LT1:204:16,47.63771186440678,-0.0,7.97,47.63771186440678,-0.0,7.97,8,12,upper,Y,PISO_3,_,True
LT1:204:16,47.757768361581924,-0.0,7.97,47.757768361581924,-0.0,7.97,8,12,upper,Y,PISO_3,_,True
LT1:204:16,47.877824858757066,-0.0,7.97,47.877824858757066,-0.0,7.97,8,12,upper,Y,PISO_3,_,True
LT1:204:16,47.99788135593221,-0.0,7.97,47.99788135593221,-0.0,7.97,8,12,upper,Y,PISO_3,_,True
LT1:204:16,48.11793785310735,-0.0,7.97,48.11793785310735,-0.0,7.97,8,12,upper,Y,PISO_3,_,True
LT1:204:16,48.237994350282484,-0.0,7.97,48.237994350282484,-0.0,7.97,8,12,upper,Y,PISO_3,_,True
LT1:204:16,48.358050847457626,-0.0,7.97,48.358050847457626,-0.0,7.97,8,12,upper,Y,PISO_3,_,True
LT1:204:16,48.47810734463277,-0.0,7.97,48.47810734463277,-0.0,7.97,8,12,upper,Y,PISO_3,_,True
LT1:204:16,48.59816384180791,-0.0,7.97,48.59816384180791,-0.0,7.97,8,12,upper,Y,PISO_3,_,True
LT1:204:16,48.71822033898305,-0.0,7.97,48.71822033898305,-0.0,7.97,8,12,upper,Y,PISO_3,_,True
LT1:204:16,48.838276836158194,-0.0,7.97,48.838276836158194,-0.0,7.97,8,12,upper,Y,PISO_3,_,True
LT1:204:16,48.95833333333333,-0.0,7.97,48.95833333333333,-0.0,7.97,8,12,upper,Y,PISO_3,_,True
LT1:204:16,49.07838983050847,-0.0,7.97,49.07838983050847,-0.0,7.97,8,12,upper,Y,PISO_3,_,True
LT1:204:16,49.19844632768361,-0.0,7.97,49.19844632768361,-0.0,7.97,8,12,upper,Y,PISO_3,_,True
LT1:204:16,49.318502824858754,-0.0,7.97,49.318502824858754,-0.0,7.97,8,12,upper,Y,PISO_3,_,True
LT1:204:16,49.438559322033896,-0.0,7.97,49.438559322033896,-0.0,7.97,8,12,upper,Y,PISO_3,_,True
LT1:204:16,49.55861581920904,-0.0,7.97,49.55861581920904,-0.0,7.97,8,12,upper,Y,PISO_3,_,True
LT1:204:16,49.67867231638418,-0.0,7.97,49.67867231638418,-0.0,7.97,8,12,upper,Y,PISO_3,_,True
LT1:204:16,49.79872881355932,-0.0,7.97,49.79872881355932,-0.0,7.97,8,12,upper,Y,PISO_3,_,True
LT1:204:16,49.918785310734464,-0.0,7.97,49.918785310734464,-0.0,7.97,8,12,upper,Y,PISO_3,_,True
LT1:204:16,50.038841807909606,-0.0,7.97,50.038841807909606,-0.0,7.97,8,12,upper,Y,PISO_3,_,True
LT1:204:16,50.15889830508475,-0.0,7.97,50.15889830508475,-0.0,7.97,8,12,upper,Y,PISO_3,_,True
LT1:204:16,50.27895480225989,-0.0,7.97,50.27895480225989,-0.0,7.97,8,12,upper,Y,PISO_3,_,True
LT1:204:16,50.39901129943503,-0.0,7.97,50.39901129943503,-0.0,7.97,8,12,upper,Y,PISO_3,_,True
LT1:204:16,50.51906779661017,-0.0,7.97,50.51906779661017,-0.0,7.97,8,12,upper,Y,PISO_3,_,True
LT1:204:16,50.639124293785315,-0.0,7.97,50.639124293785315,-0.0,7.97,8,12,upper,Y,PISO_3,_,True
LT1:204:16,50.75918079096046,-0.0,7.97,50.75918079096046,-0.0,7.97,8,12,upper,Y,PISO_3,_,True
LT1:204:16,50.87923728813559,-0.0,7.97,50.87923728813559,-0.0,7.97,8,12,upper,Y,PISO_3,_,True
LT1:204:16,50.99929378531073,-0.0,7.97,50.99929378531073,-0.0,7.97,8,12,upper,Y,PISO_3,_,True
LT1:204:16,51.119350282485875,-0.0,7.97,51.119350282485875,-0.0,7.97,8,12,upper,Y,PISO_3,_,True
LT1:204:16,51.23940677966102,-0.0,7.97,51.23940677966102,-0.0,7.97,8,12,upper,Y,PISO_3,_,True
LT1:204:16,51.35946327683616,-0.0,7.97,51.35946327683616,-0.0,7.97,8,12,upper,Y,PISO_3,_,True
LT1:204:16,51.4795197740113,-0.0,7.97,51.4795197740113,-0.0,7.97,8,12,upper,Y,PISO_3,_,True
LT1:204:16,51.599576271186436,-0.0,7.97,51.599576271186436,-0.0,7.97,8,12,upper,Y,PISO_3,_,True
LT1:204:16,51.71963276836158,-0.0,7.97,51.71963276836158,-0.0,7.97,8,12,upper,Y,PISO_3,_,True
LT1:204:16,51.83968926553672,-0.0,7.97,51.83968926553672,-0.0,7.97,8,12,upper,Y,PISO_3,_,True
LT1:204:16,51.95974576271186,-0.0,7.97,51.95974576271186,-0.0,7.97,8,12,upper,Y,PISO_3,_,True
LT1:204:16,52.079802259887,-0.0,7.97,52.079802259887,-0.0,7.97,8,12,upper,Y,PISO_3,_,True
LT1:204:16,52.199858757062145,-0.0,7.97,52.199858757062145,-0.0,7.97,8,12,upper,Y,PISO_3,_,True
LT1:204:16,52.31991525423729,-0.0,7.97,52.31991525423729,-0.0,7.97,8,12,upper,Y,PISO_3,_,True
LT1:204:16,52.43997175141243,-0.0,7.97,52.43997175141243,-0.0,7.97,8,12,upper,Y,PISO_3,_,True
LT1:204:16,52.56002824858757,-0.0,7.97,52.56002824858757,-0.0,7.97,8,12,upper,Y,PISO_3,_,True
LT1:204:16,52.68008474576271,-0.0,7.97,52.68008474576271,-0.0,7.97,8,12,upper,Y,PISO_3,_,True
LT1:204:16,52.800141242937855,-0.0,7.97,52.800141242937855,-0.0,7.97,8,12,upper,Y,PISO_3,_,True
LT1:204:16,52.920197740113,-0.0,7.97,52.920197740113,-0.0,7.97,8,12,upper,Y,PISO_3,_,True
LT1:204:16,53.04025423728814,-0.0,7.97,53.04025423728814,-0.0,7.97,8,12,upper,Y,PISO_3,_,True
LT1:204:16,53.16031073446328,-0.0,7.97,53.16031073446328,-0.0,7.97,8,12,upper,Y,PISO_3,_,True
LT1:204:16,53.28036723163842,-0.0,7.97,53.28036723163842,-0.0,7.97,8,12,upper,Y,PISO_3,_,True
LT1:204:16,53.400423728813564,-0.0,7.97,53.400423728813564,-0.0,7.97,8,12,upper,Y,PISO_3,_,True
LT1:204:16,53.5204802259887,-0.0,7.97,53.5204802259887,-0.0,7.97,8,12,upper,Y,PISO_3,_,True
LT1:204:16,53.64053672316384,-0.0,7.97,53.64053672316384,-0.0,7.97,8,12,upper,Y,PISO_3,_,True
LT1:204:16,53.76059322033898,-0.0,7.97,53.76059322033898,-0.0,7.97,8,12,upper,Y,PISO_3,_,True
LT1:204:16,53.880649717514125,-0.0,7.97,53.880649717514125,-0.0,7.97,8,12,upper,Y,PISO_3,_,True
LT1:204:16,54.00070621468927,-0.0,7.97,54.00070621468927,-0.0,7.97,8,12,upper,Y,PISO_3,_,True
LT1:204:16,54.12076271186441,-0.0,7.97,54.12076271186441,-0.0,7.97,8,12,upper,Y,PISO_3,_,True
LT1:204:16,54.24081920903954,-0.0,7.97,54.24081920903954,-0.0,7.97,8,12,upper,Y,PISO_3,_,True
LT1:204:16,54.360875706214685,-0.0,7.97,54.360875706214685,-0.0,7.97,8,12,upper,Y,PISO_3,_,True
LT1:204:16,54.48093220338983,-0.0,7.97,54.48093220338983,-0.0,7.97,8,12,upper,Y,PISO_3,_,True
LT1:204:16,54.60098870056497,-0.0,7.97,54.60098870056497,-0.0,7.97,8,12,upper,Y,PISO_3,_,True
LT1:204:16,54.72104519774011,-0.0,7.97,54.72104519774011,-0.0,7.97,8,12,upper,Y,PISO_3,_,True
LT1:204:16,54.84110169491525,-0.0,7.97,54.84110169491525,-0.0,7.97,8,12,upper,Y,PISO_3,_,True
LT1:204:16,54.961158192090394,-0.0,7.97,54.961158192090394,-0.0,7.97,8,12,upper,Y,PISO_3,_,True
LT1:204:16,55.081214689265536,-0.0,7.97,55.081214689265536,-0.0,7.97,8,12,upper,Y,PISO_3,_,True
LT1:204:16,55.20127118644068,-0.0,7.97,55.20127118644068,-0.0,7.97,8,12,upper,Y,PISO_3,_,True
LT1:204:16,55.32132768361582,-0.0,7.97,55.32132768361582,-0.0,7.97,8,12,upper,Y,PISO_3,_,True
LT1:204:16,55.44138418079096,-0.0,7.97,55.44138418079096,-0.0,7.97,8,12,upper,Y,PISO_3,_,True
LT1:204:16,55.561440677966104,-0.0,7.97,55.561440677966104,-0.0,7.97,8,12,upper,Y,PISO_3,_,True
LT1:204:16,55.681497175141246,-0.0,7.97,55.681497175141246,-0.0,7.97,8,12,upper,Y,PISO_3,_,True
LT1:204:16,55.80155367231639,-0.0,7.97,55.80155367231639,-0.0,7.97,8,12,upper,Y,PISO_3,_,True
LT1:204:16,55.92161016949153,-0.0,7.97,55.92161016949153,-0.0,7.97,8,12,upper,Y,PISO_3,_,True
LT1:204:16,56.04166666666667,-0.0,7.97,56.04166666666667,-0.0,7.97,8,12,upper,Y,PISO_3,_,True
LT1:204:16,56.161723163841806,-0.0,7.97,56.161723163841806,-0.0,7.97,8,12,upper,Y,PISO_3,_,True
LT1:204:16,56.28177966101695,-0.0,7.97,56.28177966101695,-0.0,7.97,8,12,upper,Y,PISO_3,_,True
LT1:204:16,56.40183615819209,-0.0,7.97,56.40183615819209,-0.0,7.97,8,12,upper,Y,PISO_3,_,True
LT1:204:16,56.52189265536723,-0.0,7.97,56.52189265536723,-0.0,7.97,8,12,upper,Y,PISO_3,_,True
LT1:204:16,56.641949152542374,-0.0,7.97,56.641949152542374,-0.0,7.97,8,12,upper,Y,PISO_3,_,True
LT1:204:16,56.762005649717516,-0.0,7.97,56.762005649717516,-0.0,7.97,8,12,upper,Y,PISO_3,_,True
LT1:204:16,56.88206214689265,-0.0,7.97,56.88206214689265,-0.0,7.97,8,12,upper,Y,PISO_3,_,True
LT1:204:16,57.00211864406779,-0.0,7.97,57.00211864406779,-0.0,7.97,8,12,upper,Y,PISO_3,_,True
LT1:204:16,57.122175141242934,-0.0,7.97,57.122175141242934,-0.0,7.97,8,12,upper,Y,PISO_3,_,True
LT1:204:16,57.242231638418076,-0.0,7.97,57.242231638418076,-0.0,7.97,8,12,upper,Y,PISO_3,_,True
LT1:204:16,57.36228813559322,-0.0,7.97,57.36228813559322,-0.0,7.97,8,12,upper,Y,PISO_3,_,True
LT1:204:16,57.48234463276836,-0.0,7.97,57.48234463276836,-0.0,7.97,8,12,upper,Y,PISO_3,_,True
LT1:204:16,57.6024011299435,-0.0,7.97,57.6024011299435,-0.0,7.97,8,12,upper,Y,PISO_3,_,True
LT1:204:16,57.722457627118644,-0.0,7.97,57.722457627118644,-0.0,7.97,8,12,upper,Y,PISO_3,_,True
LT1:204:16,57.842514124293785,-0.0,7.97,57.842514124293785,-0.0,7.97,8,12,upper,Y,PISO_3,_,True
LT1:204:16,57.96257062146893,-0.0,7.97,57.96257062146893,-0.0,7.97,8,12,upper,Y,PISO_3,_,True
LT1:204:16,58.08262711864407,-0.0,7.97,58.08262711864407,-0.0,7.97,8,12,upper,Y,PISO_3,_,True
LT1:204:16,58.20268361581921,-0.0,7.97,58.20268361581921,-0.0,7.97,8,12,upper,Y,PISO_3,_,True
LT1:204:16,58.32274011299435,-0.0,7.97,58.32274011299435,-0.0,7.97,8,12,upper,Y,PISO_3,_,True
LT1:204:16,58.442796610169495,-0.0,7.97,58.442796610169495,-0.0,7.97,8,12,upper,Y,PISO_3,_,True
LT1:204:16,58.56285310734464,-0.0,7.97,58.56285310734464,-0.0,7.97,8,12,upper,Y,PISO_3,_,True
LT1:204:16,58.68290960451978,-0.0,7.97,58.68290960451978,-0.0,7.97,8,12,upper,Y,PISO_3,_,True
LT1:204:16,58.80296610169492,-0.0,7.97,58.80296610169492,-0.0,7.97,8,12,upper,Y,PISO_3,_,True
LT1:204:16,58.923022598870055,-0.0,7.97,58.923022598870055,-0.0,7.97,8,12,upper,Y,PISO_3,_,True
LT1:204:16,59.0430790960452,-0.0,7.97,59.0430790960452,-0.0,7.97,8,12,upper,Y,PISO_3,_,True
LT1:204:16,59.16313559322034,-0.0,7.97,59.16313559322034,-0.0,7.97,8,12,upper,Y,PISO_3,_,True
LT1:204:16,59.28319209039548,-0.0,7.97,59.28319209039548,-0.0,7.97,8,12,upper,Y,PISO_3,_,True
LT1:204:16,59.40324858757062,-0.0,7.97,59.40324858757062,-0.0,7.97,8,12,upper,Y,PISO_3,_,True
LT1:204:16,59.52330508474576,-0.0,7.97,59.52330508474576,-0.0,7.97,8,12,upper,Y,PISO_3,_,True
LT1:204:16,59.6433615819209,-0.0,7.97,59.6433615819209,-0.0,7.97,8,12,upper,Y,PISO_3,_,True
LT1:204:16,59.76341807909604,-0.0,7.97,59.76341807909604,-0.0,7.97,8,12,upper,Y,PISO_3,_,True
LT1:204:16,59.88347457627118,-0.0,7.97,59.88347457627118,-0.0,7.97,8,12,upper,Y,PISO_3,_,True
LT1:204:16,60.003531073446325,-0.0,7.97,60.003531073446325,-0.0,7.97,8,12,upper,Y,PISO_3,_,True
LT1:204:16,60.12358757062147,-0.0,7.97,60.12358757062147,-0.0,7.97,8,12,upper,Y,PISO_3,_,True
LT1:204:16,60.24364406779661,-0.0,7.97,60.24364406779661,-0.0,7.97,8,12,upper,Y,PISO_3,_,True
LT1:204:16,60.36370056497175,-0.0,7.97,60.36370056497175,-0.0,7.97,8,12,upper,Y,PISO_3,_,True
LT1:204:16,60.48375706214689,-0.0,7.97,60.48375706214689,-0.0,7.97,8,12,upper,Y,PISO_3,_,True
LT1:204:16,60.603813559322035,-0.0,7.97,60.603813559322035,-0.0,7.97,8,12,upper,Y,PISO_3,_,True
LT1:204:16,60.72387005649718,-0.0,7.97,60.72387005649718,-0.0,7.97,8,12,upper,Y,PISO_3,_,True
LT1:204:16,60.84392655367232,-0.0,7.97,60.84392655367232,-0.0,7.97,8,12,upper,Y,PISO_3,_,True
LT1:204:16,60.96398305084746,-0.0,7.97,60.96398305084746,-0.0,7.97,8,12,upper,Y,PISO_3,_,True
LT1:204:16,61.0840395480226,-0.0,7.97,61.0840395480226,-0.0,7.97,8,12,upper,Y,PISO_3,_,True
LT1:204:16,61.204096045197744,-0.0,7.97,61.204096045197744,-0.0,7.97,8,12,upper,Y,PISO_3,_,True
LT1:204:16,61.324152542372886,-0.0,7.97,61.324152542372886,-0.0,7.97,8,12,upper,Y,PISO_3,_,True
LT1:204:16,61.44420903954803,-0.0,7.97,61.44420903954803,-0.0,7.97,8,12,upper,Y,PISO_3,_,True
LT1:204:16,61.56426553672316,-0.0,7.97,61.56426553672316,-0.0,7.97,8,12,upper,Y,PISO_3,_,True
LT1:204:16,61.684322033898304,-0.0,7.97,61.684322033898304,-0.0,7.97,8,12,upper,Y,PISO_3,_,True
LT1:204:16,61.804378531073446,-0.0,7.97,61.804378531073446,-0.0,7.97,8,12,upper,Y,PISO_3,_,True
LT1:204:16,61.92443502824859,-0.0,7.97,61.92443502824859,-0.0,7.97,8,12,upper,Y,PISO_3,_,True
LT1:204:16,62.04449152542373,-0.0,7.97,62.04449152542373,-0.0,7.97,8,12,upper,Y,PISO_3,_,True
LT1:204:16,62.164548022598865,-0.0,7.97,62.164548022598865,-0.0,7.97,8,12,upper,Y,PISO_3,_,True
LT1:204:16,62.28460451977401,-0.0,7.97,62.28460451977401,-0.0,7.97,8,12,upper,Y,PISO_3,_,True
LT1:204:16,62.40466101694915,-0.0,7.97,62.40466101694915,-0.0,7.97,8,12,upper,Y,PISO_3,_,True
LT1:204:16,62.52471751412429,-0.0,7.97,62.52471751412429,-0.0,7.97,8,12,upper,Y,PISO_3,_,True
LT1:204:16,62.64477401129943,-0.0,7.97,62.64477401129943,-0.0,7.97,8,12,upper,Y,PISO_3,_,True
LT1:204:16,62.764830508474574,-0.0,7.97,62.764830508474574,-0.0,7.97,8,12,upper,Y,PISO_3,_,True
LT1:204:16,62.884887005649716,-0.0,7.97,62.884887005649716,-0.0,7.97,8,12,upper,Y,PISO_3,_,True
LT1:204:16,63.00494350282486,-0.0,7.97,63.00494350282486,-0.0,7.97,8,12,upper,Y,PISO_3,_,True
LT1:204:16,63.125,-0.0,7.97,63.125,-0.0,7.97,8,12,upper,Y,PISO_3,_,True
LT1:204:16,63.24505649717514,-0.0,7.97,63.24505649717514,-0.0,7.97,8,12,upper,Y,PISO_3,_,True
LT1:204:16,63.365112994350284,-0.0,7.97,63.365112994350284,-0.0,7.97,8,12,upper,Y,PISO_3,_,True
LT1:204:16,63.485169491525426,-0.0,7.97,63.485169491525426,-0.0,7.97,8,12,upper,Y,PISO_3,_,True
LT1:204:16,63.60522598870057,-0.0,7.97,63.60522598870057,-0.0,7.97,8,12,upper,Y,PISO_3,_,True
LT1:204:16,63.72528248587571,-0.0,7.97,63.72528248587571,-0.0,7.97,8,12,upper,Y,PISO_3,_,True
LT1:204:16,63.845338983050844,-0.0,7.97,63.845338983050844,-0.0,7.97,8,12,upper,Y,PISO_3,_,True
LT1:204:16,63.965395480225986,-0.0,7.97,63.965395480225986,-0.0,7.97,8,12,upper,Y,PISO_3,_,True
LT1:204:16,64.08545197740114,-0.0,7.97,64.08545197740114,-0.0,7.97,8,12,upper,Y,PISO_3,_,True
LT1:204:16,64.20550847457628,-0.0,7.97,64.20550847457628,-0.0,7.97,8,12,upper,Y,PISO_3,_,True
LT1:204:16,64.32556497175142,-0.0,7.97,64.32556497175142,-0.0,7.97,8,12,upper,Y,PISO_3,_,True
LT1:204:16,64.44562146892656,-0.0,7.97,64.44562146892656,-0.0,7.97,8,12,upper,Y,PISO_3,_,True
LT1:204:16,64.5656779661017,-0.0,7.97,64.5656779661017,-0.0,7.97,8,12,upper,Y,PISO_3,_,True
LT1:204:16,64.68573446327684,-0.0,7.97,64.68573446327684,-0.0,7.97,8,12,upper,Y,PISO_3,_,True
LT1:204:16,64.80579096045199,-0.0,7.97,64.80579096045199,-0.0,7.97,8,12,upper,Y,PISO_3,_,True
LT1:204:16,64.92584745762713,-0.0,7.97,64.92584745762713,-0.0,7.97,8,12,upper,Y,PISO_3,_,True
LT1:204:16,65.04590395480227,-0.0,7.97,65.04590395480227,-0.0,7.97,8,12,upper,Y,PISO_3,_,True
LT1:204:16,65.1659604519774,-0.0,7.97,65.1659604519774,-0.0,7.97,8,12,upper,Y,PISO_3,_,True
LT1:204:16,65.28601694915254,-0.0,7.97,65.28601694915254,-0.0,7.97,8,12,upper,Y,PISO_3,_,True
LT1:204:16,65.40607344632768,-0.0,7.97,65.40607344632768,-0.0,7.97,8,12,upper,Y,PISO_3,_,True
LT1:204:16,65.52612994350282,-0.0,7.97,65.52612994350282,-0.0,7.97,8,12,upper,Y,PISO_3,_,True
LT1:204:16,65.64618644067797,-0.0,7.97,65.64618644067797,-0.0,7.97,8,12,upper,Y,PISO_3,_,True
LT1:204:16,65.76624293785311,-0.0,7.97,65.76624293785311,-0.0,7.97,8,12,upper,Y,PISO_3,_,True
LT1:204:16,65.88629943502825,-0.0,7.97,65.88629943502825,-0.0,7.97,8,12,upper,Y,PISO_3,_,True
LT1:204:16,66.00635593220339,-0.0,7.97,66.00635593220339,-0.0,7.97,8,12,upper,Y,PISO_3,_,True
LT1:204:16,66.12641242937853,-0.0,7.97,66.12641242937853,-0.0,7.97,8,12,upper,Y,PISO_3,_,True
LT1:204:16,66.24646892655367,-0.0,7.97,66.24646892655367,-0.0,7.97,8,12,upper,Y,PISO_3,_,True
LT1:204:16,66.36652542372882,-0.0,7.97,66.36652542372882,-0.0,7.97,8,12,upper,Y,PISO_3,_,True
LT1:204:16,66.48658192090394,-0.0,7.97,66.48658192090394,-0.0,7.97,8,12,upper,Y,PISO_3,_,True
LT1:204:16,66.60663841807909,-0.0,7.97,66.60663841807909,-0.0,7.97,8,12,upper,Y,PISO_3,_,True
LT1:204:16,66.72669491525423,-0.0,7.97,66.72669491525423,-0.0,7.97,8,12,upper,Y,PISO_3,_,True
LT1:204:16,66.84675141242937,-0.0,7.97,66.84675141242937,-0.0,7.97,8,12,upper,Y,PISO_3,_,True
LT1:204:16,66.96680790960451,-0.0,7.97,66.96680790960451,-0.0,7.97,8,12,upper,Y,PISO_3,_,True
LT1:204:16,67.08686440677965,-0.0,7.97,67.08686440677965,-0.0,7.97,8,12,upper,Y,PISO_3,_,True
LT1:204:16,67.2069209039548,-0.0,7.97,67.2069209039548,-0.0,7.97,8,12,upper,Y,PISO_3,_,True
LT1:204:16,67.32697740112994,-0.0,7.97,67.32697740112994,-0.0,7.97,8,12,upper,Y,PISO_3,_,True
LT1:204:16,67.44703389830508,-0.0,7.97,67.44703389830508,-0.0,7.97,8,12,upper,Y,PISO_3,_,True
LT1:204:16,67.56709039548022,-0.0,7.97,67.56709039548022,-0.0,7.97,8,12,upper,Y,PISO_3,_,True
LT1:204:16,67.68714689265536,-0.0,7.97,67.68714689265536,-0.0,7.97,8,12,upper,Y,PISO_3,_,True
LT1:204:16,67.8072033898305,-0.0,7.97,67.8072033898305,-0.0,7.97,8,12,upper,Y,PISO_3,_,True
LT1:204:16,67.92725988700565,-0.0,7.97,67.92725988700565,-0.0,7.97,8,12,upper,Y,PISO_3,_,True
LT1:204:16,68.04731638418079,-0.0,7.97,68.04731638418079,-0.0,7.97,8,12,upper,Y,PISO_3,_,True
LT1:204:16,68.16737288135593,-0.0,7.97,68.16737288135593,-0.0,7.97,8,12,upper,Y,PISO_3,_,True
LT1:204:16,68.28742937853107,-0.0,7.97,68.28742937853107,-0.0,7.97,8,12,upper,Y,PISO_3,_,True
LT1:204:16,68.40748587570621,-0.0,7.97,68.40748587570621,-0.0,7.97,8,12,upper,Y,PISO_3,_,True
LT1:204:16,68.52754237288136,-0.0,7.97,68.52754237288136,-0.0,7.97,8,12,upper,Y,PISO_3,_,True
LT1:204:16,68.6475988700565,-0.0,7.97,68.6475988700565,-0.0,7.97,8,12,upper,Y,PISO_3,_,True
LT1:204:16,68.76765536723164,-0.0,7.97,68.76765536723164,-0.0,7.97,8,12,upper,Y,PISO_3,_,True
LT1:204:16,68.88771186440678,-0.0,7.97,68.88771186440678,-0.0,7.97,8,12,upper,Y,PISO_3,_,True
LT1:204:16,69.00776836158192,-0.0,7.97,69.00776836158192,-0.0,7.97,8,12,upper,Y,PISO_3,_,True
LT1:204:16,69.12782485875707,-0.0,7.97,69.12782485875707,-0.0,7.97,8,12,upper,Y,PISO_3,_,True
LT1:204:16,69.24788135593221,-0.0,7.97,69.24788135593221,-0.0,7.97,8,12,upper,Y,PISO_3,_,True
LT1:204:16,69.36793785310735,-0.0,7.97,69.36793785310735,-0.0,7.97,8,12,upper,Y,PISO_3,_,True
LT1:204:16,69.48799435028249,-0.0,7.97,69.48799435028249,-0.0,7.97,8,12,upper,Y,PISO_3,_,True
LT1:204:16,69.60805084745763,-0.0,7.97,69.60805084745763,-0.0,7.97,8,12,upper,Y,PISO_3,_,True
LT1:204:16,69.72810734463278,-0.0,7.97,69.72810734463278,-0.0,7.97,8,12,upper,Y,PISO_3,_,True
LT1:204:16,69.84816384180792,-0.0,7.97,69.84816384180792,-0.0,7.97,8,12,upper,Y,PISO_3,_,True
LT1:204:16,69.96822033898306,-0.0,7.97,69.96822033898306,-0.0,7.97,8,12,upper,Y,PISO_3,_,True
LT1:204:16,70.0882768361582,-0.0,7.97,70.0882768361582,-0.0,7.97,8,12,upper,Y,PISO_3,_,True
LT1:204:16,70.20833333333334,-0.0,7.97,70.20833333333334,-0.0,7.97,8,12,upper,Y,PISO_3,_,True
LT1:204:16,70.32838983050848,-0.0,7.97,70.32838983050848,-0.0,7.97,8,12,upper,Y,PISO_3,_,True
LT1:204:16,70.44844632768361,-0.0,7.97,70.44844632768361,-0.0,7.97,8,12,upper,Y,PISO_3,_,True
LT1:204:16,70.56850282485875,-0.0,7.97,70.56850282485875,-0.0,7.97,8,12,upper,Y,PISO_3,_,True
LT1:204:16,70.6885593220339,-0.0,7.97,70.6885593220339,-0.0,7.97,8,12,upper,Y,PISO_3,_,True
LT1:204:16,70.80861581920904,-0.0,7.97,70.80861581920904,-0.0,7.97,8,12,upper,Y,PISO_3,_,True
LT1:204:16,70.92867231638418,-0.0,7.97,70.92867231638418,-0.0,7.97,8,12,upper,Y,PISO_3,_,True
LT1:204:16,71.04872881355932,-0.0,7.97,71.04872881355932,-0.0,7.97,8,12,upper,Y,PISO_3,_,True
LT1:204:16,71.16878531073446,-0.0,7.97,71.16878531073446,-0.0,7.97,8,12,upper,Y,PISO_3,_,True
LT1:204:16,71.2888418079096,-0.0,7.97,71.2888418079096,-0.0,7.97,8,12,upper,Y,PISO_3,_,True
LT1:204:16,71.40889830508475,-0.0,7.97,71.40889830508475,-0.0,7.97,8,12,upper,Y,PISO_3,_,True
LT1:204:16,71.52895480225989,-0.0,7.97,71.52895480225989,-0.0,7.97,8,12,upper,Y,PISO_3,_,True
LT1:204:16,71.64901129943503,-0.0,7.97,71.64901129943503,-0.0,7.97,8,12,upper,Y,PISO_3,_,True
LT1:204:16,71.76906779661016,-0.0,7.97,71.76906779661016,-0.0,7.97,8,12,upper,Y,PISO_3,_,True
LT1:204:16,71.8891242937853,-0.0,7.97,71.8891242937853,-0.0,7.97,8,12,upper,Y,PISO_3,_,True
LT1:204:16,72.00918079096044,-0.0,7.97,72.00918079096044,-0.0,7.97,8,12,upper,Y,PISO_3,_,True
LT1:204:16,72.12923728813558,-0.0,7.97,72.12923728813558,-0.0,7.97,8,12,upper,Y,PISO_3,_,True
LT1:204:16,72.24929378531073,-0.0,7.97,72.24929378531073,-0.0,7.97,8,12,upper,Y,PISO_3,_,True
LT1:204:16,72.36935028248587,-0.0,7.97,72.36935028248587,-0.0,7.97,8,12,upper,Y,PISO_3,_,True
LT1:204:16,72.48940677966101,-0.0,7.97,72.48940677966101,-0.0,7.97,8,12,upper,Y,PISO_3,_,True
LT1:204:16,72.60946327683615,-0.0,7.97,72.60946327683615,-0.0,7.97,8,12,upper,Y,PISO_3,_,True
LT1:204:16,72.7295197740113,-0.0,7.97,72.7295197740113,-0.0,7.97,8,12,upper,Y,PISO_3,_,True
LT1:204:16,72.84957627118644,-0.0,7.97,72.84957627118644,-0.0,7.97,8,12,upper,Y,PISO_3,_,True
LT1:204:16,72.96963276836158,-0.0,7.97,72.96963276836158,-0.0,7.97,8,12,upper,Y,PISO_3,_,True
LT1:204:16,73.08968926553672,-0.0,7.97,73.08968926553672,-0.0,7.97,8,12,upper,Y,PISO_3,_,True
LT1:204:16,73.20974576271186,-0.0,7.97,73.20974576271186,-0.0,7.97,8,12,upper,Y,PISO_3,_,True
LT1:204:16,73.329802259887,-0.0,7.97,73.329802259887,-0.0,7.97,8,12,upper,Y,PISO_3,_,True
LT1:204:16,73.44985875706215,-0.0,7.97,73.44985875706215,-0.0,7.97,8,12,upper,Y,PISO_3,_,True
LT1:204:16,73.56991525423729,-0.0,7.97,73.56991525423729,-0.0,7.97,8,12,upper,Y,PISO_3,_,True
LT1:204:16,73.68997175141243,-0.0,7.97,73.68997175141243,-0.0,7.97,8,12,upper,Y,PISO_3,_,True
LT1:204:22,31.25,12.524999999999999,7.97,41.25,12.524999999999999,7.97,8,12,upper,X,PISO_3,PISO_3_P12,True
LT1:204:22,31.31024096385542,16.15,7.97,31.31024096385542,8.9,7.97,8,12,upper,Y,PISO_3,PISO_3_P12,True
LT1:204:22,31.430722891566266,16.15,7.97,31.430722891566266,8.9,7.97,8,12,upper,Y,PISO_3,PISO_3_P12,True
LT1:204:22,31.551204819277107,16.15,7.97,31.551204819277107,8.9,7.97,8,12,upper,Y,PISO_3,PISO_3_P12,True
LT1:204:22,31.67168674698795,16.15,7.97,31.67168674698795,8.9,7.97,8,12,upper,Y,PISO_3,PISO_3_P12,True
LT1:204:22,31.792168674698797,16.15,7.97,31.792168674698797,8.9,7.97,8,12,upper,Y,PISO_3,PISO_3_P12,True
LT1:204:22,31.912650602409638,16.15,7.97,31.912650602409638,8.9,7.97,8,12,upper,Y,PISO_3,PISO_3_P12,True
LT1:204:22,32.03313253012048,16.15,7.97,32.03313253012048,8.9,7.97,8,12,upper,Y,PISO_3,PISO_3_P12,True
LT1:204:22,32.153614457831324,16.15,7.97,32.153614457831324,8.9,7.97,8,12,upper,Y,PISO_3,PISO_3_P12,True
LT1:204:22,32.274096385542165,16.15,7.97,32.274096385542165,8.9,7.97,8,12,upper,Y,PISO_3,PISO_3_P12,True
LT1:204:22,32.394578313253014,16.15,7.97,32.394578313253014,8.9,7.97,8,12,upper,Y,PISO_3,PISO_3_P12,True
LT1:204:22,32.515060240963855,16.15,7.97,32.515060240963855,8.9,7.97,8,12,upper,Y,PISO_3,PISO_3_P12,True
LT1:204:22,32.6355421686747,16.15,7.97,32.6355421686747,8.9,7.97,8,12,upper,Y,PISO_3,PISO_3_P12,True
LT1:204:22,32.756024096385545,16.15,7.97,32.756024096385545,8.9,7.97,8,12,upper,Y,PISO_3,PISO_3_P12,True
LT1:204:22,32.876506024096386,16.15,7.97,32.876506024096386,8.9,7.97,8,12,upper,Y,PISO_3,PISO_3_P12,True
LT1:204:22,32.99698795180723,16.15,7.97,32.99698795180723,8.9,7.97,8,12,upper,Y,PISO_3,PISO_3_P12,True
LT1:204:22,33.11746987951807,16.15,7.97,33.11746987951807,8.9,7.97,8,12,upper,Y,PISO_3,PISO_3_P12,True
LT1:204:22,33.23795180722892,16.15,7.97,33.23795180722892,8.9,7.97,8,12,upper,Y,PISO_3,PISO_3_P12,True
LT1:204:22,33.35843373493976,16.15,7.97,33.35843373493976,8.9,7.97,8,12,upper,Y,PISO_3,PISO_3_P12,True
LT1:204:22,33.4789156626506,16.15,7.97,33.4789156626506,8.9,7.97,8,12,upper,Y,PISO_3,PISO_3_P12,True
LT1:204:22,33.59939759036145,16.15,7.97,33.59939759036145,8.9,7.97,8,12,upper,Y,PISO_3,PISO_3_P12,True
LT1:204:22,33.71987951807229,16.15,7.97,33.71987951807229,8.9,7.97,8,12,upper,Y,PISO_3,PISO_3_P12,True
LT1:204:22,33.84036144578313,16.15,7.97,33.84036144578313,8.9,7.97,8,12,upper,Y,PISO_3,PISO_3_P12,True
LT1:204:22,33.96084337349397,16.15,7.97,33.96084337349397,8.9,7.97,8,12,upper,Y,PISO_3,PISO_3_P12,True
LT1:204:22,34.08132530120482,16.15,7.97,34.08132530120482,8.9,7.97,8,12,upper,Y,PISO_3,PISO_3_P12,True
LT1:204:22,34.20180722891566,16.15,7.97,34.20180722891566,8.9,7.97,8,12,upper,Y,PISO_3,PISO_3_P12,True
LT1:204:22,34.3222891566265,16.15,7.97,34.3222891566265,8.9,7.97,8,12,upper,Y,PISO_3,PISO_3_P12,True
LT1:204:22,34.44277108433735,16.15,7.97,34.44277108433735,8.9,7.97,8,12,upper,Y,PISO_3,PISO_3_P12,True
LT1:204:22,34.56325301204819,16.15,7.97,34.56325301204819,8.9,7.97,8,12,upper,Y,PISO_3,PISO_3_P12,True
LT1:204:22,34.683734939759034,16.15,7.97,34.683734939759034,8.9,7.97,8,12,upper,Y,PISO_3,PISO_3_P12,True
LT1:204:22,34.804216867469876,16.15,7.97,34.804216867469876,8.9,7.97,8,12,upper,Y,PISO_3,PISO_3_P12,True
LT1:204:22,34.924698795180724,16.15,7.97,34.924698795180724,8.9,7.97,8,12,upper,Y,PISO_3,PISO_3_P12,True
LT1:204:22,35.045180722891565,16.15,7.97,35.045180722891565,8.9,7.97,8,12,upper,Y,PISO_3,PISO_3_P12,True
LT1:204:22,35.16566265060241,16.15,7.97,35.16566265060241,8.9,7.97,8,12,upper,Y,PISO_3,PISO_3_P12,True
LT1:204:22,35.286144578313255,16.15,7.97,35.286144578313255,8.9,7.97,8,12,upper,Y,PISO_3,PISO_3_P12,True
LT1:204:22,35.4066265060241,16.15,7.97,35.4066265060241,8.9,7.97,8,12,upper,Y,PISO_3,PISO_3_P12,True
LT1:204:22,35.52710843373494,16.15,7.97,35.52710843373494,8.9,7.97,8,12,upper,Y,PISO_3,PISO_3_P12,True
LT1:204:22,35.64759036144578,16.15,7.97,35.64759036144578,8.9,7.97,8,12,upper,Y,PISO_3,PISO_3_P12,True
LT1:204:22,35.76807228915663,16.15,7.97,35.76807228915663,8.9,7.97,8,12,upper,Y,PISO_3,PISO_3_P12,True
LT1:204:22,35.88855421686747,16.15,7.97,35.88855421686747,8.9,7.97,8,12,upper,Y,PISO_3,PISO_3_P12,True
LT1:204:22,36.00903614457831,16.15,7.97,36.00903614457831,8.9,7.97,8,12,upper,Y,PISO_3,PISO_3_P12,True
LT1:204:22,36.12951807228916,16.15,7.97,36.12951807228916,8.9,7.97,8,12,upper,Y,PISO_3,PISO_3_P12,True
LT1:204:22,36.25,16.15,7.97,36.25,8.9,7.97,8,12,upper,Y,PISO_3,PISO_3_P12,True
LT1:204:22,36.37048192771084,16.15,7.97,36.37048192771084,8.9,7.97,8,12,upper,Y,PISO_3,PISO_3_P12,True
LT1:204:22,36.49096385542169,16.15,7.97,36.49096385542169,8.9,7.97,8,12,upper,Y,PISO_3,PISO_3_P12,True
LT1:204:22,36.61144578313253,16.15,7.97,36.61144578313253,8.9,7.97,8,12,upper,Y,PISO_3,PISO_3_P12,True
LT1:204:22,36.73192771084337,16.15,7.97,36.73192771084337,8.9,7.97,8,12,upper,Y,PISO_3,PISO_3_P12,True
LT1:204:22,36.85240963855422,16.15,7.97,36.85240963855422,8.9,7.97,8,12,upper,Y,PISO_3,PISO_3_P12,True
LT1:204:22,36.97289156626506,16.15,7.97,36.97289156626506,8.9,7.97,8,12,upper,Y,PISO_3,PISO_3_P12,True
LT1:204:22,37.0933734939759,16.15,7.97,37.0933734939759,8.9,7.97,8,12,upper,Y,PISO_3,PISO_3_P12,True
LT1:204:22,37.213855421686745,16.15,7.97,37.213855421686745,8.9,7.97,8,12,upper,Y,PISO_3,PISO_3_P12,True
LT1:204:22,37.33433734939759,16.15,7.97,37.33433734939759,8.9,7.97,8,12,upper,Y,PISO_3,PISO_3_P12,True
LT1:204:22,37.454819277108435,16.15,7.97,37.454819277108435,8.9,7.97,8,12,upper,Y,PISO_3,PISO_3_P12,True
LT1:204:22,37.575301204819276,16.15,7.97,37.575301204819276,8.9,7.97,8,12,upper,Y,PISO_3,PISO_3_P12,True
LT1:204:22,37.695783132530124,16.15,7.97,37.695783132530124,8.9,7.97,8,12,upper,Y,PISO_3,PISO_3_P12,True
LT1:204:22,37.816265060240966,16.15,7.97,37.816265060240966,8.9,7.97,8,12,upper,Y,PISO_3,PISO_3_P12,True
LT1:204:22,37.93674698795181,16.15,7.97,37.93674698795181,8.9,7.97,8,12,upper,Y,PISO_3,PISO_3_P12,True
LT1:204:22,38.05722891566265,16.15,7.97,38.05722891566265,8.9,7.97,8,12,upper,Y,PISO_3,PISO_3_P12,True
LT1:204:22,38.1777108433735,16.15,7.97,38.1777108433735,8.9,7.97,8,12,upper,Y,PISO_3,PISO_3_P12,True
LT1:204:22,38.29819277108434,16.15,7.97,38.29819277108434,8.9,7.97,8,12,upper,Y,PISO_3,PISO_3_P12,True
LT1:204:22,38.41867469879518,16.15,7.97,38.41867469879518,8.9,7.97,8,12,upper,Y,PISO_3,PISO_3_P12,True
LT1:204:22,38.53915662650603,16.15,7.97,38.53915662650603,8.9,7.97,8,12,upper,Y,PISO_3,PISO_3_P12,True
LT1:204:22,38.65963855421687,16.15,7.97,38.65963855421687,8.9,7.97,8,12,upper,Y,PISO_3,PISO_3_P12,True
LT1:204:22,38.78012048192771,16.15,7.97,38.78012048192771,8.9,7.97,8,12,upper,Y,PISO_3,PISO_3_P12,True
LT1:204:22,38.90060240963855,16.15,7.97,38.90060240963855,8.9,7.97,8,12,upper,Y,PISO_3,PISO_3_P12,True
LT1:204:22,39.0210843373494,16.15,7.97,39.0210843373494,8.9,7.97,8,12,upper,Y,PISO_3,PISO_3_P12,True
LT1:204:22,39.14156626506024,16.15,7.97,39.14156626506024,8.9,7.97,8,12,upper,Y,PISO_3,PISO_3_P12,True
LT1:204:22,39.26204819277108,16.15,7.97,39.26204819277108,8.9,7.97,8,12,upper,Y,PISO_3,PISO_3_P12,True
LT1:204:22,39.38253012048193,16.15,7.97,39.38253012048193,8.9,7.97,8,12,upper,Y,PISO_3,PISO_3_P12,True
LT1:204:22,39.50301204819277,16.15,7.97,39.50301204819277,8.9,7.97,8,12,upper,Y,PISO_3,PISO_3_P12,True
LT1:204:22,39.623493975903614,16.15,7.97,39.623493975903614,8.9,7.97,8,12,upper,Y,PISO_3,PISO_3_P12,True
LT1:204:22,39.743975903614455,16.15,7.97,39.743975903614455,8.9,7.97,8,12,upper,Y,PISO_3,PISO_3_P12,True
LT1:204:22,39.8644578313253,16.15,7.97,39.8644578313253,8.9,7.97,8,12,upper,Y,PISO_3,PISO_3_P12,True
LT1:204:22,39.984939759036145,16.15,7.97,39.984939759036145,8.9,7.97,8,12,upper,Y,PISO_3,PISO_3_P12,True
LT1:204:22,40.105421686746986,16.15,7.97,40.105421686746986,8.9,7.97,8,12,upper,Y,PISO_3,PISO_3_P12,True
LT1:204:22,40.225903614457835,16.15,7.97,40.225903614457835,8.9,7.97,8,12,upper,Y,PISO_3,PISO_3_P12,True
LT1:204:22,40.346385542168676,16.15,7.97,40.346385542168676,8.9,7.97,8,12,upper,Y,PISO_3,PISO_3_P12,True
LT1:204:22,40.46686746987952,16.15,7.97,40.46686746987952,8.9,7.97,8,12,upper,Y,PISO_3,PISO_3_P12,True
LT1:204:22,40.58734939759036,16.15,7.97,40.58734939759036,8.9,7.97,8,12,upper,Y,PISO_3,PISO_3_P12,True
LT1:204:22,40.70783132530121,16.15,7.97,40.70783132530121,8.9,7.97,8,12,upper,Y,PISO_3,PISO_3_P12,True
LT1:204:22,40.82831325301205,16.15,7.97,40.82831325301205,8.9,7.97,8,12,upper,Y,PISO_3,PISO_3_P12,True
LT1:204:22,40.94879518072289,16.15,7.97,40.94879518072289,8.9,7.97,8,12,upper,Y,PISO_3,PISO_3_P12,True
LT1:204:22,41.06927710843374,16.15,7.97,41.06927710843374,8.9,7.97,8,12,upper,Y,PISO_3,PISO_3_P12,True
LT1:204:22,41.18975903614458,16.15,7.97,41.18975903614458,8.9,7.97,8,12,upper,Y,PISO_3,PISO_3_P12,True
LT1:204:23,31.25,4.45,7.97,41.25,4.45,7.97,10,15,upper,X,PISO_3,PISO_3_P11,True
LT1:204:23,31.324626865671643,8.9,7.97,31.324626865671643,-0.0,7.97,10,15,upper,Y,PISO_3,PISO_3_P11,True
LT1:204:23,31.473880597014926,8.9,7.97,31.473880597014926,-0.0,7.97,10,15,upper,Y,PISO_3,PISO_3_P11,True
LT1:204:23,31.62313432835821,8.9,7.97,31.62313432835821,-0.0,7.97,10,15,upper,Y,PISO_3,PISO_3_P11,True
LT1:204:23,31.77238805970149,8.9,7.97,31.77238805970149,-0.0,7.97,10,15,upper,Y,PISO_3,PISO_3_P11,True
LT1:204:23,31.921641791044777,8.9,7.97,31.921641791044777,-0.0,7.97,10,15,upper,Y,PISO_3,PISO_3_P11,True
LT1:204:23,32.07089552238806,8.9,7.97,32.07089552238806,-0.0,7.97,10,15,upper,Y,PISO_3,PISO_3_P11,True
LT1:204:23,32.22014925373134,8.9,7.97,32.22014925373134,-0.0,7.97,10,15,upper,Y,PISO_3,PISO_3_P11,True
LT1:204:23,32.36940298507463,8.9,7.97,32.36940298507463,-0.0,7.97,10,15,upper,Y,PISO_3,PISO_3_P11,True
LT1:204:23,32.51865671641791,8.9,7.97,32.51865671641791,-0.0,7.97,10,15,upper,Y,PISO_3,PISO_3_P11,True
LT1:204:23,32.667910447761194,8.9,7.97,32.667910447761194,-0.0,7.97,10,15,upper,Y,PISO_3,PISO_3_P11,True
LT1:204:23,32.81716417910448,8.9,7.97,32.81716417910448,-0.0,7.97,10,15,upper,Y,PISO_3,PISO_3_P11,True
LT1:204:23,32.96641791044776,8.9,7.97,32.96641791044776,-0.0,7.97,10,15,upper,Y,PISO_3,PISO_3_P11,True
LT1:204:23,33.115671641791046,8.9,7.97,33.115671641791046,-0.0,7.97,10,15,upper,Y,PISO_3,PISO_3_P11,True
LT1:204:23,33.264925373134325,8.9,7.97,33.264925373134325,-0.0,7.97,10,15,upper,Y,PISO_3,PISO_3_P11,True
LT1:204:23,33.41417910447761,8.9,7.97,33.41417910447761,-0.0,7.97,10,15,upper,Y,PISO_3,PISO_3_P11,True
LT1:204:23,33.5634328358209,8.9,7.97,33.5634328358209,-0.0,7.97,10,15,upper,Y,PISO_3,PISO_3_P11,True
LT1:204:23,33.71268656716418,8.9,7.97,33.71268656716418,-0.0,7.97,10,15,upper,Y,PISO_3,PISO_3_P11,True
LT1:204:23,33.86194029850746,8.9,7.97,33.86194029850746,-0.0,7.97,10,15,upper,Y,PISO_3,PISO_3_P11,True
LT1:204:23,34.01119402985075,8.9,7.97,34.01119402985075,-0.0,7.97,10,15,upper,Y,PISO_3,PISO_3_P11,True
LT1:204:23,34.16044776119403,8.9,7.97,34.16044776119403,-0.0,7.97,10,15,upper,Y,PISO_3,PISO_3_P11,True
LT1:204:23,34.309701492537314,8.9,7.97,34.309701492537314,-0.0,7.97,10,15,upper,Y,PISO_3,PISO_3_P11,True
LT1:204:23,34.458955223880594,8.9,7.97,34.458955223880594,-0.0,7.97,10,15,upper,Y,PISO_3,PISO_3_P11,True
LT1:204:23,34.60820895522388,8.9,7.97,34.60820895522388,-0.0,7.97,10,15,upper,Y,PISO_3,PISO_3_P11,True
LT1:204:23,34.757462686567166,8.9,7.97,34.757462686567166,-0.0,7.97,10,15,upper,Y,PISO_3,PISO_3_P11,True
LT1:204:23,34.906716417910445,8.9,7.97,34.906716417910445,-0.0,7.97,10,15,upper,Y,PISO_3,PISO_3_P11,True
LT1:204:23,35.05597014925373,8.9,7.97,35.05597014925373,-0.0,7.97,10,15,upper,Y,PISO_3,PISO_3_P11,True
LT1:204:23,35.20522388059702,8.9,7.97,35.20522388059702,-0.0,7.97,10,15,upper,Y,PISO_3,PISO_3_P11,True
LT1:204:23,35.3544776119403,8.9,7.97,35.3544776119403,-0.0,7.97,10,15,upper,Y,PISO_3,PISO_3_P11,True
LT1:204:23,35.50373134328358,8.9,7.97,35.50373134328358,-0.0,7.97,10,15,upper,Y,PISO_3,PISO_3_P11,True
LT1:204:23,35.65298507462687,8.9,7.97,35.65298507462687,-0.0,7.97,10,15,upper,Y,PISO_3,PISO_3_P11,True
LT1:204:23,35.80223880597015,8.9,7.97,35.80223880597015,-0.0,7.97,10,15,upper,Y,PISO_3,PISO_3_P11,True
LT1:204:23,35.951492537313435,8.9,7.97,35.951492537313435,-0.0,7.97,10,15,upper,Y,PISO_3,PISO_3_P11,True
LT1:204:23,36.100746268656714,8.9,7.97,36.100746268656714,-0.0,7.97,10,15,upper,Y,PISO_3,PISO_3_P11,True
LT1:204:23,36.25,8.9,7.97,36.25,-0.0,7.97,10,15,upper,Y,PISO_3,PISO_3_P11,True
LT1:204:23,36.399253731343286,8.9,7.97,36.399253731343286,-0.0,7.97,10,15,upper,Y,PISO_3,PISO_3_P11,True
LT1:204:23,36.548507462686565,8.9,7.97,36.548507462686565,-0.0,7.97,10,15,upper,Y,PISO_3,PISO_3_P11,True
LT1:204:23,36.69776119402985,8.9,7.97,36.69776119402985,-0.0,7.97,10,15,upper,Y,PISO_3,PISO_3_P11,True
LT1:204:23,36.84701492537313,8.9,7.97,36.84701492537313,-0.0,7.97,10,15,upper,Y,PISO_3,PISO_3_P11,True
LT1:204:23,36.99626865671642,8.9,7.97,36.99626865671642,-0.0,7.97,10,15,upper,Y,PISO_3,PISO_3_P11,True
LT1:204:23,37.1455223880597,8.9,7.97,37.1455223880597,-0.0,7.97,10,15,upper,Y,PISO_3,PISO_3_P11,True
LT1:204:23,37.29477611940298,8.9,7.97,37.29477611940298,-0.0,7.97,10,15,upper,Y,PISO_3,PISO_3_P11,True
LT1:204:23,37.44402985074627,8.9,7.97,37.44402985074627,-0.0,7.97,10,15,upper,Y,PISO_3,PISO_3_P11,True
LT1:204:23,37.593283582089555,8.9,7.97,37.593283582089555,-0.0,7.97,10,15,upper,Y,PISO_3,PISO_3_P11,True
LT1:204:23,37.742537313432834,8.9,7.97,37.742537313432834,-0.0,7.97,10,15,upper,Y,PISO_3,PISO_3_P11,True
LT1:204:23,37.89179104477612,8.9,7.97,37.89179104477612,-0.0,7.97,10,15,upper,Y,PISO_3,PISO_3_P11,True
LT1:204:23,38.041044776119406,8.9,7.97,38.041044776119406,-0.0,7.97,10,15,upper,Y,PISO_3,PISO_3_P11,True
LT1:204:23,38.190298507462686,8.9,7.97,38.190298507462686,-0.0,7.97,10,15,upper,Y,PISO_3,PISO_3_P11,True
LT1:204:23,38.33955223880597,8.9,7.97,38.33955223880597,-0.0,7.97,10,15,upper,Y,PISO_3,PISO_3_P11,True
LT1:204:23,38.48880597014925,8.9,7.97,38.48880597014925,-0.0,7.97,10,15,upper,Y,PISO_3,PISO_3_P11,True
LT1:204:23,38.63805970149254,8.9,7.97,38.63805970149254,-0.0,7.97,10,15,upper,Y,PISO_3,PISO_3_P11,True
LT1:204:23,38.78731343283582,8.9,7.97,38.78731343283582,-0.0,7.97,10,15,upper,Y,PISO_3,PISO_3_P11,True
LT1:204:23,38.9365671641791,8.9,7.97,38.9365671641791,-0.0,7.97,10,15,upper,Y,PISO_3,PISO_3_P11,True
LT1:204:23,39.08582089552239,8.9,7.97,39.08582089552239,-0.0,7.97,10,15,upper,Y,PISO_3,PISO_3_P11,True
LT1:204:23,39.23507462686567,8.9,7.97,39.23507462686567,-0.0,7.97,10,15,upper,Y,PISO_3,PISO_3_P11,True
LT1:204:23,39.384328358208954,8.9,7.97,39.384328358208954,-0.0,7.97,10,15,upper,Y,PISO_3,PISO_3_P11,True
LT1:204:23,39.53358208955224,8.9,7.97,39.53358208955224,-0.0,7.97,10,15,upper,Y,PISO_3,PISO_3_P11,True
LT1:204:23,39.68283582089552,8.9,7.97,39.68283582089552,-0.0,7.97,10,15,upper,Y,PISO_3,PISO_3_P11,True
LT1:204:23,39.832089552238806,8.9,7.97,39.832089552238806,-0.0,7.97,10,15,upper,Y,PISO_3,PISO_3_P11,True
LT1:204:23,39.98134328358209,8.9,7.97,39.98134328358209,-0.0,7.97,10,15,upper,Y,PISO_3,PISO_3_P11,True
LT1:204:23,40.13059701492537,8.9,7.97,40.13059701492537,-0.0,7.97,10,15,upper,Y,PISO_3,PISO_3_P11,True
LT1:204:23,40.27985074626866,8.9,7.97,40.27985074626866,-0.0,7.97,10,15,upper,Y,PISO_3,PISO_3_P11,True
LT1:204:23,40.42910447761194,8.9,7.97,40.42910447761194,-0.0,7.97,10,15,upper,Y,PISO_3,PISO_3_P11,True
LT1:204:23,40.57835820895522,8.9,7.97,40.57835820895522,-0.0,7.97,10,15,upper,Y,PISO_3,PISO_3_P11,True
LT1:204:23,40.72761194029851,8.9,7.97,40.72761194029851,-0.0,7.97,10,15,upper,Y,PISO_3,PISO_3_P11,True
LT1:204:23,40.876865671641795,8.9,7.97,40.876865671641795,-0.0,7.97,10,15,upper,Y,PISO_3,PISO_3_P11,True
LT1:204:23,41.026119402985074,8.9,7.97,41.026119402985074,-0.0,7.97,10,15,upper,Y,PISO_3,PISO_3_P11,True
LT1:204:23,41.17537313432836,8.9,7.97,41.17537313432836,-0.0,7.97,10,15,upper,Y,PISO_3,PISO_3_P11,True
LT1:205:01,31.25,8.075,11.93,73.75,8.075,11.93,8,14,lower,X,PISO_4,PISO_4_P11;PISO_4_P12;PISO_4_P21;PISO_4_P22;PISO_4_P31;PISO_4_P32;PISO_4_P41;PISO_4_P42;PISO_4_P51;PISO_4_P52,True
LT1:205:02,31.340042372881356,16.15,11.93,31.340042372881356,-0.0,11.93,8,18,lower,Y,PISO_4,PISO_4_P11;PISO_4_P12;PISO_4_P21;PISO_4_P22;PISO_4_P31;PISO_4_P32;PISO_4_P41;PISO_4_P42;PISO_4_P51;PISO_4_P52,True
LT1:205:02,31.52012711864407,16.15,11.93,31.52012711864407,-0.0,11.93,8,18,lower,Y,PISO_4,PISO_4_P11;PISO_4_P12;PISO_4_P21;PISO_4_P22;PISO_4_P31;PISO_4_P32;PISO_4_P41;PISO_4_P42;PISO_4_P51;PISO_4_P52,True
LT1:205:02,31.70021186440678,16.15,11.93,31.70021186440678,-0.0,11.93,8,18,lower,Y,PISO_4,PISO_4_P11;PISO_4_P12;PISO_4_P21;PISO_4_P22;PISO_4_P31;PISO_4_P32;PISO_4_P41;PISO_4_P42;PISO_4_P51;PISO_4_P52,True
LT1:205:02,31.88029661016949,16.15,11.93,31.88029661016949,-0.0,11.93,8,18,lower,Y,PISO_4,PISO_4_P11;PISO_4_P12;PISO_4_P21;PISO_4_P22;PISO_4_P31;PISO_4_P32;PISO_4_P41;PISO_4_P42;PISO_4_P51;PISO_4_P52,True
LT1:205:02,32.0603813559322,16.15,11.93,32.0603813559322,-0.0,11.93,8,18,lower,Y,PISO_4,PISO_4_P11;PISO_4_P12;PISO_4_P21;PISO_4_P22;PISO_4_P31;PISO_4_P32;PISO_4_P41;PISO_4_P42;PISO_4_P51;PISO_4_P52,True
LT1:205:02,32.24046610169491,16.15,11.93,32.24046610169491,-0.0,11.93,8,18,lower,Y,PISO_4,PISO_4_P11;PISO_4_P12;PISO_4_P21;PISO_4_P22;PISO_4_P31;PISO_4_P32;PISO_4_P41;PISO_4_P42;PISO_4_P51;PISO_4_P52,True
LT1:205:02,32.420550847457626,16.15,11.93,32.420550847457626,-0.0,11.93,8,18,lower,Y,PISO_4,PISO_4_P11;PISO_4_P12;PISO_4_P21;PISO_4_P22;PISO_4_P31;PISO_4_P32;PISO_4_P41;PISO_4_P42;PISO_4_P51;PISO_4_P52,True
LT1:205:02,32.60063559322034,16.15,11.93,32.60063559322034,-0.0,11.93,8,18,lower,Y,PISO_4,PISO_4_P11;PISO_4_P12;PISO_4_P21;PISO_4_P22;PISO_4_P31;PISO_4_P32;PISO_4_P41;PISO_4_P42;PISO_4_P51;PISO_4_P52,True
LT1:205:02,32.78072033898305,16.15,11.93,32.78072033898305,-0.0,11.93,8,18,lower,Y,PISO_4,PISO_4_P11;PISO_4_P12;PISO_4_P21;PISO_4_P22;PISO_4_P31;PISO_4_P32;PISO_4_P41;PISO_4_P42;PISO_4_P51;PISO_4_P52,True
LT1:205:02,32.960805084745765,16.15,11.93,32.960805084745765,-0.0,11.93,8,18,lower,Y,PISO_4,PISO_4_P11;PISO_4_P12;PISO_4_P21;PISO_4_P22;PISO_4_P31;PISO_4_P32;PISO_4_P41;PISO_4_P42;PISO_4_P51;PISO_4_P52,True
LT1:205:02,33.14088983050848,16.15,11.93,33.14088983050848,-0.0,11.93,8,18,lower,Y,PISO_4,PISO_4_P11;PISO_4_P12;PISO_4_P21;PISO_4_P22;PISO_4_P31;PISO_4_P32;PISO_4_P41;PISO_4_P42;PISO_4_P51;PISO_4_P52,True
LT1:205:02,33.32097457627118,16.15,11.93,33.32097457627118,-0.0,11.93,8,18,lower,Y,PISO_4,PISO_4_P11;PISO_4_P12;PISO_4_P21;PISO_4_P22;PISO_4_P31;PISO_4_P32;PISO_4_P41;PISO_4_P42;PISO_4_P51;PISO_4_P52,True
LT1:205:02,33.501059322033896,16.15,11.93,33.501059322033896,-0.0,11.93,8,18,lower,Y,PISO_4,PISO_4_P11;PISO_4_P12;PISO_4_P21;PISO_4_P22;PISO_4_P31;PISO_4_P32;PISO_4_P41;PISO_4_P42;PISO_4_P51;PISO_4_P52,True
LT1:205:02,33.68114406779661,16.15,11.93,33.68114406779661,-0.0,11.93,8,18,lower,Y,PISO_4,PISO_4_P11;PISO_4_P12;PISO_4_P21;PISO_4_P22;PISO_4_P31;PISO_4_P32;PISO_4_P41;PISO_4_P42;PISO_4_P51;PISO_4_P52,True
LT1:205:02,33.86122881355932,16.15,11.93,33.86122881355932,-0.0,11.93,8,18,lower,Y,PISO_4,PISO_4_P11;PISO_4_P12;PISO_4_P21;PISO_4_P22;PISO_4_P31;PISO_4_P32;PISO_4_P41;PISO_4_P42;PISO_4_P51;PISO_4_P52,True
LT1:205:02,34.041313559322035,16.15,11.93,34.041313559322035,-0.0,11.93,8,18,lower,Y,PISO_4,PISO_4_P11;PISO_4_P12;PISO_4_P21;PISO_4_P22;PISO_4_P31;PISO_4_P32;PISO_4_P41;PISO_4_P42;PISO_4_P51;PISO_4_P52,True
LT1:205:02,34.22139830508475,16.15,11.93,34.22139830508475,-0.0,11.93,8,18,lower,Y,PISO_4,PISO_4_P11;PISO_4_P12;PISO_4_P21;PISO_4_P22;PISO_4_P31;PISO_4_P32;PISO_4_P41;PISO_4_P42;PISO_4_P51;PISO_4_P52,True
LT1:205:02,34.40148305084746,16.15,11.93,34.40148305084746,-0.0,11.93,8,18,lower,Y,PISO_4,PISO_4_P11;PISO_4_P12;PISO_4_P21;PISO_4_P22;PISO_4_P31;PISO_4_P32;PISO_4_P41;PISO_4_P42;PISO_4_P51;PISO_4_P52,True
LT1:205:02,34.58156779661017,16.15,11.93,34.58156779661017,-0.0,11.93,8,18,lower,Y,PISO_4,PISO_4_P11;PISO_4_P12;PISO_4_P21;PISO_4_P22;PISO_4_P31;PISO_4_P32;PISO_4_P41;PISO_4_P42;PISO_4_P51;PISO_4_P52,True
LT1:205:02,34.76165254237288,16.15,11.93,34.76165254237288,-0.0,11.93,8,18,lower,Y,PISO_4,PISO_4_P11;PISO_4_P12;PISO_4_P21;PISO_4_P22;PISO_4_P31;PISO_4_P32;PISO_4_P41;PISO_4_P42;PISO_4_P51;PISO_4_P52,True
LT1:205:02,34.94173728813559,16.15,11.93,34.94173728813559,-0.0,11.93,8,18,lower,Y,PISO_4,PISO_4_P11;PISO_4_P12;PISO_4_P21;PISO_4_P22;PISO_4_P31;PISO_4_P32;PISO_4_P41;PISO_4_P42;PISO_4_P51;PISO_4_P52,True
LT1:205:02,35.121822033898304,16.15,11.93,35.121822033898304,-0.0,11.93,8,18,lower,Y,PISO_4,PISO_4_P11;PISO_4_P12;PISO_4_P21;PISO_4_P22;PISO_4_P31;PISO_4_P32;PISO_4_P41;PISO_4_P42;PISO_4_P51;PISO_4_P52,True
LT1:205:02,35.30190677966102,16.15,11.93,35.30190677966102,-0.0,11.93,8,18,lower,Y,PISO_4,PISO_4_P11;PISO_4_P12;PISO_4_P21;PISO_4_P22;PISO_4_P31;PISO_4_P32;PISO_4_P41;PISO_4_P42;PISO_4_P51;PISO_4_P52,True
LT1:205:02,35.48199152542373,16.15,11.93,35.48199152542373,-0.0,11.93,8,18,lower,Y,PISO_4,PISO_4_P11;PISO_4_P12;PISO_4_P21;PISO_4_P22;PISO_4_P31;PISO_4_P32;PISO_4_P41;PISO_4_P42;PISO_4_P51;PISO_4_P52,True
LT1:205:02,35.66207627118644,16.15,11.93,35.66207627118644,-0.0,11.93,8,18,lower,Y,PISO_4,PISO_4_P11;PISO_4_P12;PISO_4_P21;PISO_4_P22;PISO_4_P31;PISO_4_P32;PISO_4_P41;PISO_4_P42;PISO_4_P51;PISO_4_P52,True
LT1:205:02,35.84216101694915,16.15,11.93,35.84216101694915,-0.0,11.93,8,18,lower,Y,PISO_4,PISO_4_P11;PISO_4_P12;PISO_4_P21;PISO_4_P22;PISO_4_P31;PISO_4_P32;PISO_4_P41;PISO_4_P42;PISO_4_P51;PISO_4_P52,True
LT1:205:02,36.02224576271186,16.15,11.93,36.02224576271186,-0.0,11.93,8,18,lower,Y,PISO_4,PISO_4_P11;PISO_4_P12;PISO_4_P21;PISO_4_P22;PISO_4_P31;PISO_4_P32;PISO_4_P41;PISO_4_P42;PISO_4_P51;PISO_4_P52,True
LT1:205:02,36.202330508474574,16.15,11.93,36.202330508474574,-0.0,11.93,8,18,lower,Y,PISO_4,PISO_4_P11;PISO_4_P12;PISO_4_P21;PISO_4_P22;PISO_4_P31;PISO_4_P32;PISO_4_P41;PISO_4_P42;PISO_4_P51;PISO_4_P52,True
LT1:205:02,36.38241525423729,16.15,11.93,36.38241525423729,-0.0,11.93,8,18,lower,Y,PISO_4,PISO_4_P11;PISO_4_P12;PISO_4_P21;PISO_4_P22;PISO_4_P31;PISO_4_P32;PISO_4_P41;PISO_4_P42;PISO_4_P51;PISO_4_P52,True
LT1:205:02,36.5625,16.15,11.93,36.5625,-0.0,11.93,8,18,lower,Y,PISO_4,PISO_4_P11;PISO_4_P12;PISO_4_P21;PISO_4_P22;PISO_4_P31;PISO_4_P32;PISO_4_P41;PISO_4_P42;PISO_4_P51;PISO_4_P52,True
LT1:205:02,36.74258474576271,16.15,11.93,36.74258474576271,-0.0,11.93,8,18,lower,Y,PISO_4,PISO_4_P11;PISO_4_P12;PISO_4_P21;PISO_4_P22;PISO_4_P31;PISO_4_P32;PISO_4_P41;PISO_4_P42;PISO_4_P51;PISO_4_P52,True
LT1:205:02,36.922669491525426,16.15,11.93,36.922669491525426,-0.0,11.93,8,18,lower,Y,PISO_4,PISO_4_P11;PISO_4_P12;PISO_4_P21;PISO_4_P22;PISO_4_P31;PISO_4_P32;PISO_4_P41;PISO_4_P42;PISO_4_P51;PISO_4_P52,True
LT1:205:02,37.10275423728814,16.15,11.93,37.10275423728814,-0.0,11.93,8,18,lower,Y,PISO_4,PISO_4_P11;PISO_4_P12;PISO_4_P21;PISO_4_P22;PISO_4_P31;PISO_4_P32;PISO_4_P41;PISO_4_P42;PISO_4_P51;PISO_4_P52,True
LT1:205:02,37.28283898305085,16.15,11.93,37.28283898305085,-0.0,11.93,8,18,lower,Y,PISO_4,PISO_4_P11;PISO_4_P12;PISO_4_P21;PISO_4_P22;PISO_4_P31;PISO_4_P32;PISO_4_P41;PISO_4_P42;PISO_4_P51;PISO_4_P52,True
LT1:205:02,37.46292372881356,16.15,11.93,37.46292372881356,-0.0,11.93,8,18,lower,Y,PISO_4,PISO_4_P11;PISO_4_P12;PISO_4_P21;PISO_4_P22;PISO_4_P31;PISO_4_P32;PISO_4_P41;PISO_4_P42;PISO_4_P51;PISO_4_P52,True
LT1:205:02,37.64300847457627,16.15,11.93,37.64300847457627,-0.0,11.93,8,18,lower,Y,PISO_4,PISO_4_P11;PISO_4_P12;PISO_4_P21;PISO_4_P22;PISO_4_P31;PISO_4_P32;PISO_4_P41;PISO_4_P42;PISO_4_P51;PISO_4_P52,True
LT1:205:02,37.82309322033898,16.15,11.93,37.82309322033898,-0.0,11.93,8,18,lower,Y,PISO_4,PISO_4_P11;PISO_4_P12;PISO_4_P21;PISO_4_P22;PISO_4_P31;PISO_4_P32;PISO_4_P41;PISO_4_P42;PISO_4_P51;PISO_4_P52,True
LT1:205:02,38.003177966101696,16.15,11.93,38.003177966101696,-0.0,11.93,8,18,lower,Y,PISO_4,PISO_4_P11;PISO_4_P12;PISO_4_P21;PISO_4_P22;PISO_4_P31;PISO_4_P32;PISO_4_P41;PISO_4_P42;PISO_4_P51;PISO_4_P52,True
LT1:205:02,38.18326271186441,16.15,11.93,38.18326271186441,-0.0,11.93,8,18,lower,Y,PISO_4,PISO_4_P11;PISO_4_P12;PISO_4_P21;PISO_4_P22;PISO_4_P31;PISO_4_P32;PISO_4_P41;PISO_4_P42;PISO_4_P51;PISO_4_P52,True
LT1:205:02,38.36334745762712,16.15,11.93,38.36334745762712,-0.0,11.93,8,18,lower,Y,PISO_4,PISO_4_P11;PISO_4_P12;PISO_4_P21;PISO_4_P22;PISO_4_P31;PISO_4_P32;PISO_4_P41;PISO_4_P42;PISO_4_P51;PISO_4_P52,True
LT1:205:02,38.54343220338983,16.15,11.93,38.54343220338983,-0.0,11.93,8,18,lower,Y,PISO_4,PISO_4_P11;PISO_4_P12;PISO_4_P21;PISO_4_P22;PISO_4_P31;PISO_4_P32;PISO_4_P41;PISO_4_P42;PISO_4_P51;PISO_4_P52,True
LT1:205:02,38.72351694915254,16.15,11.93,38.72351694915254,-0.0,11.93,8,18,lower,Y,PISO_4,PISO_4_P11;PISO_4_P12;PISO_4_P21;PISO_4_P22;PISO_4_P31;PISO_4_P32;PISO_4_P41;PISO_4_P42;PISO_4_P51;PISO_4_P52,True
LT1:205:02,38.90360169491525,16.15,11.93,38.90360169491525,-0.0,11.93,8,18,lower,Y,PISO_4,PISO_4_P11;PISO_4_P12;PISO_4_P21;PISO_4_P22;PISO_4_P31;PISO_4_P32;PISO_4_P41;PISO_4_P42;PISO_4_P51;PISO_4_P52,True
LT1:205:02,39.083686440677965,16.15,11.93,39.083686440677965,-0.0,11.93,8,18,lower,Y,PISO_4,PISO_4_P11;PISO_4_P12;PISO_4_P21;PISO_4_P22;PISO_4_P31;PISO_4_P32;PISO_4_P41;PISO_4_P42;PISO_4_P51;PISO_4_P52,True
LT1:205:02,39.26377118644068,16.15,11.93,39.26377118644068,-0.0,11.93,8,18,lower,Y,PISO_4,PISO_4_P11;PISO_4_P12;PISO_4_P21;PISO_4_P22;PISO_4_P31;PISO_4_P32;PISO_4_P41;PISO_4_P42;PISO_4_P51;PISO_4_P52,True
LT1:205:02,39.44385593220339,16.15,11.93,39.44385593220339,-0.0,11.93,8,18,lower,Y,PISO_4,PISO_4_P11;PISO_4_P12;PISO_4_P21;PISO_4_P22;PISO_4_P31;PISO_4_P32;PISO_4_P41;PISO_4_P42;PISO_4_P51;PISO_4_P52,True
LT1:205:02,39.623940677966104,16.15,11.93,39.623940677966104,-0.0,11.93,8,18,lower,Y,PISO_4,PISO_4_P11;PISO_4_P12;PISO_4_P21;PISO_4_P22;PISO_4_P31;PISO_4_P32;PISO_4_P41;PISO_4_P42;PISO_4_P51;PISO_4_P52,True
LT1:205:02,39.80402542372882,16.15,11.93,39.80402542372882,-0.0,11.93,8,18,lower,Y,PISO_4,PISO_4_P11;PISO_4_P12;PISO_4_P21;PISO_4_P22;PISO_4_P31;PISO_4_P32;PISO_4_P41;PISO_4_P42;PISO_4_P51;PISO_4_P52,True
LT1:205:02,39.98411016949153,16.15,11.93,39.98411016949153,-0.0,11.93,8,18,lower,Y,PISO_4,PISO_4_P11;PISO_4_P12;PISO_4_P21;PISO_4_P22;PISO_4_P31;PISO_4_P32;PISO_4_P41;PISO_4_P42;PISO_4_P51;PISO_4_P52,True
LT1:205:02,40.164194915254235,16.15,11.93,40.164194915254235,-0.0,11.93,8,18,lower,Y,PISO_4,PISO_4_P11;PISO_4_P12;PISO_4_P21;PISO_4_P22;PISO_4_P31;PISO_4_P32;PISO_4_P41;PISO_4_P42;PISO_4_P51;PISO_4_P52,True
LT1:205:02,40.34427966101695,16.15,11.93,40.34427966101695,-0.0,11.93,8,18,lower,Y,PISO_4,PISO_4_P11;PISO_4_P12;PISO_4_P21;PISO_4_P22;PISO_4_P31;PISO_4_P32;PISO_4_P41;PISO_4_P42;PISO_4_P51;PISO_4_P52,True
LT1:205:02,40.52436440677966,16.15,11.93,40.52436440677966,-0.0,11.93,8,18,lower,Y,PISO_4,PISO_4_P11;PISO_4_P12;PISO_4_P21;PISO_4_P22;PISO_4_P31;PISO_4_P32;PISO_4_P41;PISO_4_P42;PISO_4_P51;PISO_4_P52,True
LT1:205:02,40.704449152542374,16.15,11.93,40.704449152542374,-0.0,11.93,8,18,lower,Y,PISO_4,PISO_4_P11;PISO_4_P12;PISO_4_P21;PISO_4_P22;PISO_4_P31;PISO_4_P32;PISO_4_P41;PISO_4_P42;PISO_4_P51;PISO_4_P52,True
LT1:205:02,40.88453389830509,16.15,11.93,40.88453389830509,-0.0,11.93,8,18,lower,Y,PISO_4,PISO_4_P11;PISO_4_P12;PISO_4_P21;PISO_4_P22;PISO_4_P31;PISO_4_P32;PISO_4_P41;PISO_4_P42;PISO_4_P51;PISO_4_P52,True
LT1:205:02,41.06461864406779,16.15,11.93,41.06461864406779,-0.0,11.93,8,18,lower,Y,PISO_4,PISO_4_P11;PISO_4_P12;PISO_4_P21;PISO_4_P22;PISO_4_P31;PISO_4_P32;PISO_4_P41;PISO_4_P42;PISO_4_P51;PISO_4_P52,True
LT1:205:02,41.244703389830505,16.15,11.93,41.244703389830505,-0.0,11.93,8,18,lower,Y,PISO_4,PISO_4_P11;PISO_4_P12;PISO_4_P21;PISO_4_P22;PISO_4_P31;PISO_4_P32;PISO_4_P41;PISO_4_P42;PISO_4_P51;PISO_4_P52,True
LT1:205:02,41.42478813559322,16.15,11.93,41.42478813559322,-0.0,11.93,8,18,lower,Y,PISO_4,PISO_4_P11;PISO_4_P12;PISO_4_P21;PISO_4_P22;PISO_4_P31;PISO_4_P32;PISO_4_P41;PISO_4_P42;PISO_4_P51;PISO_4_P52,True
LT1:205:02,41.60487288135593,16.15,11.93,41.60487288135593,-0.0,11.93,8,18,lower,Y,PISO_4,PISO_4_P11;PISO_4_P12;PISO_4_P21;PISO_4_P22;PISO_4_P31;PISO_4_P32;PISO_4_P41;PISO_4_P42;PISO_4_P51;PISO_4_P52,True
LT1:205:02,41.784957627118644,16.15,11.93,41.784957627118644,-0.0,11.93,8,18,lower,Y,PISO_4,PISO_4_P11;PISO_4_P12;PISO_4_P21;PISO_4_P22;PISO_4_P31;PISO_4_P32;PISO_4_P41;PISO_4_P42;PISO_4_P51;PISO_4_P52,True
LT1:205:02,41.965042372881356,16.15,11.93,41.965042372881356,-0.0,11.93,8,18,lower,Y,PISO_4,PISO_4_P11;PISO_4_P12;PISO_4_P21;PISO_4_P22;PISO_4_P31;PISO_4_P32;PISO_4_P41;PISO_4_P42;PISO_4_P51;PISO_4_P52,True
LT1:205:02,42.14512711864407,16.15,11.93,42.14512711864407,-0.0,11.93,8,18,lower,Y,PISO_4,PISO_4_P11;PISO_4_P12;PISO_4_P21;PISO_4_P22;PISO_4_P31;PISO_4_P32;PISO_4_P41;PISO_4_P42;PISO_4_P51;PISO_4_P52,True
LT1:205:02,42.32521186440678,16.15,11.93,42.32521186440678,-0.0,11.93,8,18,lower,Y,PISO_4,PISO_4_P11;PISO_4_P12;PISO_4_P21;PISO_4_P22;PISO_4_P31;PISO_4_P32;PISO_4_P41;PISO_4_P42;PISO_4_P51;PISO_4_P52,True
LT1:205:02,42.505296610169495,16.15,11.93,42.505296610169495,-0.0,11.93,8,18,lower,Y,PISO_4,PISO_4_P11;PISO_4_P12;PISO_4_P21;PISO_4_P22;PISO_4_P31;PISO_4_P32;PISO_4_P41;PISO_4_P42;PISO_4_P51;PISO_4_P52,True
LT1:205:02,42.68538135593221,16.15,11.93,42.68538135593221,-0.0,11.93,8,18,lower,Y,PISO_4,PISO_4_P11;PISO_4_P12;PISO_4_P21;PISO_4_P22;PISO_4_P31;PISO_4_P32;PISO_4_P41;PISO_4_P42;PISO_4_P51;PISO_4_P52,True
LT1:205:02,42.86546610169491,16.15,11.93,42.86546610169491,-0.0,11.93,8,18,lower,Y,PISO_4,PISO_4_P11;PISO_4_P12;PISO_4_P21;PISO_4_P22;PISO_4_P31;PISO_4_P32;PISO_4_P41;PISO_4_P42;PISO_4_P51;PISO_4_P52,True
LT1:205:02,43.045550847457626,16.15,11.93,43.045550847457626,-0.0,11.93,8,18,lower,Y,PISO_4,PISO_4_P11;PISO_4_P12;PISO_4_P21;PISO_4_P22;PISO_4_P31;PISO_4_P32;PISO_4_P41;PISO_4_P42;PISO_4_P51;PISO_4_P52,True
LT1:205:02,43.22563559322034,16.15,11.93,43.22563559322034,-0.0,11.93,8,18,lower,Y,PISO_4,PISO_4_P11;PISO_4_P12;PISO_4_P21;PISO_4_P22;PISO_4_P31;PISO_4_P32;PISO_4_P41;PISO_4_P42;PISO_4_P51;PISO_4_P52,True
LT1:205:02,43.40572033898305,16.15,11.93,43.40572033898305,-0.0,11.93,8,18,lower,Y,PISO_4,PISO_4_P11;PISO_4_P12;PISO_4_P21;PISO_4_P22;PISO_4_P31;PISO_4_P32;PISO_4_P41;PISO_4_P42;PISO_4_P51;PISO_4_P52,True
LT1:205:02,43.585805084745765,16.15,11.93,43.585805084745765,-0.0,11.93,8,18,lower,Y,PISO_4,PISO_4_P11;PISO_4_P12;PISO_4_P21;PISO_4_P22;PISO_4_P31;PISO_4_P32;PISO_4_P41;PISO_4_P42;PISO_4_P51;PISO_4_P52,True
LT1:205:02,43.76588983050847,16.15,11.93,43.76588983050847,-0.0,11.93,8,18,lower,Y,PISO_4,PISO_4_P11;PISO_4_P12;PISO_4_P21;PISO_4_P22;PISO_4_P31;PISO_4_P32;PISO_4_P41;PISO_4_P42;PISO_4_P51;PISO_4_P52,True
LT1:205:02,43.94597457627118,16.15,11.93,43.94597457627118,-0.0,11.93,8,18,lower,Y,PISO_4,PISO_4_P11;PISO_4_P12;PISO_4_P21;PISO_4_P22;PISO_4_P31;PISO_4_P32;PISO_4_P41;PISO_4_P42;PISO_4_P51;PISO_4_P52,True
LT1:205:02,44.126059322033896,16.15,11.93,44.126059322033896,-0.0,11.93,8,18,lower,Y,PISO_4,PISO_4_P11;PISO_4_P12;PISO_4_P21;PISO_4_P22;PISO_4_P31;PISO_4_P32;PISO_4_P41;PISO_4_P42;PISO_4_P51;PISO_4_P52,True
LT1:205:02,44.30614406779661,16.15,11.93,44.30614406779661,-0.0,11.93,8,18,lower,Y,PISO_4,PISO_4_P11;PISO_4_P12;PISO_4_P21;PISO_4_P22;PISO_4_P31;PISO_4_P32;PISO_4_P41;PISO_4_P42;PISO_4_P51;PISO_4_P52,True
LT1:205:02,44.48622881355932,16.15,11.93,44.48622881355932,-0.0,11.93,8,18,lower,Y,PISO_4,PISO_4_P11;PISO_4_P12;PISO_4_P21;PISO_4_P22;PISO_4_P31;PISO_4_P32;PISO_4_P41;PISO_4_P42;PISO_4_P51;PISO_4_P52,True
LT1:205:02,44.666313559322035,16.15,11.93,44.666313559322035,-0.0,11.93,8,18,lower,Y,PISO_4,PISO_4_P11;PISO_4_P12;PISO_4_P21;PISO_4_P22;PISO_4_P31;PISO_4_P32;PISO_4_P41;PISO_4_P42;PISO_4_P51;PISO_4_P52,True
LT1:205:02,44.84639830508475,16.15,11.93,44.84639830508475,-0.0,11.93,8,18,lower,Y,PISO_4,PISO_4_P11;PISO_4_P12;PISO_4_P21;PISO_4_P22;PISO_4_P31;PISO_4_P32;PISO_4_P41;PISO_4_P42;PISO_4_P51;PISO_4_P52,True
LT1:205:02,45.02648305084746,16.15,11.93,45.02648305084746,-0.0,11.93,8,18,lower,Y,PISO_4,PISO_4_P11;PISO_4_P12;PISO_4_P21;PISO_4_P22;PISO_4_P31;PISO_4_P32;PISO_4_P41;PISO_4_P42;PISO_4_P51;PISO_4_P52,True
LT1:205:02,45.20656779661017,16.15,11.93,45.20656779661017,-0.0,11.93,8,18,lower,Y,PISO_4,PISO_4_P11;PISO_4_P12;PISO_4_P21;PISO_4_P22;PISO_4_P31;PISO_4_P32;PISO_4_P41;PISO_4_P42;PISO_4_P51;PISO_4_P52,True
LT1:205:02,45.38665254237288,16.15,11.93,45.38665254237288,-0.0,11.93,8,18,lower,Y,PISO_4,PISO_4_P11;PISO_4_P12;PISO_4_P21;PISO_4_P22;PISO_4_P31;PISO_4_P32;PISO_4_P41;PISO_4_P42;PISO_4_P51;PISO_4_P52,True
LT1:205:02,45.56673728813559,16.15,11.93,45.56673728813559,-0.0,11.93,8,18,lower,Y,PISO_4,PISO_4_P11;PISO_4_P12;PISO_4_P21;PISO_4_P22;PISO_4_P31;PISO_4_P32;PISO_4_P41;PISO_4_P42;PISO_4_P51;PISO_4_P52,True
LT1:205:02,45.746822033898304,16.15,11.93,45.746822033898304,-0.0,11.93,8,18,lower,Y,PISO_4,PISO_4_P11;PISO_4_P12;PISO_4_P21;PISO_4_P22;PISO_4_P31;PISO_4_P32;PISO_4_P41;PISO_4_P42;PISO_4_P51;PISO_4_P52,True
LT1:205:02,45.92690677966102,16.15,11.93,45.92690677966102,-0.0,11.93,8,18,lower,Y,PISO_4,PISO_4_P11;PISO_4_P12;PISO_4_P21;PISO_4_P22;PISO_4_P31;PISO_4_P32;PISO_4_P41;PISO_4_P42;PISO_4_P51;PISO_4_P52,True
LT1:205:02,46.10699152542373,16.15,11.93,46.10699152542373,-0.0,11.93,8,18,lower,Y,PISO_4,PISO_4_P11;PISO_4_P12;PISO_4_P21;PISO_4_P22;PISO_4_P31;PISO_4_P32;PISO_4_P41;PISO_4_P42;PISO_4_P51;PISO_4_P52,True
LT1:205:02,46.28707627118644,16.15,11.93,46.28707627118644,-0.0,11.93,8,18,lower,Y,PISO_4,PISO_4_P11;PISO_4_P12;PISO_4_P21;PISO_4_P22;PISO_4_P31;PISO_4_P32;PISO_4_P41;PISO_4_P42;PISO_4_P51;PISO_4_P52,True
LT1:205:02,46.46716101694915,16.15,11.93,46.46716101694915,-0.0,11.93,8,18,lower,Y,PISO_4,PISO_4_P11;PISO_4_P12;PISO_4_P21;PISO_4_P22;PISO_4_P31;PISO_4_P32;PISO_4_P41;PISO_4_P42;PISO_4_P51;PISO_4_P52,True
LT1:205:02,46.64724576271186,16.15,11.93,46.64724576271186,-0.0,11.93,8,18,lower,Y,PISO_4,PISO_4_P11;PISO_4_P12;PISO_4_P21;PISO_4_P22;PISO_4_P31;PISO_4_P32;PISO_4_P41;PISO_4_P42;PISO_4_P51;PISO_4_P52,True
LT1:205:02,46.827330508474574,16.15,11.93,46.827330508474574,-0.0,11.93,8,18,lower,Y,PISO_4,PISO_4_P11;PISO_4_P12;PISO_4_P21;PISO_4_P22;PISO_4_P31;PISO_4_P32;PISO_4_P41;PISO_4_P42;PISO_4_P51;PISO_4_P52,True
LT1:205:02,47.00741525423729,16.15,11.93,47.00741525423729,-0.0,11.93,8,18,lower,Y,PISO_4,PISO_4_P11;PISO_4_P12;PISO_4_P21;PISO_4_P22;PISO_4_P31;PISO_4_P32;PISO_4_P41;PISO_4_P42;PISO_4_P51;PISO_4_P52,True
LT1:205:02,47.1875,16.15,11.93,47.1875,-0.0,11.93,8,18,lower,Y,PISO_4,PISO_4_P11;PISO_4_P12;PISO_4_P21;PISO_4_P22;PISO_4_P31;PISO_4_P32;PISO_4_P41;PISO_4_P42;PISO_4_P51;PISO_4_P52,True
LT1:205:02,47.36758474576271,16.15,11.93,47.36758474576271,-0.0,11.93,8,18,lower,Y,PISO_4,PISO_4_P11;PISO_4_P12;PISO_4_P21;PISO_4_P22;PISO_4_P31;PISO_4_P32;PISO_4_P41;PISO_4_P42;PISO_4_P51;PISO_4_P52,True
LT1:205:02,47.547669491525426,16.15,11.93,47.547669491525426,-0.0,11.93,8,18,lower,Y,PISO_4,PISO_4_P11;PISO_4_P12;PISO_4_P21;PISO_4_P22;PISO_4_P31;PISO_4_P32;PISO_4_P41;PISO_4_P42;PISO_4_P51;PISO_4_P52,True
LT1:205:02,47.72775423728814,16.15,11.93,47.72775423728814,-0.0,11.93,8,18,lower,Y,PISO_4,PISO_4_P11;PISO_4_P12;PISO_4_P21;PISO_4_P22;PISO_4_P31;PISO_4_P32;PISO_4_P41;PISO_4_P42;PISO_4_P51;PISO_4_P52,True
LT1:205:02,47.90783898305085,16.15,11.93,47.90783898305085,-0.0,11.93,8,18,lower,Y,PISO_4,PISO_4_P11;PISO_4_P12;PISO_4_P21;PISO_4_P22;PISO_4_P31;PISO_4_P32;PISO_4_P41;PISO_4_P42;PISO_4_P51;PISO_4_P52,True
LT1:205:02,48.087923728813564,16.15,11.93,48.087923728813564,-0.0,11.93,8,18,lower,Y,PISO_4,PISO_4_P11;PISO_4_P12;PISO_4_P21;PISO_4_P22;PISO_4_P31;PISO_4_P32;PISO_4_P41;PISO_4_P42;PISO_4_P51;PISO_4_P52,True
LT1:205:02,48.26800847457627,16.15,11.93,48.26800847457627,-0.0,11.93,8,18,lower,Y,PISO_4,PISO_4_P11;PISO_4_P12;PISO_4_P21;PISO_4_P22;PISO_4_P31;PISO_4_P32;PISO_4_P41;PISO_4_P42;PISO_4_P51;PISO_4_P52,True
LT1:205:02,48.44809322033898,16.15,11.93,48.44809322033898,-0.0,11.93,8,18,lower,Y,PISO_4,PISO_4_P11;PISO_4_P12;PISO_4_P21;PISO_4_P22;PISO_4_P31;PISO_4_P32;PISO_4_P41;PISO_4_P42;PISO_4_P51;PISO_4_P52,True
LT1:205:02,48.628177966101696,16.15,11.93,48.628177966101696,-0.0,11.93,8,18,lower,Y,PISO_4,PISO_4_P11;PISO_4_P12;PISO_4_P21;PISO_4_P22;PISO_4_P31;PISO_4_P32;PISO_4_P41;PISO_4_P42;PISO_4_P51;PISO_4_P52,True
LT1:205:02,48.80826271186441,16.15,11.93,48.80826271186441,-0.0,11.93,8,18,lower,Y,PISO_4,PISO_4_P11;PISO_4_P12;PISO_4_P21;PISO_4_P22;PISO_4_P31;PISO_4_P32;PISO_4_P41;PISO_4_P42;PISO_4_P51;PISO_4_P52,True
LT1:205:02,48.988347457627114,16.15,11.93,48.988347457627114,-0.0,11.93,8,18,lower,Y,PISO_4,PISO_4_P11;PISO_4_P12;PISO_4_P21;PISO_4_P22;PISO_4_P31;PISO_4_P32;PISO_4_P41;PISO_4_P42;PISO_4_P51;PISO_4_P52,True
LT1:205:02,49.16843220338983,16.15,11.93,49.16843220338983,-0.0,11.93,8,18,lower,Y,PISO_4,PISO_4_P11;PISO_4_P12;PISO_4_P21;PISO_4_P22;PISO_4_P31;PISO_4_P32;PISO_4_P41;PISO_4_P42;PISO_4_P51;PISO_4_P52,True
LT1:205:02,49.34851694915254,16.15,11.93,49.34851694915254,-0.0,11.93,8,18,lower,Y,PISO_4,PISO_4_P11;PISO_4_P12;PISO_4_P21;PISO_4_P22;PISO_4_P31;PISO_4_P32;PISO_4_P41;PISO_4_P42;PISO_4_P51;PISO_4_P52,True
LT1:205:02,49.52860169491525,16.15,11.93,49.52860169491525,-0.0,11.93,8,18,lower,Y,PISO_4,PISO_4_P11;PISO_4_P12;PISO_4_P21;PISO_4_P22;PISO_4_P31;PISO_4_P32;PISO_4_P41;PISO_4_P42;PISO_4_P51;PISO_4_P52,True
LT1:205:02,49.708686440677965,16.15,11.93,49.708686440677965,-0.0,11.93,8,18,lower,Y,PISO_4,PISO_4_P11;PISO_4_P12;PISO_4_P21;PISO_4_P22;PISO_4_P31;PISO_4_P32;PISO_4_P41;PISO_4_P42;PISO_4_P51;PISO_4_P52,True
LT1:205:02,49.88877118644068,16.15,11.93,49.88877118644068,-0.0,11.93,8,18,lower,Y,PISO_4,PISO_4_P11;PISO_4_P12;PISO_4_P21;PISO_4_P22;PISO_4_P31;PISO_4_P32;PISO_4_P41;PISO_4_P42;PISO_4_P51;PISO_4_P52,True
LT1:205:02,50.06885593220339,16.15,11.93,50.06885593220339,-0.0,11.93,8,18,lower,Y,PISO_4,PISO_4_P11;PISO_4_P12;PISO_4_P21;PISO_4_P22;PISO_4_P31;PISO_4_P32;PISO_4_P41;PISO_4_P42;PISO_4_P51;PISO_4_P52,True
LT1:205:02,50.248940677966104,16.15,11.93,50.248940677966104,-0.0,11.93,8,18,lower,Y,PISO_4,PISO_4_P11;PISO_4_P12;PISO_4_P21;PISO_4_P22;PISO_4_P31;PISO_4_P32;PISO_4_P41;PISO_4_P42;PISO_4_P51;PISO_4_P52,True
LT1:205:02,50.42902542372882,16.15,11.93,50.42902542372882,-0.0,11.93,8,18,lower,Y,PISO_4,PISO_4_P11;PISO_4_P12;PISO_4_P21;PISO_4_P22;PISO_4_P31;PISO_4_P32;PISO_4_P41;PISO_4_P42;PISO_4_P51;PISO_4_P52,True
LT1:205:02,50.60911016949153,16.15,11.93,50.60911016949153,-0.0,11.93,8,18,lower,Y,PISO_4,PISO_4_P11;PISO_4_P12;PISO_4_P21;PISO_4_P22;PISO_4_P31;PISO_4_P32;PISO_4_P41;PISO_4_P42;PISO_4_P51;PISO_4_P52,True
LT1:205:02,50.78919491525424,16.15,11.93,50.78919491525424,-0.0,11.93,8,18,lower,Y,PISO_4,PISO_4_P11;PISO_4_P12;PISO_4_P21;PISO_4_P22;PISO_4_P31;PISO_4_P32;PISO_4_P41;PISO_4_P42;PISO_4_P51;PISO_4_P52,True
LT1:205:02,50.96927966101695,16.15,11.93,50.96927966101695,-0.0,11.93,8,18,lower,Y,PISO_4,PISO_4_P11;PISO_4_P12;PISO_4_P21;PISO_4_P22;PISO_4_P31;PISO_4_P32;PISO_4_P41;PISO_4_P42;PISO_4_P51;PISO_4_P52,True
LT1:205:02,51.14936440677966,16.15,11.93,51.14936440677966,-0.0,11.93,8,18,lower,Y,PISO_4,PISO_4_P11;PISO_4_P12;PISO_4_P21;PISO_4_P22;PISO_4_P31;PISO_4_P32;PISO_4_P41;PISO_4_P42;PISO_4_P51;PISO_4_P52,True
LT1:205:02,51.329449152542374,16.15,11.93,51.329449152542374,-0.0,11.93,8,18,lower,Y,PISO_4,PISO_4_P11;PISO_4_P12;PISO_4_P21;PISO_4_P22;PISO_4_P31;PISO_4_P32;PISO_4_P41;PISO_4_P42;PISO_4_P51;PISO_4_P52,True
LT1:205:02,51.50953389830508,16.15,11.93,51.50953389830508,-0.0,11.93,8,18,lower,Y,PISO_4,PISO_4_P11;PISO_4_P12;PISO_4_P21;PISO_4_P22;PISO_4_P31;PISO_4_P32;PISO_4_P41;PISO_4_P42;PISO_4_P51;PISO_4_P52,True
LT1:205:02,51.68961864406779,16.15,11.93,51.68961864406779,-0.0,11.93,8,18,lower,Y,PISO_4,PISO_4_P11;PISO_4_P12;PISO_4_P21;PISO_4_P22;PISO_4_P31;PISO_4_P32;PISO_4_P41;PISO_4_P42;PISO_4_P51;PISO_4_P52,True
LT1:205:02,51.869703389830505,16.15,11.93,51.869703389830505,-0.0,11.93,8,18,lower,Y,PISO_4,PISO_4_P11;PISO_4_P12;PISO_4_P21;PISO_4_P22;PISO_4_P31;PISO_4_P32;PISO_4_P41;PISO_4_P42;PISO_4_P51;PISO_4_P52,True
LT1:205:02,52.04978813559322,16.15,11.93,52.04978813559322,-0.0,11.93,8,18,lower,Y,PISO_4,PISO_4_P11;PISO_4_P12;PISO_4_P21;PISO_4_P22;PISO_4_P31;PISO_4_P32;PISO_4_P41;PISO_4_P42;PISO_4_P51;PISO_4_P52,True
LT1:205:02,52.22987288135593,16.15,11.93,52.22987288135593,-0.0,11.93,8,18,lower,Y,PISO_4,PISO_4_P11;PISO_4_P12;PISO_4_P21;PISO_4_P22;PISO_4_P31;PISO_4_P32;PISO_4_P41;PISO_4_P42;PISO_4_P51;PISO_4_P52,True
LT1:205:02,52.409957627118644,16.15,11.93,52.409957627118644,-0.0,11.93,8,18,lower,Y,PISO_4,PISO_4_P11;PISO_4_P12;PISO_4_P21;PISO_4_P22;PISO_4_P31;PISO_4_P32;PISO_4_P41;PISO_4_P42;PISO_4_P51;PISO_4_P52,True
LT1:205:02,52.590042372881356,16.15,11.93,52.590042372881356,-0.0,11.93,8,18,lower,Y,PISO_4,PISO_4_P11;PISO_4_P12;PISO_4_P21;PISO_4_P22;PISO_4_P31;PISO_4_P32;PISO_4_P41;PISO_4_P42;PISO_4_P51;PISO_4_P52,True
LT1:205:02,52.77012711864407,16.15,11.93,52.77012711864407,-0.0,11.93,8,18,lower,Y,PISO_4,PISO_4_P11;PISO_4_P12;PISO_4_P21;PISO_4_P22;PISO_4_P31;PISO_4_P32;PISO_4_P41;PISO_4_P42;PISO_4_P51;PISO_4_P52,True
LT1:205:02,52.95021186440678,16.15,11.93,52.95021186440678,-0.0,11.93,8,18,lower,Y,PISO_4,PISO_4_P11;PISO_4_P12;PISO_4_P21;PISO_4_P22;PISO_4_P31;PISO_4_P32;PISO_4_P41;PISO_4_P42;PISO_4_P51;PISO_4_P52,True
LT1:205:02,53.130296610169495,16.15,11.93,53.130296610169495,-0.0,11.93,8,18,lower,Y,PISO_4,PISO_4_P11;PISO_4_P12;PISO_4_P21;PISO_4_P22;PISO_4_P31;PISO_4_P32;PISO_4_P41;PISO_4_P42;PISO_4_P51;PISO_4_P52,True
LT1:205:02,53.31038135593221,16.15,11.93,53.31038135593221,-0.0,11.93,8,18,lower,Y,PISO_4,PISO_4_P11;PISO_4_P12;PISO_4_P21;PISO_4_P22;PISO_4_P31;PISO_4_P32;PISO_4_P41;PISO_4_P42;PISO_4_P51;PISO_4_P52,True
LT1:205:02,53.49046610169492,16.15,11.93,53.49046610169492,-0.0,11.93,8,18,lower,Y,PISO_4,PISO_4_P11;PISO_4_P12;PISO_4_P21;PISO_4_P22;PISO_4_P31;PISO_4_P32;PISO_4_P41;PISO_4_P42;PISO_4_P51;PISO_4_P52,True
LT1:205:02,53.670550847457626,16.15,11.93,53.670550847457626,-0.0,11.93,8,18,lower,Y,PISO_4,PISO_4_P11;PISO_4_P12;PISO_4_P21;PISO_4_P22;PISO_4_P31;PISO_4_P32;PISO_4_P41;PISO_4_P42;PISO_4_P51;PISO_4_P52,True
LT1:205:02,53.85063559322034,16.15,11.93,53.85063559322034,-0.0,11.93,8,18,lower,Y,PISO_4,PISO_4_P11;PISO_4_P12;PISO_4_P21;PISO_4_P22;PISO_4_P31;PISO_4_P32;PISO_4_P41;PISO_4_P42;PISO_4_P51;PISO_4_P52,True
LT1:205:02,54.03072033898305,16.15,11.93,54.03072033898305,-0.0,11.93,8,18,lower,Y,PISO_4,PISO_4_P11;PISO_4_P12;PISO_4_P21;PISO_4_P22;PISO_4_P31;PISO_4_P32;PISO_4_P41;PISO_4_P42;PISO_4_P51;PISO_4_P52,True
LT1:205:02,54.21080508474576,16.15,11.93,54.21080508474576,-0.0,11.93,8,18,lower,Y,PISO_4,PISO_4_P11;PISO_4_P12;PISO_4_P21;PISO_4_P22;PISO_4_P31;PISO_4_P32;PISO_4_P41;PISO_4_P42;PISO_4_P51;PISO_4_P52,True
LT1:205:02,54.39088983050847,16.15,11.93,54.39088983050847,-0.0,11.93,8,18,lower,Y,PISO_4,PISO_4_P11;PISO_4_P12;PISO_4_P21;PISO_4_P22;PISO_4_P31;PISO_4_P32;PISO_4_P41;PISO_4_P42;PISO_4_P51;PISO_4_P52,True
LT1:205:02,54.57097457627118,16.15,11.93,54.57097457627118,-0.0,11.93,8,18,lower,Y,PISO_4,PISO_4_P11;PISO_4_P12;PISO_4_P21;PISO_4_P22;PISO_4_P31;PISO_4_P32;PISO_4_P41;PISO_4_P42;PISO_4_P51;PISO_4_P52,True
LT1:205:02,54.751059322033896,16.15,11.93,54.751059322033896,-0.0,11.93,8,18,lower,Y,PISO_4,PISO_4_P11;PISO_4_P12;PISO_4_P21;PISO_4_P22;PISO_4_P31;PISO_4_P32;PISO_4_P41;PISO_4_P42;PISO_4_P51;PISO_4_P52,True
LT1:205:02,54.93114406779661,16.15,11.93,54.93114406779661,-0.0,11.93,8,18,lower,Y,PISO_4,PISO_4_P11;PISO_4_P12;PISO_4_P21;PISO_4_P22;PISO_4_P31;PISO_4_P32;PISO_4_P41;PISO_4_P42;PISO_4_P51;PISO_4_P52,True
LT1:205:02,55.11122881355932,16.15,11.93,55.11122881355932,-0.0,11.93,8,18,lower,Y,PISO_4,PISO_4_P11;PISO_4_P12;PISO_4_P21;PISO_4_P22;PISO_4_P31;PISO_4_P32;PISO_4_P41;PISO_4_P42;PISO_4_P51;PISO_4_P52,True
LT1:205:02,55.291313559322035,16.15,11.93,55.291313559322035,-0.0,11.93,8,18,lower,Y,PISO_4,PISO_4_P11;PISO_4_P12;PISO_4_P21;PISO_4_P22;PISO_4_P31;PISO_4_P32;PISO_4_P41;PISO_4_P42;PISO_4_P51;PISO_4_P52,True
LT1:205:02,55.47139830508475,16.15,11.93,55.47139830508475,-0.0,11.93,8,18,lower,Y,PISO_4,PISO_4_P11;PISO_4_P12;PISO_4_P21;PISO_4_P22;PISO_4_P31;PISO_4_P32;PISO_4_P41;PISO_4_P42;PISO_4_P51;PISO_4_P52,True
LT1:205:02,55.65148305084746,16.15,11.93,55.65148305084746,-0.0,11.93,8,18,lower,Y,PISO_4,PISO_4_P11;PISO_4_P12;PISO_4_P21;PISO_4_P22;PISO_4_P31;PISO_4_P32;PISO_4_P41;PISO_4_P42;PISO_4_P51;PISO_4_P52,True
LT1:205:02,55.83156779661017,16.15,11.93,55.83156779661017,-0.0,11.93,8,18,lower,Y,PISO_4,PISO_4_P11;PISO_4_P12;PISO_4_P21;PISO_4_P22;PISO_4_P31;PISO_4_P32;PISO_4_P41;PISO_4_P42;PISO_4_P51;PISO_4_P52,True
LT1:205:02,56.011652542372886,16.15,11.93,56.011652542372886,-0.0,11.93,8,18,lower,Y,PISO_4,PISO_4_P11;PISO_4_P12;PISO_4_P21;PISO_4_P22;PISO_4_P31;PISO_4_P32;PISO_4_P41;PISO_4_P42;PISO_4_P51;PISO_4_P52,True
LT1:205:02,56.19173728813559,16.15,11.93,56.19173728813559,-0.0,11.93,8,18,lower,Y,PISO_4,PISO_4_P11;PISO_4_P12;PISO_4_P21;PISO_4_P22;PISO_4_P31;PISO_4_P32;PISO_4_P41;PISO_4_P42;PISO_4_P51;PISO_4_P52,True
LT1:205:02,56.371822033898304,16.15,11.93,56.371822033898304,-0.0,11.93,8,18,lower,Y,PISO_4,PISO_4_P11;PISO_4_P12;PISO_4_P21;PISO_4_P22;PISO_4_P31;PISO_4_P32;PISO_4_P41;PISO_4_P42;PISO_4_P51;PISO_4_P52,True
LT1:205:02,56.55190677966102,16.15,11.93,56.55190677966102,-0.0,11.93,8,18,lower,Y,PISO_4,PISO_4_P11;PISO_4_P12;PISO_4_P21;PISO_4_P22;PISO_4_P31;PISO_4_P32;PISO_4_P41;PISO_4_P42;PISO_4_P51;PISO_4_P52,True
LT1:205:02,56.73199152542373,16.15,11.93,56.73199152542373,-0.0,11.93,8,18,lower,Y,PISO_4,PISO_4_P11;PISO_4_P12;PISO_4_P21;PISO_4_P22;PISO_4_P31;PISO_4_P32;PISO_4_P41;PISO_4_P42;PISO_4_P51;PISO_4_P52,True
LT1:205:02,56.912076271186436,16.15,11.93,56.912076271186436,-0.0,11.93,8,18,lower,Y,PISO_4,PISO_4_P11;PISO_4_P12;PISO_4_P21;PISO_4_P22;PISO_4_P31;PISO_4_P32;PISO_4_P41;PISO_4_P42;PISO_4_P51;PISO_4_P52,True
LT1:205:02,57.09216101694915,16.15,11.93,57.09216101694915,-0.0,11.93,8,18,lower,Y,PISO_4,PISO_4_P11;PISO_4_P12;PISO_4_P21;PISO_4_P22;PISO_4_P31;PISO_4_P32;PISO_4_P41;PISO_4_P42;PISO_4_P51;PISO_4_P52,True
LT1:205:02,57.27224576271186,16.15,11.93,57.27224576271186,-0.0,11.93,8,18,lower,Y,PISO_4,PISO_4_P11;PISO_4_P12;PISO_4_P21;PISO_4_P22;PISO_4_P31;PISO_4_P32;PISO_4_P41;PISO_4_P42;PISO_4_P51;PISO_4_P52,True
LT1:205:02,57.452330508474574,16.15,11.93,57.452330508474574,-0.0,11.93,8,18,lower,Y,PISO_4,PISO_4_P11;PISO_4_P12;PISO_4_P21;PISO_4_P22;PISO_4_P31;PISO_4_P32;PISO_4_P41;PISO_4_P42;PISO_4_P51;PISO_4_P52,True
LT1:205:02,57.63241525423729,16.15,11.93,57.63241525423729,-0.0,11.93,8,18,lower,Y,PISO_4,PISO_4_P11;PISO_4_P12;PISO_4_P21;PISO_4_P22;PISO_4_P31;PISO_4_P32;PISO_4_P41;PISO_4_P42;PISO_4_P51;PISO_4_P52,True
LT1:205:02,57.8125,16.15,11.93,57.8125,-0.0,11.93,8,18,lower,Y,PISO_4,PISO_4_P11;PISO_4_P12;PISO_4_P21;PISO_4_P22;PISO_4_P31;PISO_4_P32;PISO_4_P41;PISO_4_P42;PISO_4_P51;PISO_4_P52,True
LT1:205:02,57.99258474576271,16.15,11.93,57.99258474576271,-0.0,11.93,8,18,lower,Y,PISO_4,PISO_4_P11;PISO_4_P12;PISO_4_P21;PISO_4_P22;PISO_4_P31;PISO_4_P32;PISO_4_P41;PISO_4_P42;PISO_4_P51;PISO_4_P52,True
LT1:205:02,58.172669491525426,16.15,11.93,58.172669491525426,-0.0,11.93,8,18,lower,Y,PISO_4,PISO_4_P11;PISO_4_P12;PISO_4_P21;PISO_4_P22;PISO_4_P31;PISO_4_P32;PISO_4_P41;PISO_4_P42;PISO_4_P51;PISO_4_P52,True
LT1:205:02,58.35275423728814,16.15,11.93,58.35275423728814,-0.0,11.93,8,18,lower,Y,PISO_4,PISO_4_P11;PISO_4_P12;PISO_4_P21;PISO_4_P22;PISO_4_P31;PISO_4_P32;PISO_4_P41;PISO_4_P42;PISO_4_P51;PISO_4_P52,True
LT1:205:02,58.53283898305085,16.15,11.93,58.53283898305085,-0.0,11.93,8,18,lower,Y,PISO_4,PISO_4_P11;PISO_4_P12;PISO_4_P21;PISO_4_P22;PISO_4_P31;PISO_4_P32;PISO_4_P41;PISO_4_P42;PISO_4_P51;PISO_4_P52,True
LT1:205:02,58.712923728813564,16.15,11.93,58.712923728813564,-0.0,11.93,8,18,lower,Y,PISO_4,PISO_4_P11;PISO_4_P12;PISO_4_P21;PISO_4_P22;PISO_4_P31;PISO_4_P32;PISO_4_P41;PISO_4_P42;PISO_4_P51;PISO_4_P52,True
LT1:205:02,58.89300847457627,16.15,11.93,58.89300847457627,-0.0,11.93,8,18,lower,Y,PISO_4,PISO_4_P11;PISO_4_P12;PISO_4_P21;PISO_4_P22;PISO_4_P31;PISO_4_P32;PISO_4_P41;PISO_4_P42;PISO_4_P51;PISO_4_P52,True
LT1:205:02,59.07309322033898,16.15,11.93,59.07309322033898,-0.0,11.93,8,18,lower,Y,PISO_4,PISO_4_P11;PISO_4_P12;PISO_4_P21;PISO_4_P22;PISO_4_P31;PISO_4_P32;PISO_4_P41;PISO_4_P42;PISO_4_P51;PISO_4_P52,True
LT1:205:02,59.253177966101696,16.15,11.93,59.253177966101696,-0.0,11.93,8,18,lower,Y,PISO_4,PISO_4_P11;PISO_4_P12;PISO_4_P21;PISO_4_P22;PISO_4_P31;PISO_4_P32;PISO_4_P41;PISO_4_P42;PISO_4_P51;PISO_4_P52,True
LT1:205:02,59.43326271186441,16.15,11.93,59.43326271186441,-0.0,11.93,8,18,lower,Y,PISO_4,PISO_4_P11;PISO_4_P12;PISO_4_P21;PISO_4_P22;PISO_4_P31;PISO_4_P32;PISO_4_P41;PISO_4_P42;PISO_4_P51;PISO_4_P52,True
LT1:205:02,59.613347457627114,16.15,11.93,59.613347457627114,-0.0,11.93,8,18,lower,Y,PISO_4,PISO_4_P11;PISO_4_P12;PISO_4_P21;PISO_4_P22;PISO_4_P31;PISO_4_P32;PISO_4_P41;PISO_4_P42;PISO_4_P51;PISO_4_P52,True
LT1:205:02,59.79343220338983,16.15,11.93,59.79343220338983,-0.0,11.93,8,18,lower,Y,PISO_4,PISO_4_P11;PISO_4_P12;PISO_4_P21;PISO_4_P22;PISO_4_P31;PISO_4_P32;PISO_4_P41;PISO_4_P42;PISO_4_P51;PISO_4_P52,True
LT1:205:02,59.97351694915254,16.15,11.93,59.97351694915254,-0.0,11.93,8,18,lower,Y,PISO_4,PISO_4_P11;PISO_4_P12;PISO_4_P21;PISO_4_P22;PISO_4_P31;PISO_4_P32;PISO_4_P41;PISO_4_P42;PISO_4_P51;PISO_4_P52,True
LT1:205:02,60.15360169491525,16.15,11.93,60.15360169491525,-0.0,11.93,8,18,lower,Y,PISO_4,PISO_4_P11;PISO_4_P12;PISO_4_P21;PISO_4_P22;PISO_4_P31;PISO_4_P32;PISO_4_P41;PISO_4_P42;PISO_4_P51;PISO_4_P52,True
LT1:205:02,60.333686440677965,16.15,11.93,60.333686440677965,-0.0,11.93,8,18,lower,Y,PISO_4,PISO_4_P11;PISO_4_P12;PISO_4_P21;PISO_4_P22;PISO_4_P31;PISO_4_P32;PISO_4_P41;PISO_4_P42;PISO_4_P51;PISO_4_P52,True
LT1:205:02,60.51377118644068,16.15,11.93,60.51377118644068,-0.0,11.93,8,18,lower,Y,PISO_4,PISO_4_P11;PISO_4_P12;PISO_4_P21;PISO_4_P22;PISO_4_P31;PISO_4_P32;PISO_4_P41;PISO_4_P42;PISO_4_P51;PISO_4_P52,True
LT1:205:02,60.69385593220339,16.15,11.93,60.69385593220339,-0.0,11.93,8,18,lower,Y,PISO_4,PISO_4_P11;PISO_4_P12;PISO_4_P21;PISO_4_P22;PISO_4_P31;PISO_4_P32;PISO_4_P41;PISO_4_P42;PISO_4_P51;PISO_4_P52,True
LT1:205:02,60.873940677966104,16.15,11.93,60.873940677966104,-0.0,11.93,8,18,lower,Y,PISO_4,PISO_4_P11;PISO_4_P12;PISO_4_P21;PISO_4_P22;PISO_4_P31;PISO_4_P32;PISO_4_P41;PISO_4_P42;PISO_4_P51;PISO_4_P52,True
LT1:205:02,61.05402542372882,16.15,11.93,61.05402542372882,-0.0,11.93,8,18,lower,Y,PISO_4,PISO_4_P11;PISO_4_P12;PISO_4_P21;PISO_4_P22;PISO_4_P31;PISO_4_P32;PISO_4_P41;PISO_4_P42;PISO_4_P51;PISO_4_P52,True
LT1:205:02,61.23411016949153,16.15,11.93,61.23411016949153,-0.0,11.93,8,18,lower,Y,PISO_4,PISO_4_P11;PISO_4_P12;PISO_4_P21;PISO_4_P22;PISO_4_P31;PISO_4_P32;PISO_4_P41;PISO_4_P42;PISO_4_P51;PISO_4_P52,True
LT1:205:02,61.41419491525424,16.15,11.93,61.41419491525424,-0.0,11.93,8,18,lower,Y,PISO_4,PISO_4_P11;PISO_4_P12;PISO_4_P21;PISO_4_P22;PISO_4_P31;PISO_4_P32;PISO_4_P41;PISO_4_P42;PISO_4_P51;PISO_4_P52,True
LT1:205:02,61.59427966101695,16.15,11.93,61.59427966101695,-0.0,11.93,8,18,lower,Y,PISO_4,PISO_4_P11;PISO_4_P12;PISO_4_P21;PISO_4_P22;PISO_4_P31;PISO_4_P32;PISO_4_P41;PISO_4_P42;PISO_4_P51;PISO_4_P52,True
LT1:205:02,61.77436440677966,16.15,11.93,61.77436440677966,-0.0,11.93,8,18,lower,Y,PISO_4,PISO_4_P11;PISO_4_P12;PISO_4_P21;PISO_4_P22;PISO_4_P31;PISO_4_P32;PISO_4_P41;PISO_4_P42;PISO_4_P51;PISO_4_P52,True
LT1:205:02,61.954449152542374,16.15,11.93,61.954449152542374,-0.0,11.93,8,18,lower,Y,PISO_4,PISO_4_P11;PISO_4_P12;PISO_4_P21;PISO_4_P22;PISO_4_P31;PISO_4_P32;PISO_4_P41;PISO_4_P42;PISO_4_P51;PISO_4_P52,True
LT1:205:02,62.13453389830508,16.15,11.93,62.13453389830508,-0.0,11.93,8,18,lower,Y,PISO_4,PISO_4_P11;PISO_4_P12;PISO_4_P21;PISO_4_P22;PISO_4_P31;PISO_4_P32;PISO_4_P41;PISO_4_P42;PISO_4_P51;PISO_4_P52,True
LT1:205:02,62.31461864406779,16.15,11.93,62.31461864406779,-0.0,11.93,8,18,lower,Y,PISO_4,PISO_4_P11;PISO_4_P12;PISO_4_P21;PISO_4_P22;PISO_4_P31;PISO_4_P32;PISO_4_P41;PISO_4_P42;PISO_4_P51;PISO_4_P52,True
LT1:205:02,62.494703389830505,16.15,11.93,62.494703389830505,-0.0,11.93,8,18,lower,Y,PISO_4,PISO_4_P11;PISO_4_P12;PISO_4_P21;PISO_4_P22;PISO_4_P31;PISO_4_P32;PISO_4_P41;PISO_4_P42;PISO_4_P51;PISO_4_P52,True
LT1:205:02,62.67478813559322,16.15,11.93,62.67478813559322,-0.0,11.93,8,18,lower,Y,PISO_4,PISO_4_P11;PISO_4_P12;PISO_4_P21;PISO_4_P22;PISO_4_P31;PISO_4_P32;PISO_4_P41;PISO_4_P42;PISO_4_P51;PISO_4_P52,True
LT1:205:02,62.85487288135593,16.15,11.93,62.85487288135593,-0.0,11.93,8,18,lower,Y,PISO_4,PISO_4_P11;PISO_4_P12;PISO_4_P21;PISO_4_P22;PISO_4_P31;PISO_4_P32;PISO_4_P41;PISO_4_P42;PISO_4_P51;PISO_4_P52,True
LT1:205:02,63.034957627118644,16.15,11.93,63.034957627118644,-0.0,11.93,8,18,lower,Y,PISO_4,PISO_4_P11;PISO_4_P12;PISO_4_P21;PISO_4_P22;PISO_4_P31;PISO_4_P32;PISO_4_P41;PISO_4_P42;PISO_4_P51;PISO_4_P52,True
LT1:205:02,63.215042372881356,16.15,11.93,63.215042372881356,-0.0,11.93,8,18,lower,Y,PISO_4,PISO_4_P11;PISO_4_P12;PISO_4_P21;PISO_4_P22;PISO_4_P31;PISO_4_P32;PISO_4_P41;PISO_4_P42;PISO_4_P51;PISO_4_P52,True
LT1:205:02,63.39512711864407,16.15,11.93,63.39512711864407,-0.0,11.93,8,18,lower,Y,PISO_4,PISO_4_P11;PISO_4_P12;PISO_4_P21;PISO_4_P22;PISO_4_P31;PISO_4_P32;PISO_4_P41;PISO_4_P42;PISO_4_P51;PISO_4_P52,True
LT1:205:02,63.57521186440678,16.15,11.93,63.57521186440678,-0.0,11.93,8,18,lower,Y,PISO_4,PISO_4_P11;PISO_4_P12;PISO_4_P21;PISO_4_P22;PISO_4_P31;PISO_4_P32;PISO_4_P41;PISO_4_P42;PISO_4_P51;PISO_4_P52,True
LT1:205:02,63.755296610169495,16.15,11.93,63.755296610169495,-0.0,11.93,8,18,lower,Y,PISO_4,PISO_4_P11;PISO_4_P12;PISO_4_P21;PISO_4_P22;PISO_4_P31;PISO_4_P32;PISO_4_P41;PISO_4_P42;PISO_4_P51;PISO_4_P52,True
LT1:205:02,63.9353813559322,16.15,11.93,63.9353813559322,-0.0,11.93,8,18,lower,Y,PISO_4,PISO_4_P11;PISO_4_P12;PISO_4_P21;PISO_4_P22;PISO_4_P31;PISO_4_P32;PISO_4_P41;PISO_4_P42;PISO_4_P51;PISO_4_P52,True
LT1:205:02,64.11546610169492,16.15,11.93,64.11546610169492,-0.0,11.93,8,18,lower,Y,PISO_4,PISO_4_P11;PISO_4_P12;PISO_4_P21;PISO_4_P22;PISO_4_P31;PISO_4_P32;PISO_4_P41;PISO_4_P42;PISO_4_P51;PISO_4_P52,True
LT1:205:02,64.29555084745763,16.15,11.93,64.29555084745763,-0.0,11.93,8,18,lower,Y,PISO_4,PISO_4_P11;PISO_4_P12;PISO_4_P21;PISO_4_P22;PISO_4_P31;PISO_4_P32;PISO_4_P41;PISO_4_P42;PISO_4_P51;PISO_4_P52,True
LT1:205:02,64.47563559322035,16.15,11.93,64.47563559322035,-0.0,11.93,8,18,lower,Y,PISO_4,PISO_4_P11;PISO_4_P12;PISO_4_P21;PISO_4_P22;PISO_4_P31;PISO_4_P32;PISO_4_P41;PISO_4_P42;PISO_4_P51;PISO_4_P52,True
LT1:205:02,64.65572033898306,16.15,11.93,64.65572033898306,-0.0,11.93,8,18,lower,Y,PISO_4,PISO_4_P11;PISO_4_P12;PISO_4_P21;PISO_4_P22;PISO_4_P31;PISO_4_P32;PISO_4_P41;PISO_4_P42;PISO_4_P51;PISO_4_P52,True
LT1:205:02,64.83580508474577,16.15,11.93,64.83580508474577,-0.0,11.93,8,18,lower,Y,PISO_4,PISO_4_P11;PISO_4_P12;PISO_4_P21;PISO_4_P22;PISO_4_P31;PISO_4_P32;PISO_4_P41;PISO_4_P42;PISO_4_P51;PISO_4_P52,True
LT1:205:02,65.01588983050848,16.15,11.93,65.01588983050848,-0.0,11.93,8,18,lower,Y,PISO_4,PISO_4_P11;PISO_4_P12;PISO_4_P21;PISO_4_P22;PISO_4_P31;PISO_4_P32;PISO_4_P41;PISO_4_P42;PISO_4_P51;PISO_4_P52,True
LT1:205:02,65.19597457627118,16.15,11.93,65.19597457627118,-0.0,11.93,8,18,lower,Y,PISO_4,PISO_4_P11;PISO_4_P12;PISO_4_P21;PISO_4_P22;PISO_4_P31;PISO_4_P32;PISO_4_P41;PISO_4_P42;PISO_4_P51;PISO_4_P52,True
LT1:205:02,65.3760593220339,16.15,11.93,65.3760593220339,-0.0,11.93,8,18,lower,Y,PISO_4,PISO_4_P11;PISO_4_P12;PISO_4_P21;PISO_4_P22;PISO_4_P31;PISO_4_P32;PISO_4_P41;PISO_4_P42;PISO_4_P51;PISO_4_P52,True
LT1:205:02,65.55614406779661,16.15,11.93,65.55614406779661,-0.0,11.93,8,18,lower,Y,PISO_4,PISO_4_P11;PISO_4_P12;PISO_4_P21;PISO_4_P22;PISO_4_P31;PISO_4_P32;PISO_4_P41;PISO_4_P42;PISO_4_P51;PISO_4_P52,True
LT1:205:02,65.73622881355932,16.15,11.93,65.73622881355932,-0.0,11.93,8,18,lower,Y,PISO_4,PISO_4_P11;PISO_4_P12;PISO_4_P21;PISO_4_P22;PISO_4_P31;PISO_4_P32;PISO_4_P41;PISO_4_P42;PISO_4_P51;PISO_4_P52,True
LT1:205:02,65.91631355932203,16.15,11.93,65.91631355932203,-0.0,11.93,8,18,lower,Y,PISO_4,PISO_4_P11;PISO_4_P12;PISO_4_P21;PISO_4_P22;PISO_4_P31;PISO_4_P32;PISO_4_P41;PISO_4_P42;PISO_4_P51;PISO_4_P52,True
LT1:205:02,66.09639830508475,16.15,11.93,66.09639830508475,-0.0,11.93,8,18,lower,Y,PISO_4,PISO_4_P11;PISO_4_P12;PISO_4_P21;PISO_4_P22;PISO_4_P31;PISO_4_P32;PISO_4_P41;PISO_4_P42;PISO_4_P51;PISO_4_P52,True
LT1:205:02,66.27648305084746,16.15,11.93,66.27648305084746,-0.0,11.93,8,18,lower,Y,PISO_4,PISO_4_P11;PISO_4_P12;PISO_4_P21;PISO_4_P22;PISO_4_P31;PISO_4_P32;PISO_4_P41;PISO_4_P42;PISO_4_P51;PISO_4_P52,True
LT1:205:02,66.45656779661016,16.15,11.93,66.45656779661016,-0.0,11.93,8,18,lower,Y,PISO_4,PISO_4_P11;PISO_4_P12;PISO_4_P21;PISO_4_P22;PISO_4_P31;PISO_4_P32;PISO_4_P41;PISO_4_P42;PISO_4_P51;PISO_4_P52,True
LT1:205:02,66.63665254237287,16.15,11.93,66.63665254237287,-0.0,11.93,8,18,lower,Y,PISO_4,PISO_4_P11;PISO_4_P12;PISO_4_P21;PISO_4_P22;PISO_4_P31;PISO_4_P32;PISO_4_P41;PISO_4_P42;PISO_4_P51;PISO_4_P52,True
LT1:205:02,66.81673728813558,16.15,11.93,66.81673728813558,-0.0,11.93,8,18,lower,Y,PISO_4,PISO_4_P11;PISO_4_P12;PISO_4_P21;PISO_4_P22;PISO_4_P31;PISO_4_P32;PISO_4_P41;PISO_4_P42;PISO_4_P51;PISO_4_P52,True
LT1:205:02,66.9968220338983,16.15,11.93,66.9968220338983,-0.0,11.93,8,18,lower,Y,PISO_4,PISO_4_P11;PISO_4_P12;PISO_4_P21;PISO_4_P22;PISO_4_P31;PISO_4_P32;PISO_4_P41;PISO_4_P42;PISO_4_P51;PISO_4_P52,True
LT1:205:02,67.17690677966101,16.15,11.93,67.17690677966101,-0.0,11.93,8,18,lower,Y,PISO_4,PISO_4_P11;PISO_4_P12;PISO_4_P21;PISO_4_P22;PISO_4_P31;PISO_4_P32;PISO_4_P41;PISO_4_P42;PISO_4_P51;PISO_4_P52,True
LT1:205:02,67.35699152542372,16.15,11.93,67.35699152542372,-0.0,11.93,8,18,lower,Y,PISO_4,PISO_4_P11;PISO_4_P12;PISO_4_P21;PISO_4_P22;PISO_4_P31;PISO_4_P32;PISO_4_P41;PISO_4_P42;PISO_4_P51;PISO_4_P52,True
LT1:205:02,67.53707627118644,16.15,11.93,67.53707627118644,-0.0,11.93,8,18,lower,Y,PISO_4,PISO_4_P11;PISO_4_P12;PISO_4_P21;PISO_4_P22;PISO_4_P31;PISO_4_P32;PISO_4_P41;PISO_4_P42;PISO_4_P51;PISO_4_P52,True
LT1:205:02,67.71716101694915,16.15,11.93,67.71716101694915,-0.0,11.93,8,18,lower,Y,PISO_4,PISO_4_P11;PISO_4_P12;PISO_4_P21;PISO_4_P22;PISO_4_P31;PISO_4_P32;PISO_4_P41;PISO_4_P42;PISO_4_P51;PISO_4_P52,True
LT1:205:02,67.89724576271186,16.15,11.93,67.89724576271186,-0.0,11.93,8,18,lower,Y,PISO_4,PISO_4_P11;PISO_4_P12;PISO_4_P21;PISO_4_P22;PISO_4_P31;PISO_4_P32;PISO_4_P41;PISO_4_P42;PISO_4_P51;PISO_4_P52,True
LT1:205:02,68.07733050847457,16.15,11.93,68.07733050847457,-0.0,11.93,8,18,lower,Y,PISO_4,PISO_4_P11;PISO_4_P12;PISO_4_P21;PISO_4_P22;PISO_4_P31;PISO_4_P32;PISO_4_P41;PISO_4_P42;PISO_4_P51;PISO_4_P52,True
LT1:205:02,68.25741525423729,16.15,11.93,68.25741525423729,-0.0,11.93,8,18,lower,Y,PISO_4,PISO_4_P11;PISO_4_P12;PISO_4_P21;PISO_4_P22;PISO_4_P31;PISO_4_P32;PISO_4_P41;PISO_4_P42;PISO_4_P51;PISO_4_P52,True
LT1:205:02,68.4375,16.15,11.93,68.4375,-0.0,11.93,8,18,lower,Y,PISO_4,PISO_4_P11;PISO_4_P12;PISO_4_P21;PISO_4_P22;PISO_4_P31;PISO_4_P32;PISO_4_P41;PISO_4_P42;PISO_4_P51;PISO_4_P52,True
LT1:205:02,68.61758474576271,16.15,11.93,68.61758474576271,-0.0,11.93,8,18,lower,Y,PISO_4,PISO_4_P11;PISO_4_P12;PISO_4_P21;PISO_4_P22;PISO_4_P31;PISO_4_P32;PISO_4_P41;PISO_4_P42;PISO_4_P51;PISO_4_P52,True
LT1:205:02,68.79766949152543,16.15,11.93,68.79766949152543,-0.0,11.93,8,18,lower,Y,PISO_4,PISO_4_P11;PISO_4_P12;PISO_4_P21;PISO_4_P22;PISO_4_P31;PISO_4_P32;PISO_4_P41;PISO_4_P42;PISO_4_P51;PISO_4_P52,True
LT1:205:02,68.97775423728814,16.15,11.93,68.97775423728814,-0.0,11.93,8,18,lower,Y,PISO_4,PISO_4_P11;PISO_4_P12;PISO_4_P21;PISO_4_P22;PISO_4_P31;PISO_4_P32;PISO_4_P41;PISO_4_P42;PISO_4_P51;PISO_4_P52,True
LT1:205:02,69.15783898305085,16.15,11.93,69.15783898305085,-0.0,11.93,8,18,lower,Y,PISO_4,PISO_4_P11;PISO_4_P12;PISO_4_P21;PISO_4_P22;PISO_4_P31;PISO_4_P32;PISO_4_P41;PISO_4_P42;PISO_4_P51;PISO_4_P52,True
LT1:205:02,69.33792372881356,16.15,11.93,69.33792372881356,-0.0,11.93,8,18,lower,Y,PISO_4,PISO_4_P11;PISO_4_P12;PISO_4_P21;PISO_4_P22;PISO_4_P31;PISO_4_P32;PISO_4_P41;PISO_4_P42;PISO_4_P51;PISO_4_P52,True
LT1:205:02,69.51800847457628,16.15,11.93,69.51800847457628,-0.0,11.93,8,18,lower,Y,PISO_4,PISO_4_P11;PISO_4_P12;PISO_4_P21;PISO_4_P22;PISO_4_P31;PISO_4_P32;PISO_4_P41;PISO_4_P42;PISO_4_P51;PISO_4_P52,True
LT1:205:02,69.69809322033899,16.15,11.93,69.69809322033899,-0.0,11.93,8,18,lower,Y,PISO_4,PISO_4_P11;PISO_4_P12;PISO_4_P21;PISO_4_P22;PISO_4_P31;PISO_4_P32;PISO_4_P41;PISO_4_P42;PISO_4_P51;PISO_4_P52,True
LT1:205:02,69.8781779661017,16.15,11.93,69.8781779661017,-0.0,11.93,8,18,lower,Y,PISO_4,PISO_4_P11;PISO_4_P12;PISO_4_P21;PISO_4_P22;PISO_4_P31;PISO_4_P32;PISO_4_P41;PISO_4_P42;PISO_4_P51;PISO_4_P52,True
LT1:205:02,70.05826271186442,16.15,11.93,70.05826271186442,-0.0,11.93,8,18,lower,Y,PISO_4,PISO_4_P11;PISO_4_P12;PISO_4_P21;PISO_4_P22;PISO_4_P31;PISO_4_P32;PISO_4_P41;PISO_4_P42;PISO_4_P51;PISO_4_P52,True
LT1:205:02,70.23834745762713,16.15,11.93,70.23834745762713,-0.0,11.93,8,18,lower,Y,PISO_4,PISO_4_P11;PISO_4_P12;PISO_4_P21;PISO_4_P22;PISO_4_P31;PISO_4_P32;PISO_4_P41;PISO_4_P42;PISO_4_P51;PISO_4_P52,True
LT1:205:02,70.41843220338984,16.15,11.93,70.41843220338984,-0.0,11.93,8,18,lower,Y,PISO_4,PISO_4_P11;PISO_4_P12;PISO_4_P21;PISO_4_P22;PISO_4_P31;PISO_4_P32;PISO_4_P41;PISO_4_P42;PISO_4_P51;PISO_4_P52,True
LT1:205:02,70.59851694915254,16.15,11.93,70.59851694915254,-0.0,11.93,8,18,lower,Y,PISO_4,PISO_4_P11;PISO_4_P12;PISO_4_P21;PISO_4_P22;PISO_4_P31;PISO_4_P32;PISO_4_P41;PISO_4_P42;PISO_4_P51;PISO_4_P52,True
LT1:205:02,70.77860169491525,16.15,11.93,70.77860169491525,-0.0,11.93,8,18,lower,Y,PISO_4,PISO_4_P11;PISO_4_P12;PISO_4_P21;PISO_4_P22;PISO_4_P31;PISO_4_P32;PISO_4_P41;PISO_4_P42;PISO_4_P51;PISO_4_P52,True
LT1:205:02,70.95868644067797,16.15,11.93,70.95868644067797,-0.0,11.93,8,18,lower,Y,PISO_4,PISO_4_P11;PISO_4_P12;PISO_4_P21;PISO_4_P22;PISO_4_P31;PISO_4_P32;PISO_4_P41;PISO_4_P42;PISO_4_P51;PISO_4_P52,True
LT1:205:02,71.13877118644068,16.15,11.93,71.13877118644068,-0.0,11.93,8,18,lower,Y,PISO_4,PISO_4_P11;PISO_4_P12;PISO_4_P21;PISO_4_P22;PISO_4_P31;PISO_4_P32;PISO_4_P41;PISO_4_P42;PISO_4_P51;PISO_4_P52,True
LT1:205:02,71.31885593220339,16.15,11.93,71.31885593220339,-0.0,11.93,8,18,lower,Y,PISO_4,PISO_4_P11;PISO_4_P12;PISO_4_P21;PISO_4_P22;PISO_4_P31;PISO_4_P32;PISO_4_P41;PISO_4_P42;PISO_4_P51;PISO_4_P52,True
LT1:205:02,71.4989406779661,16.15,11.93,71.4989406779661,-0.0,11.93,8,18,lower,Y,PISO_4,PISO_4_P11;PISO_4_P12;PISO_4_P21;PISO_4_P22;PISO_4_P31;PISO_4_P32;PISO_4_P41;PISO_4_P42;PISO_4_P51;PISO_4_P52,True
LT1:205:02,71.67902542372882,16.15,11.93,71.67902542372882,-0.0,11.93,8,18,lower,Y,PISO_4,PISO_4_P11;PISO_4_P12;PISO_4_P21;PISO_4_P22;PISO_4_P31;PISO_4_P32;PISO_4_P41;PISO_4_P42;PISO_4_P51;PISO_4_P52,True
LT1:205:02,71.85911016949152,16.15,11.93,71.85911016949152,-0.0,11.93,8,18,lower,Y,PISO_4,PISO_4_P11;PISO_4_P12;PISO_4_P21;PISO_4_P22;PISO_4_P31;PISO_4_P32;PISO_4_P41;PISO_4_P42;PISO_4_P51;PISO_4_P52,True
LT1:205:02,72.03919491525423,16.15,11.93,72.03919491525423,-0.0,11.93,8,18,lower,Y,PISO_4,PISO_4_P11;PISO_4_P12;PISO_4_P21;PISO_4_P22;PISO_4_P31;PISO_4_P32;PISO_4_P41;PISO_4_P42;PISO_4_P51;PISO_4_P52,True
LT1:205:02,72.21927966101694,16.15,11.93,72.21927966101694,-0.0,11.93,8,18,lower,Y,PISO_4,PISO_4_P11;PISO_4_P12;PISO_4_P21;PISO_4_P22;PISO_4_P31;PISO_4_P32;PISO_4_P41;PISO_4_P42;PISO_4_P51;PISO_4_P52,True
LT1:205:02,72.39936440677965,16.15,11.93,72.39936440677965,-0.0,11.93,8,18,lower,Y,PISO_4,PISO_4_P11;PISO_4_P12;PISO_4_P21;PISO_4_P22;PISO_4_P31;PISO_4_P32;PISO_4_P41;PISO_4_P42;PISO_4_P51;PISO_4_P52,True
LT1:205:02,72.57944915254237,16.15,11.93,72.57944915254237,-0.0,11.93,8,18,lower,Y,PISO_4,PISO_4_P11;PISO_4_P12;PISO_4_P21;PISO_4_P22;PISO_4_P31;PISO_4_P32;PISO_4_P41;PISO_4_P42;PISO_4_P51;PISO_4_P52,True
LT1:205:02,72.75953389830508,16.15,11.93,72.75953389830508,-0.0,11.93,8,18,lower,Y,PISO_4,PISO_4_P11;PISO_4_P12;PISO_4_P21;PISO_4_P22;PISO_4_P31;PISO_4_P32;PISO_4_P41;PISO_4_P42;PISO_4_P51;PISO_4_P52,True
LT1:205:02,72.93961864406779,16.15,11.93,72.93961864406779,-0.0,11.93,8,18,lower,Y,PISO_4,PISO_4_P11;PISO_4_P12;PISO_4_P21;PISO_4_P22;PISO_4_P31;PISO_4_P32;PISO_4_P41;PISO_4_P42;PISO_4_P51;PISO_4_P52,True
LT1:205:02,73.1197033898305,16.15,11.93,73.1197033898305,-0.0,11.93,8,18,lower,Y,PISO_4,PISO_4_P11;PISO_4_P12;PISO_4_P21;PISO_4_P22;PISO_4_P31;PISO_4_P32;PISO_4_P41;PISO_4_P42;PISO_4_P51;PISO_4_P52,True
LT1:205:02,73.29978813559322,16.15,11.93,73.29978813559322,-0.0,11.93,8,18,lower,Y,PISO_4,PISO_4_P11;PISO_4_P12;PISO_4_P21;PISO_4_P22;PISO_4_P31;PISO_4_P32;PISO_4_P41;PISO_4_P42;PISO_4_P51;PISO_4_P52,True
LT1:205:02,73.47987288135593,16.15,11.93,73.47987288135593,-0.0,11.93,8,18,lower,Y,PISO_4,PISO_4_P11;PISO_4_P12;PISO_4_P21;PISO_4_P22;PISO_4_P31;PISO_4_P32;PISO_4_P41;PISO_4_P42;PISO_4_P51;PISO_4_P52,True
LT1:205:02,73.65995762711864,16.15,11.93,73.65995762711864,-0.0,11.93,8,18,lower,Y,PISO_4,PISO_4_P11;PISO_4_P12;PISO_4_P21;PISO_4_P22;PISO_4_P31;PISO_4_P32;PISO_4_P41;PISO_4_P42;PISO_4_P51;PISO_4_P52,True
LT1:205:03,31.25,8.075,11.93,31.25,8.075,11.93,8,20,lower,X,PISO_4,_,True
LT1:205:03,31.25,16.15,11.93,31.25,-0.0,11.93,8,20,lower,Y,PISO_4,_,True
LT1:205:11,31.25,0.0,11.93,73.75,0.0,11.93,8,15,upper,X,PISO_4,_,True
LT1:205:11,31.325088339222614,-0.0,11.93,31.325088339222614,-0.0,11.93,8,15,upper,Y,PISO_4,_,True
LT1:205:11,31.475265017667844,-0.0,11.93,31.475265017667844,-0.0,11.93,8,15,upper,Y,PISO_4,_,True
LT1:205:11,31.625441696113075,-0.0,11.93,31.625441696113075,-0.0,11.93,8,15,upper,Y,PISO_4,_,True
LT1:205:11,31.775618374558302,-0.0,11.93,31.775618374558302,-0.0,11.93,8,15,upper,Y,PISO_4,_,True
LT1:205:11,31.925795053003533,-0.0,11.93,31.925795053003533,-0.0,11.93,8,15,upper,Y,PISO_4,_,True
LT1:205:11,32.07597173144876,-0.0,11.93,32.07597173144876,-0.0,11.93,8,15,upper,Y,PISO_4,_,True
LT1:205:11,32.226148409893995,-0.0,11.93,32.226148409893995,-0.0,11.93,8,15,upper,Y,PISO_4,_,True
LT1:205:11,32.37632508833922,-0.0,11.93,32.37632508833922,-0.0,11.93,8,15,upper,Y,PISO_4,_,True
LT1:205:11,32.52650176678445,-0.0,11.93,32.52650176678445,-0.0,11.93,8,15,upper,Y,PISO_4,_,True
LT1:205:11,32.67667844522968,-0.0,11.93,32.67667844522968,-0.0,11.93,8,15,upper,Y,PISO_4,_,True
LT1:205:11,32.82685512367491,-0.0,11.93,32.82685512367491,-0.0,11.93,8,15,upper,Y,PISO_4,_,True
LT1:205:11,32.977031802120145,-0.0,11.93,32.977031802120145,-0.0,11.93,8,15,upper,Y,PISO_4,_,True
LT1:205:11,33.12720848056537,-0.0,11.93,33.12720848056537,-0.0,11.93,8,15,upper,Y,PISO_4,_,True
LT1:205:11,33.2773851590106,-0.0,11.93,33.2773851590106,-0.0,11.93,8,15,upper,Y,PISO_4,_,True
LT1:205:11,33.42756183745583,-0.0,11.93,33.42756183745583,-0.0,11.93,8,15,upper,Y,PISO_4,_,True
LT1:205:11,33.57773851590106,-0.0,11.93,33.57773851590106,-0.0,11.93,8,15,upper,Y,PISO_4,_,True
LT1:205:11,33.72791519434629,-0.0,11.93,33.72791519434629,-0.0,11.93,8,15,upper,Y,PISO_4,_,True
LT1:205:11,33.87809187279152,-0.0,11.93,33.87809187279152,-0.0,11.93,8,15,upper,Y,PISO_4,_,True
LT1:205:11,34.02826855123675,-0.0,11.93,34.02826855123675,-0.0,11.93,8,15,upper,Y,PISO_4,_,True
LT1:205:11,34.17844522968198,-0.0,11.93,34.17844522968198,-0.0,11.93,8,15,upper,Y,PISO_4,_,True
LT1:205:11,34.32862190812721,-0.0,11.93,34.32862190812721,-0.0,11.93,8,15,upper,Y,PISO_4,_,True
LT1:205:11,34.47879858657244,-0.0,11.93,34.47879858657244,-0.0,11.93,8,15,upper,Y,PISO_4,_,True
LT1:205:11,34.628975265017665,-0.0,11.93,34.628975265017665,-0.0,11.93,8,15,upper,Y,PISO_4,_,True
LT1:205:11,34.7791519434629,-0.0,11.93,34.7791519434629,-0.0,11.93,8,15,upper,Y,PISO_4,_,True
LT1:205:11,34.92932862190813,-0.0,11.93,34.92932862190813,-0.0,11.93,8,15,upper,Y,PISO_4,_,True
LT1:205:11,35.079505300353354,-0.0,11.93,35.079505300353354,-0.0,11.93,8,15,upper,Y,PISO_4,_,True
LT1:205:11,35.22968197879859,-0.0,11.93,35.22968197879859,-0.0,11.93,8,15,upper,Y,PISO_4,_,True
LT1:205:11,35.379858657243815,-0.0,11.93,35.379858657243815,-0.0,11.93,8,15,upper,Y,PISO_4,_,True
LT1:205:11,35.53003533568905,-0.0,11.93,35.53003533568905,-0.0,11.93,8,15,upper,Y,PISO_4,_,True
LT1:205:11,35.68021201413428,-0.0,11.93,35.68021201413428,-0.0,11.93,8,15,upper,Y,PISO_4,_,True
LT1:205:11,35.830388692579504,-0.0,11.93,35.830388692579504,-0.0,11.93,8,15,upper,Y,PISO_4,_,True
LT1:205:11,35.98056537102474,-0.0,11.93,35.98056537102474,-0.0,11.93,8,15,upper,Y,PISO_4,_,True
LT1:205:11,36.130742049469966,-0.0,11.93,36.130742049469966,-0.0,11.93,8,15,upper,Y,PISO_4,_,True
LT1:205:11,36.28091872791519,-0.0,11.93,36.28091872791519,-0.0,11.93,8,15,upper,Y,PISO_4,_,True
LT1:205:11,36.43109540636043,-0.0,11.93,36.43109540636043,-0.0,11.93,8,15,upper,Y,PISO_4,_,True
LT1:205:11,36.581272084805654,-0.0,11.93,36.581272084805654,-0.0,11.93,8,15,upper,Y,PISO_4,_,True
LT1:205:11,36.73144876325088,-0.0,11.93,36.73144876325088,-0.0,11.93,8,15,upper,Y,PISO_4,_,True
LT1:205:11,36.881625441696116,-0.0,11.93,36.881625441696116,-0.0,11.93,8,15,upper,Y,PISO_4,_,True
LT1:205:11,37.03180212014134,-0.0,11.93,37.03180212014134,-0.0,11.93,8,15,upper,Y,PISO_4,_,True
LT1:205:11,37.18197879858657,-0.0,11.93,37.18197879858657,-0.0,11.93,8,15,upper,Y,PISO_4,_,True
LT1:205:11,37.332155477031804,-0.0,11.93,37.332155477031804,-0.0,11.93,8,15,upper,Y,PISO_4,_,True
LT1:205:11,37.48233215547703,-0.0,11.93,37.48233215547703,-0.0,11.93,8,15,upper,Y,PISO_4,_,True
LT1:205:11,37.63250883392226,-0.0,11.93,37.63250883392226,-0.0,11.93,8,15,upper,Y,PISO_4,_,True
LT1:205:11,37.78268551236749,-0.0,11.93,37.78268551236749,-0.0,11.93,8,15,upper,Y,PISO_4,_,True
LT1:205:11,37.93286219081272,-0.0,11.93,37.93286219081272,-0.0,11.93,8,15,upper,Y,PISO_4,_,True
LT1:205:11,38.08303886925795,-0.0,11.93,38.08303886925795,-0.0,11.93,8,15,upper,Y,PISO_4,_,True
LT1:205:11,38.23321554770318,-0.0,11.93,38.23321554770318,-0.0,11.93,8,15,upper,Y,PISO_4,_,True
LT1:205:11,38.38339222614841,-0.0,11.93,38.38339222614841,-0.0,11.93,8,15,upper,Y,PISO_4,_,True
LT1:205:11,38.533568904593636,-0.0,11.93,38.533568904593636,-0.0,11.93,8,15,upper,Y,PISO_4,_,True
LT1:205:11,38.68374558303887,-0.0,11.93,38.68374558303887,-0.0,11.93,8,15,upper,Y,PISO_4,_,True
LT1:205:11,38.8339222614841,-0.0,11.93,38.8339222614841,-0.0,11.93,8,15,upper,Y,PISO_4,_,True
LT1:205:11,38.984098939929325,-0.0,11.93,38.984098939929325,-0.0,11.93,8,15,upper,Y,PISO_4,_,True
LT1:205:11,39.13427561837456,-0.0,11.93,39.13427561837456,-0.0,11.93,8,15,upper,Y,PISO_4,_,True
LT1:205:11,39.28445229681979,-0.0,11.93,39.28445229681979,-0.0,11.93,8,15,upper,Y,PISO_4,_,True
LT1:205:11,39.434628975265014,-0.0,11.93,39.434628975265014,-0.0,11.93,8,15,upper,Y,PISO_4,_,True
LT1:205:11,39.58480565371025,-0.0,11.93,39.58480565371025,-0.0,11.93,8,15,upper,Y,PISO_4,_,True
LT1:205:11,39.734982332155475,-0.0,11.93,39.734982332155475,-0.0,11.93,8,15,upper,Y,PISO_4,_,True
LT1:205:11,39.8851590106007,-0.0,11.93,39.8851590106007,-0.0,11.93,8,15,upper,Y,PISO_4,_,True
LT1:205:11,40.03533568904594,-0.0,11.93,40.03533568904594,-0.0,11.93,8,15,upper,Y,PISO_4,_,True
LT1:205:11,40.185512367491164,-0.0,11.93,40.185512367491164,-0.0,11.93,8,15,upper,Y,PISO_4,_,True
LT1:205:11,40.3356890459364,-0.0,11.93,40.3356890459364,-0.0,11.93,8,15,upper,Y,PISO_4,_,True
LT1:205:11,40.485865724381625,-0.0,11.93,40.485865724381625,-0.0,11.93,8,15,upper,Y,PISO_4,_,True
LT1:205:11,40.63604240282685,-0.0,11.93,40.63604240282685,-0.0,11.93,8,15,upper,Y,PISO_4,_,True
LT1:205:11,40.78621908127209,-0.0,11.93,40.78621908127209,-0.0,11.93,8,15,upper,Y,PISO_4,_,True
LT1:205:11,40.936395759717314,-0.0,11.93,40.936395759717314,-0.0,11.93,8,15,upper,Y,PISO_4,_,True
LT1:205:11,41.08657243816255,-0.0,11.93,41.08657243816255,-0.0,11.93,8,15,upper,Y,PISO_4,_,True
LT1:205:11,41.236749116607776,-0.0,11.93,41.236749116607776,-0.0,11.93,8,15,upper,Y,PISO_4,_,True
LT1:205:11,41.386925795053,-0.0,11.93,41.386925795053,-0.0,11.93,8,15,upper,Y,PISO_4,_,True
LT1:205:11,41.53710247349824,-0.0,11.93,41.53710247349824,-0.0,11.93,8,15,upper,Y,PISO_4,_,True
LT1:205:11,41.687279151943464,-0.0,11.93,41.687279151943464,-0.0,11.93,8,15,upper,Y,PISO_4,_,True
LT1:205:11,41.83745583038869,-0.0,11.93,41.83745583038869,-0.0,11.93,8,15,upper,Y,PISO_4,_,True
LT1:205:11,41.987632508833926,-0.0,11.93,41.987632508833926,-0.0,11.93,8,15,upper,Y,PISO_4,_,True
LT1:205:11,42.13780918727915,-0.0,11.93,42.13780918727915,-0.0,11.93,8,15,upper,Y,PISO_4,_,True
LT1:205:11,42.28798586572438,-0.0,11.93,42.28798586572438,-0.0,11.93,8,15,upper,Y,PISO_4,_,True
LT1:205:11,42.438162544169614,-0.0,11.93,42.438162544169614,-0.0,11.93,8,15,upper,Y,PISO_4,_,True
LT1:205:11,42.58833922261484,-0.0,11.93,42.58833922261484,-0.0,11.93,8,15,upper,Y,PISO_4,_,True
LT1:205:11,42.73851590106007,-0.0,11.93,42.73851590106007,-0.0,11.93,8,15,upper,Y,PISO_4,_,True
LT1:205:11,42.8886925795053,-0.0,11.93,42.8886925795053,-0.0,11.93,8,15,upper,Y,PISO_4,_,True
LT1:205:11,43.03886925795053,-0.0,11.93,43.03886925795053,-0.0,11.93,8,15,upper,Y,PISO_4,_,True
LT1:205:11,43.18904593639576,-0.0,11.93,43.18904593639576,-0.0,11.93,8,15,upper,Y,PISO_4,_,True
LT1:205:11,43.33922261484099,-0.0,11.93,43.33922261484099,-0.0,11.93,8,15,upper,Y,PISO_4,_,True
LT1:205:11,43.48939929328622,-0.0,11.93,43.48939929328622,-0.0,11.93,8,15,upper,Y,PISO_4,_,True
LT1:205:11,43.639575971731446,-0.0,11.93,43.639575971731446,-0.0,11.93,8,15,upper,Y,PISO_4,_,True
LT1:205:11,43.78975265017668,-0.0,11.93,43.78975265017668,-0.0,11.93,8,15,upper,Y,PISO_4,_,True
LT1:205:11,43.93992932862191,-0.0,11.93,43.93992932862191,-0.0,11.93,8,15,upper,Y,PISO_4,_,True
LT1:205:11,44.090106007067135,-0.0,11.93,44.090106007067135,-0.0,11.93,8,15,upper,Y,PISO_4,_,True
LT1:205:11,44.24028268551237,-0.0,11.93,44.24028268551237,-0.0,11.93,8,15,upper,Y,PISO_4,_,True
LT1:205:11,44.390459363957596,-0.0,11.93,44.390459363957596,-0.0,11.93,8,15,upper,Y,PISO_4,_,True
LT1:205:11,44.540636042402824,-0.0,11.93,44.540636042402824,-0.0,11.93,8,15,upper,Y,PISO_4,_,True
LT1:205:11,44.69081272084806,-0.0,11.93,44.69081272084806,-0.0,11.93,8,15,upper,Y,PISO_4,_,True
LT1:205:11,44.840989399293285,-0.0,11.93,44.840989399293285,-0.0,11.93,8,15,upper,Y,PISO_4,_,True
LT1:205:11,44.99116607773851,-0.0,11.93,44.99116607773851,-0.0,11.93,8,15,upper,Y,PISO_4,_,True
LT1:205:11,45.14134275618375,-0.0,11.93,45.14134275618375,-0.0,11.93,8,15,upper,Y,PISO_4,_,True
LT1:205:11,45.291519434628974,-0.0,11.93,45.291519434628974,-0.0,11.93,8,15,upper,Y,PISO_4,_,True
LT1:205:11,45.4416961130742,-0.0,11.93,45.4416961130742,-0.0,11.93,8,15,upper,Y,PISO_4,_,True
LT1:205:11,45.591872791519435,-0.0,11.93,45.591872791519435,-0.0,11.93,8,15,upper,Y,PISO_4,_,True
LT1:205:11,45.74204946996466,-0.0,11.93,45.74204946996466,-0.0,11.93,8,15,upper,Y,PISO_4,_,True
LT1:205:11,45.89222614840989,-0.0,11.93,45.89222614840989,-0.0,11.93,8,15,upper,Y,PISO_4,_,True
LT1:205:11,46.042402826855124,-0.0,11.93,46.042402826855124,-0.0,11.93,8,15,upper,Y,PISO_4,_,True
LT1:205:11,46.19257950530035,-0.0,11.93,46.19257950530035,-0.0,11.93,8,15,upper,Y,PISO_4,_,True
LT1:205:11,46.342756183745585,-0.0,11.93,46.342756183745585,-0.0,11.93,8,15,upper,Y,PISO_4,_,True
LT1:205:11,46.49293286219081,-0.0,11.93,46.49293286219081,-0.0,11.93,8,15,upper,Y,PISO_4,_,True
LT1:205:11,46.64310954063604,-0.0,11.93,46.64310954063604,-0.0,11.93,8,15,upper,Y,PISO_4,_,True
LT1:205:11,46.793286219081274,-0.0,11.93,46.793286219081274,-0.0,11.93,8,15,upper,Y,PISO_4,_,True
LT1:205:11,46.9434628975265,-0.0,11.93,46.9434628975265,-0.0,11.93,8,15,upper,Y,PISO_4,_,True
LT1:205:11,47.093639575971736,-0.0,11.93,47.093639575971736,-0.0,11.93,8,15,upper,Y,PISO_4,_,True
LT1:205:11,47.24381625441696,-0.0,11.93,47.24381625441696,-0.0,11.93,8,15,upper,Y,PISO_4,_,True
LT1:205:11,47.39399293286219,-0.0,11.93,47.39399293286219,-0.0,11.93,8,15,upper,Y,PISO_4,_,True
LT1:205:11,47.544169611307424,-0.0,11.93,47.544169611307424,-0.0,11.93,8,15,upper,Y,PISO_4,_,True
LT1:205:11,47.69434628975265,-0.0,11.93,47.69434628975265,-0.0,11.93,8,15,upper,Y,PISO_4,_,True
LT1:205:11,47.84452296819788,-0.0,11.93,47.84452296819788,-0.0,11.93,8,15,upper,Y,PISO_4,_,True
LT1:205:11,47.99469964664311,-0.0,11.93,47.99469964664311,-0.0,11.93,8,15,upper,Y,PISO_4,_,True
LT1:205:11,48.14487632508834,-0.0,11.93,48.14487632508834,-0.0,11.93,8,15,upper,Y,PISO_4,_,True
LT1:205:11,48.29505300353357,-0.0,11.93,48.29505300353357,-0.0,11.93,8,15,upper,Y,PISO_4,_,True
LT1:205:11,48.4452296819788,-0.0,11.93,48.4452296819788,-0.0,11.93,8,15,upper,Y,PISO_4,_,True
LT1:205:11,48.59540636042403,-0.0,11.93,48.59540636042403,-0.0,11.93,8,15,upper,Y,PISO_4,_,True
LT1:205:11,48.745583038869256,-0.0,11.93,48.745583038869256,-0.0,11.93,8,15,upper,Y,PISO_4,_,True
LT1:205:11,48.89575971731449,-0.0,11.93,48.89575971731449,-0.0,11.93,8,15,upper,Y,PISO_4,_,True
LT1:205:11,49.04593639575972,-0.0,11.93,49.04593639575972,-0.0,11.93,8,15,upper,Y,PISO_4,_,True
LT1:205:11,49.196113074204945,-0.0,11.93,49.196113074204945,-0.0,11.93,8,15,upper,Y,PISO_4,_,True
LT1:205:11,49.34628975265018,-0.0,11.93,49.34628975265018,-0.0,11.93,8,15,upper,Y,PISO_4,_,True
LT1:205:11,49.496466431095406,-0.0,11.93,49.496466431095406,-0.0,11.93,8,15,upper,Y,PISO_4,_,True
LT1:205:11,49.64664310954063,-0.0,11.93,49.64664310954063,-0.0,11.93,8,15,upper,Y,PISO_4,_,True
LT1:205:11,49.79681978798587,-0.0,11.93,49.79681978798587,-0.0,11.93,8,15,upper,Y,PISO_4,_,True
LT1:205:11,49.946996466431095,-0.0,11.93,49.946996466431095,-0.0,11.93,8,15,upper,Y,PISO_4,_,True
LT1:205:11,50.09717314487632,-0.0,11.93,50.09717314487632,-0.0,11.93,8,15,upper,Y,PISO_4,_,True
LT1:205:11,50.24734982332156,-0.0,11.93,50.24734982332156,-0.0,11.93,8,15,upper,Y,PISO_4,_,True
LT1:205:11,50.397526501766784,-0.0,11.93,50.397526501766784,-0.0,11.93,8,15,upper,Y,PISO_4,_,True
LT1:205:11,50.54770318021201,-0.0,11.93,50.54770318021201,-0.0,11.93,8,15,upper,Y,PISO_4,_,True
LT1:205:11,50.697879858657245,-0.0,11.93,50.697879858657245,-0.0,11.93,8,15,upper,Y,PISO_4,_,True
LT1:205:11,50.84805653710247,-0.0,11.93,50.84805653710247,-0.0,11.93,8,15,upper,Y,PISO_4,_,True
LT1:205:11,50.9982332155477,-0.0,11.93,50.9982332155477,-0.0,11.93,8,15,upper,Y,PISO_4,_,True
LT1:205:11,51.148409893992934,-0.0,11.93,51.148409893992934,-0.0,11.93,8,15,upper,Y,PISO_4,_,True
LT1:205:11,51.29858657243816,-0.0,11.93,51.29858657243816,-0.0,11.93,8,15,upper,Y,PISO_4,_,True
LT1:205:11,51.44876325088339,-0.0,11.93,51.44876325088339,-0.0,11.93,8,15,upper,Y,PISO_4,_,True
LT1:205:11,51.59893992932862,-0.0,11.93,51.59893992932862,-0.0,11.93,8,15,upper,Y,PISO_4,_,True
LT1:205:11,51.74911660777386,-0.0,11.93,51.74911660777386,-0.0,11.93,8,15,upper,Y,PISO_4,_,True
LT1:205:11,51.89929328621908,-0.0,11.93,51.89929328621908,-0.0,11.93,8,15,upper,Y,PISO_4,_,True
LT1:205:11,52.04946996466431,-0.0,11.93,52.04946996466431,-0.0,11.93,8,15,upper,Y,PISO_4,_,True
LT1:205:11,52.199646643109546,-0.0,11.93,52.199646643109546,-0.0,11.93,8,15,upper,Y,PISO_4,_,True
LT1:205:11,52.349823321554766,-0.0,11.93,52.349823321554766,-0.0,11.93,8,15,upper,Y,PISO_4,_,True
LT1:205:11,52.5,-0.0,11.93,52.5,-0.0,11.93,8,15,upper,Y,PISO_4,_,True
LT1:205:11,52.650176678445234,-0.0,11.93,52.650176678445234,-0.0,11.93,8,15,upper,Y,PISO_4,_,True
LT1:205:11,52.800353356890454,-0.0,11.93,52.800353356890454,-0.0,11.93,8,15,upper,Y,PISO_4,_,True
LT1:205:11,52.95053003533569,-0.0,11.93,52.95053003533569,-0.0,11.93,8,15,upper,Y,PISO_4,_,True
LT1:205:11,53.10070671378092,-0.0,11.93,53.10070671378092,-0.0,11.93,8,15,upper,Y,PISO_4,_,True
LT1:205:11,53.25088339222614,-0.0,11.93,53.25088339222614,-0.0,11.93,8,15,upper,Y,PISO_4,_,True
LT1:205:11,53.40106007067138,-0.0,11.93,53.40106007067138,-0.0,11.93,8,15,upper,Y,PISO_4,_,True
LT1:205:11,53.55123674911661,-0.0,11.93,53.55123674911661,-0.0,11.93,8,15,upper,Y,PISO_4,_,True
LT1:205:11,53.70141342756184,-0.0,11.93,53.70141342756184,-0.0,11.93,8,15,upper,Y,PISO_4,_,True
LT1:205:11,53.851590106007066,-0.0,11.93,53.851590106007066,-0.0,11.93,8,15,upper,Y,PISO_4,_,True
LT1:205:11,54.0017667844523,-0.0,11.93,54.0017667844523,-0.0,11.93,8,15,upper,Y,PISO_4,_,True
LT1:205:11,54.15194346289753,-0.0,11.93,54.15194346289753,-0.0,11.93,8,15,upper,Y,PISO_4,_,True
LT1:205:11,54.302120141342755,-0.0,11.93,54.302120141342755,-0.0,11.93,8,15,upper,Y,PISO_4,_,True
LT1:205:11,54.45229681978799,-0.0,11.93,54.45229681978799,-0.0,11.93,8,15,upper,Y,PISO_4,_,True
LT1:205:11,54.602473498233216,-0.0,11.93,54.602473498233216,-0.0,11.93,8,15,upper,Y,PISO_4,_,True
LT1:205:11,54.75265017667844,-0.0,11.93,54.75265017667844,-0.0,11.93,8,15,upper,Y,PISO_4,_,True
LT1:205:11,54.90282685512368,-0.0,11.93,54.90282685512368,-0.0,11.93,8,15,upper,Y,PISO_4,_,True
LT1:205:11,55.053003533568905,-0.0,11.93,55.053003533568905,-0.0,11.93,8,15,upper,Y,PISO_4,_,True
LT1:205:11,55.20318021201413,-0.0,11.93,55.20318021201413,-0.0,11.93,8,15,upper,Y,PISO_4,_,True
LT1:205:11,55.35335689045937,-0.0,11.93,55.35335689045937,-0.0,11.93,8,15,upper,Y,PISO_4,_,True
LT1:205:11,55.503533568904594,-0.0,11.93,55.503533568904594,-0.0,11.93,8,15,upper,Y,PISO_4,_,True
LT1:205:11,55.65371024734982,-0.0,11.93,55.65371024734982,-0.0,11.93,8,15,upper,Y,PISO_4,_,True
LT1:205:11,55.803886925795055,-0.0,11.93,55.803886925795055,-0.0,11.93,8,15,upper,Y,PISO_4,_,True
LT1:205:11,55.95406360424028,-0.0,11.93,55.95406360424028,-0.0,11.93,8,15,upper,Y,PISO_4,_,True
LT1:205:11,56.10424028268551,-0.0,11.93,56.10424028268551,-0.0,11.93,8,15,upper,Y,PISO_4,_,True
LT1:205:11,56.254416961130744,-0.0,11.93,56.254416961130744,-0.0,11.93,8,15,upper,Y,PISO_4,_,True
LT1:205:11,56.40459363957597,-0.0,11.93,56.40459363957597,-0.0,11.93,8,15,upper,Y,PISO_4,_,True
LT1:205:11,56.5547703180212,-0.0,11.93,56.5547703180212,-0.0,11.93,8,15,upper,Y,PISO_4,_,True
LT1:205:11,56.70494699646643,-0.0,11.93,56.70494699646643,-0.0,11.93,8,15,upper,Y,PISO_4,_,True
LT1:205:11,56.85512367491166,-0.0,11.93,56.85512367491166,-0.0,11.93,8,15,upper,Y,PISO_4,_,True
LT1:205:11,57.00530035335689,-0.0,11.93,57.00530035335689,-0.0,11.93,8,15,upper,Y,PISO_4,_,True
LT1:205:11,57.15547703180212,-0.0,11.93,57.15547703180212,-0.0,11.93,8,15,upper,Y,PISO_4,_,True
LT1:205:11,57.30565371024735,-0.0,11.93,57.30565371024735,-0.0,11.93,8,15,upper,Y,PISO_4,_,True
LT1:205:11,57.455830388692576,-0.0,11.93,57.455830388692576,-0.0,11.93,8,15,upper,Y,PISO_4,_,True
LT1:205:11,57.60600706713781,-0.0,11.93,57.60600706713781,-0.0,11.93,8,15,upper,Y,PISO_4,_,True
LT1:205:11,57.75618374558304,-0.0,11.93,57.75618374558304,-0.0,11.93,8,15,upper,Y,PISO_4,_,True
LT1:205:11,57.906360424028264,-0.0,11.93,57.906360424028264,-0.0,11.93,8,15,upper,Y,PISO_4,_,True
LT1:205:11,58.0565371024735,-0.0,11.93,58.0565371024735,-0.0,11.93,8,15,upper,Y,PISO_4,_,True
LT1:205:11,58.20671378091873,-0.0,11.93,58.20671378091873,-0.0,11.93,8,15,upper,Y,PISO_4,_,True
LT1:205:11,58.35689045936395,-0.0,11.93,58.35689045936395,-0.0,11.93,8,15,upper,Y,PISO_4,_,True
LT1:205:11,58.50706713780919,-0.0,11.93,58.50706713780919,-0.0,11.93,8,15,upper,Y,PISO_4,_,True
LT1:205:11,58.65724381625442,-0.0,11.93,58.65724381625442,-0.0,11.93,8,15,upper,Y,PISO_4,_,True
LT1:205:11,58.80742049469964,-0.0,11.93,58.80742049469964,-0.0,11.93,8,15,upper,Y,PISO_4,_,True
LT1:205:11,58.957597173144876,-0.0,11.93,58.957597173144876,-0.0,11.93,8,15,upper,Y,PISO_4,_,True
LT1:205:11,59.10777385159011,-0.0,11.93,59.10777385159011,-0.0,11.93,8,15,upper,Y,PISO_4,_,True
LT1:205:11,59.25795053003533,-0.0,11.93,59.25795053003533,-0.0,11.93,8,15,upper,Y,PISO_4,_,True
LT1:205:11,59.408127208480565,-0.0,11.93,59.408127208480565,-0.0,11.93,8,15,upper,Y,PISO_4,_,True
LT1:205:11,59.5583038869258,-0.0,11.93,59.5583038869258,-0.0,11.93,8,15,upper,Y,PISO_4,_,True
LT1:205:11,59.708480565371026,-0.0,11.93,59.708480565371026,-0.0,11.93,8,15,upper,Y,PISO_4,_,True
LT1:205:11,59.85865724381625,-0.0,11.93,59.85865724381625,-0.0,11.93,8,15,upper,Y,PISO_4,_,True
LT1:205:11,60.00883392226149,-0.0,11.93,60.00883392226149,-0.0,11.93,8,15,upper,Y,PISO_4,_,True
LT1:205:11,60.159010600706715,-0.0,11.93,60.159010600706715,-0.0,11.93,8,15,upper,Y,PISO_4,_,True
LT1:205:11,60.30918727915194,-0.0,11.93,60.30918727915194,-0.0,11.93,8,15,upper,Y,PISO_4,_,True
LT1:205:11,60.459363957597176,-0.0,11.93,60.459363957597176,-0.0,11.93,8,15,upper,Y,PISO_4,_,True
LT1:205:11,60.609540636042404,-0.0,11.93,60.609540636042404,-0.0,11.93,8,15,upper,Y,PISO_4,_,True
LT1:205:11,60.75971731448763,-0.0,11.93,60.75971731448763,-0.0,11.93,8,15,upper,Y,PISO_4,_,True
LT1:205:11,60.909893992932865,-0.0,11.93,60.909893992932865,-0.0,11.93,8,15,upper,Y,PISO_4,_,True
LT1:205:11,61.06007067137809,-0.0,11.93,61.06007067137809,-0.0,11.93,8,15,upper,Y,PISO_4,_,True
LT1:205:11,61.21024734982332,-0.0,11.93,61.21024734982332,-0.0,11.93,8,15,upper,Y,PISO_4,_,True
LT1:205:11,61.360424028268554,-0.0,11.93,61.360424028268554,-0.0,11.93,8,15,upper,Y,PISO_4,_,True
LT1:205:11,61.51060070671378,-0.0,11.93,61.51060070671378,-0.0,11.93,8,15,upper,Y,PISO_4,_,True
LT1:205:11,61.66077738515901,-0.0,11.93,61.66077738515901,-0.0,11.93,8,15,upper,Y,PISO_4,_,True
LT1:205:11,61.81095406360424,-0.0,11.93,61.81095406360424,-0.0,11.93,8,15,upper,Y,PISO_4,_,True
LT1:205:11,61.96113074204947,-0.0,11.93,61.96113074204947,-0.0,11.93,8,15,upper,Y,PISO_4,_,True
LT1:205:11,62.1113074204947,-0.0,11.93,62.1113074204947,-0.0,11.93,8,15,upper,Y,PISO_4,_,True
LT1:205:11,62.26148409893993,-0.0,11.93,62.26148409893993,-0.0,11.93,8,15,upper,Y,PISO_4,_,True
LT1:205:11,62.41166077738516,-0.0,11.93,62.41166077738516,-0.0,11.93,8,15,upper,Y,PISO_4,_,True
LT1:205:11,62.561837455830386,-0.0,11.93,62.561837455830386,-0.0,11.93,8,15,upper,Y,PISO_4,_,True
LT1:205:11,62.71201413427562,-0.0,11.93,62.71201413427562,-0.0,11.93,8,15,upper,Y,PISO_4,_,True
LT1:205:11,62.86219081272085,-0.0,11.93,62.86219081272085,-0.0,11.93,8,15,upper,Y,PISO_4,_,True
LT1:205:11,63.012367491166074,-0.0,11.93,63.012367491166074,-0.0,11.93,8,15,upper,Y,PISO_4,_,True
LT1:205:11,63.16254416961131,-0.0,11.93,63.16254416961131,-0.0,11.93,8,15,upper,Y,PISO_4,_,True
LT1:205:11,63.312720848056536,-0.0,11.93,63.312720848056536,-0.0,11.93,8,15,upper,Y,PISO_4,_,True
LT1:205:11,63.46289752650177,-0.0,11.93,63.46289752650177,-0.0,11.93,8,15,upper,Y,PISO_4,_,True
LT1:205:11,63.613074204947,-0.0,11.93,63.613074204947,-0.0,11.93,8,15,upper,Y,PISO_4,_,True
LT1:205:11,63.763250883392224,-0.0,11.93,63.763250883392224,-0.0,11.93,8,15,upper,Y,PISO_4,_,True
LT1:205:11,63.91342756183746,-0.0,11.93,63.91342756183746,-0.0,11.93,8,15,upper,Y,PISO_4,_,True
LT1:205:11,64.06360424028269,-0.0,11.93,64.06360424028269,-0.0,11.93,8,15,upper,Y,PISO_4,_,True
LT1:205:11,64.2137809187279,-0.0,11.93,64.2137809187279,-0.0,11.93,8,15,upper,Y,PISO_4,_,True
LT1:205:11,64.36395759717314,-0.0,11.93,64.36395759717314,-0.0,11.93,8,15,upper,Y,PISO_4,_,True
LT1:205:11,64.51413427561837,-0.0,11.93,64.51413427561837,-0.0,11.93,8,15,upper,Y,PISO_4,_,True
LT1:205:11,64.66431095406361,-0.0,11.93,64.66431095406361,-0.0,11.93,8,15,upper,Y,PISO_4,_,True
LT1:205:11,64.81448763250884,-0.0,11.93,64.81448763250884,-0.0,11.93,8,15,upper,Y,PISO_4,_,True
LT1:205:11,64.96466431095406,-0.0,11.93,64.96466431095406,-0.0,11.93,8,15,upper,Y,PISO_4,_,True
LT1:205:11,65.11484098939928,-0.0,11.93,65.11484098939928,-0.0,11.93,8,15,upper,Y,PISO_4,_,True
LT1:205:11,65.26501766784452,-0.0,11.93,65.26501766784452,-0.0,11.93,8,15,upper,Y,PISO_4,_,True
LT1:205:11,65.41519434628975,-0.0,11.93,65.41519434628975,-0.0,11.93,8,15,upper,Y,PISO_4,_,True
LT1:205:11,65.56537102473499,-0.0,11.93,65.56537102473499,-0.0,11.93,8,15,upper,Y,PISO_4,_,True
LT1:205:11,65.71554770318022,-0.0,11.93,65.71554770318022,-0.0,11.93,8,15,upper,Y,PISO_4,_,True
LT1:205:11,65.86572438162544,-0.0,11.93,65.86572438162544,-0.0,11.93,8,15,upper,Y,PISO_4,_,True
LT1:205:11,66.01590106007066,-0.0,11.93,66.01590106007066,-0.0,11.93,8,15,upper,Y,PISO_4,_,True
LT1:205:11,66.1660777385159,-0.0,11.93,66.1660777385159,-0.0,11.93,8,15,upper,Y,PISO_4,_,True
LT1:205:11,66.31625441696113,-0.0,11.93,66.31625441696113,-0.0,11.93,8,15,upper,Y,PISO_4,_,True
LT1:205:11,66.46643109540636,-0.0,11.93,66.46643109540636,-0.0,11.93,8,15,upper,Y,PISO_4,_,True
LT1:205:11,66.6166077738516,-0.0,11.93,66.6166077738516,-0.0,11.93,8,15,upper,Y,PISO_4,_,True
LT1:205:11,66.76678445229682,-0.0,11.93,66.76678445229682,-0.0,11.93,8,15,upper,Y,PISO_4,_,True
LT1:205:11,66.91696113074205,-0.0,11.93,66.91696113074205,-0.0,11.93,8,15,upper,Y,PISO_4,_,True
LT1:205:11,67.06713780918727,-0.0,11.93,67.06713780918727,-0.0,11.93,8,15,upper,Y,PISO_4,_,True
LT1:205:11,67.2173144876325,-0.0,11.93,67.2173144876325,-0.0,11.93,8,15,upper,Y,PISO_4,_,True
LT1:205:11,67.36749116607774,-0.0,11.93,67.36749116607774,-0.0,11.93,8,15,upper,Y,PISO_4,_,True
LT1:205:11,67.51766784452298,-0.0,11.93,67.51766784452298,-0.0,11.93,8,15,upper,Y,PISO_4,_,True
LT1:205:11,67.6678445229682,-0.0,11.93,67.6678445229682,-0.0,11.93,8,15,upper,Y,PISO_4,_,True
LT1:205:11,67.81802120141343,-0.0,11.93,67.81802120141343,-0.0,11.93,8,15,upper,Y,PISO_4,_,True
LT1:205:11,67.96819787985865,-0.0,11.93,67.96819787985865,-0.0,11.93,8,15,upper,Y,PISO_4,_,True
LT1:205:11,68.11837455830388,-0.0,11.93,68.11837455830388,-0.0,11.93,8,15,upper,Y,PISO_4,_,True
LT1:205:11,68.26855123674912,-0.0,11.93,68.26855123674912,-0.0,11.93,8,15,upper,Y,PISO_4,_,True
LT1:205:11,68.41872791519435,-0.0,11.93,68.41872791519435,-0.0,11.93,8,15,upper,Y,PISO_4,_,True
LT1:205:11,68.56890459363957,-0.0,11.93,68.56890459363957,-0.0,11.93,8,15,upper,Y,PISO_4,_,True
LT1:205:11,68.71908127208481,-0.0,11.93,68.71908127208481,-0.0,11.93,8,15,upper,Y,PISO_4,_,True
LT1:205:11,68.86925795053003,-0.0,11.93,68.86925795053003,-0.0,11.93,8,15,upper,Y,PISO_4,_,True
LT1:205:11,69.01943462897526,-0.0,11.93,69.01943462897526,-0.0,11.93,8,15,upper,Y,PISO_4,_,True
LT1:205:11,69.1696113074205,-0.0,11.93,69.1696113074205,-0.0,11.93,8,15,upper,Y,PISO_4,_,True
LT1:205:11,69.31978798586573,-0.0,11.93,69.31978798586573,-0.0,11.93,8,15,upper,Y,PISO_4,_,True
LT1:205:11,69.46996466431096,-0.0,11.93,69.46996466431096,-0.0,11.93,8,15,upper,Y,PISO_4,_,True
LT1:205:11,69.62014134275618,-0.0,11.93,69.62014134275618,-0.0,11.93,8,15,upper,Y,PISO_4,_,True
LT1:205:11,69.7703180212014,-0.0,11.93,69.7703180212014,-0.0,11.93,8,15,upper,Y,PISO_4,_,True
LT1:205:11,69.92049469964664,-0.0,11.93,69.92049469964664,-0.0,11.93,8,15,upper,Y,PISO_4,_,True
LT1:205:11,70.07067137809187,-0.0,11.93,70.07067137809187,-0.0,11.93,8,15,upper,Y,PISO_4,_,True
LT1:205:11,70.22084805653711,-0.0,11.93,70.22084805653711,-0.0,11.93,8,15,upper,Y,PISO_4,_,True
LT1:205:11,70.37102473498234,-0.0,11.93,70.37102473498234,-0.0,11.93,8,15,upper,Y,PISO_4,_,True
LT1:205:11,70.52120141342756,-0.0,11.93,70.52120141342756,-0.0,11.93,8,15,upper,Y,PISO_4,_,True
LT1:205:11,70.67137809187278,-0.0,11.93,70.67137809187278,-0.0,11.93,8,15,upper,Y,PISO_4,_,True
LT1:205:11,70.82155477031802,-0.0,11.93,70.82155477031802,-0.0,11.93,8,15,upper,Y,PISO_4,_,True
LT1:205:11,70.97173144876325,-0.0,11.93,70.97173144876325,-0.0,11.93,8,15,upper,Y,PISO_4,_,True
LT1:205:11,71.12190812720848,-0.0,11.93,71.12190812720848,-0.0,11.93,8,15,upper,Y,PISO_4,_,True
LT1:205:11,71.27208480565372,-0.0,11.93,71.27208480565372,-0.0,11.93,8,15,upper,Y,PISO_4,_,True
LT1:205:11,71.42226148409894,-0.0,11.93,71.42226148409894,-0.0,11.93,8,15,upper,Y,PISO_4,_,True
LT1:205:11,71.57243816254416,-0.0,11.93,71.57243816254416,-0.0,11.93,8,15,upper,Y,PISO_4,_,True
LT1:205:11,71.7226148409894,-0.0,11.93,71.7226148409894,-0.0,11.93,8,15,upper,Y,PISO_4,_,True
LT1:205:11,71.87279151943463,-0.0,11.93,71.87279151943463,-0.0,11.93,8,15,upper,Y,PISO_4,_,True
LT1:205:11,72.02296819787986,-0.0,11.93,72.02296819787986,-0.0,11.93,8,15,upper,Y,PISO_4,_,True
LT1:205:11,72.1731448763251,-0.0,11.93,72.1731448763251,-0.0,11.93,8,15,upper,Y,PISO_4,_,True
LT1:205:11,72.32332155477032,-0.0,11.93,72.32332155477032,-0.0,11.93,8,15,upper,Y,PISO_4,_,True
LT1:205:11,72.47349823321555,-0.0,11.93,72.47349823321555,-0.0,11.93,8,15,upper,Y,PISO_4,_,True
LT1:205:11,72.62367491166077,-0.0,11.93,72.62367491166077,-0.0,11.93,8,15,upper,Y,PISO_4,_,True
LT1:205:11,72.773851590106,-0.0,11.93,72.773851590106,-0.0,11.93,8,15,upper,Y,PISO_4,_,True
LT1:205:11,72.92402826855124,-0.0,11.93,72.92402826855124,-0.0,11.93,8,15,upper,Y,PISO_4,_,True
LT1:205:11,73.07420494699647,-0.0,11.93,73.07420494699647,-0.0,11.93,8,15,upper,Y,PISO_4,_,True
LT1:205:11,73.2243816254417,-0.0,11.93,73.2243816254417,-0.0,11.93,8,15,upper,Y,PISO_4,_,True
LT1:205:11,73.37455830388693,-0.0,11.93,73.37455830388693,-0.0,11.93,8,15,upper,Y,PISO_4,_,True
LT1:205:11,73.52473498233215,-0.0,11.93,73.52473498233215,-0.0,11.93,8,15,upper,Y,PISO_4,_,True
LT1:205:11,73.67491166077738,-0.0,11.93,73.67491166077738,-0.0,11.93,8,15,upper,Y,PISO_4,_,True
LT1:205:12,31.25,0.0,11.93,73.75,0.0,11.93,8,18,upper,X,PISO_4,_,True
LT1:205:12,31.340042372881356,-0.0,11.93,31.340042372881356,-0.0,11.93,8,18,upper,Y,PISO_4,_,True
LT1:205:12,31.52012711864407,-0.0,11.93,31.52012711864407,-0.0,11.93,8,18,upper,Y,PISO_4,_,True
LT1:205:12,31.70021186440678,-0.0,11.93,31.70021186440678,-0.0,11.93,8,18,upper,Y,PISO_4,_,True
LT1:205:12,31.88029661016949,-0.0,11.93,31.88029661016949,-0.0,11.93,8,18,upper,Y,PISO_4,_,True
LT1:205:12,32.0603813559322,-0.0,11.93,32.0603813559322,-0.0,11.93,8,18,upper,Y,PISO_4,_,True
LT1:205:12,32.24046610169491,-0.0,11.93,32.24046610169491,-0.0,11.93,8,18,upper,Y,PISO_4,_,True
LT1:205:12,32.420550847457626,-0.0,11.93,32.420550847457626,-0.0,11.93,8,18,upper,Y,PISO_4,_,True
LT1:205:12,32.60063559322034,-0.0,11.93,32.60063559322034,-0.0,11.93,8,18,upper,Y,PISO_4,_,True
LT1:205:12,32.78072033898305,-0.0,11.93,32.78072033898305,-0.0,11.93,8,18,upper,Y,PISO_4,_,True
LT1:205:12,32.960805084745765,-0.0,11.93,32.960805084745765,-0.0,11.93,8,18,upper,Y,PISO_4,_,True
LT1:205:12,33.14088983050848,-0.0,11.93,33.14088983050848,-0.0,11.93,8,18,upper,Y,PISO_4,_,True
LT1:205:12,33.32097457627118,-0.0,11.93,33.32097457627118,-0.0,11.93,8,18,upper,Y,PISO_4,_,True
LT1:205:12,33.501059322033896,-0.0,11.93,33.501059322033896,-0.0,11.93,8,18,upper,Y,PISO_4,_,True
LT1:205:12,33.68114406779661,-0.0,11.93,33.68114406779661,-0.0,11.93,8,18,upper,Y,PISO_4,_,True
LT1:205:12,33.86122881355932,-0.0,11.93,33.86122881355932,-0.0,11.93,8,18,upper,Y,PISO_4,_,True
LT1:205:12,34.041313559322035,-0.0,11.93,34.041313559322035,-0.0,11.93,8,18,upper,Y,PISO_4,_,True
LT1:205:12,34.22139830508475,-0.0,11.93,34.22139830508475,-0.0,11.93,8,18,upper,Y,PISO_4,_,True
LT1:205:12,34.40148305084746,-0.0,11.93,34.40148305084746,-0.0,11.93,8,18,upper,Y,PISO_4,_,True
LT1:205:12,34.58156779661017,-0.0,11.93,34.58156779661017,-0.0,11.93,8,18,upper,Y,PISO_4,_,True
LT1:205:12,34.76165254237288,-0.0,11.93,34.76165254237288,-0.0,11.93,8,18,upper,Y,PISO_4,_,True
LT1:205:12,34.94173728813559,-0.0,11.93,34.94173728813559,-0.0,11.93,8,18,upper,Y,PISO_4,_,True
LT1:205:12,35.121822033898304,-0.0,11.93,35.121822033898304,-0.0,11.93,8,18,upper,Y,PISO_4,_,True
LT1:205:12,35.30190677966102,-0.0,11.93,35.30190677966102,-0.0,11.93,8,18,upper,Y,PISO_4,_,True
LT1:205:12,35.48199152542373,-0.0,11.93,35.48199152542373,-0.0,11.93,8,18,upper,Y,PISO_4,_,True
LT1:205:12,35.66207627118644,-0.0,11.93,35.66207627118644,-0.0,11.93,8,18,upper,Y,PISO_4,_,True
LT1:205:12,35.84216101694915,-0.0,11.93,35.84216101694915,-0.0,11.93,8,18,upper,Y,PISO_4,_,True
LT1:205:12,36.02224576271186,-0.0,11.93,36.02224576271186,-0.0,11.93,8,18,upper,Y,PISO_4,_,True
LT1:205:12,36.202330508474574,-0.0,11.93,36.202330508474574,-0.0,11.93,8,18,upper,Y,PISO_4,_,True
LT1:205:12,36.38241525423729,-0.0,11.93,36.38241525423729,-0.0,11.93,8,18,upper,Y,PISO_4,_,True
LT1:205:12,36.5625,-0.0,11.93,36.5625,-0.0,11.93,8,18,upper,Y,PISO_4,_,True
LT1:205:12,36.74258474576271,-0.0,11.93,36.74258474576271,-0.0,11.93,8,18,upper,Y,PISO_4,_,True
LT1:205:12,36.922669491525426,-0.0,11.93,36.922669491525426,-0.0,11.93,8,18,upper,Y,PISO_4,_,True
LT1:205:12,37.10275423728814,-0.0,11.93,37.10275423728814,-0.0,11.93,8,18,upper,Y,PISO_4,_,True
LT1:205:12,37.28283898305085,-0.0,11.93,37.28283898305085,-0.0,11.93,8,18,upper,Y,PISO_4,_,True
LT1:205:12,37.46292372881356,-0.0,11.93,37.46292372881356,-0.0,11.93,8,18,upper,Y,PISO_4,_,True
LT1:205:12,37.64300847457627,-0.0,11.93,37.64300847457627,-0.0,11.93,8,18,upper,Y,PISO_4,_,True
LT1:205:12,37.82309322033898,-0.0,11.93,37.82309322033898,-0.0,11.93,8,18,upper,Y,PISO_4,_,True
LT1:205:12,38.003177966101696,-0.0,11.93,38.003177966101696,-0.0,11.93,8,18,upper,Y,PISO_4,_,True
LT1:205:12,38.18326271186441,-0.0,11.93,38.18326271186441,-0.0,11.93,8,18,upper,Y,PISO_4,_,True
LT1:205:12,38.36334745762712,-0.0,11.93,38.36334745762712,-0.0,11.93,8,18,upper,Y,PISO_4,_,True
LT1:205:12,38.54343220338983,-0.0,11.93,38.54343220338983,-0.0,11.93,8,18,upper,Y,PISO_4,_,True
LT1:205:12,38.72351694915254,-0.0,11.93,38.72351694915254,-0.0,11.93,8,18,upper,Y,PISO_4,_,True
LT1:205:12,38.90360169491525,-0.0,11.93,38.90360169491525,-0.0,11.93,8,18,upper,Y,PISO_4,_,True
LT1:205:12,39.083686440677965,-0.0,11.93,39.083686440677965,-0.0,11.93,8,18,upper,Y,PISO_4,_,True
LT1:205:12,39.26377118644068,-0.0,11.93,39.26377118644068,-0.0,11.93,8,18,upper,Y,PISO_4,_,True
LT1:205:12,39.44385593220339,-0.0,11.93,39.44385593220339,-0.0,11.93,8,18,upper,Y,PISO_4,_,True
LT1:205:12,39.623940677966104,-0.0,11.93,39.623940677966104,-0.0,11.93,8,18,upper,Y,PISO_4,_,True
LT1:205:12,39.80402542372882,-0.0,11.93,39.80402542372882,-0.0,11.93,8,18,upper,Y,PISO_4,_,True
LT1:205:12,39.98411016949153,-0.0,11.93,39.98411016949153,-0.0,11.93,8,18,upper,Y,PISO_4,_,True
LT1:205:12,40.164194915254235,-0.0,11.93,40.164194915254235,-0.0,11.93,8,18,upper,Y,PISO_4,_,True
LT1:205:12,40.34427966101695,-0.0,11.93,40.34427966101695,-0.0,11.93,8,18,upper,Y,PISO_4,_,True
LT1:205:12,40.52436440677966,-0.0,11.93,40.52436440677966,-0.0,11.93,8,18,upper,Y,PISO_4,_,True
LT1:205:12,40.704449152542374,-0.0,11.93,40.704449152542374,-0.0,11.93,8,18,upper,Y,PISO_4,_,True
LT1:205:12,40.88453389830509,-0.0,11.93,40.88453389830509,-0.0,11.93,8,18,upper,Y,PISO_4,_,True
LT1:205:12,41.06461864406779,-0.0,11.93,41.06461864406779,-0.0,11.93,8,18,upper,Y,PISO_4,_,True
LT1:205:12,41.244703389830505,-0.0,11.93,41.244703389830505,-0.0,11.93,8,18,upper,Y,PISO_4,_,True
LT1:205:12,41.42478813559322,-0.0,11.93,41.42478813559322,-0.0,11.93,8,18,upper,Y,PISO_4,_,True
LT1:205:12,41.60487288135593,-0.0,11.93,41.60487288135593,-0.0,11.93,8,18,upper,Y,PISO_4,_,True
LT1:205:12,41.784957627118644,-0.0,11.93,41.784957627118644,-0.0,11.93,8,18,upper,Y,PISO_4,_,True
LT1:205:12,41.965042372881356,-0.0,11.93,41.965042372881356,-0.0,11.93,8,18,upper,Y,PISO_4,_,True
LT1:205:12,42.14512711864407,-0.0,11.93,42.14512711864407,-0.0,11.93,8,18,upper,Y,PISO_4,_,True
LT1:205:12,42.32521186440678,-0.0,11.93,42.32521186440678,-0.0,11.93,8,18,upper,Y,PISO_4,_,True
LT1:205:12,42.505296610169495,-0.0,11.93,42.505296610169495,-0.0,11.93,8,18,upper,Y,PISO_4,_,True
LT1:205:12,42.68538135593221,-0.0,11.93,42.68538135593221,-0.0,11.93,8,18,upper,Y,PISO_4,_,True
LT1:205:12,42.86546610169491,-0.0,11.93,42.86546610169491,-0.0,11.93,8,18,upper,Y,PISO_4,_,True
LT1:205:12,43.045550847457626,-0.0,11.93,43.045550847457626,-0.0,11.93,8,18,upper,Y,PISO_4,_,True
LT1:205:12,43.22563559322034,-0.0,11.93,43.22563559322034,-0.0,11.93,8,18,upper,Y,PISO_4,_,True
LT1:205:12,43.40572033898305,-0.0,11.93,43.40572033898305,-0.0,11.93,8,18,upper,Y,PISO_4,_,True
LT1:205:12,43.585805084745765,-0.0,11.93,43.585805084745765,-0.0,11.93,8,18,upper,Y,PISO_4,_,True
LT1:205:12,43.76588983050847,-0.0,11.93,43.76588983050847,-0.0,11.93,8,18,upper,Y,PISO_4,_,True
LT1:205:12,43.94597457627118,-0.0,11.93,43.94597457627118,-0.0,11.93,8,18,upper,Y,PISO_4,_,True
LT1:205:12,44.126059322033896,-0.0,11.93,44.126059322033896,-0.0,11.93,8,18,upper,Y,PISO_4,_,True
LT1:205:12,44.30614406779661,-0.0,11.93,44.30614406779661,-0.0,11.93,8,18,upper,Y,PISO_4,_,True
LT1:205:12,44.48622881355932,-0.0,11.93,44.48622881355932,-0.0,11.93,8,18,upper,Y,PISO_4,_,True
LT1:205:12,44.666313559322035,-0.0,11.93,44.666313559322035,-0.0,11.93,8,18,upper,Y,PISO_4,_,True
LT1:205:12,44.84639830508475,-0.0,11.93,44.84639830508475,-0.0,11.93,8,18,upper,Y,PISO_4,_,True
LT1:205:12,45.02648305084746,-0.0,11.93,45.02648305084746,-0.0,11.93,8,18,upper,Y,PISO_4,_,True
LT1:205:12,45.20656779661017,-0.0,11.93,45.20656779661017,-0.0,11.93,8,18,upper,Y,PISO_4,_,True
LT1:205:12,45.38665254237288,-0.0,11.93,45.38665254237288,-0.0,11.93,8,18,upper,Y,PISO_4,_,True
LT1:205:12,45.56673728813559,-0.0,11.93,45.56673728813559,-0.0,11.93,8,18,upper,Y,PISO_4,_,True
LT1:205:12,45.746822033898304,-0.0,11.93,45.746822033898304,-0.0,11.93,8,18,upper,Y,PISO_4,_,True
LT1:205:12,45.92690677966102,-0.0,11.93,45.92690677966102,-0.0,11.93,8,18,upper,Y,PISO_4,_,True
LT1:205:12,46.10699152542373,-0.0,11.93,46.10699152542373,-0.0,11.93,8,18,upper,Y,PISO_4,_,True
LT1:205:12,46.28707627118644,-0.0,11.93,46.28707627118644,-0.0,11.93,8,18,upper,Y,PISO_4,_,True
LT1:205:12,46.46716101694915,-0.0,11.93,46.46716101694915,-0.0,11.93,8,18,upper,Y,PISO_4,_,True
LT1:205:12,46.64724576271186,-0.0,11.93,46.64724576271186,-0.0,11.93,8,18,upper,Y,PISO_4,_,True
LT1:205:12,46.827330508474574,-0.0,11.93,46.827330508474574,-0.0,11.93,8,18,upper,Y,PISO_4,_,True
LT1:205:12,47.00741525423729,-0.0,11.93,47.00741525423729,-0.0,11.93,8,18,upper,Y,PISO_4,_,True
LT1:205:12,47.1875,-0.0,11.93,47.1875,-0.0,11.93,8,18,upper,Y,PISO_4,_,True
LT1:205:12,47.36758474576271,-0.0,11.93,47.36758474576271,-0.0,11.93,8,18,upper,Y,PISO_4,_,True
LT1:205:12,47.547669491525426,-0.0,11.93,47.547669491525426,-0.0,11.93,8,18,upper,Y,PISO_4,_,True
LT1:205:12,47.72775423728814,-0.0,11.93,47.72775423728814,-0.0,11.93,8,18,upper,Y,PISO_4,_,True
LT1:205:12,47.90783898305085,-0.0,11.93,47.90783898305085,-0.0,11.93,8,18,upper,Y,PISO_4,_,True
LT1:205:12,48.087923728813564,-0.0,11.93,48.087923728813564,-0.0,11.93,8,18,upper,Y,PISO_4,_,True
LT1:205:12,48.26800847457627,-0.0,11.93,48.26800847457627,-0.0,11.93,8,18,upper,Y,PISO_4,_,True
LT1:205:12,48.44809322033898,-0.0,11.93,48.44809322033898,-0.0,11.93,8,18,upper,Y,PISO_4,_,True
LT1:205:12,48.628177966101696,-0.0,11.93,48.628177966101696,-0.0,11.93,8,18,upper,Y,PISO_4,_,True
LT1:205:12,48.80826271186441,-0.0,11.93,48.80826271186441,-0.0,11.93,8,18,upper,Y,PISO_4,_,True
LT1:205:12,48.988347457627114,-0.0,11.93,48.988347457627114,-0.0,11.93,8,18,upper,Y,PISO_4,_,True
LT1:205:12,49.16843220338983,-0.0,11.93,49.16843220338983,-0.0,11.93,8,18,upper,Y,PISO_4,_,True
LT1:205:12,49.34851694915254,-0.0,11.93,49.34851694915254,-0.0,11.93,8,18,upper,Y,PISO_4,_,True
LT1:205:12,49.52860169491525,-0.0,11.93,49.52860169491525,-0.0,11.93,8,18,upper,Y,PISO_4,_,True
LT1:205:12,49.708686440677965,-0.0,11.93,49.708686440677965,-0.0,11.93,8,18,upper,Y,PISO_4,_,True
LT1:205:12,49.88877118644068,-0.0,11.93,49.88877118644068,-0.0,11.93,8,18,upper,Y,PISO_4,_,True
LT1:205:12,50.06885593220339,-0.0,11.93,50.06885593220339,-0.0,11.93,8,18,upper,Y,PISO_4,_,True
LT1:205:12,50.248940677966104,-0.0,11.93,50.248940677966104,-0.0,11.93,8,18,upper,Y,PISO_4,_,True
LT1:205:12,50.42902542372882,-0.0,11.93,50.42902542372882,-0.0,11.93,8,18,upper,Y,PISO_4,_,True
LT1:205:12,50.60911016949153,-0.0,11.93,50.60911016949153,-0.0,11.93,8,18,upper,Y,PISO_4,_,True
LT1:205:12,50.78919491525424,-0.0,11.93,50.78919491525424,-0.0,11.93,8,18,upper,Y,PISO_4,_,True
LT1:205:12,50.96927966101695,-0.0,11.93,50.96927966101695,-0.0,11.93,8,18,upper,Y,PISO_4,_,True
LT1:205:12,51.14936440677966,-0.0,11.93,51.14936440677966,-0.0,11.93,8,18,upper,Y,PISO_4,_,True
LT1:205:12,51.329449152542374,-0.0,11.93,51.329449152542374,-0.0,11.93,8,18,upper,Y,PISO_4,_,True
LT1:205:12,51.50953389830508,-0.0,11.93,51.50953389830508,-0.0,11.93,8,18,upper,Y,PISO_4,_,True
LT1:205:12,51.68961864406779,-0.0,11.93,51.68961864406779,-0.0,11.93,8,18,upper,Y,PISO_4,_,True
LT1:205:12,51.869703389830505,-0.0,11.93,51.869703389830505,-0.0,11.93,8,18,upper,Y,PISO_4,_,True
LT1:205:12,52.04978813559322,-0.0,11.93,52.04978813559322,-0.0,11.93,8,18,upper,Y,PISO_4,_,True
LT1:205:12,52.22987288135593,-0.0,11.93,52.22987288135593,-0.0,11.93,8,18,upper,Y,PISO_4,_,True
LT1:205:12,52.409957627118644,-0.0,11.93,52.409957627118644,-0.0,11.93,8,18,upper,Y,PISO_4,_,True
LT1:205:12,52.590042372881356,-0.0,11.93,52.590042372881356,-0.0,11.93,8,18,upper,Y,PISO_4,_,True
LT1:205:12,52.77012711864407,-0.0,11.93,52.77012711864407,-0.0,11.93,8,18,upper,Y,PISO_4,_,True
LT1:205:12,52.95021186440678,-0.0,11.93,52.95021186440678,-0.0,11.93,8,18,upper,Y,PISO_4,_,True
LT1:205:12,53.130296610169495,-0.0,11.93,53.130296610169495,-0.0,11.93,8,18,upper,Y,PISO_4,_,True
LT1:205:12,53.31038135593221,-0.0,11.93,53.31038135593221,-0.0,11.93,8,18,upper,Y,PISO_4,_,True
LT1:205:12,53.49046610169492,-0.0,11.93,53.49046610169492,-0.0,11.93,8,18,upper,Y,PISO_4,_,True
LT1:205:12,53.670550847457626,-0.0,11.93,53.670550847457626,-0.0,11.93,8,18,upper,Y,PISO_4,_,True
LT1:205:12,53.85063559322034,-0.0,11.93,53.85063559322034,-0.0,11.93,8,18,upper,Y,PISO_4,_,True
LT1:205:12,54.03072033898305,-0.0,11.93,54.03072033898305,-0.0,11.93,8,18,upper,Y,PISO_4,_,True
LT1:205:12,54.21080508474576,-0.0,11.93,54.21080508474576,-0.0,11.93,8,18,upper,Y,PISO_4,_,True
LT1:205:12,54.39088983050847,-0.0,11.93,54.39088983050847,-0.0,11.93,8,18,upper,Y,PISO_4,_,True
LT1:205:12,54.57097457627118,-0.0,11.93,54.57097457627118,-0.0,11.93,8,18,upper,Y,PISO_4,_,True
LT1:205:12,54.751059322033896,-0.0,11.93,54.751059322033896,-0.0,11.93,8,18,upper,Y,PISO_4,_,True
LT1:205:12,54.93114406779661,-0.0,11.93,54.93114406779661,-0.0,11.93,8,18,upper,Y,PISO_4,_,True
LT1:205:12,55.11122881355932,-0.0,11.93,55.11122881355932,-0.0,11.93,8,18,upper,Y,PISO_4,_,True
LT1:205:12,55.291313559322035,-0.0,11.93,55.291313559322035,-0.0,11.93,8,18,upper,Y,PISO_4,_,True
LT1:205:12,55.47139830508475,-0.0,11.93,55.47139830508475,-0.0,11.93,8,18,upper,Y,PISO_4,_,True
LT1:205:12,55.65148305084746,-0.0,11.93,55.65148305084746,-0.0,11.93,8,18,upper,Y,PISO_4,_,True
LT1:205:12,55.83156779661017,-0.0,11.93,55.83156779661017,-0.0,11.93,8,18,upper,Y,PISO_4,_,True
LT1:205:12,56.011652542372886,-0.0,11.93,56.011652542372886,-0.0,11.93,8,18,upper,Y,PISO_4,_,True
LT1:205:12,56.19173728813559,-0.0,11.93,56.19173728813559,-0.0,11.93,8,18,upper,Y,PISO_4,_,True
LT1:205:12,56.371822033898304,-0.0,11.93,56.371822033898304,-0.0,11.93,8,18,upper,Y,PISO_4,_,True
LT1:205:12,56.55190677966102,-0.0,11.93,56.55190677966102,-0.0,11.93,8,18,upper,Y,PISO_4,_,True
LT1:205:12,56.73199152542373,-0.0,11.93,56.73199152542373,-0.0,11.93,8,18,upper,Y,PISO_4,_,True
LT1:205:12,56.912076271186436,-0.0,11.93,56.912076271186436,-0.0,11.93,8,18,upper,Y,PISO_4,_,True
LT1:205:12,57.09216101694915,-0.0,11.93,57.09216101694915,-0.0,11.93,8,18,upper,Y,PISO_4,_,True
LT1:205:12,57.27224576271186,-0.0,11.93,57.27224576271186,-0.0,11.93,8,18,upper,Y,PISO_4,_,True
LT1:205:12,57.452330508474574,-0.0,11.93,57.452330508474574,-0.0,11.93,8,18,upper,Y,PISO_4,_,True
LT1:205:12,57.63241525423729,-0.0,11.93,57.63241525423729,-0.0,11.93,8,18,upper,Y,PISO_4,_,True
LT1:205:12,57.8125,-0.0,11.93,57.8125,-0.0,11.93,8,18,upper,Y,PISO_4,_,True
LT1:205:12,57.99258474576271,-0.0,11.93,57.99258474576271,-0.0,11.93,8,18,upper,Y,PISO_4,_,True
LT1:205:12,58.172669491525426,-0.0,11.93,58.172669491525426,-0.0,11.93,8,18,upper,Y,PISO_4,_,True
LT1:205:12,58.35275423728814,-0.0,11.93,58.35275423728814,-0.0,11.93,8,18,upper,Y,PISO_4,_,True
LT1:205:12,58.53283898305085,-0.0,11.93,58.53283898305085,-0.0,11.93,8,18,upper,Y,PISO_4,_,True
LT1:205:12,58.712923728813564,-0.0,11.93,58.712923728813564,-0.0,11.93,8,18,upper,Y,PISO_4,_,True
LT1:205:12,58.89300847457627,-0.0,11.93,58.89300847457627,-0.0,11.93,8,18,upper,Y,PISO_4,_,True
LT1:205:12,59.07309322033898,-0.0,11.93,59.07309322033898,-0.0,11.93,8,18,upper,Y,PISO_4,_,True
LT1:205:12,59.253177966101696,-0.0,11.93,59.253177966101696,-0.0,11.93,8,18,upper,Y,PISO_4,_,True
LT1:205:12,59.43326271186441,-0.0,11.93,59.43326271186441,-0.0,11.93,8,18,upper,Y,PISO_4,_,True
LT1:205:12,59.613347457627114,-0.0,11.93,59.613347457627114,-0.0,11.93,8,18,upper,Y,PISO_4,_,True
LT1:205:12,59.79343220338983,-0.0,11.93,59.79343220338983,-0.0,11.93,8,18,upper,Y,PISO_4,_,True
LT1:205:12,59.97351694915254,-0.0,11.93,59.97351694915254,-0.0,11.93,8,18,upper,Y,PISO_4,_,True
LT1:205:12,60.15360169491525,-0.0,11.93,60.15360169491525,-0.0,11.93,8,18,upper,Y,PISO_4,_,True
LT1:205:12,60.333686440677965,-0.0,11.93,60.333686440677965,-0.0,11.93,8,18,upper,Y,PISO_4,_,True
LT1:205:12,60.51377118644068,-0.0,11.93,60.51377118644068,-0.0,11.93,8,18,upper,Y,PISO_4,_,True
LT1:205:12,60.69385593220339,-0.0,11.93,60.69385593220339,-0.0,11.93,8,18,upper,Y,PISO_4,_,True
LT1:205:12,60.873940677966104,-0.0,11.93,60.873940677966104,-0.0,11.93,8,18,upper,Y,PISO_4,_,True
LT1:205:12,61.05402542372882,-0.0,11.93,61.05402542372882,-0.0,11.93,8,18,upper,Y,PISO_4,_,True
LT1:205:12,61.23411016949153,-0.0,11.93,61.23411016949153,-0.0,11.93,8,18,upper,Y,PISO_4,_,True
LT1:205:12,61.41419491525424,-0.0,11.93,61.41419491525424,-0.0,11.93,8,18,upper,Y,PISO_4,_,True
LT1:205:12,61.59427966101695,-0.0,11.93,61.59427966101695,-0.0,11.93,8,18,upper,Y,PISO_4,_,True
LT1:205:12,61.77436440677966,-0.0,11.93,61.77436440677966,-0.0,11.93,8,18,upper,Y,PISO_4,_,True
LT1:205:12,61.954449152542374,-0.0,11.93,61.954449152542374,-0.0,11.93,8,18,upper,Y,PISO_4,_,True
LT1:205:12,62.13453389830508,-0.0,11.93,62.13453389830508,-0.0,11.93,8,18,upper,Y,PISO_4,_,True
LT1:205:12,62.31461864406779,-0.0,11.93,62.31461864406779,-0.0,11.93,8,18,upper,Y,PISO_4,_,True
LT1:205:12,62.494703389830505,-0.0,11.93,62.494703389830505,-0.0,11.93,8,18,upper,Y,PISO_4,_,True
LT1:205:12,62.67478813559322,-0.0,11.93,62.67478813559322,-0.0,11.93,8,18,upper,Y,PISO_4,_,True
LT1:205:12,62.85487288135593,-0.0,11.93,62.85487288135593,-0.0,11.93,8,18,upper,Y,PISO_4,_,True
LT1:205:12,63.034957627118644,-0.0,11.93,63.034957627118644,-0.0,11.93,8,18,upper,Y,PISO_4,_,True
LT1:205:12,63.215042372881356,-0.0,11.93,63.215042372881356,-0.0,11.93,8,18,upper,Y,PISO_4,_,True
LT1:205:12,63.39512711864407,-0.0,11.93,63.39512711864407,-0.0,11.93,8,18,upper,Y,PISO_4,_,True
LT1:205:12,63.57521186440678,-0.0,11.93,63.57521186440678,-0.0,11.93,8,18,upper,Y,PISO_4,_,True
LT1:205:12,63.755296610169495,-0.0,11.93,63.755296610169495,-0.0,11.93,8,18,upper,Y,PISO_4,_,True
LT1:205:12,63.9353813559322,-0.0,11.93,63.9353813559322,-0.0,11.93,8,18,upper,Y,PISO_4,_,True
LT1:205:12,64.11546610169492,-0.0,11.93,64.11546610169492,-0.0,11.93,8,18,upper,Y,PISO_4,_,True
LT1:205:12,64.29555084745763,-0.0,11.93,64.29555084745763,-0.0,11.93,8,18,upper,Y,PISO_4,_,True
LT1:205:12,64.47563559322035,-0.0,11.93,64.47563559322035,-0.0,11.93,8,18,upper,Y,PISO_4,_,True
LT1:205:12,64.65572033898306,-0.0,11.93,64.65572033898306,-0.0,11.93,8,18,upper,Y,PISO_4,_,True
LT1:205:12,64.83580508474577,-0.0,11.93,64.83580508474577,-0.0,11.93,8,18,upper,Y,PISO_4,_,True
LT1:205:12,65.01588983050848,-0.0,11.93,65.01588983050848,-0.0,11.93,8,18,upper,Y,PISO_4,_,True
LT1:205:12,65.19597457627118,-0.0,11.93,65.19597457627118,-0.0,11.93,8,18,upper,Y,PISO_4,_,True
LT1:205:12,65.3760593220339,-0.0,11.93,65.3760593220339,-0.0,11.93,8,18,upper,Y,PISO_4,_,True
LT1:205:12,65.55614406779661,-0.0,11.93,65.55614406779661,-0.0,11.93,8,18,upper,Y,PISO_4,_,True
LT1:205:12,65.73622881355932,-0.0,11.93,65.73622881355932,-0.0,11.93,8,18,upper,Y,PISO_4,_,True
LT1:205:12,65.91631355932203,-0.0,11.93,65.91631355932203,-0.0,11.93,8,18,upper,Y,PISO_4,_,True
LT1:205:12,66.09639830508475,-0.0,11.93,66.09639830508475,-0.0,11.93,8,18,upper,Y,PISO_4,_,True
LT1:205:12,66.27648305084746,-0.0,11.93,66.27648305084746,-0.0,11.93,8,18,upper,Y,PISO_4,_,True
LT1:205:12,66.45656779661016,-0.0,11.93,66.45656779661016,-0.0,11.93,8,18,upper,Y,PISO_4,_,True
LT1:205:12,66.63665254237287,-0.0,11.93,66.63665254237287,-0.0,11.93,8,18,upper,Y,PISO_4,_,True
LT1:205:12,66.81673728813558,-0.0,11.93,66.81673728813558,-0.0,11.93,8,18,upper,Y,PISO_4,_,True
LT1:205:12,66.9968220338983,-0.0,11.93,66.9968220338983,-0.0,11.93,8,18,upper,Y,PISO_4,_,True
LT1:205:12,67.17690677966101,-0.0,11.93,67.17690677966101,-0.0,11.93,8,18,upper,Y,PISO_4,_,True
LT1:205:12,67.35699152542372,-0.0,11.93,67.35699152542372,-0.0,11.93,8,18,upper,Y,PISO_4,_,True
LT1:205:12,67.53707627118644,-0.0,11.93,67.53707627118644,-0.0,11.93,8,18,upper,Y,PISO_4,_,True
LT1:205:12,67.71716101694915,-0.0,11.93,67.71716101694915,-0.0,11.93,8,18,upper,Y,PISO_4,_,True
LT1:205:12,67.89724576271186,-0.0,11.93,67.89724576271186,-0.0,11.93,8,18,upper,Y,PISO_4,_,True
LT1:205:12,68.07733050847457,-0.0,11.93,68.07733050847457,-0.0,11.93,8,18,upper,Y,PISO_4,_,True
LT1:205:12,68.25741525423729,-0.0,11.93,68.25741525423729,-0.0,11.93,8,18,upper,Y,PISO_4,_,True
LT1:205:12,68.4375,-0.0,11.93,68.4375,-0.0,11.93,8,18,upper,Y,PISO_4,_,True
LT1:205:12,68.61758474576271,-0.0,11.93,68.61758474576271,-0.0,11.93,8,18,upper,Y,PISO_4,_,True
LT1:205:12,68.79766949152543,-0.0,11.93,68.79766949152543,-0.0,11.93,8,18,upper,Y,PISO_4,_,True
LT1:205:12,68.97775423728814,-0.0,11.93,68.97775423728814,-0.0,11.93,8,18,upper,Y,PISO_4,_,True
LT1:205:12,69.15783898305085,-0.0,11.93,69.15783898305085,-0.0,11.93,8,18,upper,Y,PISO_4,_,True
LT1:205:12,69.33792372881356,-0.0,11.93,69.33792372881356,-0.0,11.93,8,18,upper,Y,PISO_4,_,True
LT1:205:12,69.51800847457628,-0.0,11.93,69.51800847457628,-0.0,11.93,8,18,upper,Y,PISO_4,_,True
LT1:205:12,69.69809322033899,-0.0,11.93,69.69809322033899,-0.0,11.93,8,18,upper,Y,PISO_4,_,True
LT1:205:12,69.8781779661017,-0.0,11.93,69.8781779661017,-0.0,11.93,8,18,upper,Y,PISO_4,_,True
LT1:205:12,70.05826271186442,-0.0,11.93,70.05826271186442,-0.0,11.93,8,18,upper,Y,PISO_4,_,True
LT1:205:12,70.23834745762713,-0.0,11.93,70.23834745762713,-0.0,11.93,8,18,upper,Y,PISO_4,_,True
LT1:205:12,70.41843220338984,-0.0,11.93,70.41843220338984,-0.0,11.93,8,18,upper,Y,PISO_4,_,True
LT1:205:12,70.59851694915254,-0.0,11.93,70.59851694915254,-0.0,11.93,8,18,upper,Y,PISO_4,_,True
LT1:205:12,70.77860169491525,-0.0,11.93,70.77860169491525,-0.0,11.93,8,18,upper,Y,PISO_4,_,True
LT1:205:12,70.95868644067797,-0.0,11.93,70.95868644067797,-0.0,11.93,8,18,upper,Y,PISO_4,_,True
LT1:205:12,71.13877118644068,-0.0,11.93,71.13877118644068,-0.0,11.93,8,18,upper,Y,PISO_4,_,True
LT1:205:12,71.31885593220339,-0.0,11.93,71.31885593220339,-0.0,11.93,8,18,upper,Y,PISO_4,_,True
LT1:205:12,71.4989406779661,-0.0,11.93,71.4989406779661,-0.0,11.93,8,18,upper,Y,PISO_4,_,True
LT1:205:12,71.67902542372882,-0.0,11.93,71.67902542372882,-0.0,11.93,8,18,upper,Y,PISO_4,_,True
LT1:205:12,71.85911016949152,-0.0,11.93,71.85911016949152,-0.0,11.93,8,18,upper,Y,PISO_4,_,True
LT1:205:12,72.03919491525423,-0.0,11.93,72.03919491525423,-0.0,11.93,8,18,upper,Y,PISO_4,_,True
LT1:205:12,72.21927966101694,-0.0,11.93,72.21927966101694,-0.0,11.93,8,18,upper,Y,PISO_4,_,True
LT1:205:12,72.39936440677965,-0.0,11.93,72.39936440677965,-0.0,11.93,8,18,upper,Y,PISO_4,_,True
LT1:205:12,72.57944915254237,-0.0,11.93,72.57944915254237,-0.0,11.93,8,18,upper,Y,PISO_4,_,True
LT1:205:12,72.75953389830508,-0.0,11.93,72.75953389830508,-0.0,11.93,8,18,upper,Y,PISO_4,_,True
LT1:205:12,72.93961864406779,-0.0,11.93,72.93961864406779,-0.0,11.93,8,18,upper,Y,PISO_4,_,True
LT1:205:12,73.1197033898305,-0.0,11.93,73.1197033898305,-0.0,11.93,8,18,upper,Y,PISO_4,_,True
LT1:205:12,73.29978813559322,-0.0,11.93,73.29978813559322,-0.0,11.93,8,18,upper,Y,PISO_4,_,True
LT1:205:12,73.47987288135593,-0.0,11.93,73.47987288135593,-0.0,11.93,8,18,upper,Y,PISO_4,_,True
LT1:205:12,73.65995762711864,-0.0,11.93,73.65995762711864,-0.0,11.93,8,18,upper,Y,PISO_4,_,True
LT1:205:16,71.25,4.45,11.93,71.25,4.45,11.93,10,13,upper,X,PISO_4,_,True
LT1:205:16,71.25,8.9,11.93,71.25,-0.0,11.93,10,13,upper,Y,PISO_4,_,True
LT1:205:17,71.25,12.524999999999999,11.93,71.25,12.524999999999999,11.93,10,15,upper,X,PISO_4,_,True
LT1:205:17,71.25,16.15,11.93,71.25,8.9,11.93,10,15,upper,Y,PISO_4,_,True
LT1:205:18,31.25,8.9,11.93,73.75,8.9,11.93,10,15,upper,X,PISO_4,_,True
LT1:205:18,31.325088339222614,8.9,11.93,31.325088339222614,8.9,11.93,10,15,upper,Y,PISO_4,_,True
LT1:205:18,31.475265017667844,8.9,11.93,31.475265017667844,8.9,11.93,10,15,upper,Y,PISO_4,_,True
LT1:205:18,31.625441696113075,8.9,11.93,31.625441696113075,8.9,11.93,10,15,upper,Y,PISO_4,_,True
LT1:205:18,31.775618374558302,8.9,11.93,31.775618374558302,8.9,11.93,10,15,upper,Y,PISO_4,_,True
LT1:205:18,31.925795053003533,8.9,11.93,31.925795053003533,8.9,11.93,10,15,upper,Y,PISO_4,_,True
LT1:205:18,32.07597173144876,8.9,11.93,32.07597173144876,8.9,11.93,10,15,upper,Y,PISO_4,_,True
LT1:205:18,32.226148409893995,8.9,11.93,32.226148409893995,8.9,11.93,10,15,upper,Y,PISO_4,_,True
LT1:205:18,32.37632508833922,8.9,11.93,32.37632508833922,8.9,11.93,10,15,upper,Y,PISO_4,_,True
LT1:205:18,32.52650176678445,8.9,11.93,32.52650176678445,8.9,11.93,10,15,upper,Y,PISO_4,_,True
LT1:205:18,32.67667844522968,8.9,11.93,32.67667844522968,8.9,11.93,10,15,upper,Y,PISO_4,_,True
LT1:205:18,32.82685512367491,8.9,11.93,32.82685512367491,8.9,11.93,10,15,upper,Y,PISO_4,_,True
LT1:205:18,32.977031802120145,8.9,11.93,32.977031802120145,8.9,11.93,10,15,upper,Y,PISO_4,_,True
LT1:205:18,33.12720848056537,8.9,11.93,33.12720848056537,8.9,11.93,10,15,upper,Y,PISO_4,_,True
LT1:205:18,33.2773851590106,8.9,11.93,33.2773851590106,8.9,11.93,10,15,upper,Y,PISO_4,_,True
LT1:205:18,33.42756183745583,8.9,11.93,33.42756183745583,8.9,11.93,10,15,upper,Y,PISO_4,_,True
LT1:205:18,33.57773851590106,8.9,11.93,33.57773851590106,8.9,11.93,10,15,upper,Y,PISO_4,_,True
LT1:205:18,33.72791519434629,8.9,11.93,33.72791519434629,8.9,11.93,10,15,upper,Y,PISO_4,_,True
LT1:205:18,33.87809187279152,8.9,11.93,33.87809187279152,8.9,11.93,10,15,upper,Y,PISO_4,_,True
LT1:205:18,34.02826855123675,8.9,11.93,34.02826855123675,8.9,11.93,10,15,upper,Y,PISO_4,_,True
LT1:205:18,34.17844522968198,8.9,11.93,34.17844522968198,8.9,11.93,10,15,upper,Y,PISO_4,_,True
LT1:205:18,34.32862190812721,8.9,11.93,34.32862190812721,8.9,11.93,10,15,upper,Y,PISO_4,_,True
LT1:205:18,34.47879858657244,8.9,11.93,34.47879858657244,8.9,11.93,10,15,upper,Y,PISO_4,_,True
LT1:205:18,34.628975265017665,8.9,11.93,34.628975265017665,8.9,11.93,10,15,upper,Y,PISO_4,_,True
LT1:205:18,34.7791519434629,8.9,11.93,34.7791519434629,8.9,11.93,10,15,upper,Y,PISO_4,_,True
LT1:205:18,34.92932862190813,8.9,11.93,34.92932862190813,8.9,11.93,10,15,upper,Y,PISO_4,_,True
LT1:205:18,35.079505300353354,8.9,11.93,35.079505300353354,8.9,11.93,10,15,upper,Y,PISO_4,_,True
LT1:205:18,35.22968197879859,8.9,11.93,35.22968197879859,8.9,11.93,10,15,upper,Y,PISO_4,_,True
LT1:205:18,35.379858657243815,8.9,11.93,35.379858657243815,8.9,11.93,10,15,upper,Y,PISO_4,_,True
LT1:205:18,35.53003533568905,8.9,11.93,35.53003533568905,8.9,11.93,10,15,upper,Y,PISO_4,_,True
LT1:205:18,35.68021201413428,8.9,11.93,35.68021201413428,8.9,11.93,10,15,upper,Y,PISO_4,_,True
LT1:205:18,35.830388692579504,8.9,11.93,35.830388692579504,8.9,11.93,10,15,upper,Y,PISO_4,_,True
LT1:205:18,35.98056537102474,8.9,11.93,35.98056537102474,8.9,11.93,10,15,upper,Y,PISO_4,_,True
LT1:205:18,36.130742049469966,8.9,11.93,36.130742049469966,8.9,11.93,10,15,upper,Y,PISO_4,_,True
LT1:205:18,36.28091872791519,8.9,11.93,36.28091872791519,8.9,11.93,10,15,upper,Y,PISO_4,_,True
LT1:205:18,36.43109540636043,8.9,11.93,36.43109540636043,8.9,11.93,10,15,upper,Y,PISO_4,_,True
LT1:205:18,36.581272084805654,8.9,11.93,36.581272084805654,8.9,11.93,10,15,upper,Y,PISO_4,_,True
LT1:205:18,36.73144876325088,8.9,11.93,36.73144876325088,8.9,11.93,10,15,upper,Y,PISO_4,_,True
LT1:205:18,36.881625441696116,8.9,11.93,36.881625441696116,8.9,11.93,10,15,upper,Y,PISO_4,_,True
LT1:205:18,37.03180212014134,8.9,11.93,37.03180212014134,8.9,11.93,10,15,upper,Y,PISO_4,_,True
LT1:205:18,37.18197879858657,8.9,11.93,37.18197879858657,8.9,11.93,10,15,upper,Y,PISO_4,_,True
LT1:205:18,37.332155477031804,8.9,11.93,37.332155477031804,8.9,11.93,10,15,upper,Y,PISO_4,_,True
LT1:205:18,37.48233215547703,8.9,11.93,37.48233215547703,8.9,11.93,10,15,upper,Y,PISO_4,_,True
LT1:205:18,37.63250883392226,8.9,11.93,37.63250883392226,8.9,11.93,10,15,upper,Y,PISO_4,_,True
LT1:205:18,37.78268551236749,8.9,11.93,37.78268551236749,8.9,11.93,10,15,upper,Y,PISO_4,_,True
LT1:205:18,37.93286219081272,8.9,11.93,37.93286219081272,8.9,11.93,10,15,upper,Y,PISO_4,_,True
LT1:205:18,38.08303886925795,8.9,11.93,38.08303886925795,8.9,11.93,10,15,upper,Y,PISO_4,_,True
LT1:205:18,38.23321554770318,8.9,11.93,38.23321554770318,8.9,11.93,10,15,upper,Y,PISO_4,_,True
LT1:205:18,38.38339222614841,8.9,11.93,38.38339222614841,8.9,11.93,10,15,upper,Y,PISO_4,_,True
LT1:205:18,38.533568904593636,8.9,11.93,38.533568904593636,8.9,11.93,10,15,upper,Y,PISO_4,_,True
LT1:205:18,38.68374558303887,8.9,11.93,38.68374558303887,8.9,11.93,10,15,upper,Y,PISO_4,_,True
LT1:205:18,38.8339222614841,8.9,11.93,38.8339222614841,8.9,11.93,10,15,upper,Y,PISO_4,_,True
LT1:205:18,38.984098939929325,8.9,11.93,38.984098939929325,8.9,11.93,10,15,upper,Y,PISO_4,_,True
LT1:205:18,39.13427561837456,8.9,11.93,39.13427561837456,8.9,11.93,10,15,upper,Y,PISO_4,_,True
LT1:205:18,39.28445229681979,8.9,11.93,39.28445229681979,8.9,11.93,10,15,upper,Y,PISO_4,_,True
LT1:205:18,39.434628975265014,8.9,11.93,39.434628975265014,8.9,11.93,10,15,upper,Y,PISO_4,_,True
LT1:205:18,39.58480565371025,8.9,11.93,39.58480565371025,8.9,11.93,10,15,upper,Y,PISO_4,_,True
LT1:205:18,39.734982332155475,8.9,11.93,39.734982332155475,8.9,11.93,10,15,upper,Y,PISO_4,_,True
LT1:205:18,39.8851590106007,8.9,11.93,39.8851590106007,8.9,11.93,10,15,upper,Y,PISO_4,_,True
LT1:205:18,40.03533568904594,8.9,11.93,40.03533568904594,8.9,11.93,10,15,upper,Y,PISO_4,_,True
LT1:205:18,40.185512367491164,8.9,11.93,40.185512367491164,8.9,11.93,10,15,upper,Y,PISO_4,_,True
LT1:205:18,40.3356890459364,8.9,11.93,40.3356890459364,8.9,11.93,10,15,upper,Y,PISO_4,_,True
LT1:205:18,40.485865724381625,8.9,11.93,40.485865724381625,8.9,11.93,10,15,upper,Y,PISO_4,_,True
LT1:205:18,40.63604240282685,8.9,11.93,40.63604240282685,8.9,11.93,10,15,upper,Y,PISO_4,_,True
LT1:205:18,40.78621908127209,8.9,11.93,40.78621908127209,8.9,11.93,10,15,upper,Y,PISO_4,_,True
LT1:205:18,40.936395759717314,8.9,11.93,40.936395759717314,8.9,11.93,10,15,upper,Y,PISO_4,_,True
LT1:205:18,41.08657243816255,8.9,11.93,41.08657243816255,8.9,11.93,10,15,upper,Y,PISO_4,_,True
LT1:205:18,41.236749116607776,8.9,11.93,41.236749116607776,8.9,11.93,10,15,upper,Y,PISO_4,_,True
LT1:205:18,41.386925795053,8.9,11.93,41.386925795053,8.9,11.93,10,15,upper,Y,PISO_4,_,True
LT1:205:18,41.53710247349824,8.9,11.93,41.53710247349824,8.9,11.93,10,15,upper,Y,PISO_4,_,True
LT1:205:18,41.687279151943464,8.9,11.93,41.687279151943464,8.9,11.93,10,15,upper,Y,PISO_4,_,True
LT1:205:18,41.83745583038869,8.9,11.93,41.83745583038869,8.9,11.93,10,15,upper,Y,PISO_4,_,True
LT1:205:18,41.987632508833926,8.9,11.93,41.987632508833926,8.9,11.93,10,15,upper,Y,PISO_4,_,True
LT1:205:18,42.13780918727915,8.9,11.93,42.13780918727915,8.9,11.93,10,15,upper,Y,PISO_4,_,True
LT1:205:18,42.28798586572438,8.9,11.93,42.28798586572438,8.9,11.93,10,15,upper,Y,PISO_4,_,True
LT1:205:18,42.438162544169614,8.9,11.93,42.438162544169614,8.9,11.93,10,15,upper,Y,PISO_4,_,True
LT1:205:18,42.58833922261484,8.9,11.93,42.58833922261484,8.9,11.93,10,15,upper,Y,PISO_4,_,True
LT1:205:18,42.73851590106007,8.9,11.93,42.73851590106007,8.9,11.93,10,15,upper,Y,PISO_4,_,True
LT1:205:18,42.8886925795053,8.9,11.93,42.8886925795053,8.9,11.93,10,15,upper,Y,PISO_4,_,True
LT1:205:18,43.03886925795053,8.9,11.93,43.03886925795053,8.9,11.93,10,15,upper,Y,PISO_4,_,True
LT1:205:18,43.18904593639576,8.9,11.93,43.18904593639576,8.9,11.93,10,15,upper,Y,PISO_4,_,True
LT1:205:18,43.33922261484099,8.9,11.93,43.33922261484099,8.9,11.93,10,15,upper,Y,PISO_4,_,True
LT1:205:18,43.48939929328622,8.9,11.93,43.48939929328622,8.9,11.93,10,15,upper,Y,PISO_4,_,True
LT1:205:18,43.639575971731446,8.9,11.93,43.639575971731446,8.9,11.93,10,15,upper,Y,PISO_4,_,True
LT1:205:18,43.78975265017668,8.9,11.93,43.78975265017668,8.9,11.93,10,15,upper,Y,PISO_4,_,True
LT1:205:18,43.93992932862191,8.9,11.93,43.93992932862191,8.9,11.93,10,15,upper,Y,PISO_4,_,True
LT1:205:18,44.090106007067135,8.9,11.93,44.090106007067135,8.9,11.93,10,15,upper,Y,PISO_4,_,True
LT1:205:18,44.24028268551237,8.9,11.93,44.24028268551237,8.9,11.93,10,15,upper,Y,PISO_4,_,True
LT1:205:18,44.390459363957596,8.9,11.93,44.390459363957596,8.9,11.93,10,15,upper,Y,PISO_4,_,True
LT1:205:18,44.540636042402824,8.9,11.93,44.540636042402824,8.9,11.93,10,15,upper,Y,PISO_4,_,True
LT1:205:18,44.69081272084806,8.9,11.93,44.69081272084806,8.9,11.93,10,15,upper,Y,PISO_4,_,True
LT1:205:18,44.840989399293285,8.9,11.93,44.840989399293285,8.9,11.93,10,15,upper,Y,PISO_4,_,True
LT1:205:18,44.99116607773851,8.9,11.93,44.99116607773851,8.9,11.93,10,15,upper,Y,PISO_4,_,True
LT1:205:18,45.14134275618375,8.9,11.93,45.14134275618375,8.9,11.93,10,15,upper,Y,PISO_4,_,True
LT1:205:18,45.291519434628974,8.9,11.93,45.291519434628974,8.9,11.93,10,15,upper,Y,PISO_4,_,True
LT1:205:18,45.4416961130742,8.9,11.93,45.4416961130742,8.9,11.93,10,15,upper,Y,PISO_4,_,True
LT1:205:18,45.591872791519435,8.9,11.93,45.591872791519435,8.9,11.93,10,15,upper,Y,PISO_4,_,True
LT1:205:18,45.74204946996466,8.9,11.93,45.74204946996466,8.9,11.93,10,15,upper,Y,PISO_4,_,True
LT1:205:18,45.89222614840989,8.9,11.93,45.89222614840989,8.9,11.93,10,15,upper,Y,PISO_4,_,True
LT1:205:18,46.042402826855124,8.9,11.93,46.042402826855124,8.9,11.93,10,15,upper,Y,PISO_4,_,True
LT1:205:18,46.19257950530035,8.9,11.93,46.19257950530035,8.9,11.93,10,15,upper,Y,PISO_4,_,True
LT1:205:18,46.342756183745585,8.9,11.93,46.342756183745585,8.9,11.93,10,15,upper,Y,PISO_4,_,True
LT1:205:18,46.49293286219081,8.9,11.93,46.49293286219081,8.9,11.93,10,15,upper,Y,PISO_4,_,True
LT1:205:18,46.64310954063604,8.9,11.93,46.64310954063604,8.9,11.93,10,15,upper,Y,PISO_4,_,True
LT1:205:18,46.793286219081274,8.9,11.93,46.793286219081274,8.9,11.93,10,15,upper,Y,PISO_4,_,True
LT1:205:18,46.9434628975265,8.9,11.93,46.9434628975265,8.9,11.93,10,15,upper,Y,PISO_4,_,True
LT1:205:18,47.093639575971736,8.9,11.93,47.093639575971736,8.9,11.93,10,15,upper,Y,PISO_4,_,True
LT1:205:18,47.24381625441696,8.9,11.93,47.24381625441696,8.9,11.93,10,15,upper,Y,PISO_4,_,True
LT1:205:18,47.39399293286219,8.9,11.93,47.39399293286219,8.9,11.93,10,15,upper,Y,PISO_4,_,True
LT1:205:18,47.544169611307424,8.9,11.93,47.544169611307424,8.9,11.93,10,15,upper,Y,PISO_4,_,True
LT1:205:18,47.69434628975265,8.9,11.93,47.69434628975265,8.9,11.93,10,15,upper,Y,PISO_4,_,True
LT1:205:18,47.84452296819788,8.9,11.93,47.84452296819788,8.9,11.93,10,15,upper,Y,PISO_4,_,True
LT1:205:18,47.99469964664311,8.9,11.93,47.99469964664311,8.9,11.93,10,15,upper,Y,PISO_4,_,True
LT1:205:18,48.14487632508834,8.9,11.93,48.14487632508834,8.9,11.93,10,15,upper,Y,PISO_4,_,True
LT1:205:18,48.29505300353357,8.9,11.93,48.29505300353357,8.9,11.93,10,15,upper,Y,PISO_4,_,True
LT1:205:18,48.4452296819788,8.9,11.93,48.4452296819788,8.9,11.93,10,15,upper,Y,PISO_4,_,True
LT1:205:18,48.59540636042403,8.9,11.93,48.59540636042403,8.9,11.93,10,15,upper,Y,PISO_4,_,True
LT1:205:18,48.745583038869256,8.9,11.93,48.745583038869256,8.9,11.93,10,15,upper,Y,PISO_4,_,True
LT1:205:18,48.89575971731449,8.9,11.93,48.89575971731449,8.9,11.93,10,15,upper,Y,PISO_4,_,True
LT1:205:18,49.04593639575972,8.9,11.93,49.04593639575972,8.9,11.93,10,15,upper,Y,PISO_4,_,True
LT1:205:18,49.196113074204945,8.9,11.93,49.196113074204945,8.9,11.93,10,15,upper,Y,PISO_4,_,True
LT1:205:18,49.34628975265018,8.9,11.93,49.34628975265018,8.9,11.93,10,15,upper,Y,PISO_4,_,True
LT1:205:18,49.496466431095406,8.9,11.93,49.496466431095406,8.9,11.93,10,15,upper,Y,PISO_4,_,True
LT1:205:18,49.64664310954063,8.9,11.93,49.64664310954063,8.9,11.93,10,15,upper,Y,PISO_4,_,True
LT1:205:18,49.79681978798587,8.9,11.93,49.79681978798587,8.9,11.93,10,15,upper,Y,PISO_4,_,True
LT1:205:18,49.946996466431095,8.9,11.93,49.946996466431095,8.9,11.93,10,15,upper,Y,PISO_4,_,True
LT1:205:18,50.09717314487632,8.9,11.93,50.09717314487632,8.9,11.93,10,15,upper,Y,PISO_4,_,True
LT1:205:18,50.24734982332156,8.9,11.93,50.24734982332156,8.9,11.93,10,15,upper,Y,PISO_4,_,True
LT1:205:18,50.397526501766784,8.9,11.93,50.397526501766784,8.9,11.93,10,15,upper,Y,PISO_4,_,True
LT1:205:18,50.54770318021201,8.9,11.93,50.54770318021201,8.9,11.93,10,15,upper,Y,PISO_4,_,True
LT1:205:18,50.697879858657245,8.9,11.93,50.697879858657245,8.9,11.93,10,15,upper,Y,PISO_4,_,True
LT1:205:18,50.84805653710247,8.9,11.93,50.84805653710247,8.9,11.93,10,15,upper,Y,PISO_4,_,True
LT1:205:18,50.9982332155477,8.9,11.93,50.9982332155477,8.9,11.93,10,15,upper,Y,PISO_4,_,True
LT1:205:18,51.148409893992934,8.9,11.93,51.148409893992934,8.9,11.93,10,15,upper,Y,PISO_4,_,True
LT1:205:18,51.29858657243816,8.9,11.93,51.29858657243816,8.9,11.93,10,15,upper,Y,PISO_4,_,True
LT1:205:18,51.44876325088339,8.9,11.93,51.44876325088339,8.9,11.93,10,15,upper,Y,PISO_4,_,True
LT1:205:18,51.59893992932862,8.9,11.93,51.59893992932862,8.9,11.93,10,15,upper,Y,PISO_4,_,True
LT1:205:18,51.74911660777386,8.9,11.93,51.74911660777386,8.9,11.93,10,15,upper,Y,PISO_4,_,True
LT1:205:18,51.89929328621908,8.9,11.93,51.89929328621908,8.9,11.93,10,15,upper,Y,PISO_4,_,True
LT1:205:18,52.04946996466431,8.9,11.93,52.04946996466431,8.9,11.93,10,15,upper,Y,PISO_4,_,True
LT1:205:18,52.199646643109546,8.9,11.93,52.199646643109546,8.9,11.93,10,15,upper,Y,PISO_4,_,True
LT1:205:18,52.349823321554766,8.9,11.93,52.349823321554766,8.9,11.93,10,15,upper,Y,PISO_4,_,True
LT1:205:18,52.5,8.9,11.93,52.5,8.9,11.93,10,15,upper,Y,PISO_4,_,True
LT1:205:18,52.650176678445234,8.9,11.93,52.650176678445234,8.9,11.93,10,15,upper,Y,PISO_4,_,True
LT1:205:18,52.800353356890454,8.9,11.93,52.800353356890454,8.9,11.93,10,15,upper,Y,PISO_4,_,True
LT1:205:18,52.95053003533569,8.9,11.93,52.95053003533569,8.9,11.93,10,15,upper,Y,PISO_4,_,True
LT1:205:18,53.10070671378092,8.9,11.93,53.10070671378092,8.9,11.93,10,15,upper,Y,PISO_4,_,True
LT1:205:18,53.25088339222614,8.9,11.93,53.25088339222614,8.9,11.93,10,15,upper,Y,PISO_4,_,True
LT1:205:18,53.40106007067138,8.9,11.93,53.40106007067138,8.9,11.93,10,15,upper,Y,PISO_4,_,True
LT1:205:18,53.55123674911661,8.9,11.93,53.55123674911661,8.9,11.93,10,15,upper,Y,PISO_4,_,True
LT1:205:18,53.70141342756184,8.9,11.93,53.70141342756184,8.9,11.93,10,15,upper,Y,PISO_4,_,True
LT1:205:18,53.851590106007066,8.9,11.93,53.851590106007066,8.9,11.93,10,15,upper,Y,PISO_4,_,True
LT1:205:18,54.0017667844523,8.9,11.93,54.0017667844523,8.9,11.93,10,15,upper,Y,PISO_4,_,True
LT1:205:18,54.15194346289753,8.9,11.93,54.15194346289753,8.9,11.93,10,15,upper,Y,PISO_4,_,True
LT1:205:18,54.302120141342755,8.9,11.93,54.302120141342755,8.9,11.93,10,15,upper,Y,PISO_4,_,True
LT1:205:18,54.45229681978799,8.9,11.93,54.45229681978799,8.9,11.93,10,15,upper,Y,PISO_4,_,True
LT1:205:18,54.602473498233216,8.9,11.93,54.602473498233216,8.9,11.93,10,15,upper,Y,PISO_4,_,True
LT1:205:18,54.75265017667844,8.9,11.93,54.75265017667844,8.9,11.93,10,15,upper,Y,PISO_4,_,True
LT1:205:18,54.90282685512368,8.9,11.93,54.90282685512368,8.9,11.93,10,15,upper,Y,PISO_4,_,True
LT1:205:18,55.053003533568905,8.9,11.93,55.053003533568905,8.9,11.93,10,15,upper,Y,PISO_4,_,True
LT1:205:18,55.20318021201413,8.9,11.93,55.20318021201413,8.9,11.93,10,15,upper,Y,PISO_4,_,True
LT1:205:18,55.35335689045937,8.9,11.93,55.35335689045937,8.9,11.93,10,15,upper,Y,PISO_4,_,True
LT1:205:18,55.503533568904594,8.9,11.93,55.503533568904594,8.9,11.93,10,15,upper,Y,PISO_4,_,True
LT1:205:18,55.65371024734982,8.9,11.93,55.65371024734982,8.9,11.93,10,15,upper,Y,PISO_4,_,True
LT1:205:18,55.803886925795055,8.9,11.93,55.803886925795055,8.9,11.93,10,15,upper,Y,PISO_4,_,True
LT1:205:18,55.95406360424028,8.9,11.93,55.95406360424028,8.9,11.93,10,15,upper,Y,PISO_4,_,True
LT1:205:18,56.10424028268551,8.9,11.93,56.10424028268551,8.9,11.93,10,15,upper,Y,PISO_4,_,True
LT1:205:18,56.254416961130744,8.9,11.93,56.254416961130744,8.9,11.93,10,15,upper,Y,PISO_4,_,True
LT1:205:18,56.40459363957597,8.9,11.93,56.40459363957597,8.9,11.93,10,15,upper,Y,PISO_4,_,True
LT1:205:18,56.5547703180212,8.9,11.93,56.5547703180212,8.9,11.93,10,15,upper,Y,PISO_4,_,True
LT1:205:18,56.70494699646643,8.9,11.93,56.70494699646643,8.9,11.93,10,15,upper,Y,PISO_4,_,True
LT1:205:18,56.85512367491166,8.9,11.93,56.85512367491166,8.9,11.93,10,15,upper,Y,PISO_4,_,True
LT1:205:18,57.00530035335689,8.9,11.93,57.00530035335689,8.9,11.93,10,15,upper,Y,PISO_4,_,True
LT1:205:18,57.15547703180212,8.9,11.93,57.15547703180212,8.9,11.93,10,15,upper,Y,PISO_4,_,True
LT1:205:18,57.30565371024735,8.9,11.93,57.30565371024735,8.9,11.93,10,15,upper,Y,PISO_4,_,True
LT1:205:18,57.455830388692576,8.9,11.93,57.455830388692576,8.9,11.93,10,15,upper,Y,PISO_4,_,True
LT1:205:18,57.60600706713781,8.9,11.93,57.60600706713781,8.9,11.93,10,15,upper,Y,PISO_4,_,True
LT1:205:18,57.75618374558304,8.9,11.93,57.75618374558304,8.9,11.93,10,15,upper,Y,PISO_4,_,True
LT1:205:18,57.906360424028264,8.9,11.93,57.906360424028264,8.9,11.93,10,15,upper,Y,PISO_4,_,True
LT1:205:18,58.0565371024735,8.9,11.93,58.0565371024735,8.9,11.93,10,15,upper,Y,PISO_4,_,True
LT1:205:18,58.20671378091873,8.9,11.93,58.20671378091873,8.9,11.93,10,15,upper,Y,PISO_4,_,True
LT1:205:18,58.35689045936395,8.9,11.93,58.35689045936395,8.9,11.93,10,15,upper,Y,PISO_4,_,True
LT1:205:18,58.50706713780919,8.9,11.93,58.50706713780919,8.9,11.93,10,15,upper,Y,PISO_4,_,True
LT1:205:18,58.65724381625442,8.9,11.93,58.65724381625442,8.9,11.93,10,15,upper,Y,PISO_4,_,True
LT1:205:18,58.80742049469964,8.9,11.93,58.80742049469964,8.9,11.93,10,15,upper,Y,PISO_4,_,True
LT1:205:18,58.957597173144876,8.9,11.93,58.957597173144876,8.9,11.93,10,15,upper,Y,PISO_4,_,True
LT1:205:18,59.10777385159011,8.9,11.93,59.10777385159011,8.9,11.93,10,15,upper,Y,PISO_4,_,True
LT1:205:18,59.25795053003533,8.9,11.93,59.25795053003533,8.9,11.93,10,15,upper,Y,PISO_4,_,True
LT1:205:18,59.408127208480565,8.9,11.93,59.408127208480565,8.9,11.93,10,15,upper,Y,PISO_4,_,True
LT1:205:18,59.5583038869258,8.9,11.93,59.5583038869258,8.9,11.93,10,15,upper,Y,PISO_4,_,True
LT1:205:18,59.708480565371026,8.9,11.93,59.708480565371026,8.9,11.93,10,15,upper,Y,PISO_4,_,True
LT1:205:18,59.85865724381625,8.9,11.93,59.85865724381625,8.9,11.93,10,15,upper,Y,PISO_4,_,True
LT1:205:18,60.00883392226149,8.9,11.93,60.00883392226149,8.9,11.93,10,15,upper,Y,PISO_4,_,True
LT1:205:18,60.159010600706715,8.9,11.93,60.159010600706715,8.9,11.93,10,15,upper,Y,PISO_4,_,True
LT1:205:18,60.30918727915194,8.9,11.93,60.30918727915194,8.9,11.93,10,15,upper,Y,PISO_4,_,True
LT1:205:18,60.459363957597176,8.9,11.93,60.459363957597176,8.9,11.93,10,15,upper,Y,PISO_4,_,True
LT1:205:18,60.609540636042404,8.9,11.93,60.609540636042404,8.9,11.93,10,15,upper,Y,PISO_4,_,True
LT1:205:18,60.75971731448763,8.9,11.93,60.75971731448763,8.9,11.93,10,15,upper,Y,PISO_4,_,True
LT1:205:18,60.909893992932865,8.9,11.93,60.909893992932865,8.9,11.93,10,15,upper,Y,PISO_4,_,True
LT1:205:18,61.06007067137809,8.9,11.93,61.06007067137809,8.9,11.93,10,15,upper,Y,PISO_4,_,True
LT1:205:18,61.21024734982332,8.9,11.93,61.21024734982332,8.9,11.93,10,15,upper,Y,PISO_4,_,True
LT1:205:18,61.360424028268554,8.9,11.93,61.360424028268554,8.9,11.93,10,15,upper,Y,PISO_4,_,True
LT1:205:18,61.51060070671378,8.9,11.93,61.51060070671378,8.9,11.93,10,15,upper,Y,PISO_4,_,True
LT1:205:18,61.66077738515901,8.9,11.93,61.66077738515901,8.9,11.93,10,15,upper,Y,PISO_4,_,True
LT1:205:18,61.81095406360424,8.9,11.93,61.81095406360424,8.9,11.93,10,15,upper,Y,PISO_4,_,True
LT1:205:18,61.96113074204947,8.9,11.93,61.96113074204947,8.9,11.93,10,15,upper,Y,PISO_4,_,True
LT1:205:18,62.1113074204947,8.9,11.93,62.1113074204947,8.9,11.93,10,15,upper,Y,PISO_4,_,True
LT1:205:18,62.26148409893993,8.9,11.93,62.26148409893993,8.9,11.93,10,15,upper,Y,PISO_4,_,True
LT1:205:18,62.41166077738516,8.9,11.93,62.41166077738516,8.9,11.93,10,15,upper,Y,PISO_4,_,True
LT1:205:18,62.561837455830386,8.9,11.93,62.561837455830386,8.9,11.93,10,15,upper,Y,PISO_4,_,True
LT1:205:18,62.71201413427562,8.9,11.93,62.71201413427562,8.9,11.93,10,15,upper,Y,PISO_4,_,True
LT1:205:18,62.86219081272085,8.9,11.93,62.86219081272085,8.9,11.93,10,15,upper,Y,PISO_4,_,True
LT1:205:18,63.012367491166074,8.9,11.93,63.012367491166074,8.9,11.93,10,15,upper,Y,PISO_4,_,True
LT1:205:18,63.16254416961131,8.9,11.93,63.16254416961131,8.9,11.93,10,15,upper,Y,PISO_4,_,True
LT1:205:18,63.312720848056536,8.9,11.93,63.312720848056536,8.9,11.93,10,15,upper,Y,PISO_4,_,True
LT1:205:18,63.46289752650177,8.9,11.93,63.46289752650177,8.9,11.93,10,15,upper,Y,PISO_4,_,True
LT1:205:18,63.613074204947,8.9,11.93,63.613074204947,8.9,11.93,10,15,upper,Y,PISO_4,_,True
LT1:205:18,63.763250883392224,8.9,11.93,63.763250883392224,8.9,11.93,10,15,upper,Y,PISO_4,_,True
LT1:205:18,63.91342756183746,8.9,11.93,63.91342756183746,8.9,11.93,10,15,upper,Y,PISO_4,_,True
LT1:205:18,64.06360424028269,8.9,11.93,64.06360424028269,8.9,11.93,10,15,upper,Y,PISO_4,_,True
LT1:205:18,64.2137809187279,8.9,11.93,64.2137809187279,8.9,11.93,10,15,upper,Y,PISO_4,_,True
LT1:205:18,64.36395759717314,8.9,11.93,64.36395759717314,8.9,11.93,10,15,upper,Y,PISO_4,_,True
LT1:205:18,64.51413427561837,8.9,11.93,64.51413427561837,8.9,11.93,10,15,upper,Y,PISO_4,_,True
LT1:205:18,64.66431095406361,8.9,11.93,64.66431095406361,8.9,11.93,10,15,upper,Y,PISO_4,_,True
LT1:205:18,64.81448763250884,8.9,11.93,64.81448763250884,8.9,11.93,10,15,upper,Y,PISO_4,_,True
LT1:205:18,64.96466431095406,8.9,11.93,64.96466431095406,8.9,11.93,10,15,upper,Y,PISO_4,_,True
LT1:205:18,65.11484098939928,8.9,11.93,65.11484098939928,8.9,11.93,10,15,upper,Y,PISO_4,_,True
LT1:205:18,65.26501766784452,8.9,11.93,65.26501766784452,8.9,11.93,10,15,upper,Y,PISO_4,_,True
LT1:205:18,65.41519434628975,8.9,11.93,65.41519434628975,8.9,11.93,10,15,upper,Y,PISO_4,_,True
LT1:205:18,65.56537102473499,8.9,11.93,65.56537102473499,8.9,11.93,10,15,upper,Y,PISO_4,_,True
LT1:205:18,65.71554770318022,8.9,11.93,65.71554770318022,8.9,11.93,10,15,upper,Y,PISO_4,_,True
LT1:205:18,65.86572438162544,8.9,11.93,65.86572438162544,8.9,11.93,10,15,upper,Y,PISO_4,_,True
LT1:205:18,66.01590106007066,8.9,11.93,66.01590106007066,8.9,11.93,10,15,upper,Y,PISO_4,_,True
LT1:205:18,66.1660777385159,8.9,11.93,66.1660777385159,8.9,11.93,10,15,upper,Y,PISO_4,_,True
LT1:205:18,66.31625441696113,8.9,11.93,66.31625441696113,8.9,11.93,10,15,upper,Y,PISO_4,_,True
LT1:205:18,66.46643109540636,8.9,11.93,66.46643109540636,8.9,11.93,10,15,upper,Y,PISO_4,_,True
LT1:205:18,66.6166077738516,8.9,11.93,66.6166077738516,8.9,11.93,10,15,upper,Y,PISO_4,_,True
LT1:205:18,66.76678445229682,8.9,11.93,66.76678445229682,8.9,11.93,10,15,upper,Y,PISO_4,_,True
LT1:205:18,66.91696113074205,8.9,11.93,66.91696113074205,8.9,11.93,10,15,upper,Y,PISO_4,_,True
LT1:205:18,67.06713780918727,8.9,11.93,67.06713780918727,8.9,11.93,10,15,upper,Y,PISO_4,_,True
LT1:205:18,67.2173144876325,8.9,11.93,67.2173144876325,8.9,11.93,10,15,upper,Y,PISO_4,_,True
LT1:205:18,67.36749116607774,8.9,11.93,67.36749116607774,8.9,11.93,10,15,upper,Y,PISO_4,_,True
LT1:205:18,67.51766784452298,8.9,11.93,67.51766784452298,8.9,11.93,10,15,upper,Y,PISO_4,_,True
LT1:205:18,67.6678445229682,8.9,11.93,67.6678445229682,8.9,11.93,10,15,upper,Y,PISO_4,_,True
LT1:205:18,67.81802120141343,8.9,11.93,67.81802120141343,8.9,11.93,10,15,upper,Y,PISO_4,_,True
LT1:205:18,67.96819787985865,8.9,11.93,67.96819787985865,8.9,11.93,10,15,upper,Y,PISO_4,_,True
LT1:205:18,68.11837455830388,8.9,11.93,68.11837455830388,8.9,11.93,10,15,upper,Y,PISO_4,_,True
LT1:205:18,68.26855123674912,8.9,11.93,68.26855123674912,8.9,11.93,10,15,upper,Y,PISO_4,_,True
LT1:205:18,68.41872791519435,8.9,11.93,68.41872791519435,8.9,11.93,10,15,upper,Y,PISO_4,_,True
LT1:205:18,68.56890459363957,8.9,11.93,68.56890459363957,8.9,11.93,10,15,upper,Y,PISO_4,_,True
LT1:205:18,68.71908127208481,8.9,11.93,68.71908127208481,8.9,11.93,10,15,upper,Y,PISO_4,_,True
LT1:205:18,68.86925795053003,8.9,11.93,68.86925795053003,8.9,11.93,10,15,upper,Y,PISO_4,_,True
LT1:205:18,69.01943462897526,8.9,11.93,69.01943462897526,8.9,11.93,10,15,upper,Y,PISO_4,_,True
LT1:205:18,69.1696113074205,8.9,11.93,69.1696113074205,8.9,11.93,10,15,upper,Y,PISO_4,_,True
LT1:205:18,69.31978798586573,8.9,11.93,69.31978798586573,8.9,11.93,10,15,upper,Y,PISO_4,_,True
LT1:205:18,69.46996466431096,8.9,11.93,69.46996466431096,8.9,11.93,10,15,upper,Y,PISO_4,_,True
LT1:205:18,69.62014134275618,8.9,11.93,69.62014134275618,8.9,11.93,10,15,upper,Y,PISO_4,_,True
LT1:205:18,69.7703180212014,8.9,11.93,69.7703180212014,8.9,11.93,10,15,upper,Y,PISO_4,_,True
LT1:205:18,69.92049469964664,8.9,11.93,69.92049469964664,8.9,11.93,10,15,upper,Y,PISO_4,_,True
LT1:205:18,70.07067137809187,8.9,11.93,70.07067137809187,8.9,11.93,10,15,upper,Y,PISO_4,_,True
LT1:205:18,70.22084805653711,8.9,11.93,70.22084805653711,8.9,11.93,10,15,upper,Y,PISO_4,_,True
LT1:205:18,70.37102473498234,8.9,11.93,70.37102473498234,8.9,11.93,10,15,upper,Y,PISO_4,_,True
LT1:205:18,70.52120141342756,8.9,11.93,70.52120141342756,8.9,11.93,10,15,upper,Y,PISO_4,_,True
LT1:205:18,70.67137809187278,8.9,11.93,70.67137809187278,8.9,11.93,10,15,upper,Y,PISO_4,_,True
LT1:205:18,70.82155477031802,8.9,11.93,70.82155477031802,8.9,11.93,10,15,upper,Y,PISO_4,_,True
LT1:205:18,70.97173144876325,8.9,11.93,70.97173144876325,8.9,11.93,10,15,upper,Y,PISO_4,_,True
LT1:205:18,71.12190812720848,8.9,11.93,71.12190812720848,8.9,11.93,10,15,upper,Y,PISO_4,_,True
LT1:205:18,71.27208480565372,8.9,11.93,71.27208480565372,8.9,11.93,10,15,upper,Y,PISO_4,_,True
LT1:205:18,71.42226148409894,8.9,11.93,71.42226148409894,8.9,11.93,10,15,upper,Y,PISO_4,_,True
LT1:205:18,71.57243816254416,8.9,11.93,71.57243816254416,8.9,11.93,10,15,upper,Y,PISO_4,_,True
LT1:205:18,71.7226148409894,8.9,11.93,71.7226148409894,8.9,11.93,10,15,upper,Y,PISO_4,_,True
LT1:205:18,71.87279151943463,8.9,11.93,71.87279151943463,8.9,11.93,10,15,upper,Y,PISO_4,_,True
LT1:205:18,72.02296819787986,8.9,11.93,72.02296819787986,8.9,11.93,10,15,upper,Y,PISO_4,_,True
LT1:205:18,72.1731448763251,8.9,11.93,72.1731448763251,8.9,11.93,10,15,upper,Y,PISO_4,_,True
LT1:205:18,72.32332155477032,8.9,11.93,72.32332155477032,8.9,11.93,10,15,upper,Y,PISO_4,_,True
LT1:205:18,72.47349823321555,8.9,11.93,72.47349823321555,8.9,11.93,10,15,upper,Y,PISO_4,_,True
LT1:205:18,72.62367491166077,8.9,11.93,72.62367491166077,8.9,11.93,10,15,upper,Y,PISO_4,_,True
LT1:205:18,72.773851590106,8.9,11.93,72.773851590106,8.9,11.93,10,15,upper,Y,PISO_4,_,True
LT1:205:18,72.92402826855124,8.9,11.93,72.92402826855124,8.9,11.93,10,15,upper,Y,PISO_4,_,True
LT1:205:18,73.07420494699647,8.9,11.93,73.07420494699647,8.9,11.93,10,15,upper,Y,PISO_4,_,True
LT1:205:18,73.2243816254417,8.9,11.93,73.2243816254417,8.9,11.93,10,15,upper,Y,PISO_4,_,True
LT1:205:18,73.37455830388693,8.9,11.93,73.37455830388693,8.9,11.93,10,15,upper,Y,PISO_4,_,True
LT1:205:18,73.52473498233215,8.9,11.93,73.52473498233215,8.9,11.93,10,15,upper,Y,PISO_4,_,True
LT1:205:18,73.67491166077738,8.9,11.93,73.67491166077738,8.9,11.93,10,15,upper,Y,PISO_4,_,True
LT1:205:19,61.25,4.45,11.93,61.25,4.45,11.93,10,13,upper,X,PISO_4,_,True
LT1:205:19,61.25,8.9,11.93,61.25,-0.0,11.93,10,13,upper,Y,PISO_4,_,True
LT1:205:20,61.25,12.524999999999999,11.93,61.25,12.524999999999999,11.93,10,15,upper,X,PISO_4,_,True
LT1:205:20,61.25,16.15,11.93,61.25,8.9,11.93,10,15,upper,Y,PISO_4,_,True
LT1:205:21,51.25,8.075,11.93,51.25,8.075,11.93,10,13,upper,X,PISO_4,_,True
LT1:205:21,51.25,16.15,11.93,51.25,-0.0,11.93,10,13,upper,Y,PISO_4,_,True
LT1:205:22,41.25,8.075,11.93,41.25,8.075,11.93,10,16,upper,X,PISO_4,_,True
LT1:205:22,41.25,16.15,11.93,41.25,-0.0,11.93,10,16,upper,Y,PISO_4,_,True
