level,beam_id,k,s_from_m,s_to_m,w_kN_m
L1,L1_V001,0,0.0,0.05,9.064438
L1,L1_V001,1,0.05,0.1,9.37700484
L1,L1_V001,2,0.1,0.15000000000000002,9.68957166
L1,L1_V001,3,0.15000000000000002,0.2,10.00213848
L1,L1_V001,4,0.2,0.25,10.31470532
L1,L1_V001,5,0.25,0.30000000000000004,10.00213848
L1,L1_V001,6,0.30000000000000004,0.35000000000000003,10.00213848
L1,L1_V001,7,0.35000000000000003,0.4,9.68957166
L1,L1_V001,8,0.4,0.45,9.37700484
L1,L1_V001,9,0.45,0.5,9.064438
L1,L1_V001,10,0.5,0.55,8.75187118
L1,L1_V001,11,0.55,0.6000000000000001,8.43930436
L1,L1_V001,12,0.6000000000000001,0.65,8.12673752
L1,L1_V001,13,0.65,0.7000000000000001,7.8141707
L1,L1_V001,14,0.7000000000000001,0.75,7.50160386
L1,L1_V001,15,0.75,0.8,7.18903704
L1,L1_V001,16,0.8,0.8500000000000001,6.87647022
L1,L1_V001,17,0.8500000000000001,0.9,6.56390338
L1,L1_V001,18,0.9,0.9500000000000001,6.25133656
L1,L1_V001,19,0.9500000000000001,1.0,5.93876972
L1,L1_V001,20,1.0,1.05,5.6262029
L1,L1_V001,21,1.05,1.1,5.31363608
L1,L1_V001,22,1.1,1.1500000000000001,5.00106924
L1,L1_V001,23,1.1500000000000001,1.2000000000000002,4.68850242
L1,L1_V001,24,1.2000000000000002,1.25,4.37593558
L1,L1_V001,25,1.25,1.3,4.06336876
L1,L1_V001,26,1.3,1.35,3.75080194
L1,L1_V001,27,1.35,1.4000000000000001,3.4382351
L1,L1_V001,28,1.4000000000000001,1.4500000000000002,3.12566828
L1,L1_V001,29,1.4500000000000002,1.5,2.81310146
L1,L1_V001,30,1.5,1.55,2.50053462
L1,L1_V001,31,1.55,1.6,2.1879678
L1,L1_V001,32,1.6,1.6500000000000001,1.87540096
L1,L1_V001,33,1.6500000000000001,1.7000000000000002,1.56283414
L1,L1_V001,34,1.7000000000000002,1.75,1.25026732
L1,L1_V001,35,1.75,1.8,0.93770048
L1,L1_V001,36,1.8,1.85,0.62513366
L1,L1_V001,37,1.85,1.9000000000000001,0.31256682
L1,L1_V30_01,0,0.0,0.05,9.6243434
L1,L1_V30_01,1,0.05,0.1,9.9348061
L1,L1_V30_01,2,0.1,0.15000000000000002,10.24526878
L1,L1_V30_01,3,0.15000000000000002,0.2,10.55573148
L1,L1_V30_01,4,0.2,0.25,10.24526878
L1,L1_V30_01,5,0.25,0.30000000000000004,9.9348061
L1,L1_V30_01,6,0.30000000000000004,0.35000000000000003,9.6243434
L1,L1_V30_01,7,0.35000000000000003,0.4,9.31388072
L1,L1_V30_01,8,0.4,0.45,9.00341802
L1,L1_V30_01,9,0.45,0.5,8.69295534
L1,L1_V30_01,10,0.5,0.55,8.38249264
L1,L1_V30_01,11,0.55,0.6000000000000001,8.07202996
L1,L1_V30_01,12,0.6000000000000001,0.65,7.76156726
L1,L1_V30_01,13,0.65,0.7000000000000001,7.45110458
L1,L1_V30_01,14,0.7000000000000001,0.75,7.14064188
L1,L1_V30_01,15,0.75,0.8,6.8301792
L1,L1_V30_01,16,0.8,0.8500000000000001,6.5197165
L1,L1_V30_01,17,0.8500000000000001,0.9,6.20925382
L1,L1_V30_01,18,0.9,0.9500000000000001,5.89879112
L1,L1_V30_01,19,0.9500000000000001,1.0,5.58832842
L1,L1_V30_01,20,1.0,1.05,5.27786574
L1,L1_V30_01,21,1.05,1.1,4.96740304
L1,L1_V30_01,22,1.1,1.1500000000000001,4.65694036
L1,L1_V30_01,23,1.1500000000000001,1.2000000000000002,4.34647766
L1,L1_V30_01,24,1.2000000000000002,1.25,4.03601498
L1,L1_V30_01,25,1.25,1.3,3.72555228
L1,L1_V30_01,26,1.3,1.35,3.4150896
L1,L1_V30_01,27,1.35,1.4000000000000001,3.1046269
L1,L1_V30_01,28,1.4000000000000001,1.4500000000000002,2.79416422
L1,L1_V30_01,29,1.4500000000000002,1.5,2.48370152
L1,L1_V30_01,30,1.5,1.55,2.17323884
L1,L1_V30_01,31,1.55,1.6,1.86277614
L1,L1_V30_01,32,1.6,1.6500000000000001,1.55231346
L1,L1_V30_01,33,1.6500000000000001,1.7000000000000002,1.24185076
L1,L1_V30_01,34,1.7000000000000002,1.75,0.93138808
L1,L1_V30_01,35,1.75,1.8,0.62092538
L1,L1_V30_01,36,1.8,1.85,0.3104627
L1,L1_V40_01,0,0.0,0.05,10.62727046
L1,L1_V40_01,1,0.05,0.1,10.62727046
L1,L1_V40_01,2,0.1,0.15000000000000002,10.62727046
L1,L1_V40_01,3,0.15000000000000002,0.2,10.62727046
L1,L1_V40_01,4,0.2,0.25,10.62727046
L1,L1_V40_01,5,0.25,0.30000000000000004,10.62727046
L1,L1_V40_01,6,0.30000000000000004,0.35000000000000003,10.62727046
L1,L1_V40_01,7,0.35000000000000003,0.4,10.62727046
L1,L1_V40_01,8,0.4,0.45,10.62727046
L1,L1_V40_01,9,0.45,0.5,10.62727046
L1,L1_V40_01,10,0.5,0.55,10.62727046
L1,L1_V40_01,11,0.55,0.6000000000000001,10.62727046
L1,L1_V40_01,12,0.6000000000000001,0.65,10.62727046
L1,L1_V40_01,13,0.65,0.7000000000000001,10.62727046
L1,L1_V40_01,14,0.7000000000000001,0.75,10.62727046
L1,L1_V40_01,15,0.75,0.8,10.62727046
L1,L1_V40_01,16,0.8,0.8500000000000001,10.31470368
L1,L1_V40_01,17,0.8500000000000001,0.9,10.0021369
L1,L1_V40_01,18,0.9,0.9500000000000001,9.68957012
L1,L1_V40_01,19,0.9500000000000001,1.0,9.37700334
L1,L1_V40_01,20,1.0,1.05,9.37700334
L1,L1_V40_01,21,1.05,1.1,9.37700334
L1,L1_V40_01,22,1.1,1.1500000000000001,9.37700334
L1,L1_V40_01,23,1.1500000000000001,1.2000000000000002,9.37700334
L1,L1_V40_01,24,1.2000000000000002,1.25,9.37700334
L1,L1_V40_01,25,1.25,1.3,9.37700334
L1,L1_V40_01,26,1.3,1.35,9.37700334
L1,L1_V40_01,27,1.35,1.4000000000000001,9.37700334
L1,L1_V40_01,28,1.4000000000000001,1.4500000000000002,9.37700334
L1,L1_V40_01,29,1.4500000000000002,1.5,9.37700334
L1,L1_V40_01,30,1.5,1.55,9.37700334
L1,L1_V40_01,31,1.55,1.6,9.37700334
L1,L1_V40_01,32,1.6,1.6500000000000001,9.37700334
L1,L1_V40_01,33,1.6500000000000001,1.7000000000000002,9.37700334
L1,L1_V40_01,34,1.7000000000000002,1.75,9.37700334
L1,L1_V40_01,35,1.75,1.8,9.37700334
L1,L1_V40_01,36,1.8,1.85,9.37700334
L1,L1_V40_01,37,1.85,1.9000000000000001,9.37700334
L1,L1_V40_01,38,1.9000000000000001,1.9500000000000002,9.37700334
L1,L1_V40_01,39,1.9500000000000002,2.0,9.37700334
L1,L1_V40_01,40,2.0,2.0500000000000003,9.37700334
L1,L1_V40_01,41,2.0500000000000003,2.1,9.37700334
L1,L1_V40_01,42,2.1,2.15,9.37700334
L1,L1_V40_01,43,2.15,2.2,9.37700334
L1,L1_V40_01,44,2.2,2.25,9.37700334
L1,L1_V40_01,45,2.25,2.3000000000000003,9.37700334
L1,L1_V40_01,46,2.3000000000000003,2.35,9.37700334
L1,L1_V40_01,47,2.35,2.4000000000000004,9.37700334
L1,L1_V40_01,48,2.4000000000000004,2.45,9.37700334
L1,L1_V009,0,0.0,0.05,0.31256678
L1,L1_V009,1,0.05,0.1,0.62513358
L1,L1_V009,2,0.1,0.15000000000000002,0.93770036
L1,L1_V009,3,0.15000000000000002,0.2,1.25026716
L1,L1_V009,4,0.2,0.25,1.56283394
L1,L1_V009,5,0.25,0.30000000000000004,1.87540074
L1,L1_V009,6,0.30000000000000004,0.35000000000000003,2.18796752
L1,L1_V009,7,0.35000000000000003,0.4,2.50053432
L1,L1_V009,8,0.4,0.45,2.8131011
L1,L1_V009,9,0.45,0.5,3.1256679
L1,L1_V009,10,0.5,0.55,3.43823468
L1,L1_V009,11,0.55,0.6000000000000001,3.75080146
L1,L1_V009,12,0.6000000000000001,0.65,4.06336826
L1,L1_V009,13,0.65,0.7000000000000001,4.37593504
L1,L1_V009,14,0.7000000000000001,0.75,4.68850184
L1,L1_V009,15,0.75,0.8,5.00106862
L1,L1_V009,16,0.8,0.8500000000000001,5.31363542
L1,L1_V009,17,0.8500000000000001,0.9,5.6262022
L1,L1_V009,18,0.9,0.9500000000000001,5.938769
L1,L1_V009,19,0.9500000000000001,1.0,6.25133578
L1,L1_V009,20,1.0,1.05,6.56390256
L1,L1_V009,21,1.05,1.1,6.87646936
L1,L1_V009,22,1.1,1.1500000000000001,7.18903614
L1,L1_V009,23,1.1500000000000001,1.2000000000000002,7.50160294
L1,L1_V009,24,1.2000000000000002,1.25,7.81416972
L1,L1_V009,25,1.25,1.3,8.12673652
L1,L1_V009,26,1.3,1.35,8.4393033
L1,L1_V009,27,1.35,1.4000000000000001,8.7518701
L1,L1_V009,28,1.4000000000000001,1.4500000000000002,9.06443688
L1,L1_V009,29,1.4500000000000002,1.5,9.37700368
L1,L1_V009,30,1.5,1.55,9.68957046
L1,L1_V009,31,1.55,1.6,10.00213724
L1,L1_V009,32,1.6,1.6500000000000001,10.31470404
L1,L1_V009,33,1.6500000000000001,1.7000000000000002,10.62727082
L1,L1_V009,34,1.7000000000000002,1.75,10.93983762
L1,L1_V009,35,1.75,1.8,11.2524044
L1,L1_V009,36,1.8,1.85,11.5649712
L1,L1_V009,37,1.85,1.9000000000000001,11.87753798
L1,L1_V009,38,1.9000000000000001,1.9500000000000002,11.87753798
L1,L1_V009,39,1.9500000000000002,2.0,11.87753798
L1,L1_V009,40,2.0,2.0500000000000003,11.87753798
L1,L1_V009,41,2.0500000000000003,2.1,11.87753798
L1,L1_V009,42,2.1,2.15,11.87753798
L1,L1_V009,43,2.15,2.2,11.87753798
L1,L1_V009,44,2.2,2.25,11.87753798
L1,L1_V009,45,2.25,2.3000000000000003,11.87753798
L1,L1_V009,46,2.3000000000000003,2.35,11.87753798
L1,L1_V009,47,2.35,2.4000000000000004,11.87753798
L1,L1_V009,48,2.4000000000000004,2.45,11.5649712
L1,L1_V009,49,2.45,2.5,11.2524044
L1,L1_V009,50,2.5,2.5500000000000003,10.93983762
L1,L1_V009,51,2.5500000000000003,2.6,10.62727082
L1,L1_V009,52,2.6,2.6500000000000004,10.31470404
L1,L1_V009,53,2.6500000000000004,2.7,10.00213724
L1,L1_V009,54,2.7,2.75,9.68957046
L1,L1_V009,55,2.75,2.8000000000000003,9.37700368
L1,L1_V009,56,2.8000000000000003,2.85,9.06443688
L1,L1_V009,57,2.85,2.9000000000000004,8.7518701
L1,L1_V009,58,2.9000000000000004,2.95,8.4393033
L1,L1_V009,59,2.95,3.0,8.12673652
L1,L1_V009,60,3.0,3.0500000000000003,7.81416972
L1,L1_V009,61,3.0500000000000003,3.1,7.50160294
L1,L1_V009,62,3.1,3.1500000000000004,7.18903614
L1,L1_V009,63,3.1500000000000004,3.2,6.87646936
L1,L1_V009,64,3.2,3.25,6.56390256
L1,L1_V009,65,3.25,3.3000000000000003,6.25133578
L1,L1_V009,66,3.3000000000000003,3.35,5.938769
L1,L1_V009,67,3.35,3.4000000000000004,5.6262022
L1,L1_V009,68,3.4000000000000004,3.45,5.31363542
L1,L1_V009,69,3.45,3.5,5.00106862
L1,L1_V009,70,3.5,3.5500000000000003,4.68850184
L1,L1_V009,71,3.5500000000000003,3.6,4.37593504
L1,L1_V009,72,3.6,3.6500000000000004,4.06336826
L1,L1_V009,73,3.6500000000000004,3.7,3.75080146
L1,L1_V009,74,3.7,3.75,3.43823468
L1,L1_V009,75,3.75,3.8000000000000003,3.1256679
L1,L1_V009,76,3.8000000000000003,3.85,2.8131011
L1,L1_V009,77,3.85,3.9000000000000004,2.50053432
L1,L1_V009,78,3.9000000000000004,3.95,2.18796752
L1,L1_V009,79,3.95,4.0,1.87540074
L1,L1_V009,80,4.0,4.05,1.56283394
L1,L1_V009,81,4.05,4.1000000000000005,1.25026716
L1,L1_V009,82,4.1000000000000005,4.15,0.93770036
L1,L1_V009,83,4.15,4.2,0.62513358
L1,L1_V009,84,4.2,4.25,0.31256678
L1,L1_V40_02,0,0.0,0.05,9.3138825
L1,L1_V40_02,1,0.05,0.1,9.3138825
L1,L1_V40_02,2,0.1,0.15000000000000002,9.3138825
L1,L1_V40_02,3,0.15000000000000002,0.2,9.3138825
L1,L1_V40_02,4,0.2,0.25,9.3138825
L1,L1_V40_02,5,0.25,0.30000000000000004,9.3138825
L1,L1_V40_02,6,0.30000000000000004,0.35000000000000003,9.3138825
L1,L1_V40_02,7,0.35000000000000003,0.4,9.3138825
L1,L1_V40_02,8,0.4,0.45,9.3138825
L1,L1_V40_02,9,0.45,0.5,9.3138825
L1,L1_V40_02,10,0.5,0.55,9.3138825
L1,L1_V40_02,11,0.55,0.6000000000000001,9.3138825
L1,L1_V40_02,12,0.6000000000000001,0.65,9.3138825
L1,L1_V40_02,13,0.65,0.7000000000000001,9.3138825
L1,L1_V40_02,14,0.7000000000000001,0.75,9.3138825
L1,L1_V40_02,15,0.75,0.8,9.3138825
L1,L1_V40_02,16,0.8,0.8500000000000001,9.3138825
L1,L1_V40_02,17,0.8500000000000001,0.9,9.3138825
L1,L1_V40_02,18,0.9,0.9500000000000001,9.3138825
L1,L1_V40_02,19,0.9500000000000001,1.0,9.3138825
L1,L1_V40_02,20,1.0,1.05,9.3138825
L1,L1_V40_02,21,1.05,1.1,9.3138825
L1,L1_V40_02,22,1.1,1.1500000000000001,9.3138825
L1,L1_V40_02,23,1.1500000000000001,1.2000000000000002,9.3138825
L1,L1_V40_02,24,1.2000000000000002,1.25,9.3138825
L1,L1_V40_02,25,1.25,1.3,9.3138825
L1,L1_V40_02,26,1.3,1.35,9.3138825
L1,L1_V40_02,27,1.35,1.4000000000000001,9.3138825
L1,L1_V40_02,28,1.4000000000000001,1.4500000000000002,9.3138825
L1,L1_V40_02,29,1.4500000000000002,1.5,9.3138825
L1,L1_V40_02,30,1.5,1.55,9.3138825
L1,L1_V40_02,31,1.55,1.6,9.62434526
L1,L1_V40_02,32,1.6,1.6500000000000001,9.934808
L1,L1_V40_02,33,1.6500000000000001,1.7000000000000002,10.24527076
L1,L1_V40_02,34,1.7000000000000002,1.75,10.5557335
L1,L1_V40_02,35,1.75,1.8,10.5557335
L1,L1_V40_02,36,1.8,1.85,10.5557335
L1,L1_V40_02,37,1.85,1.9000000000000001,10.5557335
L1,L1_V40_02,38,1.9000000000000001,1.9500000000000002,10.5557335
L1,L1_V40_02,39,1.9500000000000002,2.0,10.5557335
L1,L1_V40_02,40,2.0,2.0500000000000003,10.5557335
L1,L1_V40_02,41,2.0500000000000003,2.1,10.5557335
L1,L1_V40_02,42,2.1,2.15,10.5557335
L1,L1_V40_02,43,2.15,2.2,10.5557335
L1,L1_V40_02,44,2.2,2.25,10.5557335
L1,L1_V40_02,45,2.25,2.3000000000000003,10.5557335
L1,L1_V40_02,46,2.3000000000000003,2.35,10.5557335
L1,L1_V40_02,47,2.35,2.4000000000000004,10.5557335
L1,L1_V40_02,48,2.4000000000000004,2.45,10.5557335
L1,L1_V40_02,49,2.45,2.5,10.5557335
L1,L1_V40_02,50,2.5,2.5500000000000003,10.5557335
L1,L1_V40_02,51,2.5500000000000003,2.6,10.5557335
L1,L1_V40_02,52,2.6,2.6500000000000004,10.5557335
L1,L1_V40_02,53,2.6500000000000004,2.7,10.5557335
L1,L1_V40_02,54,2.7,2.75,10.5557335
L1,L1_V40_02,55,2.75,2.8000000000000003,10.5557335
L1,L1_V40_02,56,2.8000000000000003,2.85,10.5557335
L1,L1_V40_02,57,2.85,2.9000000000000004,10.5557335
L1,L1_V40_02,58,2.9000000000000004,2.95,10.5557335
L1,L1_V40_02,59,2.95,3.0,10.5557335
L1,L1_V40_02,60,3.0,3.0500000000000003,10.5557335
L1,L1_V40_02,61,3.0500000000000003,3.1,10.5557335
L1,L1_V40_02,62,3.1,3.1500000000000004,10.5557335
L1,L1_V40_02,63,3.1500000000000004,3.2,10.5557335
L1,L1_V40_02,64,3.2,3.25,10.5557335
L1,L1_V40_02,65,3.25,3.3000000000000003,10.5557335
L1,L1_V40_02,66,3.3000000000000003,3.35,10.5557335
L1,L1_V40_02,67,3.35,3.4000000000000004,10.5557335
L1,L1_V40_02,68,3.4000000000000004,3.45,10.5557335
L1,L1_V40_02,69,3.45,3.5,10.5557335
L1,L1_V40_02,70,3.5,3.5500000000000003,10.5557335
L1,L1_V40_02,71,3.5500000000000003,3.6,10.5557335
L1,L1_V40_02,72,3.6,3.6500000000000004,10.5557335
L1,L1_V40_02,73,3.6500000000000004,3.7,10.5557335
L1,L1_V40_02,74,3.7,3.75,10.5557335
L1,L1_V40_02,75,3.75,3.8000000000000003,10.5557335
L1,L1_V40_02,76,3.8000000000000003,3.85,10.5557335
L1,L1_V40_02,77,3.85,3.9000000000000004,10.5557335
L1,L1_V40_02,78,3.9000000000000004,3.95,10.5557335
L1,L1_V40_02,79,3.95,4.0,10.5557335
L1,L1_V40_02,80,4.0,4.05,10.5557335
L1,L1_V40_02,81,4.05,4.1000000000000005,10.5557335
L1,L1_V40_02,82,4.1000000000000005,4.15,10.5557335
L1,L1_V40_02,83,4.15,4.2,10.5557335
L1,L1_V40_02,84,4.2,4.25,10.5557335
L1,L1_V40_02,85,4.25,4.3,10.5557335
L1,L1_V40_02,86,4.3,4.3500000000000005,10.5557335
L1,L1_V40_02,87,4.3500000000000005,4.4,10.5557335
L1,L1_V40_02,88,4.4,4.45,10.5557335
L1,L1_V40_02,89,4.45,4.5,10.5557335
L1,L1_V40_02,90,4.5,4.55,10.5557335
L1,L1_V40_02,91,4.55,4.6000000000000005,10.5557335
L1,L1_V40_02,92,4.6000000000000005,4.65,10.5557335
L1,L1_V010,0,0.0,0.05,0.31046276
L1,L1_V010,1,0.05,0.1,0.6209255
L1,L1_V010,2,0.1,0.15000000000000002,0.93138826
L1,L1_V010,3,0.15000000000000002,0.2,1.24185102
L1,L1_V010,4,0.2,0.25,1.55231378
L1,L1_V010,5,0.25,0.30000000000000004,1.86277652
L1,L1_V010,6,0.30000000000000004,0.35000000000000003,1.86277652
L1,L1_V010,7,0.35000000000000003,0.4,2.48370204
L1,L1_V010,8,0.4,0.45,2.48370204
L1,L1_V010,9,0.45,0.5,3.10462754
L1,L1_V010,10,0.5,0.55,3.10462754
L1,L1_V010,11,0.55,0.6000000000000001,3.72555306
L1,L1_V010,12,0.6000000000000001,0.65,3.72555306
L1,L1_V010,13,0.65,0.7000000000000001,4.34647856
L1,L1_V010,14,0.7000000000000001,0.75,4.34647856
L1,L1_V010,15,0.75,0.8,4.96740408
L1,L1_V010,16,0.8,0.8500000000000001,4.96740408
L1,L1_V010,17,0.8500000000000001,0.9,5.58832958
L1,L1_V010,18,0.9,0.9500000000000001,5.58832958
L1,L1_V010,19,0.9500000000000001,1.0,6.2092551
L1,L1_V010,20,1.0,1.05,6.2092551
L1,L1_V010,21,1.05,1.1,6.8301806
L1,L1_V010,22,1.1,1.1500000000000001,6.8301806
L1,L1_V010,23,1.1500000000000001,1.2000000000000002,7.4511061
L1,L1_V010,24,1.2000000000000002,1.25,7.4511061
L1,L1_V010,25,1.25,1.3,8.07203162
L1,L1_V010,26,1.3,1.35,8.07203162
L1,L1_V010,27,1.35,1.4000000000000001,8.69295712
L1,L1_V010,28,1.4000000000000001,1.4500000000000002,8.69295712
L1,L1_V010,29,1.4500000000000002,1.5,9.31388264
L1,L1_V010,30,1.5,1.55,9.31388264
L1,L1_V010,31,1.55,1.6,9.93480814
L1,L1_V010,32,1.6,1.6500000000000001,9.93480814
L1,L1_V010,33,1.6500000000000001,1.7000000000000002,10.55573366
L1,L1_V010,34,1.7000000000000002,1.75,10.55573366
L1,L1_V010,35,1.75,1.8,11.17665916
L1,L1_V010,36,1.8,1.85,11.17665916
L1,L1_V010,37,1.85,1.9000000000000001,11.79758468
L1,L1_V010,38,1.9000000000000001,1.9500000000000002,11.79758468
L1,L1_V010,39,1.9500000000000002,2.0,11.79758468
L1,L1_V010,40,2.0,2.0500000000000003,11.79758468
L1,L1_V010,41,2.0500000000000003,2.1,11.79758468
L1,L1_V010,42,2.1,2.15,11.79758468
L1,L1_V010,43,2.15,2.2,11.79758468
L1,L1_V010,44,2.2,2.25,11.79758468
L1,L1_V010,45,2.25,2.3000000000000003,11.79758468
L1,L1_V010,46,2.3000000000000003,2.35,11.79758468
L1,L1_V010,47,2.35,2.4000000000000004,11.79758468
L1,L1_V010,48,2.4000000000000004,2.45,11.79758468
L1,L1_V010,49,2.45,2.5,11.79758468
L1,L1_V010,50,2.5,2.5500000000000003,11.79758468
L1,L1_V010,51,2.5500000000000003,2.6,11.79758468
L1,L1_V010,52,2.6,2.6500000000000004,11.79758468
L1,L1_V010,53,2.6500000000000004,2.7,11.79758468
L1,L1_V010,54,2.7,2.75,11.79758468
L1,L1_V010,55,2.75,2.8000000000000003,11.48712192
L1,L1_V010,56,2.8000000000000003,2.85,11.17665916
L1,L1_V010,57,2.85,2.9000000000000004,10.8661964
L1,L1_V010,58,2.9000000000000004,2.95,10.55573366
L1,L1_V010,59,2.95,3.0,10.2452709
L1,L1_V010,60,3.0,3.0500000000000003,9.93480814
L1,L1_V010,61,3.0500000000000003,3.1,9.62434538
L1,L1_V010,62,3.1,3.1500000000000004,9.31388264
L1,L1_V010,63,3.1500000000000004,3.2,9.00341988
L1,L1_V010,64,3.2,3.25,8.69295712
L1,L1_V010,65,3.25,3.3000000000000003,8.38249438
L1,L1_V010,66,3.3000000000000003,3.35,8.07203162
L1,L1_V010,67,3.35,3.4000000000000004,7.76156886
L1,L1_V010,68,3.4000000000000004,3.45,7.4511061
L1,L1_V010,69,3.45,3.5,7.14064336
L1,L1_V010,70,3.5,3.5500000000000003,6.8301806
L1,L1_V010,71,3.5500000000000003,3.6,6.51971784
L1,L1_V010,72,3.6,3.6500000000000004,6.2092551
L1,L1_V010,73,3.6500000000000004,3.7,5.89879234
L1,L1_V010,74,3.7,3.75,5.58832958
L1,L1_V010,75,3.75,3.8000000000000003,5.27786682
L1,L1_V010,76,3.8000000000000003,3.85,4.96740408
L1,L1_V010,77,3.85,3.9000000000000004,4.65694132
L1,L1_V010,78,3.9000000000000004,3.95,4.34647856
L1,L1_V010,79,3.95,4.0,4.0360158
L1,L1_V010,80,4.0,4.05,3.72555306
L1,L1_V010,81,4.05,4.1000000000000005,3.4150903
L1,L1_V010,82,4.1000000000000005,4.15,3.10462754
L1,L1_V010,83,4.15,4.2,2.7941648
L1,L1_V010,84,4.2,4.25,2.48370204
L1,L1_V010,85,4.25,4.3,2.17323928
L1,L1_V010,86,4.3,4.3500000000000005,1.86277652
L1,L1_V010,87,4.3500000000000005,4.4,1.55231378
L1,L1_V010,88,4.4,4.45,1.24185102
L1,L1_V010,89,4.45,4.5,0.93138826
L1,L1_V010,90,4.5,4.55,0.6209255
L1,L1_V010,91,4.55,4.6000000000000005,0.31046276
L1,L1_V010,92,4.6000000000000005,4.65,10.24527096
L1,L1_V30_03,0,0.0,0.05,9.37700258
L1,L1_V30_03,1,0.05,0.1,9.68956932
L1,L1_V30_03,2,0.1,0.15000000000000002,10.00213608
L1,L1_V30_03,3,0.15000000000000002,0.2,10.31470282
L1,L1_V30_03,4,0.2,0.25,10.00213608
L1,L1_V30_03,5,0.25,0.30000000000000004,9.68956932
L1,L1_V30_03,6,0.30000000000000004,0.35000000000000003,9.37700258
L1,L1_V30_03,7,0.35000000000000003,0.4,9.06443582
L1,L1_V30_03,8,0.4,0.45,8.75186906
L1,L1_V30_03,9,0.45,0.5,8.43930232
L1,L1_V30_03,10,0.5,0.55,8.12673556
L1,L1_V30_03,11,0.55,0.6000000000000001,7.8141688
L1,L1_V30_03,12,0.6000000000000001,0.65,7.50160206
L1,L1_V30_03,13,0.65,0.7000000000000001,7.1890353
L1,L1_V30_03,14,0.7000000000000001,0.75,6.87646856
L1,L1_V30_03,15,0.75,0.8,6.5639018
L1,L1_V30_03,16,0.8,0.8500000000000001,6.25133504
L1,L1_V30_03,17,0.8500000000000001,0.9,5.9387683
L1,L1_V30_03,18,0.9,0.9500000000000001,5.62620154
L1,L1_V30_03,19,0.9500000000000001,1.0,5.3136348
L1,L1_V30_03,20,1.0,1.05,5.00106804
L1,L1_V30_03,21,1.05,1.1,4.68850128
L1,L1_V30_03,22,1.1,1.1500000000000001,4.37593454
L1,L1_V30_03,23,1.1500000000000001,1.2000000000000002,4.06336778
L1,L1_V30_03,24,1.2000000000000002,1.25,3.75080102
L1,L1_V30_03,25,1.25,1.3,3.43823428
L1,L1_V30_03,26,1.3,1.35,3.12566752
L1,L1_V30_03,27,1.35,1.4000000000000001,2.81310078
L1,L1_V30_03,28,1.4000000000000001,1.4500000000000002,2.50053402
L1,L1_V30_03,29,1.4500000000000002,1.5,2.18796726
L1,L1_V30_03,30,1.5,1.55,1.87540052
L1,L1_V30_03,31,1.55,1.6,1.56283376
L1,L1_V30_03,32,1.6,1.6500000000000001,1.250267
L1,L1_V30_03,33,1.6500000000000001,1.7000000000000002,0.93770026
L1,L1_V30_03,34,1.7000000000000002,1.75,0.6251335
L1,L1_V30_03,35,1.75,1.8,0.6251335
L1,L1_V30_03,36,1.8,1.85,0.31256676
L1,L1_V40_03,0,0.0,0.05,10.53694552
L1,L1_V40_03,1,0.05,0.1,10.53694552
L1,L1_V40_03,2,0.1,0.15000000000000002,10.53694552
L1,L1_V40_03,3,0.15000000000000002,0.2,10.53694552
L1,L1_V40_03,4,0.2,0.25,10.53694552
L1,L1_V40_03,5,0.25,0.30000000000000004,10.53694552
L1,L1_V40_03,6,0.30000000000000004,0.35000000000000003,10.53694552
L1,L1_V40_03,7,0.35000000000000003,0.4,10.53694552
L1,L1_V40_03,8,0.4,0.45,10.53694552
L1,L1_V40_03,9,0.45,0.5,10.53694552
L1,L1_V40_03,10,0.5,0.55,10.53694552
L1,L1_V40_03,11,0.55,0.6000000000000001,10.53694552
L1,L1_V40_03,12,0.6000000000000001,0.65,10.53694552
L1,L1_V40_03,13,0.65,0.7000000000000001,10.53694552
L1,L1_V40_03,14,0.7000000000000001,0.75,10.53694552
L1,L1_V40_03,15,0.75,0.8,10.53694552
L1,L1_V40_03,16,0.8,0.8500000000000001,10.53694552
L1,L1_V40_03,17,0.8500000000000001,0.9,10.53694552
L1,L1_V40_03,18,0.9,0.9500000000000001,10.53694552
L1,L1_V40_03,19,0.9500000000000001,1.0,10.53694552
L1,L1_V40_03,20,1.0,1.05,10.53694552
L1,L1_V40_03,21,1.05,1.1,10.53694552
L1,L1_V40_03,22,1.1,1.1500000000000001,10.53694552
L1,L1_V40_03,23,1.1500000000000001,1.2000000000000002,10.53694552
L1,L1_V40_03,24,1.2000000000000002,1.25,10.53694552
L1,L1_V40_03,25,1.25,1.3,10.53694552
L1,L1_V40_03,26,1.3,1.35,10.22703536
L1,L1_V40_03,27,1.35,1.4000000000000001,9.9171252
L1,L1_V40_03,28,1.4000000000000001,1.4500000000000002,9.60721504
L1,L1_V40_03,29,1.4500000000000002,1.5,9.29730488
L1,L1_V40_03,30,1.5,1.55,9.29730488
L1,L1_V40_03,31,1.55,1.6,9.29730488
L1,L1_V40_03,32,1.6,1.6500000000000001,9.29730488
L1,L1_V40_03,33,1.6500000000000001,1.7000000000000002,9.29730488
L1,L1_V40_03,34,1.7000000000000002,1.75,9.29730488
L1,L1_V40_03,35,1.75,1.8,9.29730488
L1,L1_V40_03,36,1.8,1.85,9.29730488
L1,L1_V40_03,37,1.85,1.9000000000000001,9.29730488
L1,L1_V40_03,38,1.9000000000000001,1.9500000000000002,9.29730488
L1,L1_V40_03,39,1.9500000000000002,2.0,9.29730488
L1,L1_V40_03,40,2.0,2.0500000000000003,9.29730488
L1,L1_V40_03,41,2.0500000000000003,2.1,9.29730488
L1,L1_V40_03,42,2.1,2.15,9.29730488
L1,L1_V40_03,43,2.15,2.2,9.29730488
L1,L1_V40_03,44,2.2,2.25,9.29730488
L1,L1_V40_03,45,2.25,2.3000000000000003,9.29730488
L1,L1_V40_03,46,2.3000000000000003,2.35,9.29730488
L1,L1_V40_03,47,2.35,2.4000000000000004,9.29730488
L1,L1_V40_03,48,2.4000000000000004,2.45,9.29730488
L1,L1_V40_03,49,2.45,2.5,9.29730488
L1,L1_V40_03,50,2.5,2.5500000000000003,9.29730488
L1,L1_V40_03,51,2.5500000000000003,2.6,9.29730488
L1,L1_V40_03,52,2.6,2.6500000000000004,9.29730488
L1,L1_V40_03,53,2.6500000000000004,2.7,9.29730488
L1,L1_V40_03,54,2.7,2.75,9.29730488
L1,L1_V40_03,55,2.75,2.8000000000000003,9.29730488
L1,L1_V40_03,56,2.8000000000000003,2.85,9.29730488
L1,L1_V40_03,57,2.85,2.9000000000000004,9.29730488
L1,L1_V40_03,58,2.9000000000000004,2.95,9.29730488
L1,L1_V40_03,59,2.95,3.0,9.29730488
L1,L1_V011,0,0.0,0.05,0.30991016
L1,L1_V011,1,0.05,0.1,0.61982032
L1,L1_V011,2,0.1,0.15000000000000002,0.92973048
L1,L1_V011,3,0.15000000000000002,0.2,1.23964064
L1,L1_V011,4,0.2,0.25,1.54955082
L1,L1_V011,5,0.25,0.30000000000000004,1.85946098
L1,L1_V011,6,0.30000000000000004,0.35000000000000003,2.16937114
L1,L1_V011,7,0.35000000000000003,0.4,2.4792813
L1,L1_V011,8,0.4,0.45,2.78919146
L1,L1_V011,9,0.45,0.5,3.09910162
L1,L1_V011,10,0.5,0.55,3.40901178
L1,L1_V011,11,0.55,0.6000000000000001,3.71892194
L1,L1_V011,12,0.6000000000000001,0.65,4.02883212
L1,L1_V011,13,0.65,0.7000000000000001,4.33874228
L1,L1_V011,14,0.7000000000000001,0.75,4.64865244
L1,L1_V011,15,0.75,0.8,4.9585626
L1,L1_V011,16,0.8,0.8500000000000001,5.26847276
L1,L1_V011,17,0.8500000000000001,0.9,5.57838292
L1,L1_V011,18,0.9,0.9500000000000001,5.88829308
L1,L1_V011,19,0.9500000000000001,1.0,6.19820324
L1,L1_V011,20,1.0,1.05,6.50811342
L1,L1_V011,21,1.05,1.1,6.81802358
L1,L1_V011,22,1.1,1.1500000000000001,7.12793374
L1,L1_V011,23,1.1500000000000001,1.2000000000000002,7.4378439
L1,L1_V011,24,1.2000000000000002,1.25,7.74775406
L1,L1_V011,25,1.25,1.3,8.05766422
L1,L1_V011,26,1.3,1.35,8.36757438
L1,L1_V011,27,1.35,1.4000000000000001,8.67748454
L1,L1_V011,28,1.4000000000000001,1.4500000000000002,8.98739472
L1,L1_V011,29,1.4500000000000002,1.5,9.29730488
L1,L1_V011,30,1.5,1.55,8.98739472
L1,L1_V011,31,1.55,1.6,8.67748454
L1,L1_V011,32,1.6,1.6500000000000001,8.36757438
L1,L1_V011,33,1.6500000000000001,1.7000000000000002,8.05766422
L1,L1_V011,34,1.7000000000000002,1.75,7.74775406
L1,L1_V011,35,1.75,1.8,7.4378439
L1,L1_V011,36,1.8,1.85,7.12793374
L1,L1_V011,37,1.85,1.9000000000000001,6.81802358
L1,L1_V011,38,1.9000000000000001,1.9500000000000002,6.50811342
L1,L1_V011,39,1.9500000000000002,2.0,6.19820324
L1,L1_V011,40,2.0,2.0500000000000003,5.88829308
L1,L1_V011,41,2.0500000000000003,2.1,5.57838292
L1,L1_V011,42,2.1,2.15,5.26847276
L1,L1_V011,43,2.15,2.2,4.9585626
L1,L1_V011,44,2.2,2.25,4.64865244
L1,L1_V011,45,2.25,2.3000000000000003,4.33874228
L1,L1_V011,46,2.3000000000000003,2.35,4.02883212
L1,L1_V011,47,2.35,2.4000000000000004,3.71892194
L1,L1_V011,48,2.4000000000000004,2.45,3.40901178
L1,L1_V011,49,2.45,2.5,3.09910162
L1,L1_V011,50,2.5,2.5500000000000003,2.78919146
L1,L1_V011,51,2.5500000000000003,2.6,2.4792813
L1,L1_V011,52,2.6,2.6500000000000004,2.16937114
L1,L1_V011,53,2.6500000000000004,2.7,1.85946098
L1,L1_V011,54,2.7,2.75,1.54955082
L1,L1_V011,55,2.75,2.8000000000000003,1.23964064
L1,L1_V011,56,2.8000000000000003,2.85,0.92973048
L1,L1_V011,57,2.85,2.9000000000000004,0.61982032
L1,L1_V011,58,2.9000000000000004,2.95,0.30991016
L1,L1_V006,0,0.0,0.05,9.06443462
L1,L1_V006,1,0.05,0.1,9.37700134
L1,L1_V006,2,0.1,0.15000000000000002,9.68956804
L1,L1_V006,3,0.15000000000000002,0.2,10.00213476
L1,L1_V006,4,0.2,0.25,10.31470148
L1,L1_V006,5,0.25,0.30000000000000004,10.00213476
L1,L1_V006,6,0.30000000000000004,0.35000000000000003,9.68956804
L1,L1_V006,7,0.35000000000000003,0.4,9.37700134
L1,L1_V006,8,0.4,0.45,9.06443462
L1,L1_V006,9,0.45,0.5,8.75186792
L1,L1_V006,10,0.5,0.55,8.4393012
L1,L1_V006,11,0.55,0.6000000000000001,8.1267345
L1,L1_V006,12,0.6000000000000001,0.65,7.81416778
L1,L1_V006,13,0.65,0.7000000000000001,7.50160106
L1,L1_V006,14,0.7000000000000001,0.75,7.18903436
L1,L1_V006,15,0.75,0.8,6.87646764
L1,L1_V006,16,0.8,0.8500000000000001,6.56390094
L1,L1_V006,17,0.8500000000000001,0.9,6.25133422
L1,L1_V006,18,0.9,0.9500000000000001,5.93876752
L1,L1_V006,19,0.9500000000000001,1.0,5.6262008
L1,L1_V006,20,1.0,1.05,5.3136341
L1,L1_V006,21,1.05,1.1,5.00106738
L1,L1_V006,22,1.1,1.1500000000000001,4.68850066
L1,L1_V006,23,1.1500000000000001,1.2000000000000002,4.37593396
L1,L1_V006,24,1.2000000000000002,1.25,4.06336724
L1,L1_V006,25,1.25,1.3,3.75080054
L1,L1_V006,26,1.3,1.35,3.43823382
L1,L1_V006,27,1.35,1.4000000000000001,3.12566712
L1,L1_V006,28,1.4000000000000001,1.4500000000000002,2.8131004
L1,L1_V006,29,1.4500000000000002,1.5,2.50053368
L1,L1_V006,30,1.5,1.55,2.18796698
L1,L1_V006,31,1.55,1.6,1.87540026
L1,L1_V006,32,1.6,1.6500000000000001,1.56283356
L1,L1_V006,33,1.6500000000000001,1.7000000000000002,1.25026684
L1,L1_V006,34,1.7000000000000002,1.75,0.93770014
L1,L1_V006,35,1.75,1.8,0.62513342
L1,L1_V006,36,1.8,1.85,0.31256672
L1,L1_V40_04,0,0.0,0.05,9.37700334
L1,L1_V40_04,1,0.05,0.1,9.37700334
L1,L1_V40_04,2,0.1,0.15000000000000002,9.37700334
L1,L1_V40_04,3,0.15000000000000002,0.2,9.37700334
L1,L1_V40_04,4,0.2,0.25,9.37700334
L1,L1_V40_04,5,0.25,0.30000000000000004,9.37700334
L1,L1_V40_04,6,0.30000000000000004,0.35000000000000003,9.37700334
L1,L1_V40_04,7,0.35000000000000003,0.4,9.37700334
L1,L1_V40_04,8,0.4,0.45,9.37700334
L1,L1_V40_04,9,0.45,0.5,9.37700334
L1,L1_V40_04,10,0.5,0.55,9.37700334
L1,L1_V40_04,11,0.55,0.6000000000000001,9.37700334
L1,L1_V40_04,12,0.6000000000000001,0.65,9.37700334
L1,L1_V40_04,13,0.65,0.7000000000000001,9.37700334
L1,L1_V40_04,14,0.7000000000000001,0.75,9.37700334
L1,L1_V40_04,15,0.75,0.8,9.37700334
L1,L1_V40_04,16,0.8,0.8500000000000001,9.37700334
L1,L1_V40_04,17,0.8500000000000001,0.9,9.37700334
L1,L1_V40_04,18,0.9,0.9500000000000001,9.37700334
L1,L1_V40_04,19,0.9500000000000001,1.0,9.37700334
L1,L1_V40_04,20,1.0,1.05,9.37700334
L1,L1_V40_04,21,1.05,1.1,9.37700334
L1,L1_V40_04,22,1.1,1.1500000000000001,9.37700334
L1,L1_V40_04,23,1.1500000000000001,1.2000000000000002,9.37700334
L1,L1_V40_04,24,1.2000000000000002,1.25,9.37700334
L1,L1_V40_04,25,1.25,1.3,9.37700334
L1,L1_V40_04,26,1.3,1.35,9.37700334
L1,L1_V40_04,27,1.35,1.4000000000000001,9.37700334
L1,L1_V40_04,28,1.4000000000000001,1.4500000000000002,9.37700334
L1,L1_V40_04,29,1.4500000000000002,1.5,9.37700334
L1,L1_V40_04,30,1.5,1.55,9.68957012
L1,L1_V40_04,31,1.55,1.6,10.0021369
L1,L1_V40_04,32,1.6,1.6500000000000001,10.31470368
L1,L1_V40_04,33,1.6500000000000001,1.7000000000000002,10.62727046
L1,L1_V40_04,34,1.7000000000000002,1.75,10.62727046
L1,L1_V40_04,35,1.75,1.8,10.62727046
L1,L1_V40_04,36,1.8,1.85,10.62727046
L1,L1_V40_04,37,1.85,1.9000000000000001,10.62727046
L1,L1_V40_04,38,1.9000000000000001,1.9500000000000002,10.62727046
L1,L1_V40_04,39,1.9500000000000002,2.0,10.62727046
L1,L1_V40_04,40,2.0,2.0500000000000003,10.62727046
L1,L1_V40_04,41,2.0500000000000003,2.1,10.62727046
L1,L1_V40_04,42,2.1,2.15,10.62727046
L1,L1_V40_04,43,2.15,2.2,10.62727046
L1,L1_V40_04,44,2.2,2.25,10.62727046
L1,L1_V40_04,45,2.25,2.3000000000000003,10.62727046
L1,L1_V40_04,46,2.3000000000000003,2.35,10.62727046
L1,L1_V40_04,47,2.35,2.4000000000000004,10.62727046
L1,L1_V40_04,48,2.4000000000000004,2.45,10.62727046
L1,L1_V012,0,0.0,0.05,0.31256678
L1,L1_V012,1,0.05,0.1,0.62513358
L1,L1_V012,2,0.1,0.15000000000000002,0.93770036
L1,L1_V012,3,0.15000000000000002,0.2,1.25026716
L1,L1_V012,4,0.2,0.25,1.56283394
L1,L1_V012,5,0.25,0.30000000000000004,1.87540074
L1,L1_V012,6,0.30000000000000004,0.35000000000000003,2.18796752
L1,L1_V012,7,0.35000000000000003,0.4,2.50053432
L1,L1_V012,8,0.4,0.45,2.8131011
L1,L1_V012,9,0.45,0.5,3.1256679
L1,L1_V012,10,0.5,0.55,3.43823468
L1,L1_V012,11,0.55,0.6000000000000001,3.75080146
L1,L1_V012,12,0.6000000000000001,0.65,4.06336826
L1,L1_V012,13,0.65,0.7000000000000001,4.37593504
L1,L1_V012,14,0.7000000000000001,0.75,4.68850184
L1,L1_V012,15,0.75,0.8,5.00106862
L1,L1_V012,16,0.8,0.8500000000000001,5.31363542
L1,L1_V012,17,0.8500000000000001,0.9,5.6262022
L1,L1_V012,18,0.9,0.9500000000000001,5.938769
L1,L1_V012,19,0.9500000000000001,1.0,6.25133578
L1,L1_V012,20,1.0,1.05,6.56390256
L1,L1_V012,21,1.05,1.1,6.87646936
L1,L1_V012,22,1.1,1.1500000000000001,7.18903614
L1,L1_V012,23,1.1500000000000001,1.2000000000000002,7.50160294
L1,L1_V012,24,1.2000000000000002,1.25,7.81416972
L1,L1_V012,25,1.25,1.3,8.12673652
L1,L1_V012,26,1.3,1.35,8.4393033
L1,L1_V012,27,1.35,1.4000000000000001,8.7518701
L1,L1_V012,28,1.4000000000000001,1.4500000000000002,9.06443688
L1,L1_V012,29,1.4500000000000002,1.5,9.37700368
L1,L1_V012,30,1.5,1.55,9.68957046
L1,L1_V012,31,1.55,1.6,10.00213724
L1,L1_V012,32,1.6,1.6500000000000001,10.31470404
L1,L1_V012,33,1.6500000000000001,1.7000000000000002,10.62727082
L1,L1_V012,34,1.7000000000000002,1.75,10.93983762
L1,L1_V012,35,1.75,1.8,11.2524044
L1,L1_V012,36,1.8,1.85,11.5649712
L1,L1_V012,37,1.85,1.9000000000000001,11.87753798
L1,L1_V012,38,1.9000000000000001,1.9500000000000002,11.87753798
L1,L1_V012,39,1.9500000000000002,2.0,11.87753798
L1,L1_V012,40,2.0,2.0500000000000003,11.87753798
L1,L1_V012,41,2.0500000000000003,2.1,11.87753798
L1,L1_V012,42,2.1,2.15,11.87753798
L1,L1_V012,43,2.15,2.2,11.87753798
L1,L1_V012,44,2.2,2.25,11.87753798
L1,L1_V012,45,2.25,2.3000000000000003,11.87753798
L1,L1_V012,46,2.3000000000000003,2.35,11.87753798
L1,L1_V012,47,2.35,2.4000000000000004,11.87753798
L1,L1_V012,48,2.4000000000000004,2.45,11.5649712
L1,L1_V012,49,2.45,2.5,11.2524044
L1,L1_V012,50,2.5,2.5500000000000003,10.93983762
L1,L1_V012,51,2.5500000000000003,2.6,10.62727082
L1,L1_V012,52,2.6,2.6500000000000004,10.31470404
L1,L1_V012,53,2.6500000000000004,2.7,10.00213724
L1,L1_V012,54,2.7,2.75,9.68957046
L1,L1_V012,55,2.75,2.8000000000000003,9.37700368
L1,L1_V012,56,2.8000000000000003,2.85,9.06443688
L1,L1_V012,57,2.85,2.9000000000000004,8.7518701
L1,L1_V012,58,2.9000000000000004,2.95,8.4393033
L1,L1_V012,59,2.95,3.0,8.12673652
L1,L1_V012,60,3.0,3.0500000000000003,7.81416972
L1,L1_V012,61,3.0500000000000003,3.1,7.50160294
L1,L1_V012,62,3.1,3.1500000000000004,7.18903614
L1,L1_V012,63,3.1500000000000004,3.2,6.87646936
L1,L1_V012,64,3.2,3.25,6.56390256
L1,L1_V012,65,3.25,3.3000000000000003,6.25133578
L1,L1_V012,66,3.3000000000000003,3.35,5.938769
L1,L1_V012,67,3.35,3.4000000000000004,5.6262022
L1,L1_V012,68,3.4000000000000004,3.45,5.31363542
L1,L1_V012,69,3.45,3.5,5.00106862
L1,L1_V012,70,3.5,3.5500000000000003,4.68850184
L1,L1_V012,71,3.5500000000000003,3.6,4.37593504
L1,L1_V012,72,3.6,3.6500000000000004,4.06336826
L1,L1_V012,73,3.6500000000000004,3.7,3.75080146
L1,L1_V012,74,3.7,3.75,3.43823468
L1,L1_V012,75,3.75,3.8000000000000003,3.1256679
L1,L1_V012,76,3.8000000000000003,3.85,2.8131011
L1,L1_V012,77,3.85,3.9000000000000004,2.50053432
L1,L1_V012,78,3.9000000000000004,3.95,2.18796752
L1,L1_V012,79,3.95,4.0,1.87540074
L1,L1_V012,80,4.0,4.05,1.56283394
L1,L1_V012,81,4.05,4.1000000000000005,1.25026716
L1,L1_V012,82,4.1000000000000005,4.15,0.93770036
L1,L1_V012,83,4.15,4.2,0.62513358
L1,L1_V012,84,4.2,4.25,0.31256678
L1,L1_V002,0,0.0,0.05,0.0
L1,L1_V002,1,0.05,0.1,0.3125668
L1,L1_V002,2,0.1,0.15000000000000002,0.62513362
L1,L1_V002,3,0.15000000000000002,0.2,0.93770042
L1,L1_V002,4,0.2,0.25,1.25026722
L1,L1_V002,5,0.25,0.30000000000000004,1.56283404
L1,L1_V002,6,0.30000000000000004,0.35000000000000003,1.87540084
L1,L1_V002,7,0.35000000000000003,0.4,2.18796766
L1,L1_V002,8,0.4,0.45,2.50053446
L1,L1_V002,9,0.45,0.5,2.81310126
L1,L1_V002,10,0.5,0.55,3.12566808
L1,L1_V002,11,0.55,0.6000000000000001,3.43823488
L1,L1_V002,12,0.6000000000000001,0.65,3.75080168
L1,L1_V002,13,0.65,0.7000000000000001,4.0633685
L1,L1_V002,14,0.7000000000000001,0.75,4.3759353
L1,L1_V002,15,0.75,0.8,4.68850212
L1,L1_V002,16,0.8,0.8500000000000001,5.00106892
L1,L1_V002,17,0.8500000000000001,0.9,5.31363572
L1,L1_V002,18,0.9,0.9500000000000001,5.62620254
L1,L1_V002,19,0.9500000000000001,1.0,5.93876934
L1,L1_V002,20,1.0,1.05,6.25133614
L1,L1_V002,21,1.05,1.1,6.56390296
L1,L1_V002,22,1.1,1.1500000000000001,6.87646976
L1,L1_V002,23,1.1500000000000001,1.2000000000000002,7.18903658
L1,L1_V002,24,1.2000000000000002,1.25,7.50160338
L1,L1_V002,25,1.25,1.3,7.81417018
L1,L1_V002,26,1.3,1.35,8.126737
L1,L1_V002,27,1.35,1.4000000000000001,8.4393038
L1,L1_V002,28,1.4000000000000001,1.4500000000000002,8.7518706
L1,L1_V002,29,1.4500000000000002,1.5,9.06443742
L1,L1_V002,30,1.5,1.55,9.37700422
L1,L1_V002,31,1.55,1.6,9.68957104
L1,L1_V002,32,1.6,1.6500000000000001,10.00213784
L1,L1_V002,33,1.6500000000000001,1.7000000000000002,10.31470464
L1,L1_V002,34,1.7000000000000002,1.75,10.62727146
L1,L1_V002,35,1.75,1.8,10.93983826
L1,L1_V002,36,1.8,1.85,11.25240506
L1,L1_V002,37,1.85,1.9000000000000001,11.56497188
L1,L1_V002,38,1.9000000000000001,1.9500000000000002,11.56497188
L1,L1_V002,39,1.9500000000000002,2.0,11.25240506
L1,L1_V002,40,2.0,2.0500000000000003,10.93983826
L1,L1_V002,41,2.0500000000000003,2.1,10.62727146
L1,L1_V002,42,2.1,2.15,10.31470464
L1,L1_V002,43,2.15,2.2,10.00213784
L1,L1_V002,44,2.2,2.25,9.68957104
L1,L1_V002,45,2.25,2.3000000000000003,9.37700422
L1,L1_V002,46,2.3000000000000003,2.35,9.06443742
L1,L1_V002,47,2.35,2.4000000000000004,8.7518706
L1,L1_V002,48,2.4000000000000004,2.45,8.4393038
L1,L1_V002,49,2.45,2.5,8.126737
L1,L1_V002,50,2.5,2.5500000000000003,7.81417018
L1,L1_V002,51,2.5500000000000003,2.6,7.50160338
L1,L1_V002,52,2.6,2.6500000000000004,7.18903658
L1,L1_V002,53,2.6500000000000004,2.7,6.87646976
L1,L1_V002,54,2.7,2.75,6.56390296
L1,L1_V002,55,2.75,2.8000000000000003,6.25133614
L1,L1_V002,56,2.8000000000000003,2.85,5.93876934
L1,L1_V002,57,2.85,2.9000000000000004,5.62620254
L1,L1_V002,58,2.9000000000000004,2.95,5.31363572
L1,L1_V002,59,2.95,3.0,5.00106892
L1,L1_V002,60,3.0,3.0500000000000003,4.68850212
L1,L1_V002,61,3.0500000000000003,3.1,4.3759353
L1,L1_V002,62,3.1,3.1500000000000004,4.0633685
L1,L1_V002,63,3.1500000000000004,3.2,3.75080168
L1,L1_V002,64,3.2,3.25,3.43823488
L1,L1_V002,65,3.25,3.3000000000000003,3.12566808
L1,L1_V002,66,3.3000000000000003,3.35,2.81310126
L1,L1_V002,67,3.35,3.4000000000000004,2.50053446
L1,L1_V002,68,3.4000000000000004,3.45,2.18796766
L1,L1_V002,69,3.45,3.5,1.87540084
L1,L1_V002,70,3.5,3.5500000000000003,1.56283404
L1,L1_V002,71,3.5500000000000003,3.6,1.25026722
L1,L1_V002,72,3.6,3.6500000000000004,0.93770042
L1,L1_V002,73,3.6500000000000004,3.7,0.62513362
L1,L1_V002,74,3.7,3.75,0.3125668
L1,L1_V30_02,0,0.0,0.05,0.0
L1,L1_V30_02,1,0.05,0.1,0.31046274
L1,L1_V30_02,2,0.1,0.15000000000000002,0.62092548
L1,L1_V30_02,3,0.15000000000000002,0.2,0.93138824
L1,L1_V30_02,4,0.2,0.25,1.24185098
L1,L1_V30_02,5,0.25,0.30000000000000004,1.55231372
L1,L1_V30_02,6,0.30000000000000004,0.35000000000000003,2.1732392
L1,L1_V30_02,7,0.35000000000000003,0.4,2.1732392
L1,L1_V30_02,8,0.4,0.45,2.7941647
L1,L1_V30_02,9,0.45,0.5,2.7941647
L1,L1_V30_02,10,0.5,0.55,3.41509018
L1,L1_V30_02,11,0.55,0.6000000000000001,3.41509018
L1,L1_V30_02,12,0.6000000000000001,0.65,4.03601566
L1,L1_V30_02,13,0.65,0.7000000000000001,4.03601566
L1,L1_V30_02,14,0.7000000000000001,0.75,4.65694116
L1,L1_V30_02,15,0.75,0.8,4.65694116
L1,L1_V30_02,16,0.8,0.8500000000000001,5.27786664
L1,L1_V30_02,17,0.8500000000000001,0.9,5.27786664
L1,L1_V30_02,18,0.9,0.9500000000000001,5.89879212
L1,L1_V30_02,19,0.9500000000000001,1.0,5.89879212
L1,L1_V30_02,20,1.0,1.05,6.51971762
L1,L1_V30_02,21,1.05,1.1,6.51971762
L1,L1_V30_02,22,1.1,1.1500000000000001,7.1406431
L1,L1_V30_02,23,1.1500000000000001,1.2000000000000002,7.1406431
L1,L1_V30_02,24,1.2000000000000002,1.25,7.76156858
L1,L1_V30_02,25,1.25,1.3,7.76156858
L1,L1_V30_02,26,1.3,1.35,8.38249408
L1,L1_V30_02,27,1.35,1.4000000000000001,8.38249408
L1,L1_V30_02,28,1.4000000000000001,1.4500000000000002,9.00341956
L1,L1_V30_02,29,1.4500000000000002,1.5,9.00341956
L1,L1_V30_02,30,1.5,1.55,9.62434504
L1,L1_V30_02,31,1.55,1.6,9.62434504
L1,L1_V30_02,32,1.6,1.6500000000000001,10.24527054
L1,L1_V30_02,33,1.6500000000000001,1.7000000000000002,10.24527054
L1,L1_V30_02,34,1.7000000000000002,1.75,10.86619602
L1,L1_V30_02,35,1.75,1.8,10.86619602
L1,L1_V30_02,36,1.8,1.85,11.48712152
L1,L1_V30_02,37,1.85,1.9000000000000001,11.48712152
L1,L1_V30_02,38,1.9000000000000001,1.9500000000000002,11.48712152
L1,L1_V30_02,39,1.9500000000000002,2.0,11.17665876
L1,L1_V30_02,40,2.0,2.0500000000000003,10.86619602
L1,L1_V30_02,41,2.0500000000000003,2.1,10.55573328
L1,L1_V30_02,42,2.1,2.15,10.24527054
L1,L1_V30_02,43,2.15,2.2,9.9348078
L1,L1_V30_02,44,2.2,2.25,9.62434504
L1,L1_V30_02,45,2.25,2.3000000000000003,9.3138823
L1,L1_V30_02,46,2.3000000000000003,2.35,9.00341956
L1,L1_V30_02,47,2.35,2.4000000000000004,8.69295682
L1,L1_V30_02,48,2.4000000000000004,2.45,8.38249408
L1,L1_V30_02,49,2.45,2.5,8.07203134
L1,L1_V30_02,50,2.5,2.5500000000000003,7.76156858
L1,L1_V30_02,51,2.5500000000000003,2.6,7.45110584
L1,L1_V30_02,52,2.6,2.6500000000000004,7.1406431
L1,L1_V30_02,53,2.6500000000000004,2.7,6.83018036
L1,L1_V30_02,54,2.7,2.75,6.51971762
L1,L1_V30_02,55,2.75,2.8000000000000003,6.20925488
L1,L1_V30_02,56,2.8000000000000003,2.85,5.89879212
L1,L1_V30_02,57,2.85,2.9000000000000004,5.58832938
L1,L1_V30_02,58,2.9000000000000004,2.95,5.27786664
L1,L1_V30_02,59,2.95,3.0,4.9674039
L1,L1_V30_02,60,3.0,3.0500000000000003,4.65694116
L1,L1_V30_02,61,3.0500000000000003,3.1,4.3464784
L1,L1_V30_02,62,3.1,3.1500000000000004,4.03601566
L1,L1_V30_02,63,3.1500000000000004,3.2,3.72555292
L1,L1_V30_02,64,3.2,3.25,3.41509018
L1,L1_V30_02,65,3.25,3.3000000000000003,3.10462744
L1,L1_V30_02,66,3.3000000000000003,3.35,2.7941647
L1,L1_V30_02,67,3.35,3.4000000000000004,2.48370194
L1,L1_V30_02,68,3.4000000000000004,3.45,2.1732392
L1,L1_V30_02,69,3.45,3.5,1.86277646
L1,L1_V30_02,70,3.5,3.5500000000000003,1.55231372
L1,L1_V30_02,71,3.5500000000000003,3.6,1.24185098
L1,L1_V30_02,72,3.6,3.6500000000000004,0.93138824
L1,L1_V30_02,73,3.6500000000000004,3.7,0.62092548
L1,L1_V30_02,74,3.7,3.75,0.31046274
L1,L1_V013,0,0.0,0.05,0.0
L1,L1_V013,1,0.05,0.1,0.31256678
L1,L1_V013,2,0.1,0.15000000000000002,0.93770034
L1,L1_V013,3,0.15000000000000002,0.2,1.2502671
L1,L1_V013,4,0.2,0.25,1.56283388
L1,L1_V013,5,0.25,0.30000000000000004,1.87540066
L1,L1_V013,6,0.30000000000000004,0.35000000000000003,2.18796744
L1,L1_V013,7,0.35000000000000003,0.4,2.50053422
L1,L1_V013,8,0.4,0.45,2.813101
L1,L1_V013,9,0.45,0.5,3.12566776
L1,L1_V013,10,0.5,0.55,3.43823454
L1,L1_V013,11,0.55,0.6000000000000001,3.75080132
L1,L1_V013,12,0.6000000000000001,0.65,4.0633681
L1,L1_V013,13,0.65,0.7000000000000001,4.37593488
L1,L1_V013,14,0.7000000000000001,0.75,4.68850166
L1,L1_V013,15,0.75,0.8,5.00106842
L1,L1_V013,16,0.8,0.8500000000000001,5.3136352
L1,L1_V013,17,0.8500000000000001,0.9,5.62620198
L1,L1_V013,18,0.9,0.9500000000000001,5.93876876
L1,L1_V013,19,0.9500000000000001,1.0,6.25133554
L1,L1_V013,20,1.0,1.05,6.56390232
L1,L1_V013,21,1.05,1.1,6.87646908
L1,L1_V013,22,1.1,1.1500000000000001,7.18903586
L1,L1_V013,23,1.1500000000000001,1.2000000000000002,7.50160264
L1,L1_V013,24,1.2000000000000002,1.25,7.81416942
L1,L1_V013,25,1.25,1.3,8.1267362
L1,L1_V013,26,1.3,1.35,8.43930298
L1,L1_V013,27,1.35,1.4000000000000001,8.75186974
L1,L1_V013,28,1.4000000000000001,1.4500000000000002,9.06443652
L1,L1_V013,29,1.4500000000000002,1.5,9.3770033
L1,L1_V013,30,1.5,1.55,9.68957008
L1,L1_V013,31,1.55,1.6,10.00213686
L1,L1_V013,32,1.6,1.6500000000000001,10.31470364
L1,L1_V013,33,1.6500000000000001,1.7000000000000002,10.6272704
L1,L1_V013,34,1.7000000000000002,1.75,10.93983718
L1,L1_V013,35,1.75,1.8,11.25240396
L1,L1_V013,36,1.8,1.85,11.56497074
L1,L1_V013,37,1.85,1.9000000000000001,11.87753752
L1,L1_V013,38,1.9000000000000001,1.9500000000000002,11.87753752
L1,L1_V013,39,1.9500000000000002,2.0,11.87753752
L1,L1_V013,40,2.0,2.0500000000000003,11.87753752
L1,L1_V013,41,2.0500000000000003,2.1,11.87753752
L1,L1_V013,42,2.1,2.15,11.87753752
L1,L1_V013,43,2.15,2.2,11.87753752
L1,L1_V013,44,2.2,2.25,11.87753752
L1,L1_V013,45,2.25,2.3000000000000003,11.87753752
L1,L1_V013,46,2.3000000000000003,2.35,11.87753752
L1,L1_V013,47,2.35,2.4000000000000004,11.87753752
L1,L1_V013,48,2.4000000000000004,2.45,11.87753752
L1,L1_V013,49,2.45,2.5,11.87753752
L1,L1_V013,50,2.5,2.5500000000000003,11.87753752
L1,L1_V013,51,2.5500000000000003,2.6,11.87753752
L1,L1_V013,52,2.6,2.6500000000000004,11.87753752
L1,L1_V013,53,2.6500000000000004,2.7,11.87753752
L1,L1_V013,54,2.7,2.75,11.87753752
L1,L1_V013,55,2.75,2.8000000000000003,11.87753752
L1,L1_V013,56,2.8000000000000003,2.85,11.87753752
L1,L1_V013,57,2.85,2.9000000000000004,11.87753752
L1,L1_V013,58,2.9000000000000004,2.95,11.87753752
L1,L1_V013,59,2.95,3.0,11.87753752
L1,L1_V013,60,3.0,3.0500000000000003,11.87753752
L1,L1_V013,61,3.0500000000000003,3.1,11.87753752
L1,L1_V013,62,3.1,3.1500000000000004,11.87753752
L1,L1_V013,63,3.1500000000000004,3.2,11.87753752
L1,L1_V013,64,3.2,3.25,11.87753752
L1,L1_V013,65,3.25,3.3000000000000003,11.87753752
L1,L1_V013,66,3.3000000000000003,3.35,11.87753752
L1,L1_V013,67,3.35,3.4000000000000004,11.87753752
L1,L1_V013,68,3.4000000000000004,3.45,11.87753752
L1,L1_V013,69,3.45,3.5,11.87753752
L1,L1_V013,70,3.5,3.5500000000000003,11.87753752
L1,L1_V013,71,3.5500000000000003,3.6,11.87753752
L1,L1_V013,72,3.6,3.6500000000000004,11.87753752
L1,L1_V013,73,3.6500000000000004,3.7,11.87753752
L1,L1_V013,74,3.7,3.75,11.87753752
L1,L1_V013,75,3.75,3.8000000000000003,11.87753752
L1,L1_V013,76,3.8000000000000003,3.85,11.87753752
L1,L1_V013,77,3.85,3.9000000000000004,11.87753752
L1,L1_V013,78,3.9000000000000004,3.95,11.87753752
L1,L1_V013,79,3.95,4.0,11.87753752
L1,L1_V013,80,4.0,4.05,11.87753752
L1,L1_V013,81,4.05,4.1000000000000005,11.87753752
L1,L1_V013,82,4.1000000000000005,4.15,11.87753752
L1,L1_V013,83,4.15,4.2,11.87753752
L1,L1_V013,84,4.2,4.25,11.87753752
L1,L1_V004,0,0.0,0.05,0.31046278
L1,L1_V004,1,0.05,0.1,0.30991016
L1,L1_V004,2,0.1,0.15000000000000002,0.61982032
L1,L1_V004,3,0.15000000000000002,0.2,0.92973048
L1,L1_V004,4,0.2,0.25,1.23964064
L1,L1_V004,5,0.25,0.30000000000000004,1.54955082
L1,L1_V004,6,0.30000000000000004,0.35000000000000003,1.85946098
L1,L1_V004,7,0.35000000000000003,0.4,2.16937114
L1,L1_V004,8,0.4,0.45,2.4792813
L1,L1_V004,9,0.45,0.5,2.78919146
L1,L1_V004,10,0.5,0.55,3.09910162
L1,L1_V004,11,0.55,0.6000000000000001,3.40901178
L1,L1_V004,12,0.6000000000000001,0.65,3.71892194
L1,L1_V004,13,0.65,0.7000000000000001,4.02883212
L1,L1_V004,14,0.7000000000000001,0.75,4.33874228
L1,L1_V004,15,0.75,0.8,4.64865244
L1,L1_V004,16,0.8,0.8500000000000001,4.9585626
L1,L1_V004,17,0.8500000000000001,0.9,5.26847276
L1,L1_V004,18,0.9,0.9500000000000001,5.57838292
L1,L1_V004,19,0.9500000000000001,1.0,5.88829308
L1,L1_V004,20,1.0,1.05,6.19820324
L1,L1_V004,21,1.05,1.1,6.50811342
L1,L1_V004,22,1.1,1.1500000000000001,6.81802358
L1,L1_V004,23,1.1500000000000001,1.2000000000000002,7.12793374
L1,L1_V004,24,1.2000000000000002,1.25,7.4378439
L1,L1_V004,25,1.25,1.3,7.74775406
L1,L1_V004,26,1.3,1.35,8.05766422
L1,L1_V004,27,1.35,1.4000000000000001,8.36757438
L1,L1_V004,28,1.4000000000000001,1.4500000000000002,8.67748454
L1,L1_V004,29,1.4500000000000002,1.5,8.98739472
L1,L1_V004,30,1.5,1.55,9.29730488
L1,L1_V004,31,1.55,1.6,9.29730488
L1,L1_V004,32,1.6,1.6500000000000001,9.29730488
L1,L1_V004,33,1.6500000000000001,1.7000000000000002,9.29730488
L1,L1_V004,34,1.7000000000000002,1.75,9.29730488
L1,L1_V004,35,1.75,1.8,9.29730488
L1,L1_V004,36,1.8,1.85,9.29730488
L1,L1_V004,37,1.85,1.9000000000000001,9.29730488
L1,L1_V004,38,1.9000000000000001,1.9500000000000002,9.29730488
L1,L1_V004,39,1.9500000000000002,2.0,9.29730488
L1,L1_V004,40,2.0,2.0500000000000003,9.29730488
L1,L1_V004,41,2.0500000000000003,2.1,9.29730488
L1,L1_V004,42,2.1,2.15,9.29730488
L1,L1_V004,43,2.15,2.2,9.29730488
L1,L1_V004,44,2.2,2.25,9.29730488
L1,L1_V004,45,2.25,2.3000000000000003,8.98739472
L1,L1_V004,46,2.3000000000000003,2.35,8.67748454
L1,L1_V004,47,2.35,2.4000000000000004,8.36757438
L1,L1_V004,48,2.4000000000000004,2.45,8.05766422
L1,L1_V004,49,2.45,2.5,7.74775406
L1,L1_V004,50,2.5,2.5500000000000003,7.4378439
L1,L1_V004,51,2.5500000000000003,2.6,7.12793374
L1,L1_V004,52,2.6,2.6500000000000004,6.81802358
L1,L1_V004,53,2.6500000000000004,2.7,6.50811342
L1,L1_V004,54,2.7,2.75,6.19820324
L1,L1_V004,55,2.75,2.8000000000000003,5.88829308
L1,L1_V004,56,2.8000000000000003,2.85,5.57838292
L1,L1_V004,57,2.85,2.9000000000000004,5.26847276
L1,L1_V004,58,2.9000000000000004,2.95,4.9585626
L1,L1_V004,59,2.95,3.0,4.9585626
L1,L1_V004,60,3.0,3.0500000000000003,4.64865244
L1,L1_V004,61,3.0500000000000003,3.1,4.33874228
L1,L1_V004,62,3.1,3.1500000000000004,4.02883212
L1,L1_V004,63,3.1500000000000004,3.2,3.71892194
L1,L1_V004,64,3.2,3.25,3.40901178
L1,L1_V004,65,3.25,3.3000000000000003,3.09910162
L1,L1_V004,66,3.3000000000000003,3.35,2.78919146
L1,L1_V004,67,3.35,3.4000000000000004,2.4792813
L1,L1_V004,68,3.4000000000000004,3.45,2.16937114
L1,L1_V004,69,3.45,3.5,1.85946098
L1,L1_V004,70,3.5,3.5500000000000003,1.54955082
L1,L1_V004,71,3.5500000000000003,3.6,1.23964064
L1,L1_V004,72,3.6,3.6500000000000004,0.92973048
L1,L1_V004,73,3.6500000000000004,3.7,0.61982032
L1,L1_V004,74,3.7,3.75,0.30991016
L1,L1_V014,0,0.0,0.05,11.79758544
L1,L1_V014,1,0.05,0.1,11.79758544
L1,L1_V014,2,0.1,0.15000000000000002,11.79758544
L1,L1_V014,3,0.15000000000000002,0.2,11.79758544
L1,L1_V014,4,0.2,0.25,11.79758544
L1,L1_V014,5,0.25,0.30000000000000004,11.79758544
L1,L1_V014,6,0.30000000000000004,0.35000000000000003,11.79758544
L1,L1_V014,7,0.35000000000000003,0.4,11.79758544
L1,L1_V014,8,0.4,0.45,11.79758544
L1,L1_V014,9,0.45,0.5,11.79758544
L1,L1_V014,10,0.5,0.55,11.79758544
L1,L1_V014,11,0.55,0.6000000000000001,11.79758544
L1,L1_V014,12,0.6000000000000001,0.65,11.79758544
L1,L1_V014,13,0.65,0.7000000000000001,11.79758544
L1,L1_V014,14,0.7000000000000001,0.75,11.79758544
L1,L1_V014,15,0.75,0.8,11.79758544
L1,L1_V014,16,0.8,0.8500000000000001,11.79758544
L1,L1_V014,17,0.8500000000000001,0.9,11.79758544
L1,L1_V014,18,0.9,0.9500000000000001,11.79758544
L1,L1_V014,19,0.9500000000000001,1.0,11.79758544
L1,L1_V014,20,1.0,1.05,11.79758544
L1,L1_V014,21,1.05,1.1,11.79758544
L1,L1_V014,22,1.1,1.1500000000000001,11.79758544
L1,L1_V014,23,1.1500000000000001,1.2000000000000002,11.79758544
L1,L1_V014,24,1.2000000000000002,1.25,11.79758544
L1,L1_V014,25,1.25,1.3,11.79758544
L1,L1_V014,26,1.3,1.35,11.79758544
L1,L1_V014,27,1.35,1.4000000000000001,11.79758544
L1,L1_V014,28,1.4000000000000001,1.4500000000000002,11.79758544
L1,L1_V014,29,1.4500000000000002,1.5,11.79758544
L1,L1_V014,30,1.5,1.55,11.79758544
L1,L1_V014,31,1.55,1.6,11.79758544
L1,L1_V014,32,1.6,1.6500000000000001,11.79758544
L1,L1_V014,33,1.6500000000000001,1.7000000000000002,11.79758544
L1,L1_V014,34,1.7000000000000002,1.75,11.79758544
L1,L1_V014,35,1.75,1.8,11.79758544
L1,L1_V014,36,1.8,1.85,11.79758544
L1,L1_V014,37,1.85,1.9000000000000001,11.79758544
L1,L1_V014,38,1.9000000000000001,1.9500000000000002,11.79758544
L1,L1_V014,39,1.9500000000000002,2.0,11.79758544
L1,L1_V014,40,2.0,2.0500000000000003,11.79758544
L1,L1_V014,41,2.0500000000000003,2.1,11.79758544
L1,L1_V014,42,2.1,2.15,11.79758544
L1,L1_V014,43,2.15,2.2,11.79758544
L1,L1_V014,44,2.2,2.25,11.79758544
L1,L1_V014,45,2.25,2.3000000000000003,11.79758544
L1,L1_V014,46,2.3000000000000003,2.35,11.79758544
L1,L1_V014,47,2.35,2.4000000000000004,11.79758544
L1,L1_V014,48,2.4000000000000004,2.45,11.79758544
L1,L1_V014,49,2.45,2.5,11.79758544
L1,L1_V014,50,2.5,2.5500000000000003,11.79758544
L1,L1_V014,51,2.5500000000000003,2.6,11.79758544
L1,L1_V014,52,2.6,2.6500000000000004,11.79758544
L1,L1_V014,53,2.6500000000000004,2.7,11.79758544
L1,L1_V014,54,2.7,2.75,11.79758544
L1,L1_V014,55,2.75,2.8000000000000003,11.48712266
L1,L1_V014,56,2.8000000000000003,2.85,11.1766599
L1,L1_V014,57,2.85,2.9000000000000004,10.86619712
L1,L1_V014,58,2.9000000000000004,2.95,10.55573434
L1,L1_V014,59,2.95,3.0,10.24527156
L1,L1_V014,60,3.0,3.0500000000000003,9.9348088
L1,L1_V014,61,3.0500000000000003,3.1,9.62434602
L1,L1_V014,62,3.1,3.1500000000000004,9.31388324
L1,L1_V014,63,3.1500000000000004,3.2,9.00342046
L1,L1_V014,64,3.2,3.25,8.6929577
L1,L1_V014,65,3.25,3.3000000000000003,8.38249492
L1,L1_V014,66,3.3000000000000003,3.35,8.07203214
L1,L1_V014,67,3.35,3.4000000000000004,7.76156936
L1,L1_V014,68,3.4000000000000004,3.45,7.4511066
L1,L1_V014,69,3.45,3.5,7.14064382
L1,L1_V014,70,3.5,3.5500000000000003,6.83018104
L1,L1_V014,71,3.5500000000000003,3.6,6.51971828
L1,L1_V014,72,3.6,3.6500000000000004,6.2092555
L1,L1_V014,73,3.6500000000000004,3.7,5.89879272
L1,L1_V014,74,3.7,3.75,5.58832994
L1,L1_V014,75,3.75,3.8000000000000003,5.27786718
L1,L1_V014,76,3.8000000000000003,3.85,4.9674044
L1,L1_V014,77,3.85,3.9000000000000004,4.65694162
L1,L1_V014,78,3.9000000000000004,3.95,4.34647884
L1,L1_V014,79,3.95,4.0,4.03601608
L1,L1_V014,80,4.0,4.05,3.7255533
L1,L1_V014,81,4.05,4.1000000000000005,3.41509052
L1,L1_V014,82,4.1000000000000005,4.15,3.10462774
L1,L1_V014,83,4.15,4.2,2.79416498
L1,L1_V014,84,4.2,4.25,2.4837022
L1,L1_V014,85,4.25,4.3,2.17323942
L1,L1_V014,86,4.3,4.3500000000000005,1.86277664
L1,L1_V014,87,4.3500000000000005,4.4,1.55231388
L1,L1_V014,88,4.4,4.45,1.2418511
L1,L1_V014,89,4.45,4.5,0.93138832
L1,L1_V014,90,4.5,4.55,0.62092554
L1,L1_V014,91,4.55,4.6000000000000005,0.31046278
L1,L1_V30_04,0,0.0,0.05,0.30991016
L1,L1_V30_04,1,0.05,0.1,0.31256684
L1,L1_V30_04,2,0.1,0.15000000000000002,0.62513366
L1,L1_V30_04,3,0.15000000000000002,0.2,0.9377005
L1,L1_V30_04,4,0.2,0.25,1.25026734
L1,L1_V30_04,5,0.25,0.30000000000000004,1.56283418
L1,L1_V30_04,6,0.30000000000000004,0.35000000000000003,1.875401
L1,L1_V30_04,7,0.35000000000000003,0.4,2.18796784
L1,L1_V30_04,8,0.4,0.45,2.50053468
L1,L1_V30_04,9,0.45,0.5,2.8131015
L1,L1_V30_04,10,0.5,0.55,3.12566834
L1,L1_V30_04,11,0.55,0.6000000000000001,3.43823518
L1,L1_V30_04,12,0.6000000000000001,0.65,3.750802
L1,L1_V30_04,13,0.65,0.7000000000000001,4.06336884
L1,L1_V30_04,14,0.7000000000000001,0.75,4.37593568
L1,L1_V30_04,15,0.75,0.8,4.68850252
L1,L1_V30_04,16,0.8,0.8500000000000001,5.00106934
L1,L1_V30_04,17,0.8500000000000001,0.9,5.31363618
L1,L1_V30_04,18,0.9,0.9500000000000001,5.62620302
L1,L1_V30_04,19,0.9500000000000001,1.0,5.93876984
L1,L1_V30_04,20,1.0,1.05,6.25133668
L1,L1_V30_04,21,1.05,1.1,6.56390352
L1,L1_V30_04,22,1.1,1.1500000000000001,6.87647036
L1,L1_V30_04,23,1.1500000000000001,1.2000000000000002,7.18903718
L1,L1_V30_04,24,1.2000000000000002,1.25,7.50160402
L1,L1_V30_04,25,1.25,1.3,7.81417086
L1,L1_V30_04,26,1.3,1.35,8.12673768
L1,L1_V30_04,27,1.35,1.4000000000000001,8.43930452
L1,L1_V30_04,28,1.4000000000000001,1.4500000000000002,8.75187136
L1,L1_V30_04,29,1.4500000000000002,1.5,9.06443818
L1,L1_V30_04,30,1.5,1.55,9.37700502
L1,L1_V30_04,31,1.55,1.6,9.68957186
L1,L1_V30_04,32,1.6,1.6500000000000001,10.0021387
L1,L1_V30_04,33,1.6500000000000001,1.7000000000000002,10.31470552
L1,L1_V30_04,34,1.7000000000000002,1.75,10.62727236
L1,L1_V30_04,35,1.75,1.8,10.9398392
L1,L1_V30_04,36,1.8,1.85,11.25240602
L1,L1_V30_04,37,1.85,1.9000000000000001,11.56497286
L1,L1_V30_04,38,1.9000000000000001,1.9500000000000002,11.25240602
L1,L1_V30_04,39,1.9500000000000002,2.0,10.9398392
L1,L1_V30_04,40,2.0,2.0500000000000003,10.62727236
L1,L1_V30_04,41,2.0500000000000003,2.1,10.31470552
L1,L1_V30_04,42,2.1,2.15,10.0021387
L1,L1_V30_04,43,2.15,2.2,9.68957186
L1,L1_V30_04,44,2.2,2.25,9.37700502
L1,L1_V30_04,45,2.25,2.3000000000000003,9.06443818
L1,L1_V30_04,46,2.3000000000000003,2.35,8.75187136
L1,L1_V30_04,47,2.35,2.4000000000000004,8.43930452
L1,L1_V30_04,48,2.4000000000000004,2.45,8.12673768
L1,L1_V30_04,49,2.45,2.5,7.81417086
L1,L1_V30_04,50,2.5,2.5500000000000003,7.50160402
L1,L1_V30_04,51,2.5500000000000003,2.6,7.18903718
L1,L1_V30_04,52,2.6,2.6500000000000004,6.87647036
L1,L1_V30_04,53,2.6500000000000004,2.7,6.56390352
L1,L1_V30_04,54,2.7,2.75,6.25133668
L1,L1_V30_04,55,2.75,2.8000000000000003,5.93876984
L1,L1_V30_04,56,2.8000000000000003,2.85,5.62620302
L1,L1_V30_04,57,2.85,2.9000000000000004,5.31363618
L1,L1_V30_04,58,2.9000000000000004,2.95,5.00106934
L1,L1_V30_04,59,2.95,3.0,5.00106934
L1,L1_V30_04,60,3.0,3.0500000000000003,4.68850252
L1,L1_V30_04,61,3.0500000000000003,3.1,4.37593568
L1,L1_V30_04,62,3.1,3.1500000000000004,4.06336884
L1,L1_V30_04,63,3.1500000000000004,3.2,3.750802
L1,L1_V30_04,64,3.2,3.25,3.43823518
L1,L1_V30_04,65,3.25,3.3000000000000003,3.12566834
L1,L1_V30_04,66,3.3000000000000003,3.35,2.8131015
L1,L1_V30_04,67,3.35,3.4000000000000004,2.50053468
L1,L1_V30_04,68,3.4000000000000004,3.45,2.18796784
L1,L1_V30_04,69,3.45,3.5,1.875401
L1,L1_V30_04,70,3.5,3.5500000000000003,1.56283418
L1,L1_V30_04,71,3.5500000000000003,3.6,1.25026734
L1,L1_V30_04,72,3.6,3.6500000000000004,0.9377005
L1,L1_V30_04,73,3.6500000000000004,3.7,0.62513366
L1,L1_V30_04,74,3.7,3.75,0.31256684
L1,L1_V015,0,0.0,0.05,0.0
L1,L1_V015,1,0.05,0.1,0.61982032
L1,L1_V015,2,0.1,0.15000000000000002,0.92973048
L1,L1_V015,3,0.15000000000000002,0.2,1.23964064
L1,L1_V015,4,0.2,0.25,1.54955082
L1,L1_V015,5,0.25,0.30000000000000004,1.85946098
L1,L1_V015,6,0.30000000000000004,0.35000000000000003,2.16937114
L1,L1_V015,7,0.35000000000000003,0.4,2.4792813
L1,L1_V015,8,0.4,0.45,2.78919146
L1,L1_V015,9,0.45,0.5,3.09910162
L1,L1_V015,10,0.5,0.55,3.40901178
L1,L1_V015,11,0.55,0.6000000000000001,3.71892194
L1,L1_V015,12,0.6000000000000001,0.65,4.02883212
L1,L1_V015,13,0.65,0.7000000000000001,4.33874228
L1,L1_V015,14,0.7000000000000001,0.75,4.64865244
L1,L1_V015,15,0.75,0.8,4.9585626
L1,L1_V015,16,0.8,0.8500000000000001,5.26847276
L1,L1_V015,17,0.8500000000000001,0.9,5.57838292
L1,L1_V015,18,0.9,0.9500000000000001,5.88829308
L1,L1_V015,19,0.9500000000000001,1.0,6.19820324
L1,L1_V015,20,1.0,1.05,6.50811342
L1,L1_V015,21,1.05,1.1,6.81802358
L1,L1_V015,22,1.1,1.1500000000000001,7.12793374
L1,L1_V015,23,1.1500000000000001,1.2000000000000002,7.4378439
L1,L1_V015,24,1.2000000000000002,1.25,7.74775406
L1,L1_V015,25,1.25,1.3,8.05766422
L1,L1_V015,26,1.3,1.35,8.36757438
L1,L1_V015,27,1.35,1.4000000000000001,8.67748454
L1,L1_V015,28,1.4000000000000001,1.4500000000000002,8.98739472
L1,L1_V015,29,1.4500000000000002,1.5,9.29730488
L1,L1_V015,30,1.5,1.55,9.60721504
L1,L1_V015,31,1.55,1.6,9.9171252
L1,L1_V015,32,1.6,1.6500000000000001,10.22703536
L1,L1_V015,33,1.6500000000000001,1.7000000000000002,10.53694552
L1,L1_V015,34,1.7000000000000002,1.75,10.84685568
L1,L1_V015,35,1.75,1.8,11.15676584
L1,L1_V015,36,1.8,1.85,11.46667602
L1,L1_V015,37,1.85,1.9000000000000001,11.77658618
L1,L1_V015,38,1.9000000000000001,1.9500000000000002,11.77658618
L1,L1_V015,39,1.9500000000000002,2.0,11.77658618
L1,L1_V015,40,2.0,2.0500000000000003,11.77658618
L1,L1_V015,41,2.0500000000000003,2.1,11.77658618
L1,L1_V015,42,2.1,2.15,11.77658618
L1,L1_V015,43,2.15,2.2,11.77658618
L1,L1_V015,44,2.2,2.25,11.77658618
L1,L1_V015,45,2.25,2.3000000000000003,11.77658618
L1,L1_V015,46,2.3000000000000003,2.35,11.77658618
L1,L1_V015,47,2.35,2.4000000000000004,11.77658618
L1,L1_V015,48,2.4000000000000004,2.45,11.77658618
L1,L1_V015,49,2.45,2.5,11.77658618
L1,L1_V015,50,2.5,2.5500000000000003,11.77658618
L1,L1_V015,51,2.5500000000000003,2.6,11.77658618
L1,L1_V015,52,2.6,2.6500000000000004,11.77658618
L1,L1_V015,53,2.6500000000000004,2.7,11.77658618
L1,L1_V015,54,2.7,2.75,11.77658618
L1,L1_V015,55,2.75,2.8000000000000003,11.77658618
L1,L1_V015,56,2.8000000000000003,2.85,11.77658618
L1,L1_V015,57,2.85,2.9000000000000004,11.77658618
L1,L1_V015,58,2.9000000000000004,2.95,11.77658618
L1,L1_V015,59,2.95,3.0,11.77658618
L1,L1_V007,0,0.0,0.05,0.0
L1,L1_V007,1,0.05,0.1,0.31256676
L1,L1_V007,2,0.1,0.15000000000000002,0.62513352
L1,L1_V007,3,0.15000000000000002,0.2,0.93770028
L1,L1_V007,4,0.2,0.25,1.25026704
L1,L1_V007,5,0.25,0.30000000000000004,1.5628338
L1,L1_V007,6,0.30000000000000004,0.35000000000000003,1.87540056
L1,L1_V007,7,0.35000000000000003,0.4,2.18796732
L1,L1_V007,8,0.4,0.45,2.50053408
L1,L1_V007,9,0.45,0.5,2.81310084
L1,L1_V007,10,0.5,0.55,3.1256676
L1,L1_V007,11,0.55,0.6000000000000001,3.43823436
L1,L1_V007,12,0.6000000000000001,0.65,3.75080112
L1,L1_V007,13,0.65,0.7000000000000001,4.06336788
L1,L1_V007,14,0.7000000000000001,0.75,4.37593464
L1,L1_V007,15,0.75,0.8,4.6885014
L1,L1_V007,16,0.8,0.8500000000000001,5.00106816
L1,L1_V007,17,0.8500000000000001,0.9,5.31363492
L1,L1_V007,18,0.9,0.9500000000000001,5.62620168
L1,L1_V007,19,0.9500000000000001,1.0,5.93876844
L1,L1_V007,20,1.0,1.05,6.2513352
L1,L1_V007,21,1.05,1.1,6.56390196
L1,L1_V007,22,1.1,1.1500000000000001,6.87646872
L1,L1_V007,23,1.1500000000000001,1.2000000000000002,7.18903548
L1,L1_V007,24,1.2000000000000002,1.25,7.50160224
L1,L1_V007,25,1.25,1.3,7.81416898
L1,L1_V007,26,1.3,1.35,8.12673574
L1,L1_V007,27,1.35,1.4000000000000001,8.4393025
L1,L1_V007,28,1.4000000000000001,1.4500000000000002,8.75186926
L1,L1_V007,29,1.4500000000000002,1.5,9.06443602
L1,L1_V007,30,1.5,1.55,9.37700278
L1,L1_V007,31,1.55,1.6,9.68956954
L1,L1_V007,32,1.6,1.6500000000000001,10.0021363
L1,L1_V007,33,1.6500000000000001,1.7000000000000002,10.31470306
L1,L1_V007,34,1.7000000000000002,1.75,10.62726982
L1,L1_V007,35,1.75,1.8,10.93983658
L1,L1_V007,36,1.8,1.85,11.25240334
L1,L1_V007,37,1.85,1.9000000000000001,11.5649701
L1,L1_V007,38,1.9000000000000001,1.9500000000000002,11.25240334
L1,L1_V007,39,1.9500000000000002,2.0,10.93983658
L1,L1_V007,40,2.0,2.0500000000000003,10.62726982
L1,L1_V007,41,2.0500000000000003,2.1,10.31470306
L1,L1_V007,42,2.1,2.15,10.0021363
L1,L1_V007,43,2.15,2.2,9.68956954
L1,L1_V007,44,2.2,2.25,9.37700278
L1,L1_V007,45,2.25,2.3000000000000003,9.06443602
L1,L1_V007,46,2.3000000000000003,2.35,8.75186926
L1,L1_V007,47,2.35,2.4000000000000004,8.4393025
L1,L1_V007,48,2.4000000000000004,2.45,8.12673574
L1,L1_V007,49,2.45,2.5,7.81416898
L1,L1_V007,50,2.5,2.5500000000000003,7.50160224
L1,L1_V007,51,2.5500000000000003,2.6,7.18903548
L1,L1_V007,52,2.6,2.6500000000000004,6.87646872
L1,L1_V007,53,2.6500000000000004,2.7,6.56390196
L1,L1_V007,54,2.7,2.75,6.2513352
L1,L1_V007,55,2.75,2.8000000000000003,5.93876844
L1,L1_V007,56,2.8000000000000003,2.85,5.62620168
L1,L1_V007,57,2.85,2.9000000000000004,5.31363492
L1,L1_V007,58,2.9000000000000004,2.95,5.00106816
L1,L1_V007,59,2.95,3.0,4.6885014
L1,L1_V007,60,3.0,3.0500000000000003,4.37593464
L1,L1_V007,61,3.0500000000000003,3.1,4.06336788
L1,L1_V007,62,3.1,3.1500000000000004,3.75080112
L1,L1_V007,63,3.1500000000000004,3.2,3.43823436
L1,L1_V007,64,3.2,3.25,3.1256676
L1,L1_V007,65,3.25,3.3000000000000003,2.81310084
L1,L1_V007,66,3.3000000000000003,3.35,2.50053408
L1,L1_V007,67,3.35,3.4000000000000004,2.18796732
L1,L1_V007,68,3.4000000000000004,3.45,1.87540056
L1,L1_V007,69,3.45,3.5,1.5628338
L1,L1_V007,70,3.5,3.5500000000000003,1.25026704
L1,L1_V007,71,3.5500000000000003,3.6,0.93770028
L1,L1_V007,72,3.6,3.6500000000000004,0.62513352
L1,L1_V007,73,3.6500000000000004,3.7,0.31256676
L1,L1_V016,0,0.0,0.05,11.87753818
L1,L1_V016,1,0.05,0.1,11.87753818
L1,L1_V016,2,0.1,0.15000000000000002,11.87753818
L1,L1_V016,3,0.15000000000000002,0.2,11.87753818
L1,L1_V016,4,0.2,0.25,11.87753818
L1,L1_V016,5,0.25,0.30000000000000004,11.87753818
L1,L1_V016,6,0.30000000000000004,0.35000000000000003,11.87753818
L1,L1_V016,7,0.35000000000000003,0.4,11.87753818
L1,L1_V016,8,0.4,0.45,11.87753818
L1,L1_V016,9,0.45,0.5,11.87753818
L1,L1_V016,10,0.5,0.55,11.87753818
L1,L1_V016,11,0.55,0.6000000000000001,11.87753818
L1,L1_V016,12,0.6000000000000001,0.65,11.87753818
L1,L1_V016,13,0.65,0.7000000000000001,11.87753818
L1,L1_V016,14,0.7000000000000001,0.75,11.87753818
L1,L1_V016,15,0.75,0.8,11.87753818
L1,L1_V016,16,0.8,0.8500000000000001,11.87753818
L1,L1_V016,17,0.8500000000000001,0.9,11.87753818
L1,L1_V016,18,0.9,0.9500000000000001,11.87753818
L1,L1_V016,19,0.9500000000000001,1.0,11.87753818
L1,L1_V016,20,1.0,1.05,11.87753818
L1,L1_V016,21,1.05,1.1,11.87753818
L1,L1_V016,22,1.1,1.1500000000000001,11.87753818
L1,L1_V016,23,1.1500000000000001,1.2000000000000002,11.87753818
L1,L1_V016,24,1.2000000000000002,1.25,11.87753818
L1,L1_V016,25,1.25,1.3,11.87753818
L1,L1_V016,26,1.3,1.35,11.87753818
L1,L1_V016,27,1.35,1.4000000000000001,11.87753818
L1,L1_V016,28,1.4000000000000001,1.4500000000000002,11.87753818
L1,L1_V016,29,1.4500000000000002,1.5,11.87753818
L1,L1_V016,30,1.5,1.55,11.87753818
L1,L1_V016,31,1.55,1.6,11.87753818
L1,L1_V016,32,1.6,1.6500000000000001,11.87753818
L1,L1_V016,33,1.6500000000000001,1.7000000000000002,11.87753818
L1,L1_V016,34,1.7000000000000002,1.75,11.87753818
L1,L1_V016,35,1.75,1.8,11.87753818
L1,L1_V016,36,1.8,1.85,11.87753818
L1,L1_V016,37,1.85,1.9000000000000001,11.87753818
L1,L1_V016,38,1.9000000000000001,1.9500000000000002,11.87753818
L1,L1_V016,39,1.9500000000000002,2.0,11.87753818
L1,L1_V016,40,2.0,2.0500000000000003,11.87753818
L1,L1_V016,41,2.0500000000000003,2.1,11.87753818
L1,L1_V016,42,2.1,2.15,11.87753818
L1,L1_V016,43,2.15,2.2,11.87753818
L1,L1_V016,44,2.2,2.25,11.87753818
L1,L1_V016,45,2.25,2.3000000000000003,11.87753818
L1,L1_V016,46,2.3000000000000003,2.35,11.87753818
L1,L1_V016,47,2.35,2.4000000000000004,11.87753818
L1,L1_V016,48,2.4000000000000004,2.45,11.56497138
L1,L1_V016,49,2.45,2.5,11.25240458
L1,L1_V016,50,2.5,2.5500000000000003,10.9398378
L1,L1_V016,51,2.5500000000000003,2.6,10.627271
L1,L1_V016,52,2.6,2.6500000000000004,10.3147042
L1,L1_V016,53,2.6500000000000004,2.7,10.00213742
L1,L1_V016,54,2.7,2.75,9.68957062
L1,L1_V016,55,2.75,2.8000000000000003,9.37700382
L1,L1_V016,56,2.8000000000000003,2.85,9.06443704
L1,L1_V016,57,2.85,2.9000000000000004,8.75187024
L1,L1_V016,58,2.9000000000000004,2.95,8.43930344
L1,L1_V016,59,2.95,3.0,8.12673664
L1,L1_V016,60,3.0,3.0500000000000003,7.81416986
L1,L1_V016,61,3.0500000000000003,3.1,7.50160306
L1,L1_V016,62,3.1,3.1500000000000004,7.18903626
L1,L1_V016,63,3.1500000000000004,3.2,6.87646948
L1,L1_V016,64,3.2,3.25,6.56390268
L1,L1_V016,65,3.25,3.3000000000000003,6.25133588
L1,L1_V016,66,3.3000000000000003,3.35,5.93876908
L1,L1_V016,67,3.35,3.4000000000000004,5.6262023
L1,L1_V016,68,3.4000000000000004,3.45,5.3136355
L1,L1_V016,69,3.45,3.5,5.0010687
L1,L1_V016,70,3.5,3.5500000000000003,4.68850192
L1,L1_V016,71,3.5500000000000003,3.6,4.37593512
L1,L1_V016,72,3.6,3.6500000000000004,4.06336832
L1,L1_V016,73,3.6500000000000004,3.7,3.75080152
L1,L1_V016,74,3.7,3.75,3.43823474
L1,L1_V016,75,3.75,3.8000000000000003,3.12566794
L1,L1_V016,76,3.8000000000000003,3.85,2.81310114
L1,L1_V016,77,3.85,3.9000000000000004,2.50053436
L1,L1_V016,78,3.9000000000000004,3.95,2.18796756
L1,L1_V016,79,3.95,4.0,1.87540076
L1,L1_V016,80,4.0,4.05,1.56283398
L1,L1_V016,81,4.05,4.1000000000000005,1.25026718
L1,L1_V016,82,4.1000000000000005,4.15,0.93770038
L1,L1_V016,83,4.15,4.2,0.62513358
L1,L1_V016,84,4.2,4.25,0.3125668
L1,L1_V003,0,0.0,0.05,0.31256684
L1,L1_V003,1,0.05,0.1,0.62513368
L1,L1_V003,2,0.1,0.15000000000000002,0.62513368
L1,L1_V003,3,0.15000000000000002,0.2,0.93770052
L1,L1_V003,4,0.2,0.25,1.25026736
L1,L1_V003,5,0.25,0.30000000000000004,1.5628342
L1,L1_V003,6,0.30000000000000004,0.35000000000000003,1.87540104
L1,L1_V003,7,0.35000000000000003,0.4,2.18796788
L1,L1_V003,8,0.4,0.45,2.5005347
L1,L1_V003,9,0.45,0.5,2.81310154
L1,L1_V003,10,0.5,0.55,3.12566838
L1,L1_V003,11,0.55,0.6000000000000001,3.43823522
L1,L1_V003,12,0.6000000000000001,0.65,3.75080206
L1,L1_V003,13,0.65,0.7000000000000001,4.0633689
L1,L1_V003,14,0.7000000000000001,0.75,4.37593574
L1,L1_V003,15,0.75,0.8,4.68850258
L1,L1_V003,16,0.8,0.8500000000000001,5.00106942
L1,L1_V003,17,0.8500000000000001,0.9,5.31363626
L1,L1_V003,18,0.9,0.9500000000000001,5.6262031
L1,L1_V003,19,0.9500000000000001,1.0,5.93876994
L1,L1_V003,20,1.0,1.05,6.25133678
L1,L1_V003,21,1.05,1.1,6.56390362
L1,L1_V003,22,1.1,1.1500000000000001,6.87647046
L1,L1_V003,23,1.1500000000000001,1.2000000000000002,7.1890373
L1,L1_V003,24,1.2000000000000002,1.25,7.50160412
L1,L1_V003,25,1.25,1.3,7.81417096
L1,L1_V003,26,1.3,1.35,8.1267378
L1,L1_V003,27,1.35,1.4000000000000001,8.43930464
L1,L1_V003,28,1.4000000000000001,1.4500000000000002,8.75187148
L1,L1_V003,29,1.4500000000000002,1.5,9.06443832
L1,L1_V003,30,1.5,1.55,9.37700516
L1,L1_V003,31,1.55,1.6,9.689572
L1,L1_V003,32,1.6,1.6500000000000001,10.00213884
L1,L1_V003,33,1.6500000000000001,1.7000000000000002,10.31470568
L1,L1_V003,34,1.7000000000000002,1.75,10.62727252
L1,L1_V003,35,1.75,1.8,10.93983936
L1,L1_V003,36,1.8,1.85,11.2524062
L1,L1_V003,37,1.85,1.9000000000000001,11.56497304
L1,L1_V003,38,1.9000000000000001,1.9500000000000002,11.56497304
L1,L1_V003,39,1.9500000000000002,2.0,11.2524062
L1,L1_V003,40,2.0,2.0500000000000003,10.93983936
L1,L1_V003,41,2.0500000000000003,2.1,10.62727252
L1,L1_V003,42,2.1,2.15,10.31470568
L1,L1_V003,43,2.15,2.2,10.00213884
L1,L1_V003,44,2.2,2.25,9.689572
L1,L1_V003,45,2.25,2.3000000000000003,9.37700516
L1,L1_V003,46,2.3000000000000003,2.35,9.06443832
L1,L1_V003,47,2.35,2.4000000000000004,8.75187148
L1,L1_V003,48,2.4000000000000004,2.45,8.43930464
L1,L1_V003,49,2.45,2.5,8.1267378
L1,L1_V003,50,2.5,2.5500000000000003,7.81417096
L1,L1_V003,51,2.5500000000000003,2.6,7.50160412
L1,L1_V003,52,2.6,2.6500000000000004,7.1890373
L1,L1_V003,53,2.6500000000000004,2.7,6.87647046
L1,L1_V003,54,2.7,2.75,6.56390362
L1,L1_V003,55,2.75,2.8000000000000003,6.25133678
L1,L1_V003,56,2.8000000000000003,2.85,5.93876994
L1,L1_V003,57,2.85,2.9000000000000004,5.6262031
L1,L1_V003,58,2.9000000000000004,2.95,5.31363626
L1,L1_V003,59,2.95,3.0,5.00106942
L1,L1_V003,60,3.0,3.0500000000000003,4.68850258
L1,L1_V003,61,3.0500000000000003,3.1,4.37593574
L1,L1_V003,62,3.1,3.1500000000000004,4.0633689
L1,L1_V003,63,3.1500000000000004,3.2,3.75080206
L1,L1_V003,64,3.2,3.25,3.43823522
L1,L1_V003,65,3.25,3.3000000000000003,3.12566838
L1,L1_V003,66,3.3000000000000003,3.35,2.81310154
L1,L1_V003,67,3.35,3.4000000000000004,2.5005347
L1,L1_V003,68,3.4000000000000004,3.45,2.18796788
L1,L1_V003,69,3.45,3.5,1.87540104
L1,L1_V003,70,3.5,3.5500000000000003,1.5628342
L1,L1_V003,71,3.5500000000000003,3.6,1.25026736
L1,L1_V003,72,3.6,3.6500000000000004,0.93770052
L1,L1_V003,73,3.6500000000000004,3.7,0.62513368
L1,L1_V003,74,3.7,3.75,0.31256684
L1,L1_V017,0,0.0,0.05,0.0
L1,L1_V017,1,0.05,0.1,0.3114675
L1,L1_V017,2,0.1,0.15000000000000002,0.622935
L1,L1_V017,3,0.15000000000000002,0.2,0.9344025
L1,L1_V017,4,0.2,0.25,1.24587
L1,L1_V017,5,0.25,0.30000000000000004,1.5573375
L1,L1_V017,6,0.30000000000000004,0.35000000000000003,1.868805
L1,L1_V017,7,0.35000000000000003,0.4,2.1802725
L1,L1_V017,8,0.4,0.45,2.49174
L1,L1_V017,9,0.45,0.5,2.8032075
L1,L1_V017,10,0.5,0.55,3.114675
L1,L1_V017,11,0.55,0.6000000000000001,3.4261425
L1,L1_V017,12,0.6000000000000001,0.65,3.73761
L1,L1_V017,13,0.65,0.7000000000000001,4.0490775
L1,L1_V017,14,0.7000000000000001,0.75,4.360545
L1,L1_V017,15,0.75,0.8,4.6720125
L1,L1_V017,16,0.8,0.8500000000000001,4.98348
L1,L1_V017,17,0.8500000000000001,0.9,5.2949475
L1,L1_V017,18,0.9,0.9500000000000001,5.606415
L1,L1_V017,19,0.9500000000000001,1.0,5.9178825
L1,L1_V017,20,1.0,1.05,6.22935
L1,L1_V017,21,1.05,1.1,6.5408175
L1,L1_V017,22,1.1,1.1500000000000001,6.852285
L1,L1_V017,23,1.1500000000000001,1.2000000000000002,7.1637525
L1,L1_V017,24,1.2000000000000002,1.25,7.47522
L1,L1_V017,25,1.25,1.3,7.7866875
L1,L1_V017,26,1.3,1.35,8.098155
L1,L1_V017,27,1.35,1.4000000000000001,8.4096225
L1,L1_V017,28,1.4000000000000001,1.4500000000000002,8.72109
L1,L1_V017,29,1.4500000000000002,1.5,9.0325575
L1,L1_V017,30,1.5,1.55,9.344025
L1,L1_V017,31,1.55,1.6,9.6554925
L1,L1_V017,32,1.6,1.6500000000000001,9.96696
L1,L1_V017,33,1.6500000000000001,1.7000000000000002,10.2784275
L1,L1_V017,34,1.7000000000000002,1.75,10.589895
L1,L1_V017,35,1.75,1.8,10.9013625
L1,L1_V017,36,1.8,1.85,11.21283
L1,L1_V017,37,1.85,1.9000000000000001,11.5242975
L1,L1_V017,38,1.9000000000000001,1.9500000000000002,11.835765
L1,L1_V017,39,1.9500000000000002,2.0,12.1472325
L1,L1_V017,40,2.0,2.0500000000000003,12.4587
L1,L1_V017,41,2.0500000000000003,2.1,12.7701675
L1,L1_V017,42,2.1,2.15,13.081635
L1,L1_V017,43,2.15,2.2,13.3931025
L1,L1_V017,44,2.2,2.25,13.70457
L1,L1_V017,45,2.25,2.3000000000000003,14.0160375
L1,L1_V017,46,2.3000000000000003,2.35,14.327505
L1,L1_V017,47,2.35,2.4000000000000004,14.6389725
L1,L1_V017,48,2.4000000000000004,2.45,14.95044
L1,L1_V017,49,2.45,2.5,15.2619075
L1,L1_V017,50,2.5,2.5500000000000003,15.573375
L1,L1_V017,51,2.5500000000000003,2.6,15.573375
L1,L1_V017,52,2.6,2.6500000000000004,15.573375
L1,L1_V017,53,2.6500000000000004,2.7,15.573375
L1,L1_V017,54,2.7,2.75,15.573375
L1,L1_V017,55,2.75,2.8000000000000003,15.573375
L1,L1_V017,56,2.8000000000000003,2.85,15.573375
L1,L1_V017,57,2.85,2.9000000000000004,15.573375
L1,L1_V017,58,2.9000000000000004,2.95,15.573375
L1,L1_V017,59,2.95,3.0,15.573375
L1,L1_V017,60,3.0,3.0500000000000003,15.573375
L1,L1_V017,61,3.0500000000000003,3.1,15.573375
L1,L1_V017,62,3.1,3.1500000000000004,15.573375
L1,L1_V017,63,3.1500000000000004,3.2,15.573375
L1,L1_V017,64,3.2,3.25,15.573375
L1,L1_V017,65,3.25,3.3000000000000003,15.573375
L1,L1_V017,66,3.3000000000000003,3.35,15.573375
L1,L1_V017,67,3.35,3.4000000000000004,15.573375
L1,L1_V017,68,3.4000000000000004,3.45,15.573375
L1,L1_V017,69,3.45,3.5,15.573375
L1,L1_V017,70,3.5,3.5500000000000003,15.573375
L1,L1_V017,71,3.5500000000000003,3.6,15.573375
L1,L1_V017,72,3.6,3.6500000000000004,15.573375
L1,L1_V017,73,3.6500000000000004,3.7,15.573375
L1,L1_V017,74,3.7,3.75,15.573375
L1,L1_V017,75,3.75,3.8000000000000003,15.573375
L1,L1_V017,76,3.8000000000000003,3.85,15.573375
L1,L1_V017,77,3.85,3.9000000000000004,15.573375
L1,L1_V017,78,3.9000000000000004,3.95,15.573375
L1,L1_V017,79,3.95,4.0,15.573375
L1,L1_V017,80,4.0,4.05,15.573375
L1,L1_V017,81,4.05,4.1000000000000005,15.573375
L1,L1_V017,82,4.1000000000000005,4.15,15.573375
L1,L1_V017,83,4.15,4.2,15.573375
L1,L1_V017,84,4.2,4.25,15.573375
L1,L1_V005,0,0.0,0.05,0.3099102
L1,L1_V005,1,0.05,0.1,0.3099102
L1,L1_V005,2,0.1,0.15000000000000002,0.61982042
L1,L1_V005,3,0.15000000000000002,0.2,0.92973062
L1,L1_V005,4,0.2,0.25,1.23964082
L1,L1_V005,5,0.25,0.30000000000000004,1.54955104
L1,L1_V005,6,0.30000000000000004,0.35000000000000003,1.85946124
L1,L1_V005,7,0.35000000000000003,0.4,2.16937146
L1,L1_V005,8,0.4,0.45,2.47928166
L1,L1_V005,9,0.45,0.5,2.78919186
L1,L1_V005,10,0.5,0.55,3.09910208
L1,L1_V005,11,0.55,0.6000000000000001,3.40901228
L1,L1_V005,12,0.6000000000000001,0.65,3.71892248
L1,L1_V005,13,0.65,0.7000000000000001,4.0288327
L1,L1_V005,14,0.7000000000000001,0.75,4.3387429
L1,L1_V005,15,0.75,0.8,4.64865312
L1,L1_V005,16,0.8,0.8500000000000001,4.95856332
L1,L1_V005,17,0.8500000000000001,0.9,5.26847352
L1,L1_V005,18,0.9,0.9500000000000001,5.57838374
L1,L1_V005,19,0.9500000000000001,1.0,5.88829394
L1,L1_V005,20,1.0,1.05,6.19820414
L1,L1_V005,21,1.05,1.1,6.50811436
L1,L1_V005,22,1.1,1.1500000000000001,6.81802456
L1,L1_V005,23,1.1500000000000001,1.2000000000000002,7.12793478
L1,L1_V005,24,1.2000000000000002,1.25,7.43784498
L1,L1_V005,25,1.25,1.3,7.74775518
L1,L1_V005,26,1.3,1.35,8.0576654
L1,L1_V005,27,1.35,1.4000000000000001,8.3675756
L1,L1_V005,28,1.4000000000000001,1.4500000000000002,8.6774858
L1,L1_V005,29,1.4500000000000002,1.5,8.98739602
L1,L1_V005,30,1.5,1.55,9.29730622
L1,L1_V005,31,1.55,1.6,9.60721644
L1,L1_V005,32,1.6,1.6500000000000001,9.91712664
L1,L1_V005,33,1.6500000000000001,1.7000000000000002,10.22703684
L1,L1_V005,34,1.7000000000000002,1.75,10.53694706
L1,L1_V005,35,1.75,1.8,10.84685726
L1,L1_V005,36,1.8,1.85,11.15676746
L1,L1_V005,37,1.85,1.9000000000000001,11.46667768
L1,L1_V005,38,1.9000000000000001,1.9500000000000002,11.15676746
L1,L1_V005,39,1.9500000000000002,2.0,10.84685726
L1,L1_V005,40,2.0,2.0500000000000003,10.53694706
L1,L1_V005,41,2.0500000000000003,2.1,10.22703684
L1,L1_V005,42,2.1,2.15,9.91712664
L1,L1_V005,43,2.15,2.2,9.60721644
L1,L1_V005,44,2.2,2.25,9.29730622
L1,L1_V005,45,2.25,2.3000000000000003,8.98739602
L1,L1_V005,46,2.3000000000000003,2.35,8.6774858
L1,L1_V005,47,2.35,2.4000000000000004,8.3675756
L1,L1_V005,48,2.4000000000000004,2.45,8.0576654
L1,L1_V005,49,2.45,2.5,7.74775518
L1,L1_V005,50,2.5,2.5500000000000003,7.43784498
L1,L1_V005,51,2.5500000000000003,2.6,7.12793478
L1,L1_V005,52,2.6,2.6500000000000004,6.81802456
L1,L1_V005,53,2.6500000000000004,2.7,6.50811436
L1,L1_V005,54,2.7,2.75,6.19820414
L1,L1_V005,55,2.75,2.8000000000000003,5.88829394
L1,L1_V005,56,2.8000000000000003,2.85,5.57838374
L1,L1_V005,57,2.85,2.9000000000000004,5.26847352
L1,L1_V005,58,2.9000000000000004,2.95,4.95856332
L1,L1_V005,59,2.95,3.0,4.64865312
L1,L1_V005,60,3.0,3.0500000000000003,4.64865312
L1,L1_V005,61,3.0500000000000003,3.1,4.3387429
L1,L1_V005,62,3.1,3.1500000000000004,4.0288327
L1,L1_V005,63,3.1500000000000004,3.2,3.71892248
L1,L1_V005,64,3.2,3.25,3.40901228
L1,L1_V005,65,3.25,3.3000000000000003,3.09910208
L1,L1_V005,66,3.3000000000000003,3.35,2.78919186
L1,L1_V005,67,3.35,3.4000000000000004,2.47928166
L1,L1_V005,68,3.4000000000000004,3.45,2.16937146
L1,L1_V005,69,3.45,3.5,1.85946124
L1,L1_V005,70,3.5,3.5500000000000003,1.54955104
L1,L1_V005,71,3.5500000000000003,3.6,1.23964082
L1,L1_V005,72,3.6,3.6500000000000004,0.92973062
L1,L1_V005,73,3.6500000000000004,3.7,0.61982042
L1,L1_V005,74,3.7,3.75,0.3099102
L1,L1_V018,0,0.0,0.05,15.573375
L1,L1_V018,1,0.05,0.1,15.573375
L1,L1_V018,2,0.1,0.15000000000000002,15.573375
L1,L1_V018,3,0.15000000000000002,0.2,15.573375
L1,L1_V018,4,0.2,0.25,15.573375
L1,L1_V018,5,0.25,0.30000000000000004,15.573375
L1,L1_V018,6,0.30000000000000004,0.35000000000000003,15.573375
L1,L1_V018,7,0.35000000000000003,0.4,15.573375
L1,L1_V018,8,0.4,0.45,15.573375
L1,L1_V018,9,0.45,0.5,15.573375
L1,L1_V018,10,0.5,0.55,15.573375
L1,L1_V018,11,0.55,0.6000000000000001,15.573375
L1,L1_V018,12,0.6000000000000001,0.65,15.573375
L1,L1_V018,13,0.65,0.7000000000000001,15.573375
L1,L1_V018,14,0.7000000000000001,0.75,15.573375
L1,L1_V018,15,0.75,0.8,15.573375
L1,L1_V018,16,0.8,0.8500000000000001,15.573375
L1,L1_V018,17,0.8500000000000001,0.9,15.573375
L1,L1_V018,18,0.9,0.9500000000000001,15.573375
L1,L1_V018,19,0.9500000000000001,1.0,15.573375
L1,L1_V018,20,1.0,1.05,15.573375
L1,L1_V018,21,1.05,1.1,15.573375
L1,L1_V018,22,1.1,1.1500000000000001,15.573375
L1,L1_V018,23,1.1500000000000001,1.2000000000000002,15.573375
L1,L1_V018,24,1.2000000000000002,1.25,15.573375
L1,L1_V018,25,1.25,1.3,15.573375
L1,L1_V018,26,1.3,1.35,15.573375
L1,L1_V018,27,1.35,1.4000000000000001,15.573375
L1,L1_V018,28,1.4000000000000001,1.4500000000000002,15.573375
L1,L1_V018,29,1.4500000000000002,1.5,15.573375
L1,L1_V018,30,1.5,1.55,15.573375
L1,L1_V018,31,1.55,1.6,15.573375
L1,L1_V018,32,1.6,1.6500000000000001,15.573375
L1,L1_V018,33,1.6500000000000001,1.7000000000000002,15.573375
L1,L1_V018,34,1.7000000000000002,1.75,15.573375
L1,L1_V018,35,1.75,1.8,15.573375
L1,L1_V018,36,1.8,1.85,15.573375
L1,L1_V018,37,1.85,1.9000000000000001,15.573375
L1,L1_V018,38,1.9000000000000001,1.9500000000000002,15.573375
L1,L1_V018,39,1.9500000000000002,2.0,15.573375
L1,L1_V018,40,2.0,2.0500000000000003,15.573375
L1,L1_V018,41,2.0500000000000003,2.1,15.573375
L1,L1_V018,42,2.1,2.15,15.573375
L1,L1_V018,43,2.15,2.2,15.2619075
L1,L1_V018,44,2.2,2.25,14.95044
L1,L1_V018,45,2.25,2.3000000000000003,14.6389725
L1,L1_V018,46,2.3000000000000003,2.35,14.327505
L1,L1_V018,47,2.35,2.4000000000000004,14.0160375
L1,L1_V018,48,2.4000000000000004,2.45,13.70457
L1,L1_V018,49,2.45,2.5,13.3931025
L1,L1_V018,50,2.5,2.5500000000000003,13.081635
L1,L1_V018,51,2.5500000000000003,2.6,12.7701675
L1,L1_V018,52,2.6,2.6500000000000004,12.4587
L1,L1_V018,53,2.6500000000000004,2.7,12.1472325
L1,L1_V018,54,2.7,2.75,11.835765
L1,L1_V018,55,2.75,2.8000000000000003,11.5242975
L1,L1_V018,56,2.8000000000000003,2.85,11.21283
L1,L1_V018,57,2.85,2.9000000000000004,10.9013625
L1,L1_V018,58,2.9000000000000004,2.95,10.589895
L1,L1_V018,59,2.95,3.0,10.2784275
L1,L1_V018,60,3.0,3.0500000000000003,9.96696
L1,L1_V018,61,3.0500000000000003,3.1,9.6554925
L1,L1_V018,62,3.1,3.1500000000000004,9.344025
L1,L1_V018,63,3.1500000000000004,3.2,9.0325575
L1,L1_V018,64,3.2,3.25,8.72109
L1,L1_V018,65,3.25,3.3000000000000003,8.4096225
L1,L1_V018,66,3.3000000000000003,3.35,8.098155
L1,L1_V018,67,3.35,3.4000000000000004,7.7866875
L1,L1_V018,68,3.4000000000000004,3.45,7.47522
L1,L1_V018,69,3.45,3.5,7.1637525
L1,L1_V018,70,3.5,3.5500000000000003,6.852285
L1,L1_V018,71,3.5500000000000003,3.6,6.5408175
L1,L1_V018,72,3.6,3.6500000000000004,6.22935
L1,L1_V018,73,3.6500000000000004,3.7,5.9178825
L1,L1_V018,74,3.7,3.75,5.606415
L1,L1_V018,75,3.75,3.8000000000000003,5.2949475
L1,L1_V018,76,3.8000000000000003,3.85,4.98348
L1,L1_V018,77,3.85,3.9000000000000004,4.6720125
L1,L1_V018,78,3.9000000000000004,3.95,4.360545
L1,L1_V018,79,3.95,4.0,4.0490775
L1,L1_V018,80,4.0,4.05,3.73761
L1,L1_V018,81,4.05,4.1000000000000005,3.4261425
L1,L1_V018,82,4.1000000000000005,4.15,3.114675
L1,L1_V018,83,4.15,4.2,2.8032075
L1,L1_V018,84,4.2,4.25,2.49174
L1,L1_V018,85,4.25,4.3,2.1802725
L1,L1_V018,86,4.3,4.3500000000000005,1.868805
L1,L1_V018,87,4.3500000000000005,4.4,1.5573375
L1,L1_V018,88,4.4,4.45,1.24587
L1,L1_V018,89,4.45,4.5,0.9344025
L1,L1_V018,90,4.5,4.55,0.622935
L1,L1_V018,91,4.55,4.6000000000000005,0.3114675
L1,L1_V019,0,0.0,0.05,0.0
L1,L1_V019,1,0.05,0.1,0.3114675
L1,L1_V019,2,0.1,0.15000000000000002,0.622935
L1,L1_V019,3,0.15000000000000002,0.2,0.9344025
L1,L1_V019,4,0.2,0.25,1.24587
L1,L1_V019,5,0.25,0.30000000000000004,1.5573375
L1,L1_V019,6,0.30000000000000004,0.35000000000000003,1.868805
L1,L1_V019,7,0.35000000000000003,0.4,2.1802725
L1,L1_V019,8,0.4,0.45,2.49174
L1,L1_V019,9,0.45,0.5,2.8032075
L1,L1_V019,10,0.5,0.55,3.114675
L1,L1_V019,11,0.55,0.6000000000000001,3.4261425
L1,L1_V019,12,0.6000000000000001,0.65,3.73761
L1,L1_V019,13,0.65,0.7000000000000001,4.0490775
L1,L1_V019,14,0.7000000000000001,0.75,4.360545
L1,L1_V019,15,0.75,0.8,4.6720125
L1,L1_V019,16,0.8,0.8500000000000001,4.98348
L1,L1_V019,17,0.8500000000000001,0.9,5.2949475
L1,L1_V019,18,0.9,0.9500000000000001,5.606415
L1,L1_V019,19,0.9500000000000001,1.0,5.9178825
L1,L1_V019,20,1.0,1.05,6.22935
L1,L1_V019,21,1.05,1.1,6.5408175
L1,L1_V019,22,1.1,1.1500000000000001,6.852285
L1,L1_V019,23,1.1500000000000001,1.2000000000000002,7.1637525
L1,L1_V019,24,1.2000000000000002,1.25,7.47522
L1,L1_V019,25,1.25,1.3,7.7866875
L1,L1_V019,26,1.3,1.35,8.098155
L1,L1_V019,27,1.35,1.4000000000000001,8.4096225
L1,L1_V019,28,1.4000000000000001,1.4500000000000002,8.72109
L1,L1_V019,29,1.4500000000000002,1.5,9.0325575
L1,L1_V019,30,1.5,1.55,9.344025
L1,L1_V019,31,1.55,1.6,9.6554925
L1,L1_V019,32,1.6,1.6500000000000001,9.96696
L1,L1_V019,33,1.6500000000000001,1.7000000000000002,10.2784275
L1,L1_V019,34,1.7000000000000002,1.75,10.589895
L1,L1_V019,35,1.75,1.8,10.9013625
L1,L1_V019,36,1.8,1.85,11.21283
L1,L1_V019,37,1.85,1.9000000000000001,11.5242975
L1,L1_V019,38,1.9000000000000001,1.9500000000000002,11.835765
L1,L1_V019,39,1.9500000000000002,2.0,12.1472325
L1,L1_V019,40,2.0,2.0500000000000003,12.4587
L1,L1_V019,41,2.0500000000000003,2.1,12.7701675
L1,L1_V019,42,2.1,2.15,13.081635
L1,L1_V019,43,2.15,2.2,13.3931025
L1,L1_V019,44,2.2,2.25,13.70457
L1,L1_V019,45,2.25,2.3000000000000003,14.0160375
L1,L1_V019,46,2.3000000000000003,2.35,14.327505
L1,L1_V019,47,2.35,2.4000000000000004,14.6389725
L1,L1_V019,48,2.4000000000000004,2.45,14.95044
L1,L1_V019,49,2.45,2.5,15.2619075
L1,L1_V019,50,2.5,2.5500000000000003,15.573375
L1,L1_V019,51,2.5500000000000003,2.6,15.573375
L1,L1_V019,52,2.6,2.6500000000000004,15.573375
L1,L1_V019,53,2.6500000000000004,2.7,15.573375
L1,L1_V019,54,2.7,2.75,15.573375
L1,L1_V019,55,2.75,2.8000000000000003,15.573375
L1,L1_V019,56,2.8000000000000003,2.85,15.573375
L1,L1_V019,57,2.85,2.9000000000000004,15.573375
L1,L1_V019,58,2.9000000000000004,2.95,15.573375
L1,L1_V019,59,2.95,3.0,15.573375
L1,L1_V008,0,0.0,0.05,0.0
L1,L1_V008,1,0.05,0.1,0.31256676
L1,L1_V008,2,0.1,0.15000000000000002,0.62513352
L1,L1_V008,3,0.15000000000000002,0.2,0.93770028
L1,L1_V008,4,0.2,0.25,1.25026704
L1,L1_V008,5,0.25,0.30000000000000004,1.5628338
L1,L1_V008,6,0.30000000000000004,0.35000000000000003,1.87540056
L1,L1_V008,7,0.35000000000000003,0.4,2.18796732
L1,L1_V008,8,0.4,0.45,2.50053408
L1,L1_V008,9,0.45,0.5,2.81310084
L1,L1_V008,10,0.5,0.55,3.1256676
L1,L1_V008,11,0.55,0.6000000000000001,3.43823436
L1,L1_V008,12,0.6000000000000001,0.65,3.75080112
L1,L1_V008,13,0.65,0.7000000000000001,4.06336788
L1,L1_V008,14,0.7000000000000001,0.75,4.37593464
L1,L1_V008,15,0.75,0.8,4.6885014
L1,L1_V008,16,0.8,0.8500000000000001,5.00106816
L1,L1_V008,17,0.8500000000000001,0.9,5.31363492
L1,L1_V008,18,0.9,0.9500000000000001,5.62620168
L1,L1_V008,19,0.9500000000000001,1.0,5.93876844
L1,L1_V008,20,1.0,1.05,6.2513352
L1,L1_V008,21,1.05,1.1,6.56390196
L1,L1_V008,22,1.1,1.1500000000000001,6.87646872
L1,L1_V008,23,1.1500000000000001,1.2000000000000002,7.18903548
L1,L1_V008,24,1.2000000000000002,1.25,7.50160224
L1,L1_V008,25,1.25,1.3,7.81416898
L1,L1_V008,26,1.3,1.35,8.12673574
L1,L1_V008,27,1.35,1.4000000000000001,8.4393025
L1,L1_V008,28,1.4000000000000001,1.4500000000000002,8.75186926
L1,L1_V008,29,1.4500000000000002,1.5,9.06443602
L1,L1_V008,30,1.5,1.55,9.37700278
L1,L1_V008,31,1.55,1.6,9.68956954
L1,L1_V008,32,1.6,1.6500000000000001,10.0021363
L1,L1_V008,33,1.6500000000000001,1.7000000000000002,10.31470306
L1,L1_V008,34,1.7000000000000002,1.75,10.62726982
L1,L1_V008,35,1.75,1.8,10.93983658
L1,L1_V008,36,1.8,1.85,11.25240334
L1,L1_V008,37,1.85,1.9000000000000001,11.5649701
L1,L1_V008,38,1.9000000000000001,1.9500000000000002,11.25240334
L1,L1_V008,39,1.9500000000000002,2.0,10.93983658
L1,L1_V008,40,2.0,2.0500000000000003,10.62726982
L1,L1_V008,41,2.0500000000000003,2.1,10.31470306
L1,L1_V008,42,2.1,2.15,10.0021363
L1,L1_V008,43,2.15,2.2,9.68956954
L1,L1_V008,44,2.2,2.25,9.37700278
L1,L1_V008,45,2.25,2.3000000000000003,9.06443602
L1,L1_V008,46,2.3000000000000003,2.35,8.75186926
L1,L1_V008,47,2.35,2.4000000000000004,8.4393025
L1,L1_V008,48,2.4000000000000004,2.45,8.12673574
L1,L1_V008,49,2.45,2.5,7.81416898
L1,L1_V008,50,2.5,2.5500000000000003,7.50160224
L1,L1_V008,51,2.5500000000000003,2.6,7.18903548
L1,L1_V008,52,2.6,2.6500000000000004,6.87646872
L1,L1_V008,53,2.6500000000000004,2.7,6.56390196
L1,L1_V008,54,2.7,2.75,6.2513352
L1,L1_V008,55,2.75,2.8000000000000003,5.93876844
L1,L1_V008,56,2.8000000000000003,2.85,5.62620168
L1,L1_V008,57,2.85,2.9000000000000004,5.31363492
L1,L1_V008,58,2.9000000000000004,2.95,5.00106816
L1,L1_V008,59,2.95,3.0,4.6885014
L1,L1_V008,60,3.0,3.0500000000000003,4.37593464
L1,L1_V008,61,3.0500000000000003,3.1,4.06336788
L1,L1_V008,62,3.1,3.1500000000000004,3.75080112
L1,L1_V008,63,3.1500000000000004,3.2,3.43823436
L1,L1_V008,64,3.2,3.25,3.1256676
L1,L1_V008,65,3.25,3.3000000000000003,2.81310084
L1,L1_V008,66,3.3000000000000003,3.35,2.50053408
L1,L1_V008,67,3.35,3.4000000000000004,2.18796732
L1,L1_V008,68,3.4000000000000004,3.45,1.87540056
L1,L1_V008,69,3.45,3.5,1.5628338
L1,L1_V008,70,3.5,3.5500000000000003,1.25026704
L1,L1_V008,71,3.5500000000000003,3.6,0.93770028
L1,L1_V008,72,3.6,3.6500000000000004,0.62513352
L1,L1_V008,73,3.6500000000000004,3.7,0.31256676
L1,L1_V020,0,0.0,0.05,15.573375
L1,L1_V020,1,0.05,0.1,15.573375
L1,L1_V020,2,0.1,0.15000000000000002,15.573375
L1,L1_V020,3,0.15000000000000002,0.2,15.573375
L1,L1_V020,4,0.2,0.25,15.573375
L1,L1_V020,5,0.25,0.30000000000000004,15.573375
L1,L1_V020,6,0.30000000000000004,0.35000000000000003,15.573375
L1,L1_V020,7,0.35000000000000003,0.4,15.573375
L1,L1_V020,8,0.4,0.45,15.573375
L1,L1_V020,9,0.45,0.5,15.573375
L1,L1_V020,10,0.5,0.55,15.573375
L1,L1_V020,11,0.55,0.6000000000000001,15.573375
L1,L1_V020,12,0.6000000000000001,0.65,15.573375
L1,L1_V020,13,0.65,0.7000000000000001,15.573375
L1,L1_V020,14,0.7000000000000001,0.75,15.573375
L1,L1_V020,15,0.75,0.8,15.573375
L1,L1_V020,16,0.8,0.8500000000000001,15.573375
L1,L1_V020,17,0.8500000000000001,0.9,15.573375
L1,L1_V020,18,0.9,0.9500000000000001,15.573375
L1,L1_V020,19,0.9500000000000001,1.0,15.573375
L1,L1_V020,20,1.0,1.05,15.573375
L1,L1_V020,21,1.05,1.1,15.573375
L1,L1_V020,22,1.1,1.1500000000000001,15.573375
L1,L1_V020,23,1.1500000000000001,1.2000000000000002,15.573375
L1,L1_V020,24,1.2000000000000002,1.25,15.573375
L1,L1_V020,25,1.25,1.3,15.573375
L1,L1_V020,26,1.3,1.35,15.573375
L1,L1_V020,27,1.35,1.4000000000000001,15.573375
L1,L1_V020,28,1.4000000000000001,1.4500000000000002,15.573375
L1,L1_V020,29,1.4500000000000002,1.5,15.573375
L1,L1_V020,30,1.5,1.55,15.573375
L1,L1_V020,31,1.55,1.6,15.573375
L1,L1_V020,32,1.6,1.6500000000000001,15.573375
L1,L1_V020,33,1.6500000000000001,1.7000000000000002,15.573375
L1,L1_V020,34,1.7000000000000002,1.75,15.573375
L1,L1_V020,35,1.75,1.8,15.2619075
L1,L1_V020,36,1.8,1.85,14.95044
L1,L1_V020,37,1.85,1.9000000000000001,14.6389725
L1,L1_V020,38,1.9000000000000001,1.9500000000000002,14.327505
L1,L1_V020,39,1.9500000000000002,2.0,14.0160375
L1,L1_V020,40,2.0,2.0500000000000003,13.70457
L1,L1_V020,41,2.0500000000000003,2.1,13.3931025
L1,L1_V020,42,2.1,2.15,13.081635
L1,L1_V020,43,2.15,2.2,12.7701675
L1,L1_V020,44,2.2,2.25,12.4587
L1,L1_V020,45,2.25,2.3000000000000003,12.1472325
L1,L1_V020,46,2.3000000000000003,2.35,11.835765
L1,L1_V020,47,2.35,2.4000000000000004,11.5242975
L1,L1_V020,48,2.4000000000000004,2.45,11.21283
L1,L1_V020,49,2.45,2.5,10.9013625
L1,L1_V020,50,2.5,2.5500000000000003,10.589895
L1,L1_V020,51,2.5500000000000003,2.6,10.2784275
L1,L1_V020,52,2.6,2.6500000000000004,9.96696
L1,L1_V020,53,2.6500000000000004,2.7,9.6554925
L1,L1_V020,54,2.7,2.75,9.344025
L1,L1_V020,55,2.75,2.8000000000000003,9.0325575
L1,L1_V020,56,2.8000000000000003,2.85,8.72109
L1,L1_V020,57,2.85,2.9000000000000004,8.4096225
L1,L1_V020,58,2.9000000000000004,2.95,8.098155
L1,L1_V020,59,2.95,3.0,7.7866875
L1,L1_V020,60,3.0,3.0500000000000003,7.47522
L1,L1_V020,61,3.0500000000000003,3.1,7.1637525
L1,L1_V020,62,3.1,3.1500000000000004,6.852285
L1,L1_V020,63,3.1500000000000004,3.2,6.5408175
L1,L1_V020,64,3.2,3.25,6.22935
L1,L1_V020,65,3.25,3.3000000000000003,5.9178825
L1,L1_V020,66,3.3000000000000003,3.35,5.606415
L1,L1_V020,67,3.35,3.4000000000000004,5.2949475
L1,L1_V020,68,3.4000000000000004,3.45,4.98348
L1,L1_V020,69,3.45,3.5,4.6720125
L1,L1_V020,70,3.5,3.5500000000000003,4.360545
L1,L1_V020,71,3.5500000000000003,3.6,4.0490775
L1,L1_V020,72,3.6,3.6500000000000004,3.73761
L1,L1_V020,73,3.6500000000000004,3.7,3.4261425
L1,L1_V020,74,3.7,3.75,3.114675
L1,L1_V020,75,3.75,3.8000000000000003,2.8032075
L1,L1_V020,76,3.8000000000000003,3.85,2.49174
L1,L1_V020,77,3.85,3.9000000000000004,2.1802725
L1,L1_V020,78,3.9000000000000004,3.95,1.868805
L1,L1_V020,79,3.95,4.0,1.5573375
L1,L1_V020,80,4.0,4.05,1.24587
L1,L1_V020,81,4.05,4.1000000000000005,0.9344025
L1,L1_V020,82,4.1000000000000005,4.15,0.622935
L1,L1_V020,83,4.15,4.2,0.3114675
L1,L1_V020,84,4.2,4.25,0.31256682
L1,L1_BD_V60_01,0,0.0,0.05,0.3114675
L1,L1_BD_V60_01,1,0.05,0.1,0.622935
L1,L1_BD_V60_01,2,0.1,0.15000000000000002,0.9344025
L1,L1_BD_V60_01,3,0.15000000000000002,0.2,1.24587
L1,L1_BD_V60_01,4,0.2,0.25,1.5573375
L1,L1_BD_V60_01,5,0.25,0.30000000000000004,1.868805
L1,L1_BD_V60_01,6,0.30000000000000004,0.35000000000000003,2.1802725
L1,L1_BD_V60_01,7,0.35000000000000003,0.4,2.49174
L1,L1_BD_V60_01,8,0.4,0.45,2.8032075
L1,L1_BD_V60_01,9,0.45,0.5,3.114675
L1,L1_BD_V60_01,10,0.5,0.55,3.4261425
L1,L1_BD_V60_01,11,0.55,0.6000000000000001,3.73761
L1,L1_BD_V60_01,12,0.6000000000000001,0.65,4.0490775
L1,L1_BD_V60_01,13,0.65,0.7000000000000001,4.360545
L1,L1_BD_V60_01,14,0.7000000000000001,0.75,4.6720125
L1,L1_BD_V60_01,15,0.75,0.8,4.98348
L1,L1_BD_V60_01,16,0.8,0.8500000000000001,5.2949475
L1,L1_BD_V60_01,17,0.8500000000000001,0.9,5.606415
L1,L1_BD_V60_01,18,0.9,0.9500000000000001,5.9178825
L1,L1_BD_V60_01,19,0.9500000000000001,1.0,6.22935
L1,L1_BD_V60_01,20,1.0,1.05,6.5408175
L1,L1_BD_V60_01,21,1.05,1.1,6.852285
L1,L1_BD_V60_01,22,1.1,1.1500000000000001,7.1637525
L1,L1_BD_V60_01,23,1.1500000000000001,1.2000000000000002,7.47522
L1,L1_BD_V60_01,24,1.2000000000000002,1.25,7.7866875
L1,L1_BD_V60_01,25,1.25,1.3,8.098155
L1,L1_BD_V60_01,26,1.3,1.35,8.4096225
L1,L1_BD_V60_01,27,1.35,1.4000000000000001,8.72109
L1,L1_BD_V60_01,28,1.4000000000000001,1.4500000000000002,9.0325575
L1,L1_BD_V60_01,29,1.4500000000000002,1.5,9.344025
L1,L1_BD_V60_01,30,1.5,1.55,9.6554925
L1,L1_BD_V60_01,31,1.55,1.6,9.96696
L1,L1_BD_V60_01,32,1.6,1.6500000000000001,10.2784275
L1,L1_BD_V60_01,33,1.6500000000000001,1.7000000000000002,10.589895
L1,L1_BD_V60_01,34,1.7000000000000002,1.75,10.9013625
L1,L1_BD_V60_01,35,1.75,1.8,11.21283
L1,L1_BD_V60_01,36,1.8,1.85,11.5242975
L1,L1_BD_V60_01,37,1.85,1.9000000000000001,11.835765
L1,L1_BD_V60_01,38,1.9000000000000001,1.9500000000000002,12.1472325
L1,L1_BD_V60_01,39,1.9500000000000002,2.0,12.4587
L1,L1_BD_V60_01,40,2.0,2.0500000000000003,12.7701675
L1,L1_BD_V60_01,41,2.0500000000000003,2.1,13.081635
L1,L1_BD_V60_01,42,2.1,2.15,13.3931025
L1,L1_BD_V60_01,43,2.15,2.2,13.70457
L1,L1_BD_V60_01,44,2.2,2.25,14.0160375
L1,L1_BD_V60_01,45,2.25,2.3000000000000003,14.327505
L1,L1_BD_V60_01,46,2.3000000000000003,2.35,14.6389725
L1,L1_BD_V60_01,47,2.35,2.4000000000000004,14.95044
L1,L1_BD_V60_01,48,2.4000000000000004,2.45,15.2619075
L1,L1_BD_V60_01,49,2.45,2.5,15.573375
L1,L1_BD_V60_01,50,2.5,2.5500000000000003,15.2619075
L1,L1_BD_V60_01,51,2.5500000000000003,2.6,14.95044
L1,L1_BD_V60_01,52,2.6,2.6500000000000004,14.6389725
L1,L1_BD_V60_01,53,2.6500000000000004,2.7,14.327505
L1,L1_BD_V60_01,54,2.7,2.75,14.0160375
L1,L1_BD_V60_01,55,2.75,2.8000000000000003,13.70457
L1,L1_BD_V60_01,56,2.8000000000000003,2.85,13.3931025
L1,L1_BD_V60_01,57,2.85,2.9000000000000004,13.081635
L1,L1_BD_V60_01,58,2.9000000000000004,2.95,12.7701675
L1,L1_BD_V60_01,59,2.95,3.0,12.4587
L1,L1_BD_V60_01,60,3.0,3.0500000000000003,12.1472325
L1,L1_BD_V60_01,61,3.0500000000000003,3.1,11.835765
L1,L1_BD_V60_01,62,3.1,3.1500000000000004,11.5242975
L1,L1_BD_V60_01,63,3.1500000000000004,3.2,11.21283
L1,L1_BD_V60_01,64,3.2,3.25,10.9013625
L1,L1_BD_V60_01,65,3.25,3.3000000000000003,10.589895
L1,L1_BD_V60_01,66,3.3000000000000003,3.35,10.2784275
L1,L1_BD_V60_01,67,3.35,3.4000000000000004,9.96696
L1,L1_BD_V60_01,68,3.4000000000000004,3.45,9.6554925
L1,L1_BD_V60_01,69,3.45,3.5,9.344025
L1,L1_BD_V60_01,70,3.5,3.5500000000000003,9.0325575
L1,L1_BD_V60_01,71,3.5500000000000003,3.6,8.72109
L1,L1_BD_V60_01,72,3.6,3.6500000000000004,8.4096225
L1,L1_BD_V60_01,73,3.6500000000000004,3.7,8.098155
L1,L1_BD_V60_01,74,3.7,3.75,7.7866875
L1,L1_BD_V60_01,75,3.75,3.8000000000000003,7.47522
L1,L1_BD_V60_01,76,3.8000000000000003,3.85,7.1637525
L1,L1_BD_V60_01,77,3.85,3.9000000000000004,6.852285
L1,L1_BD_V60_01,78,3.9000000000000004,3.95,6.5408175
L1,L1_BD_V60_01,79,3.95,4.0,6.22935
L1,L1_BD_V60_01,80,4.0,4.05,5.9178825
L1,L1_BD_V60_01,81,4.05,4.1000000000000005,5.606415
L1,L1_BD_V60_01,82,4.1000000000000005,4.15,5.2949475
L1,L1_BD_V60_01,83,4.15,4.2,4.98348
L1,L1_BD_V60_01,84,4.2,4.25,4.6720125
L1,L1_BD_V60_01,85,4.25,4.3,4.360545
L1,L1_BD_V60_01,86,4.3,4.3500000000000005,4.0490775
L1,L1_BD_V60_01,87,4.3500000000000005,4.4,3.73761
L1,L1_BD_V60_01,88,4.4,4.45,3.4261425
L1,L1_BD_V60_01,89,4.45,4.5,3.114675
L1,L1_BD_V60_01,90,4.5,4.55,2.8032075
L1,L1_BD_V60_01,91,4.55,4.6000000000000005,2.49174
L1,L1_BD_V60_01,92,4.6000000000000005,4.65,2.1802725
L1,L1_BD_V60_01,93,4.65,4.7,1.868805
L1,L1_BD_V60_01,94,4.7,4.75,1.5573375
L1,L1_BD_V60_01,95,4.75,4.800000000000001,1.24587
L1,L1_BD_V60_01,96,4.800000000000001,4.8500000000000005,0.9344025
L1,L1_BD_V60_01,97,4.8500000000000005,4.9,0.622935
L1,L1_BD_V60_01,98,4.9,4.95,0.3114675
L1,L1_BD_V60_05,0,0.0,0.05,0.3114675
L1,L1_BD_V60_05,1,0.05,0.1,0.622935
L1,L1_BD_V60_05,2,0.1,0.15000000000000002,0.9344025
L1,L1_BD_V60_05,3,0.15000000000000002,0.2,1.24587
L1,L1_BD_V60_05,4,0.2,0.25,1.5573375
L1,L1_BD_V60_05,5,0.25,0.30000000000000004,1.868805
L1,L1_BD_V60_05,6,0.30000000000000004,0.35000000000000003,2.1802725
L1,L1_BD_V60_05,7,0.35000000000000003,0.4,2.49174
L1,L1_BD_V60_05,8,0.4,0.45,2.8032075
L1,L1_BD_V60_05,9,0.45,0.5,3.114675
L1,L1_BD_V60_05,10,0.5,0.55,3.4261425
L1,L1_BD_V60_05,11,0.55,0.6000000000000001,3.73761
L1,L1_BD_V60_05,12,0.6000000000000001,0.65,4.0490775
L1,L1_BD_V60_05,13,0.65,0.7000000000000001,4.360545
L1,L1_BD_V60_05,14,0.7000000000000001,0.75,4.6720125
L1,L1_BD_V60_05,15,0.75,0.8,4.98348
L1,L1_BD_V60_05,16,0.8,0.8500000000000001,5.2949475
L1,L1_BD_V60_05,17,0.8500000000000001,0.9,5.606415
L1,L1_BD_V60_05,18,0.9,0.9500000000000001,5.9178825
L1,L1_BD_V60_05,19,0.9500000000000001,1.0,6.22935
L1,L1_BD_V60_05,20,1.0,1.05,6.5408175
L1,L1_BD_V60_05,21,1.05,1.1,6.852285
L1,L1_BD_V60_05,22,1.1,1.1500000000000001,7.1637525
L1,L1_BD_V60_05,23,1.1500000000000001,1.2000000000000002,7.47522
L1,L1_BD_V60_05,24,1.2000000000000002,1.25,7.7866875
L1,L1_BD_V60_05,25,1.25,1.3,8.098155
L1,L1_BD_V60_05,26,1.3,1.35,8.4096225
L1,L1_BD_V60_05,27,1.35,1.4000000000000001,8.72109
L1,L1_BD_V60_05,28,1.4000000000000001,1.4500000000000002,9.0325575
L1,L1_BD_V60_05,29,1.4500000000000002,1.5,9.344025
L1,L1_BD_V60_05,30,1.5,1.55,9.6554925
L1,L1_BD_V60_05,31,1.55,1.6,9.96696
L1,L1_BD_V60_05,32,1.6,1.6500000000000001,10.2784275
L1,L1_BD_V60_05,33,1.6500000000000001,1.7000000000000002,10.589895
L1,L1_BD_V60_05,34,1.7000000000000002,1.75,10.9013625
L1,L1_BD_V60_05,35,1.75,1.8,11.21283
L1,L1_BD_V60_05,36,1.8,1.85,11.5242975
L1,L1_BD_V60_05,37,1.85,1.9000000000000001,11.835765
L1,L1_BD_V60_05,38,1.9000000000000001,1.9500000000000002,12.1472325
L1,L1_BD_V60_05,39,1.9500000000000002,2.0,12.4587
L1,L1_BD_V60_05,40,2.0,2.0500000000000003,12.7701675
L1,L1_BD_V60_05,41,2.0500000000000003,2.1,13.081635
L1,L1_BD_V60_05,42,2.1,2.15,13.3931025
L1,L1_BD_V60_05,43,2.15,2.2,13.70457
L1,L1_BD_V60_05,44,2.2,2.25,14.0160375
L1,L1_BD_V60_05,45,2.25,2.3000000000000003,14.327505
L1,L1_BD_V60_05,46,2.3000000000000003,2.35,14.6389725
L1,L1_BD_V60_05,47,2.35,2.4000000000000004,14.95044
L1,L1_BD_V60_05,48,2.4000000000000004,2.45,15.2619075
L1,L1_BD_V60_05,49,2.45,2.5,15.573375
L1,L1_BD_V60_05,50,2.5,2.5500000000000003,15.2619075
L1,L1_BD_V60_05,51,2.5500000000000003,2.6,14.95044
L1,L1_BD_V60_05,52,2.6,2.6500000000000004,14.6389725
L1,L1_BD_V60_05,53,2.6500000000000004,2.7,14.327505
L1,L1_BD_V60_05,54,2.7,2.75,14.0160375
L1,L1_BD_V60_05,55,2.75,2.8000000000000003,13.70457
L1,L1_BD_V60_05,56,2.8000000000000003,2.85,13.3931025
L1,L1_BD_V60_05,57,2.85,2.9000000000000004,13.081635
L1,L1_BD_V60_05,58,2.9000000000000004,2.95,12.7701675
L1,L1_BD_V60_05,59,2.95,3.0,12.4587
L1,L1_BD_V60_05,60,3.0,3.0500000000000003,12.1472325
L1,L1_BD_V60_05,61,3.0500000000000003,3.1,11.835765
L1,L1_BD_V60_05,62,3.1,3.1500000000000004,11.5242975
L1,L1_BD_V60_05,63,3.1500000000000004,3.2,11.21283
L1,L1_BD_V60_05,64,3.2,3.25,10.9013625
L1,L1_BD_V60_05,65,3.25,3.3000000000000003,10.589895
L1,L1_BD_V60_05,66,3.3000000000000003,3.35,10.2784275
L1,L1_BD_V60_05,67,3.35,3.4000000000000004,9.96696
L1,L1_BD_V60_05,68,3.4000000000000004,3.45,9.6554925
L1,L1_BD_V60_05,69,3.45,3.5,9.344025
L1,L1_BD_V60_05,70,3.5,3.5500000000000003,9.0325575
L1,L1_BD_V60_05,71,3.5500000000000003,3.6,8.72109
L1,L1_BD_V60_05,72,3.6,3.6500000000000004,8.4096225
L1,L1_BD_V60_05,73,3.6500000000000004,3.7,8.098155
L1,L1_BD_V60_05,74,3.7,3.75,7.7866875
L1,L1_BD_V60_05,75,3.75,3.8000000000000003,7.47522
L1,L1_BD_V60_05,76,3.8000000000000003,3.85,7.1637525
L1,L1_BD_V60_05,77,3.85,3.9000000000000004,6.852285
L1,L1_BD_V60_05,78,3.9000000000000004,3.95,6.5408175
L1,L1_BD_V60_05,79,3.95,4.0,6.22935
L1,L1_BD_V60_05,80,4.0,4.05,5.9178825
L1,L1_BD_V60_05,81,4.05,4.1000000000000005,5.606415
L1,L1_BD_V60_05,82,4.1000000000000005,4.15,5.2949475
L1,L1_BD_V60_05,83,4.15,4.2,4.98348
L1,L1_BD_V60_05,84,4.2,4.25,4.6720125
L1,L1_BD_V60_05,85,4.25,4.3,4.360545
L1,L1_BD_V60_05,86,4.3,4.3500000000000005,4.0490775
L1,L1_BD_V60_05,87,4.3500000000000005,4.4,3.73761
L1,L1_BD_V60_05,88,4.4,4.45,3.4261425
L1,L1_BD_V60_05,89,4.45,4.5,3.114675
L1,L1_BD_V60_05,90,4.5,4.55,2.8032075
L1,L1_BD_V60_05,91,4.55,4.6000000000000005,2.49174
L1,L1_BD_V60_05,92,4.6000000000000005,4.65,2.1802725
L1,L1_BD_V60_05,93,4.65,4.7,1.868805
L1,L1_BD_V60_05,94,4.7,4.75,1.5573375
L1,L1_BD_V60_05,95,4.75,4.800000000000001,1.24587
L1,L1_BD_V60_05,96,4.800000000000001,4.8500000000000005,0.9344025
L1,L1_BD_V60_05,97,4.8500000000000005,4.9,0.622935
L1,L1_BD_V60_05,98,4.9,4.95,0.3114675
L1,L1_BD_V60_13,0,0.0,0.05,0.3114675
L1,L1_BD_V60_13,1,0.05,0.1,0.622935
L1,L1_BD_V60_13,2,0.1,0.15000000000000002,0.9344025
L1,L1_BD_V60_13,3,0.15000000000000002,0.2,0.9344025
L1,L1_BD_V60_13,4,0.2,0.25,1.24587
L1,L1_BD_V60_13,5,0.25,0.30000000000000004,1.5573375
L1,L1_BD_V60_13,6,0.30000000000000004,0.35000000000000003,1.868805
L1,L1_BD_V60_13,7,0.35000000000000003,0.4,2.1802725
L1,L1_BD_V60_13,8,0.4,0.45,2.49174
L1,L1_BD_V60_13,9,0.45,0.5,2.8032075
L1,L1_BD_V60_13,10,0.5,0.55,3.114675
L1,L1_BD_V60_13,11,0.55,0.6000000000000001,3.4261425
L1,L1_BD_V60_13,12,0.6000000000000001,0.65,3.73761
L1,L1_BD_V60_13,13,0.65,0.7000000000000001,4.0490775
L1,L1_BD_V60_13,14,0.7000000000000001,0.75,4.360545
L1,L1_BD_V60_13,15,0.75,0.8,4.6720125
L1,L1_BD_V60_13,16,0.8,0.8500000000000001,4.98348
L1,L1_BD_V60_13,17,0.8500000000000001,0.9,5.2949475
L1,L1_BD_V60_13,18,0.9,0.9500000000000001,5.606415
L1,L1_BD_V60_13,19,0.9500000000000001,1.0,5.9178825
L1,L1_BD_V60_13,20,1.0,1.05,6.22935
L1,L1_BD_V60_13,21,1.05,1.1,6.5408175
L1,L1_BD_V60_13,22,1.1,1.1500000000000001,6.852285
L1,L1_BD_V60_13,23,1.1500000000000001,1.2000000000000002,7.1637525
L1,L1_BD_V60_13,24,1.2000000000000002,1.25,7.47522
L1,L1_BD_V60_13,25,1.25,1.3,7.7866875
L1,L1_BD_V60_13,26,1.3,1.35,8.098155
L1,L1_BD_V60_13,27,1.35,1.4000000000000001,8.4096225
L1,L1_BD_V60_13,28,1.4000000000000001,1.4500000000000002,8.72109
L1,L1_BD_V60_13,29,1.4500000000000002,1.5,9.0325575
L1,L1_BD_V60_13,30,1.5,1.55,9.344025
L1,L1_BD_V60_13,31,1.55,1.6,9.6554925
L1,L1_BD_V60_13,32,1.6,1.6500000000000001,9.96696
L1,L1_BD_V60_13,33,1.6500000000000001,1.7000000000000002,10.2784275
L1,L1_BD_V60_13,34,1.7000000000000002,1.75,10.589895
L1,L1_BD_V60_13,35,1.75,1.8,10.9013625
L1,L1_BD_V60_13,36,1.8,1.85,11.21283
L1,L1_BD_V60_13,37,1.85,1.9000000000000001,11.5242975
L1,L1_BD_V60_13,38,1.9000000000000001,1.9500000000000002,11.835765
L1,L1_BD_V60_13,39,1.9500000000000002,2.0,12.1472325
L1,L1_BD_V60_13,40,2.0,2.0500000000000003,12.4587
L1,L1_BD_V60_13,41,2.0500000000000003,2.1,12.7701675
L1,L1_BD_V60_13,42,2.1,2.15,13.081635
L1,L1_BD_V60_13,43,2.15,2.2,13.3931025
L1,L1_BD_V60_13,44,2.2,2.25,13.70457
L1,L1_BD_V60_13,45,2.25,2.3000000000000003,14.0160375
L1,L1_BD_V60_13,46,2.3000000000000003,2.35,14.327505
L1,L1_BD_V60_13,47,2.35,2.4000000000000004,14.6389725
L1,L1_BD_V60_13,48,2.4000000000000004,2.45,14.95044
L1,L1_BD_V60_13,49,2.45,2.5,15.2619075
L1,L1_BD_V60_13,50,2.5,2.5500000000000003,15.573375
L1,L1_BD_V60_13,51,2.5500000000000003,2.6,15.573375
L1,L1_BD_V60_13,52,2.6,2.6500000000000004,15.573375
L1,L1_BD_V60_13,53,2.6500000000000004,2.7,15.573375
L1,L1_BD_V60_13,54,2.7,2.75,15.573375
L1,L1_BD_V60_13,55,2.75,2.8000000000000003,15.573375
L1,L1_BD_V60_13,56,2.8000000000000003,2.85,15.573375
L1,L1_BD_V60_13,57,2.85,2.9000000000000004,15.573375
L1,L1_BD_V60_13,58,2.9000000000000004,2.95,15.573375
L1,L1_BD_V60_13,59,2.95,3.0,15.573375
L1,L1_BD_V60_13,60,3.0,3.0500000000000003,15.573375
L1,L1_BD_V60_13,61,3.0500000000000003,3.1,15.573375
L1,L1_BD_V60_13,62,3.1,3.1500000000000004,15.573375
L1,L1_BD_V60_13,63,3.1500000000000004,3.2,15.573375
L1,L1_BD_V60_13,64,3.2,3.25,15.573375
L1,L1_BD_V60_13,65,3.25,3.3000000000000003,15.573375
L1,L1_BD_V60_13,66,3.3000000000000003,3.35,15.573375
L1,L1_BD_V60_13,67,3.35,3.4000000000000004,15.573375
L1,L1_BD_V60_13,68,3.4000000000000004,3.45,15.573375
L1,L1_BD_V60_13,69,3.45,3.5,15.573375
L1,L1_BD_V60_13,70,3.5,3.5500000000000003,15.573375
L1,L1_BD_V60_13,71,3.5500000000000003,3.6,15.573375
L1,L1_BD_V60_13,72,3.6,3.6500000000000004,15.573375
L1,L1_BD_V60_13,73,3.6500000000000004,3.7,15.573375
L1,L1_BD_V60_13,74,3.7,3.75,15.573375
L1,L1_BD_V60_13,75,3.75,3.8000000000000003,15.573375
L1,L1_BD_V60_13,76,3.8000000000000003,3.85,15.573375
L1,L1_BD_V60_13,77,3.85,3.9000000000000004,15.573375
L1,L1_BD_V60_13,78,3.9000000000000004,3.95,15.573375
L1,L1_BD_V60_13,79,3.95,4.0,15.573375
L1,L1_BD_V60_13,80,4.0,4.05,15.573375
L1,L1_BD_V60_13,81,4.05,4.1000000000000005,15.573375
L1,L1_BD_V60_13,82,4.1000000000000005,4.15,15.573375
L1,L1_BD_V60_13,83,4.15,4.2,15.573375
L1,L1_BD_V60_13,84,4.2,4.25,15.573375
L1,L1_BD_V60_13,85,4.25,4.3,15.573375
L1,L1_BD_V60_13,86,4.3,4.3500000000000005,15.573375
L1,L1_BD_V60_13,87,4.3500000000000005,4.4,15.573375
L1,L1_BD_V60_13,88,4.4,4.45,15.573375
L1,L1_BD_V60_13,89,4.45,4.5,15.573375
L1,L1_BD_V60_13,90,4.5,4.55,15.573375
L1,L1_BD_V60_13,91,4.55,4.6000000000000005,15.573375
L1,L1_BD_V60_13,92,4.6000000000000005,4.65,15.573375
L1,L1_BD_V60_13,93,4.65,4.7,15.573375
L1,L1_BD_V60_13,94,4.7,4.75,15.573375
L1,L1_BD_V60_13,95,4.75,4.800000000000001,15.573375
L1,L1_BD_V60_13,96,4.800000000000001,4.8500000000000005,15.573375
L1,L1_BD_V60_13,97,4.8500000000000005,4.9,15.573375
L1,L1_BD_V60_13,98,4.9,4.95,15.573375
L1,L1_BD_V60_13,99,4.95,5.0,15.573375
L1,L1_BD_V60_13,100,5.0,5.050000000000001,15.573375
L1,L1_BD_V60_13,101,5.050000000000001,5.1000000000000005,15.573375
L1,L1_BD_V60_13,102,5.1000000000000005,5.15,15.573375
L1,L1_BD_V60_13,103,5.15,5.2,15.573375
L1,L1_BD_V60_13,104,5.2,5.25,15.573375
L1,L1_BD_V60_13,105,5.25,5.300000000000001,15.573375
L1,L1_BD_V60_13,106,5.300000000000001,5.3500000000000005,15.573375
L1,L1_BD_V60_13,107,5.3500000000000005,5.4,15.573375
L1,L1_BD_V60_13,108,5.4,5.45,15.573375
L1,L1_BD_V60_13,109,5.45,5.5,15.573375
L1,L1_BD_V60_13,110,5.5,5.550000000000001,15.573375
L1,L1_BD_V60_13,111,5.550000000000001,5.6000000000000005,15.573375
L1,L1_BD_V60_13,112,5.6000000000000005,5.65,15.573375
L1,L1_BD_V60_13,113,5.65,5.7,15.573375
L1,L1_BD_V60_13,114,5.7,5.75,15.573375
L1,L1_BD_V60_13,115,5.75,5.800000000000001,15.573375
L1,L1_BD_V60_13,116,5.800000000000001,5.8500000000000005,15.573375
L1,L1_BD_V60_13,117,5.8500000000000005,5.9,15.573375
L1,L1_BD_V60_13,118,5.9,5.95,15.573375
L1,L1_BD_V60_13,119,5.95,6.0,15.573375
L1,L1_BD_V60_13,120,6.0,6.050000000000001,15.573375
L1,L1_BD_V60_13,121,6.050000000000001,6.1000000000000005,15.573375
L1,L1_BD_V60_13,122,6.1000000000000005,6.15,15.573375
L1,L1_BD_V60_13,123,6.15,6.2,15.573375
L1,L1_BD_V60_13,124,6.2,6.25,15.573375
L1,L1_BD_V60_13,125,6.25,6.300000000000001,15.573375
L1,L1_BD_V60_13,126,6.300000000000001,6.3500000000000005,15.573375
L1,L1_BD_V60_13,127,6.3500000000000005,6.4,15.573375
L1,L1_BD_V60_13,128,6.4,6.45,15.2619075
L1,L1_BD_V60_13,129,6.45,6.5,14.95044
L1,L1_BD_V60_13,130,6.5,6.550000000000001,14.6389725
L1,L1_BD_V60_13,131,6.550000000000001,6.6000000000000005,14.327505
L1,L1_BD_V60_13,132,6.6000000000000005,6.65,14.0160375
L1,L1_BD_V60_13,133,6.65,6.7,13.70457
L1,L1_BD_V60_13,134,6.7,6.75,13.3931025
L1,L1_BD_V60_13,135,6.75,6.800000000000001,13.081635
L1,L1_BD_V60_13,136,6.800000000000001,6.8500000000000005,12.7701675
L1,L1_BD_V60_13,137,6.8500000000000005,6.9,12.4587
L1,L1_BD_V60_13,138,6.9,6.95,12.1472325
L1,L1_BD_V60_13,139,6.95,7.0,11.835765
L1,L1_BD_V60_13,140,7.0,7.050000000000001,11.5242975
L1,L1_BD_V60_13,141,7.050000000000001,7.1000000000000005,11.21283
L1,L1_BD_V60_13,142,7.1000000000000005,7.15,10.9013625
L1,L1_BD_V60_13,143,7.15,7.2,10.589895
L1,L1_BD_V60_13,144,7.2,7.25,10.2784275
L1,L1_BD_V60_13,145,7.25,7.300000000000001,9.96696
L1,L1_BD_V60_13,146,7.300000000000001,7.3500000000000005,9.6554925
L1,L1_BD_V60_13,147,7.3500000000000005,7.4,9.344025
L1,L1_BD_V60_13,148,7.4,7.45,9.0325575
L1,L1_BD_V60_13,149,7.45,7.5,8.72109
L1,L1_BD_V60_13,150,7.5,7.550000000000001,8.4096225
L1,L1_BD_V60_13,151,7.550000000000001,7.6000000000000005,8.098155
L1,L1_BD_V60_13,152,7.6000000000000005,7.65,7.7866875
L1,L1_BD_V60_13,153,7.65,7.7,7.47522
L1,L1_BD_V60_13,154,7.7,7.75,7.1637525
L1,L1_BD_V60_13,155,7.75,7.800000000000001,6.852285
L1,L1_BD_V60_13,156,7.800000000000001,7.8500000000000005,6.5408175
L1,L1_BD_V60_13,157,7.8500000000000005,7.9,6.22935
L1,L1_BD_V60_13,158,7.9,7.95,5.9178825
L1,L1_BD_V60_13,159,7.95,8.0,5.606415
L1,L1_BD_V60_13,160,8.0,8.05,5.2949475
L1,L1_BD_V60_13,161,8.05,8.1,4.98348
L1,L1_BD_V60_13,162,8.1,8.15,4.6720125
L1,L1_BD_V60_13,163,8.15,8.200000000000001,4.360545
L1,L1_BD_V60_13,164,8.200000000000001,8.25,4.0490775
L1,L1_BD_V60_13,165,8.25,8.3,3.73761
L1,L1_BD_V60_13,166,8.3,8.35,3.4261425
L1,L1_BD_V60_13,167,8.35,8.4,3.114675
L1,L1_BD_V60_13,168,8.4,8.450000000000001,2.8032075
L1,L1_BD_V60_13,169,8.450000000000001,8.5,2.49174
L1,L1_BD_V60_13,170,8.5,8.55,2.1802725
L1,L1_BD_V60_13,171,8.55,8.6,1.868805
L1,L1_BD_V60_13,172,8.6,8.65,1.5573375
L1,L1_BD_V60_13,173,8.65,8.700000000000001,1.24587
L1,L1_BD_V60_13,174,8.700000000000001,8.75,0.9344025
L1,L1_BD_V60_13,175,8.75,8.8,0.622935
L1,L1_BD_V60_13,176,8.8,8.85,0.3114675
L1,L1_BD_V60_13,177,8.85,8.9,0.3114675
L1,L1_BD_V60_09,0,0.0,0.05,0.3114675
L1,L1_BD_V60_09,1,0.05,0.1,0.622935
L1,L1_BD_V60_09,2,0.1,0.15000000000000002,0.9344025
L1,L1_BD_V60_09,3,0.15000000000000002,0.2,1.24587
L1,L1_BD_V60_09,4,0.2,0.25,1.5573375
L1,L1_BD_V60_09,5,0.25,0.30000000000000004,1.868805
L1,L1_BD_V60_09,6,0.30000000000000004,0.35000000000000003,2.1802725
L1,L1_BD_V60_09,7,0.35000000000000003,0.4,2.49174
L1,L1_BD_V60_09,8,0.4,0.45,2.8032075
L1,L1_BD_V60_09,9,0.45,0.5,3.114675
L1,L1_BD_V60_09,10,0.5,0.55,3.4261425
L1,L1_BD_V60_09,11,0.55,0.6000000000000001,3.73761
L1,L1_BD_V60_09,12,0.6000000000000001,0.65,4.0490775
L1,L1_BD_V60_09,13,0.65,0.7000000000000001,4.360545
L1,L1_BD_V60_09,14,0.7000000000000001,0.75,4.6720125
L1,L1_BD_V60_09,15,0.75,0.8,4.98348
L1,L1_BD_V60_09,16,0.8,0.8500000000000001,5.2949475
L1,L1_BD_V60_09,17,0.8500000000000001,0.9,5.606415
L1,L1_BD_V60_09,18,0.9,0.9500000000000001,5.9178825
L1,L1_BD_V60_09,19,0.9500000000000001,1.0,6.22935
L1,L1_BD_V60_09,20,1.0,1.05,6.5408175
L1,L1_BD_V60_09,21,1.05,1.1,6.852285
L1,L1_BD_V60_09,22,1.1,1.1500000000000001,7.1637525
L1,L1_BD_V60_09,23,1.1500000000000001,1.2000000000000002,7.47522
L1,L1_BD_V60_09,24,1.2000000000000002,1.25,7.7866875
L1,L1_BD_V60_09,25,1.25,1.3,8.098155
L1,L1_BD_V60_09,26,1.3,1.35,8.4096225
L1,L1_BD_V60_09,27,1.35,1.4000000000000001,8.72109
L1,L1_BD_V60_09,28,1.4000000000000001,1.4500000000000002,9.0325575
L1,L1_BD_V60_09,29,1.4500000000000002,1.5,9.344025
L1,L1_BD_V60_09,30,1.5,1.55,9.6554925
L1,L1_BD_V60_09,31,1.55,1.6,9.96696
L1,L1_BD_V60_09,32,1.6,1.6500000000000001,10.2784275
L1,L1_BD_V60_09,33,1.6500000000000001,1.7000000000000002,10.589895
L1,L1_BD_V60_09,34,1.7000000000000002,1.75,10.9013625
L1,L1_BD_V60_09,35,1.75,1.8,11.21283
L1,L1_BD_V60_09,36,1.8,1.85,11.5242975
L1,L1_BD_V60_09,37,1.85,1.9000000000000001,11.835765
L1,L1_BD_V60_09,38,1.9000000000000001,1.9500000000000002,12.1472325
L1,L1_BD_V60_09,39,1.9500000000000002,2.0,12.4587
L1,L1_BD_V60_09,40,2.0,2.0500000000000003,12.7701675
L1,L1_BD_V60_09,41,2.0500000000000003,2.1,13.081635
L1,L1_BD_V60_09,42,2.1,2.15,13.3931025
L1,L1_BD_V60_09,43,2.15,2.2,13.70457
L1,L1_BD_V60_09,44,2.2,2.25,14.0160375
L1,L1_BD_V60_09,45,2.25,2.3000000000000003,14.327505
L1,L1_BD_V60_09,46,2.3000000000000003,2.35,14.6389725
L1,L1_BD_V60_09,47,2.35,2.4000000000000004,14.95044
L1,L1_BD_V60_09,48,2.4000000000000004,2.45,15.2619075
L1,L1_BD_V60_09,49,2.45,2.5,15.573375
L1,L1_BD_V60_09,50,2.5,2.5500000000000003,15.573375
L1,L1_BD_V60_09,51,2.5500000000000003,2.6,15.2619075
L1,L1_BD_V60_09,52,2.6,2.6500000000000004,14.95044
L1,L1_BD_V60_09,53,2.6500000000000004,2.7,14.6389725
L1,L1_BD_V60_09,54,2.7,2.75,14.327505
L1,L1_BD_V60_09,55,2.75,2.8000000000000003,14.0160375
L1,L1_BD_V60_09,56,2.8000000000000003,2.85,13.70457
L1,L1_BD_V60_09,57,2.85,2.9000000000000004,13.3931025
L1,L1_BD_V60_09,58,2.9000000000000004,2.95,13.081635
L1,L1_BD_V60_09,59,2.95,3.0,12.7701675
L1,L1_BD_V60_09,60,3.0,3.0500000000000003,12.4587
L1,L1_BD_V60_09,61,3.0500000000000003,3.1,12.1472325
L1,L1_BD_V60_09,62,3.1,3.1500000000000004,11.835765
L1,L1_BD_V60_09,63,3.1500000000000004,3.2,11.5242975
L1,L1_BD_V60_09,64,3.2,3.25,11.21283
L1,L1_BD_V60_09,65,3.25,3.3000000000000003,10.9013625
L1,L1_BD_V60_09,66,3.3000000000000003,3.35,10.589895
L1,L1_BD_V60_09,67,3.35,3.4000000000000004,10.2784275
L1,L1_BD_V60_09,68,3.4000000000000004,3.45,9.96696
L1,L1_BD_V60_09,69,3.45,3.5,9.6554925
L1,L1_BD_V60_09,70,3.5,3.5500000000000003,9.344025
L1,L1_BD_V60_09,71,3.5500000000000003,3.6,9.0325575
L1,L1_BD_V60_09,72,3.6,3.6500000000000004,8.72109
L1,L1_BD_V60_09,73,3.6500000000000004,3.7,8.4096225
L1,L1_BD_V60_09,74,3.7,3.75,8.098155
L1,L1_BD_V60_09,75,3.75,3.8000000000000003,7.7866875
L1,L1_BD_V60_09,76,3.8000000000000003,3.85,7.47522
L1,L1_BD_V60_09,77,3.85,3.9000000000000004,7.1637525
L1,L1_BD_V60_09,78,3.9000000000000004,3.95,6.852285
L1,L1_BD_V60_09,79,3.95,4.0,6.5408175
L1,L1_BD_V60_09,80,4.0,4.05,6.22935
L1,L1_BD_V60_09,81,4.05,4.1000000000000005,5.9178825
L1,L1_BD_V60_09,82,4.1000000000000005,4.15,5.606415
L1,L1_BD_V60_09,83,4.15,4.2,5.2949475
L1,L1_BD_V60_09,84,4.2,4.25,4.98348
L1,L1_BD_V60_09,85,4.25,4.3,4.6720125
L1,L1_BD_V60_09,86,4.3,4.3500000000000005,4.360545
L1,L1_BD_V60_09,87,4.3500000000000005,4.4,4.0490775
L1,L1_BD_V60_09,88,4.4,4.45,3.73761
L1,L1_BD_V60_09,89,4.45,4.5,3.4261425
L1,L1_BD_V60_09,90,4.5,4.55,3.114675
L1,L1_BD_V60_09,91,4.55,4.6000000000000005,2.8032075
L1,L1_BD_V60_09,92,4.6000000000000005,4.65,2.49174
L1,L1_BD_V60_09,93,4.65,4.7,2.1802725
L1,L1_BD_V60_09,94,4.7,4.75,1.868805
L1,L1_BD_V60_09,95,4.75,4.800000000000001,1.5573375
L1,L1_BD_V60_09,96,4.800000000000001,4.8500000000000005,1.24587
L1,L1_BD_V60_09,97,4.8500000000000005,4.9,0.9344025
L1,L1_BD_V60_09,98,4.9,4.95,0.622935
L1,L1_BD_V60_09,99,4.95,5.0,0.3114675
L1,L1_BD_V60_14,0,0.0,0.05,0.3114675
L1,L1_BD_V60_14,1,0.05,0.1,0.622935
L1,L1_BD_V60_14,2,0.1,0.15000000000000002,0.9344025
L1,L1_BD_V60_14,3,0.15000000000000002,0.2,1.24587
L1,L1_BD_V60_14,4,0.2,0.25,1.5573375
L1,L1_BD_V60_14,5,0.25,0.30000000000000004,1.868805
L1,L1_BD_V60_14,6,0.30000000000000004,0.35000000000000003,2.1802725
L1,L1_BD_V60_14,7,0.35000000000000003,0.4,2.49174
L1,L1_BD_V60_14,8,0.4,0.45,2.8032075
L1,L1_BD_V60_14,9,0.45,0.5,3.114675
L1,L1_BD_V60_14,10,0.5,0.55,3.4261425
L1,L1_BD_V60_14,11,0.55,0.6000000000000001,3.73761
L1,L1_BD_V60_14,12,0.6000000000000001,0.65,4.0490775
L1,L1_BD_V60_14,13,0.65,0.7000000000000001,4.360545
L1,L1_BD_V60_14,14,0.7000000000000001,0.75,4.6720125
L1,L1_BD_V60_14,15,0.75,0.8,4.98348
L1,L1_BD_V60_14,16,0.8,0.8500000000000001,5.2949475
L1,L1_BD_V60_14,17,0.8500000000000001,0.9,5.606415
L1,L1_BD_V60_14,18,0.9,0.9500000000000001,5.9178825
L1,L1_BD_V60_14,19,0.9500000000000001,1.0,6.22935
L1,L1_BD_V60_14,20,1.0,1.05,6.5408175
L1,L1_BD_V60_14,21,1.05,1.1,6.852285
L1,L1_BD_V60_14,22,1.1,1.1500000000000001,7.1637525
L1,L1_BD_V60_14,23,1.1500000000000001,1.2000000000000002,7.47522
L1,L1_BD_V60_14,24,1.2000000000000002,1.25,7.7866875
L1,L1_BD_V60_14,25,1.25,1.3,8.098155
L1,L1_BD_V60_14,26,1.3,1.35,8.4096225
L1,L1_BD_V60_14,27,1.35,1.4000000000000001,8.72109
L1,L1_BD_V60_14,28,1.4000000000000001,1.4500000000000002,9.0325575
L1,L1_BD_V60_14,29,1.4500000000000002,1.5,9.344025
L1,L1_BD_V60_14,30,1.5,1.55,9.6554925
L1,L1_BD_V60_14,31,1.55,1.6,9.96696
L1,L1_BD_V60_14,32,1.6,1.6500000000000001,10.2784275
L1,L1_BD_V60_14,33,1.6500000000000001,1.7000000000000002,10.589895
L1,L1_BD_V60_14,34,1.7000000000000002,1.75,10.9013625
L1,L1_BD_V60_14,35,1.75,1.8,11.21283
L1,L1_BD_V60_14,36,1.8,1.85,11.5242975
L1,L1_BD_V60_14,37,1.85,1.9000000000000001,11.835765
L1,L1_BD_V60_14,38,1.9000000000000001,1.9500000000000002,12.1472325
L1,L1_BD_V60_14,39,1.9500000000000002,2.0,12.4587
L1,L1_BD_V60_14,40,2.0,2.0500000000000003,12.7701675
L1,L1_BD_V60_14,41,2.0500000000000003,2.1,13.081635
L1,L1_BD_V60_14,42,2.1,2.15,13.3931025
L1,L1_BD_V60_14,43,2.15,2.2,13.70457
L1,L1_BD_V60_14,44,2.2,2.25,14.0160375
L1,L1_BD_V60_14,45,2.25,2.3000000000000003,14.327505
L1,L1_BD_V60_14,46,2.3000000000000003,2.35,14.6389725
L1,L1_BD_V60_14,47,2.35,2.4000000000000004,14.95044
L1,L1_BD_V60_14,48,2.4000000000000004,2.45,15.2619075
L1,L1_BD_V60_14,49,2.45,2.5,15.573375
L1,L1_BD_V60_14,50,2.5,2.5500000000000003,15.573375
L1,L1_BD_V60_14,51,2.5500000000000003,2.6,15.573375
L1,L1_BD_V60_14,52,2.6,2.6500000000000004,15.573375
L1,L1_BD_V60_14,53,2.6500000000000004,2.7,15.573375
L1,L1_BD_V60_14,54,2.7,2.75,15.573375
L1,L1_BD_V60_14,55,2.75,2.8000000000000003,15.573375
L1,L1_BD_V60_14,56,2.8000000000000003,2.85,15.573375
L1,L1_BD_V60_14,57,2.85,2.9000000000000004,15.573375
L1,L1_BD_V60_14,58,2.9000000000000004,2.95,15.573375
L1,L1_BD_V60_14,59,2.95,3.0,15.573375
L1,L1_BD_V60_14,60,3.0,3.0500000000000003,15.573375
L1,L1_BD_V60_14,61,3.0500000000000003,3.1,15.573375
L1,L1_BD_V60_14,62,3.1,3.1500000000000004,15.573375
L1,L1_BD_V60_14,63,3.1500000000000004,3.2,15.573375
L1,L1_BD_V60_14,64,3.2,3.25,15.573375
L1,L1_BD_V60_14,65,3.25,3.3000000000000003,15.573375
L1,L1_BD_V60_14,66,3.3000000000000003,3.35,15.573375
L1,L1_BD_V60_14,67,3.35,3.4000000000000004,15.573375
L1,L1_BD_V60_14,68,3.4000000000000004,3.45,15.573375
L1,L1_BD_V60_14,69,3.45,3.5,15.573375
L1,L1_BD_V60_14,70,3.5,3.5500000000000003,15.573375
L1,L1_BD_V60_14,71,3.5500000000000003,3.6,15.573375
L1,L1_BD_V60_14,72,3.6,3.6500000000000004,15.573375
L1,L1_BD_V60_14,73,3.6500000000000004,3.7,15.573375
L1,L1_BD_V60_14,74,3.7,3.75,15.573375
L1,L1_BD_V60_14,75,3.75,3.8000000000000003,15.573375
L1,L1_BD_V60_14,76,3.8000000000000003,3.85,15.573375
L1,L1_BD_V60_14,77,3.85,3.9000000000000004,15.573375
L1,L1_BD_V60_14,78,3.9000000000000004,3.95,15.573375
L1,L1_BD_V60_14,79,3.95,4.0,15.573375
L1,L1_BD_V60_14,80,4.0,4.05,15.573375
L1,L1_BD_V60_14,81,4.05,4.1000000000000005,15.573375
L1,L1_BD_V60_14,82,4.1000000000000005,4.15,15.573375
L1,L1_BD_V60_14,83,4.15,4.2,15.573375
L1,L1_BD_V60_14,84,4.2,4.25,15.573375
L1,L1_BD_V60_14,85,4.25,4.3,15.573375
L1,L1_BD_V60_14,86,4.3,4.3500000000000005,15.573375
L1,L1_BD_V60_14,87,4.3500000000000005,4.4,15.573375
L1,L1_BD_V60_14,88,4.4,4.45,15.573375
L1,L1_BD_V60_14,89,4.45,4.5,15.573375
L1,L1_BD_V60_14,90,4.5,4.55,15.573375
L1,L1_BD_V60_14,91,4.55,4.6000000000000005,15.573375
L1,L1_BD_V60_14,92,4.6000000000000005,4.65,15.573375
L1,L1_BD_V60_14,93,4.65,4.7,15.573375
L1,L1_BD_V60_14,94,4.7,4.75,15.573375
L1,L1_BD_V60_14,95,4.75,4.800000000000001,15.2619075
L1,L1_BD_V60_14,96,4.800000000000001,4.8500000000000005,14.95044
L1,L1_BD_V60_14,97,4.8500000000000005,4.9,14.6389725
L1,L1_BD_V60_14,98,4.9,4.95,14.327505
L1,L1_BD_V60_14,99,4.95,5.0,14.0160375
L1,L1_BD_V60_14,100,5.0,5.050000000000001,13.70457
L1,L1_BD_V60_14,101,5.050000000000001,5.1000000000000005,13.3931025
L1,L1_BD_V60_14,102,5.1000000000000005,5.15,13.081635
L1,L1_BD_V60_14,103,5.15,5.2,12.7701675
L1,L1_BD_V60_14,104,5.2,5.25,12.4587
L1,L1_BD_V60_14,105,5.25,5.300000000000001,12.1472325
L1,L1_BD_V60_14,106,5.300000000000001,5.3500000000000005,11.835765
L1,L1_BD_V60_14,107,5.3500000000000005,5.4,11.5242975
L1,L1_BD_V60_14,108,5.4,5.45,11.21283
L1,L1_BD_V60_14,109,5.45,5.5,10.9013625
L1,L1_BD_V60_14,110,5.5,5.550000000000001,10.589895
L1,L1_BD_V60_14,111,5.550000000000001,5.6000000000000005,10.2784275
L1,L1_BD_V60_14,112,5.6000000000000005,5.65,9.96696
L1,L1_BD_V60_14,113,5.65,5.7,9.6554925
L1,L1_BD_V60_14,114,5.7,5.75,9.344025
L1,L1_BD_V60_14,115,5.75,5.800000000000001,9.0325575
L1,L1_BD_V60_14,116,5.800000000000001,5.8500000000000005,8.72109
L1,L1_BD_V60_14,117,5.8500000000000005,5.9,8.4096225
L1,L1_BD_V60_14,118,5.9,5.95,8.098155
L1,L1_BD_V60_14,119,5.95,6.0,7.7866875
L1,L1_BD_V60_14,120,6.0,6.050000000000001,7.47522
L1,L1_BD_V60_14,121,6.050000000000001,6.1000000000000005,7.1637525
L1,L1_BD_V60_14,122,6.1000000000000005,6.15,6.852285
L1,L1_BD_V60_14,123,6.15,6.2,6.5408175
L1,L1_BD_V60_14,124,6.2,6.25,6.22935
L1,L1_BD_V60_14,125,6.25,6.300000000000001,5.9178825
L1,L1_BD_V60_14,126,6.300000000000001,6.3500000000000005,5.606415
L1,L1_BD_V60_14,127,6.3500000000000005,6.4,5.2949475
L1,L1_BD_V60_14,128,6.4,6.45,4.98348
L1,L1_BD_V60_14,129,6.45,6.5,4.6720125
L1,L1_BD_V60_14,130,6.5,6.550000000000001,4.360545
L1,L1_BD_V60_14,131,6.550000000000001,6.6000000000000005,4.0490775
L1,L1_BD_V60_14,132,6.6000000000000005,6.65,3.73761
L1,L1_BD_V60_14,133,6.65,6.7,3.4261425
L1,L1_BD_V60_14,134,6.7,6.75,3.114675
L1,L1_BD_V60_14,135,6.75,6.800000000000001,2.8032075
L1,L1_BD_V60_14,136,6.800000000000001,6.8500000000000005,2.49174
L1,L1_BD_V60_14,137,6.8500000000000005,6.9,2.1802725
L1,L1_BD_V60_14,138,6.9,6.95,1.868805
L1,L1_BD_V60_14,139,6.95,7.0,1.5573375
L1,L1_BD_V60_14,140,7.0,7.050000000000001,1.24587
L1,L1_BD_V60_14,141,7.050000000000001,7.1000000000000005,0.9344025
L1,L1_BD_V60_14,142,7.1000000000000005,7.15,0.622935
L1,L1_BD_V60_14,143,7.15,7.2,0.3114675
L1,L1_BD_V60_02,0,0.0,0.05,0.0
L1,L1_BD_V60_02,1,0.05,0.1,0.3114675
L1,L1_BD_V60_02,2,0.1,0.15000000000000002,0.622935
L1,L1_BD_V60_02,3,0.15000000000000002,0.2,1.24587
L1,L1_BD_V60_02,4,0.2,0.25,1.5573375
L1,L1_BD_V60_02,5,0.25,0.30000000000000004,1.868805
L1,L1_BD_V60_02,6,0.30000000000000004,0.35000000000000003,2.1802725
L1,L1_BD_V60_02,7,0.35000000000000003,0.4,2.49174
L1,L1_BD_V60_02,8,0.4,0.45,2.8032075
L1,L1_BD_V60_02,9,0.45,0.5,3.114675
L1,L1_BD_V60_02,10,0.5,0.55,3.4261425
L1,L1_BD_V60_02,11,0.55,0.6000000000000001,3.73761
L1,L1_BD_V60_02,12,0.6000000000000001,0.65,4.0490775
L1,L1_BD_V60_02,13,0.65,0.7000000000000001,4.360545
L1,L1_BD_V60_02,14,0.7000000000000001,0.75,4.6720125
L1,L1_BD_V60_02,15,0.75,0.8,4.98348
L1,L1_BD_V60_02,16,0.8,0.8500000000000001,5.2949475
L1,L1_BD_V60_02,17,0.8500000000000001,0.9,5.606415
L1,L1_BD_V60_02,18,0.9,0.9500000000000001,5.9178825
L1,L1_BD_V60_02,19,0.9500000000000001,1.0,6.22935
L1,L1_BD_V60_02,20,1.0,1.05,6.5408175
L1,L1_BD_V60_02,21,1.05,1.1,6.852285
L1,L1_BD_V60_02,22,1.1,1.1500000000000001,7.1637525
L1,L1_BD_V60_02,23,1.1500000000000001,1.2000000000000002,7.47522
L1,L1_BD_V60_02,24,1.2000000000000002,1.25,7.7866875
L1,L1_BD_V60_02,25,1.25,1.3,8.098155
L1,L1_BD_V60_02,26,1.3,1.35,8.4096225
L1,L1_BD_V60_02,27,1.35,1.4000000000000001,8.72109
L1,L1_BD_V60_02,28,1.4000000000000001,1.4500000000000002,9.0325575
L1,L1_BD_V60_02,29,1.4500000000000002,1.5,9.344025
L1,L1_BD_V60_02,30,1.5,1.55,9.6554925
L1,L1_BD_V60_02,31,1.55,1.6,9.96696
L1,L1_BD_V60_02,32,1.6,1.6500000000000001,10.2784275
L1,L1_BD_V60_02,33,1.6500000000000001,1.7000000000000002,10.589895
L1,L1_BD_V60_02,34,1.7000000000000002,1.75,10.9013625
L1,L1_BD_V60_02,35,1.75,1.8,11.21283
L1,L1_BD_V60_02,36,1.8,1.85,11.5242975
L1,L1_BD_V60_02,37,1.85,1.9000000000000001,11.835765
L1,L1_BD_V60_02,38,1.9000000000000001,1.9500000000000002,12.1472325
L1,L1_BD_V60_02,39,1.9500000000000002,2.0,12.4587
L1,L1_BD_V60_02,40,2.0,2.0500000000000003,12.7701675
L1,L1_BD_V60_02,41,2.0500000000000003,2.1,13.081635
L1,L1_BD_V60_02,42,2.1,2.15,13.3931025
L1,L1_BD_V60_02,43,2.15,2.2,13.70457
L1,L1_BD_V60_02,44,2.2,2.25,14.0160375
L1,L1_BD_V60_02,45,2.25,2.3000000000000003,14.327505
L1,L1_BD_V60_02,46,2.3000000000000003,2.35,14.6389725
L1,L1_BD_V60_02,47,2.35,2.4000000000000004,14.95044
L1,L1_BD_V60_02,48,2.4000000000000004,2.45,15.2619075
L1,L1_BD_V60_02,49,2.45,2.5,15.573375
L1,L1_BD_V60_02,50,2.5,2.5500000000000003,15.2619075
L1,L1_BD_V60_02,51,2.5500000000000003,2.6,14.95044
L1,L1_BD_V60_02,52,2.6,2.6500000000000004,14.6389725
L1,L1_BD_V60_02,53,2.6500000000000004,2.7,14.327505
L1,L1_BD_V60_02,54,2.7,2.75,14.0160375
L1,L1_BD_V60_02,55,2.75,2.8000000000000003,13.70457
L1,L1_BD_V60_02,56,2.8000000000000003,2.85,13.3931025
L1,L1_BD_V60_02,57,2.85,2.9000000000000004,13.081635
L1,L1_BD_V60_02,58,2.9000000000000004,2.95,12.7701675
L1,L1_BD_V60_02,59,2.95,3.0,12.4587
L1,L1_BD_V60_02,60,3.0,3.0500000000000003,12.1472325
L1,L1_BD_V60_02,61,3.0500000000000003,3.1,11.835765
L1,L1_BD_V60_02,62,3.1,3.1500000000000004,11.5242975
L1,L1_BD_V60_02,63,3.1500000000000004,3.2,11.21283
L1,L1_BD_V60_02,64,3.2,3.25,10.9013625
L1,L1_BD_V60_02,65,3.25,3.3000000000000003,10.589895
L1,L1_BD_V60_02,66,3.3000000000000003,3.35,10.2784275
L1,L1_BD_V60_02,67,3.35,3.4000000000000004,9.96696
L1,L1_BD_V60_02,68,3.4000000000000004,3.45,9.6554925
L1,L1_BD_V60_02,69,3.45,3.5,9.344025
L1,L1_BD_V60_02,70,3.5,3.5500000000000003,9.0325575
L1,L1_BD_V60_02,71,3.5500000000000003,3.6,8.72109
L1,L1_BD_V60_02,72,3.6,3.6500000000000004,8.4096225
L1,L1_BD_V60_02,73,3.6500000000000004,3.7,8.098155
L1,L1_BD_V60_02,74,3.7,3.75,7.7866875
L1,L1_BD_V60_02,75,3.75,3.8000000000000003,7.47522
L1,L1_BD_V60_02,76,3.8000000000000003,3.85,7.1637525
L1,L1_BD_V60_02,77,3.85,3.9000000000000004,6.852285
L1,L1_BD_V60_02,78,3.9000000000000004,3.95,6.5408175
L1,L1_BD_V60_02,79,3.95,4.0,6.22935
L1,L1_BD_V60_02,80,4.0,4.05,5.9178825
L1,L1_BD_V60_02,81,4.05,4.1000000000000005,5.606415
L1,L1_BD_V60_02,82,4.1000000000000005,4.15,5.2949475
L1,L1_BD_V60_02,83,4.15,4.2,4.98348
L1,L1_BD_V60_02,84,4.2,4.25,4.6720125
L1,L1_BD_V60_02,85,4.25,4.3,4.360545
L1,L1_BD_V60_02,86,4.3,4.3500000000000005,4.0490775
L1,L1_BD_V60_02,87,4.3500000000000005,4.4,3.73761
L1,L1_BD_V60_02,88,4.4,4.45,3.4261425
L1,L1_BD_V60_02,89,4.45,4.5,3.114675
L1,L1_BD_V60_02,90,4.5,4.55,2.8032075
L1,L1_BD_V60_02,91,4.55,4.6000000000000005,2.49174
L1,L1_BD_V60_02,92,4.6000000000000005,4.65,2.1802725
L1,L1_BD_V60_02,93,4.65,4.7,1.868805
L1,L1_BD_V60_02,94,4.7,4.75,1.5573375
L1,L1_BD_V60_02,95,4.75,4.800000000000001,1.24587
L1,L1_BD_V60_02,96,4.800000000000001,4.8500000000000005,0.9344025
L1,L1_BD_V60_02,97,4.8500000000000005,4.9,0.622935
L1,L1_BD_V60_02,98,4.9,4.95,0.3114675
L1,L1_BD_V60_06,0,0.0,0.05,0.3114675
L1,L1_BD_V60_06,1,0.05,0.1,0.3114675
L1,L1_BD_V60_06,2,0.1,0.15000000000000002,0.622935
L1,L1_BD_V60_06,3,0.15000000000000002,0.2,0.9344025
L1,L1_BD_V60_06,4,0.2,0.25,1.24587
L1,L1_BD_V60_06,5,0.25,0.30000000000000004,1.5573375
L1,L1_BD_V60_06,6,0.30000000000000004,0.35000000000000003,1.868805
L1,L1_BD_V60_06,7,0.35000000000000003,0.4,2.1802725
L1,L1_BD_V60_06,8,0.4,0.45,2.49174
L1,L1_BD_V60_06,9,0.45,0.5,2.8032075
L1,L1_BD_V60_06,10,0.5,0.55,3.114675
L1,L1_BD_V60_06,11,0.55,0.6000000000000001,3.4261425
L1,L1_BD_V60_06,12,0.6000000000000001,0.65,3.73761
L1,L1_BD_V60_06,13,0.65,0.7000000000000001,4.0490775
L1,L1_BD_V60_06,14,0.7000000000000001,0.75,4.360545
L1,L1_BD_V60_06,15,0.75,0.8,4.6720125
L1,L1_BD_V60_06,16,0.8,0.8500000000000001,4.98348
L1,L1_BD_V60_06,17,0.8500000000000001,0.9,5.2949475
L1,L1_BD_V60_06,18,0.9,0.9500000000000001,5.606415
L1,L1_BD_V60_06,19,0.9500000000000001,1.0,5.9178825
L1,L1_BD_V60_06,20,1.0,1.05,6.22935
L1,L1_BD_V60_06,21,1.05,1.1,6.5408175
L1,L1_BD_V60_06,22,1.1,1.1500000000000001,6.852285
L1,L1_BD_V60_06,23,1.1500000000000001,1.2000000000000002,7.1637525
L1,L1_BD_V60_06,24,1.2000000000000002,1.25,7.47522
L1,L1_BD_V60_06,25,1.25,1.3,7.7866875
L1,L1_BD_V60_06,26,1.3,1.35,8.098155
L1,L1_BD_V60_06,27,1.35,1.4000000000000001,8.4096225
L1,L1_BD_V60_06,28,1.4000000000000001,1.4500000000000002,8.72109
L1,L1_BD_V60_06,29,1.4500000000000002,1.5,9.0325575
L1,L1_BD_V60_06,30,1.5,1.55,9.344025
L1,L1_BD_V60_06,31,1.55,1.6,9.6554925
L1,L1_BD_V60_06,32,1.6,1.6500000000000001,9.96696
L1,L1_BD_V60_06,33,1.6500000000000001,1.7000000000000002,10.2784275
L1,L1_BD_V60_06,34,1.7000000000000002,1.75,10.589895
L1,L1_BD_V60_06,35,1.75,1.8,10.9013625
L1,L1_BD_V60_06,36,1.8,1.85,11.21283
L1,L1_BD_V60_06,37,1.85,1.9000000000000001,11.5242975
L1,L1_BD_V60_06,38,1.9000000000000001,1.9500000000000002,11.835765
L1,L1_BD_V60_06,39,1.9500000000000002,2.0,12.1472325
L1,L1_BD_V60_06,40,2.0,2.0500000000000003,12.4587
L1,L1_BD_V60_06,41,2.0500000000000003,2.1,12.7701675
L1,L1_BD_V60_06,42,2.1,2.15,13.081635
L1,L1_BD_V60_06,43,2.15,2.2,13.3931025
L1,L1_BD_V60_06,44,2.2,2.25,13.70457
L1,L1_BD_V60_06,45,2.25,2.3000000000000003,14.0160375
L1,L1_BD_V60_06,46,2.3000000000000003,2.35,14.327505
L1,L1_BD_V60_06,47,2.35,2.4000000000000004,14.6389725
L1,L1_BD_V60_06,48,2.4000000000000004,2.45,14.95044
L1,L1_BD_V60_06,49,2.45,2.5,15.2619075
L1,L1_BD_V60_06,50,2.5,2.5500000000000003,15.2619075
L1,L1_BD_V60_06,51,2.5500000000000003,2.6,14.95044
L1,L1_BD_V60_06,52,2.6,2.6500000000000004,14.6389725
L1,L1_BD_V60_06,53,2.6500000000000004,2.7,14.327505
L1,L1_BD_V60_06,54,2.7,2.75,14.0160375
L1,L1_BD_V60_06,55,2.75,2.8000000000000003,13.70457
L1,L1_BD_V60_06,56,2.8000000000000003,2.85,13.3931025
L1,L1_BD_V60_06,57,2.85,2.9000000000000004,13.081635
L1,L1_BD_V60_06,58,2.9000000000000004,2.95,12.7701675
L1,L1_BD_V60_06,59,2.95,3.0,12.4587
L1,L1_BD_V60_06,60,3.0,3.0500000000000003,12.1472325
L1,L1_BD_V60_06,61,3.0500000000000003,3.1,11.835765
L1,L1_BD_V60_06,62,3.1,3.1500000000000004,11.5242975
L1,L1_BD_V60_06,63,3.1500000000000004,3.2,11.21283
L1,L1_BD_V60_06,64,3.2,3.25,10.9013625
L1,L1_BD_V60_06,65,3.25,3.3000000000000003,10.589895
L1,L1_BD_V60_06,66,3.3000000000000003,3.35,10.2784275
L1,L1_BD_V60_06,67,3.35,3.4000000000000004,9.96696
L1,L1_BD_V60_06,68,3.4000000000000004,3.45,9.6554925
L1,L1_BD_V60_06,69,3.45,3.5,9.344025
L1,L1_BD_V60_06,70,3.5,3.5500000000000003,9.0325575
L1,L1_BD_V60_06,71,3.5500000000000003,3.6,8.72109
L1,L1_BD_V60_06,72,3.6,3.6500000000000004,8.4096225
L1,L1_BD_V60_06,73,3.6500000000000004,3.7,8.098155
L1,L1_BD_V60_06,74,3.7,3.75,7.7866875
L1,L1_BD_V60_06,75,3.75,3.8000000000000003,7.47522
L1,L1_BD_V60_06,76,3.8000000000000003,3.85,7.1637525
L1,L1_BD_V60_06,77,3.85,3.9000000000000004,6.852285
L1,L1_BD_V60_06,78,3.9000000000000004,3.95,6.5408175
L1,L1_BD_V60_06,79,3.95,4.0,6.22935
L1,L1_BD_V60_06,80,4.0,4.05,5.9178825
L1,L1_BD_V60_06,81,4.05,4.1000000000000005,5.606415
L1,L1_BD_V60_06,82,4.1000000000000005,4.15,5.2949475
L1,L1_BD_V60_06,83,4.15,4.2,4.98348
L1,L1_BD_V60_06,84,4.2,4.25,4.6720125
L1,L1_BD_V60_06,85,4.25,4.3,4.360545
L1,L1_BD_V60_06,86,4.3,4.3500000000000005,4.0490775
L1,L1_BD_V60_06,87,4.3500000000000005,4.4,3.73761
L1,L1_BD_V60_06,88,4.4,4.45,3.4261425
L1,L1_BD_V60_06,89,4.45,4.5,3.114675
L1,L1_BD_V60_06,90,4.5,4.55,2.8032075
L1,L1_BD_V60_06,91,4.55,4.6000000000000005,2.49174
L1,L1_BD_V60_06,92,4.6000000000000005,4.65,2.1802725
L1,L1_BD_V60_06,93,4.65,4.7,1.868805
L1,L1_BD_V60_06,94,4.7,4.75,1.5573375
L1,L1_BD_V60_06,95,4.75,4.800000000000001,1.24587
L1,L1_BD_V60_06,96,4.800000000000001,4.8500000000000005,0.9344025
L1,L1_BD_V60_06,97,4.8500000000000005,4.9,0.622935
L1,L1_BD_V60_06,98,4.9,4.95,0.3114675
L1,L1_BD_V60_15,0,0.0,0.05,0.3114675
L1,L1_BD_V60_15,1,0.05,0.1,0.622935
L1,L1_BD_V60_15,2,0.1,0.15000000000000002,0.9344025
L1,L1_BD_V60_15,3,0.15000000000000002,0.2,0.9344025
L1,L1_BD_V60_15,4,0.2,0.25,1.24587
L1,L1_BD_V60_15,5,0.25,0.30000000000000004,1.5573375
L1,L1_BD_V60_15,6,0.30000000000000004,0.35000000000000003,1.868805
L1,L1_BD_V60_15,7,0.35000000000000003,0.4,2.1802725
L1,L1_BD_V60_15,8,0.4,0.45,2.49174
L1,L1_BD_V60_15,9,0.45,0.5,2.8032075
L1,L1_BD_V60_15,10,0.5,0.55,3.114675
L1,L1_BD_V60_15,11,0.55,0.6000000000000001,3.4261425
L1,L1_BD_V60_15,12,0.6000000000000001,0.65,3.73761
L1,L1_BD_V60_15,13,0.65,0.7000000000000001,4.0490775
L1,L1_BD_V60_15,14,0.7000000000000001,0.75,4.360545
L1,L1_BD_V60_15,15,0.75,0.8,4.6720125
L1,L1_BD_V60_15,16,0.8,0.8500000000000001,4.98348
L1,L1_BD_V60_15,17,0.8500000000000001,0.9,5.2949475
L1,L1_BD_V60_15,18,0.9,0.9500000000000001,5.606415
L1,L1_BD_V60_15,19,0.9500000000000001,1.0,5.9178825
L1,L1_BD_V60_15,20,1.0,1.05,6.22935
L1,L1_BD_V60_15,21,1.05,1.1,6.5408175
L1,L1_BD_V60_15,22,1.1,1.1500000000000001,6.852285
L1,L1_BD_V60_15,23,1.1500000000000001,1.2000000000000002,7.1637525
L1,L1_BD_V60_15,24,1.2000000000000002,1.25,7.47522
L1,L1_BD_V60_15,25,1.25,1.3,7.7866875
L1,L1_BD_V60_15,26,1.3,1.35,8.098155
L1,L1_BD_V60_15,27,1.35,1.4000000000000001,8.4096225
L1,L1_BD_V60_15,28,1.4000000000000001,1.4500000000000002,8.72109
L1,L1_BD_V60_15,29,1.4500000000000002,1.5,9.0325575
L1,L1_BD_V60_15,30,1.5,1.55,9.344025
L1,L1_BD_V60_15,31,1.55,1.6,9.6554925
L1,L1_BD_V60_15,32,1.6,1.6500000000000001,9.96696
L1,L1_BD_V60_15,33,1.6500000000000001,1.7000000000000002,10.2784275
L1,L1_BD_V60_15,34,1.7000000000000002,1.75,10.589895
L1,L1_BD_V60_15,35,1.75,1.8,10.9013625
L1,L1_BD_V60_15,36,1.8,1.85,11.21283
L1,L1_BD_V60_15,37,1.85,1.9000000000000001,11.5242975
L1,L1_BD_V60_15,38,1.9000000000000001,1.9500000000000002,11.835765
L1,L1_BD_V60_15,39,1.9500000000000002,2.0,12.1472325
L1,L1_BD_V60_15,40,2.0,2.0500000000000003,12.4587
L1,L1_BD_V60_15,41,2.0500000000000003,2.1,12.7701675
L1,L1_BD_V60_15,42,2.1,2.15,13.081635
L1,L1_BD_V60_15,43,2.15,2.2,13.3931025
L1,L1_BD_V60_15,44,2.2,2.25,13.70457
L1,L1_BD_V60_15,45,2.25,2.3000000000000003,14.0160375
L1,L1_BD_V60_15,46,2.3000000000000003,2.35,14.327505
L1,L1_BD_V60_15,47,2.35,2.4000000000000004,14.6389725
L1,L1_BD_V60_15,48,2.4000000000000004,2.45,14.95044
L1,L1_BD_V60_15,49,2.45,2.5,15.2619075
L1,L1_BD_V60_15,50,2.5,2.5500000000000003,15.573375
L1,L1_BD_V60_15,51,2.5500000000000003,2.6,15.573375
L1,L1_BD_V60_15,52,2.6,2.6500000000000004,15.573375
L1,L1_BD_V60_15,53,2.6500000000000004,2.7,15.573375
L1,L1_BD_V60_15,54,2.7,2.75,15.573375
L1,L1_BD_V60_15,55,2.75,2.8000000000000003,15.573375
L1,L1_BD_V60_15,56,2.8000000000000003,2.85,15.573375
L1,L1_BD_V60_15,57,2.85,2.9000000000000004,15.573375
L1,L1_BD_V60_15,58,2.9000000000000004,2.95,15.573375
L1,L1_BD_V60_15,59,2.95,3.0,15.573375
L1,L1_BD_V60_15,60,3.0,3.0500000000000003,15.573375
L1,L1_BD_V60_15,61,3.0500000000000003,3.1,15.573375
L1,L1_BD_V60_15,62,3.1,3.1500000000000004,15.573375
L1,L1_BD_V60_15,63,3.1500000000000004,3.2,15.573375
L1,L1_BD_V60_15,64,3.2,3.25,15.573375
L1,L1_BD_V60_15,65,3.25,3.3000000000000003,15.573375
L1,L1_BD_V60_15,66,3.3000000000000003,3.35,15.573375
L1,L1_BD_V60_15,67,3.35,3.4000000000000004,15.573375
L1,L1_BD_V60_15,68,3.4000000000000004,3.45,15.573375
L1,L1_BD_V60_15,69,3.45,3.5,15.573375
L1,L1_BD_V60_15,70,3.5,3.5500000000000003,15.573375
L1,L1_BD_V60_15,71,3.5500000000000003,3.6,15.573375
L1,L1_BD_V60_15,72,3.6,3.6500000000000004,15.573375
L1,L1_BD_V60_15,73,3.6500000000000004,3.7,15.573375
L1,L1_BD_V60_15,74,3.7,3.75,15.573375
L1,L1_BD_V60_15,75,3.75,3.8000000000000003,15.573375
L1,L1_BD_V60_15,76,3.8000000000000003,3.85,15.573375
L1,L1_BD_V60_15,77,3.85,3.9000000000000004,15.573375
L1,L1_BD_V60_15,78,3.9000000000000004,3.95,15.573375
L1,L1_BD_V60_15,79,3.95,4.0,15.573375
L1,L1_BD_V60_15,80,4.0,4.05,15.573375
L1,L1_BD_V60_15,81,4.05,4.1000000000000005,15.573375
L1,L1_BD_V60_15,82,4.1000000000000005,4.15,15.573375
L1,L1_BD_V60_15,83,4.15,4.2,15.573375
L1,L1_BD_V60_15,84,4.2,4.25,15.573375
L1,L1_BD_V60_15,85,4.25,4.3,15.573375
L1,L1_BD_V60_15,86,4.3,4.3500000000000005,15.573375
L1,L1_BD_V60_15,87,4.3500000000000005,4.4,15.573375
L1,L1_BD_V60_15,88,4.4,4.45,15.573375
L1,L1_BD_V60_15,89,4.45,4.5,15.573375
L1,L1_BD_V60_15,90,4.5,4.55,15.573375
L1,L1_BD_V60_15,91,4.55,4.6000000000000005,15.573375
L1,L1_BD_V60_15,92,4.6000000000000005,4.65,15.573375
L1,L1_BD_V60_15,93,4.65,4.7,15.573375
L1,L1_BD_V60_15,94,4.7,4.75,15.573375
L1,L1_BD_V60_15,95,4.75,4.800000000000001,15.573375
L1,L1_BD_V60_15,96,4.800000000000001,4.8500000000000005,15.573375
L1,L1_BD_V60_15,97,4.8500000000000005,4.9,15.573375
L1,L1_BD_V60_15,98,4.9,4.95,15.573375
L1,L1_BD_V60_15,99,4.95,5.0,15.573375
L1,L1_BD_V60_15,100,5.0,5.050000000000001,15.573375
L1,L1_BD_V60_15,101,5.050000000000001,5.1000000000000005,15.573375
L1,L1_BD_V60_15,102,5.1000000000000005,5.15,15.573375
L1,L1_BD_V60_15,103,5.15,5.2,15.573375
L1,L1_BD_V60_15,104,5.2,5.25,15.573375
L1,L1_BD_V60_15,105,5.25,5.300000000000001,15.573375
L1,L1_BD_V60_15,106,5.300000000000001,5.3500000000000005,15.573375
L1,L1_BD_V60_15,107,5.3500000000000005,5.4,15.573375
L1,L1_BD_V60_15,108,5.4,5.45,15.573375
L1,L1_BD_V60_15,109,5.45,5.5,15.573375
L1,L1_BD_V60_15,110,5.5,5.550000000000001,15.573375
L1,L1_BD_V60_15,111,5.550000000000001,5.6000000000000005,15.573375
L1,L1_BD_V60_15,112,5.6000000000000005,5.65,15.573375
L1,L1_BD_V60_15,113,5.65,5.7,15.573375
L1,L1_BD_V60_15,114,5.7,5.75,15.573375
L1,L1_BD_V60_15,115,5.75,5.800000000000001,15.573375
L1,L1_BD_V60_15,116,5.800000000000001,5.8500000000000005,15.573375
L1,L1_BD_V60_15,117,5.8500000000000005,5.9,15.573375
L1,L1_BD_V60_15,118,5.9,5.95,15.573375
L1,L1_BD_V60_15,119,5.95,6.0,15.573375
L1,L1_BD_V60_15,120,6.0,6.050000000000001,15.573375
L1,L1_BD_V60_15,121,6.050000000000001,6.1000000000000005,15.573375
L1,L1_BD_V60_15,122,6.1000000000000005,6.15,15.573375
L1,L1_BD_V60_15,123,6.15,6.2,15.573375
L1,L1_BD_V60_15,124,6.2,6.25,15.573375
L1,L1_BD_V60_15,125,6.25,6.300000000000001,15.573375
L1,L1_BD_V60_15,126,6.300000000000001,6.3500000000000005,15.573375
L1,L1_BD_V60_15,127,6.3500000000000005,6.4,15.573375
L1,L1_BD_V60_15,128,6.4,6.45,15.2619075
L1,L1_BD_V60_15,129,6.45,6.5,14.95044
L1,L1_BD_V60_15,130,6.5,6.550000000000001,14.6389725
L1,L1_BD_V60_15,131,6.550000000000001,6.6000000000000005,14.327505
L1,L1_BD_V60_15,132,6.6000000000000005,6.65,14.0160375
L1,L1_BD_V60_15,133,6.65,6.7,13.70457
L1,L1_BD_V60_15,134,6.7,6.75,13.3931025
L1,L1_BD_V60_15,135,6.75,6.800000000000001,13.081635
L1,L1_BD_V60_15,136,6.800000000000001,6.8500000000000005,12.7701675
L1,L1_BD_V60_15,137,6.8500000000000005,6.9,12.4587
L1,L1_BD_V60_15,138,6.9,6.95,12.1472325
L1,L1_BD_V60_15,139,6.95,7.0,11.835765
L1,L1_BD_V60_15,140,7.0,7.050000000000001,11.5242975
L1,L1_BD_V60_15,141,7.050000000000001,7.1000000000000005,11.21283
L1,L1_BD_V60_15,142,7.1000000000000005,7.15,10.9013625
L1,L1_BD_V60_15,143,7.15,7.2,10.589895
L1,L1_BD_V60_15,144,7.2,7.25,10.2784275
L1,L1_BD_V60_15,145,7.25,7.300000000000001,9.96696
L1,L1_BD_V60_15,146,7.300000000000001,7.3500000000000005,9.6554925
L1,L1_BD_V60_15,147,7.3500000000000005,7.4,9.344025
L1,L1_BD_V60_15,148,7.4,7.45,9.0325575
L1,L1_BD_V60_15,149,7.45,7.5,8.72109
L1,L1_BD_V60_15,150,7.5,7.550000000000001,8.4096225
L1,L1_BD_V60_15,151,7.550000000000001,7.6000000000000005,8.098155
L1,L1_BD_V60_15,152,7.6000000000000005,7.65,7.7866875
L1,L1_BD_V60_15,153,7.65,7.7,7.47522
L1,L1_BD_V60_15,154,7.7,7.75,7.1637525
L1,L1_BD_V60_15,155,7.75,7.800000000000001,6.852285
L1,L1_BD_V60_15,156,7.800000000000001,7.8500000000000005,6.5408175
L1,L1_BD_V60_15,157,7.8500000000000005,7.9,6.22935
L1,L1_BD_V60_15,158,7.9,7.95,5.9178825
L1,L1_BD_V60_15,159,7.95,8.0,5.606415
L1,L1_BD_V60_15,160,8.0,8.05,5.2949475
L1,L1_BD_V60_15,161,8.05,8.1,4.98348
L1,L1_BD_V60_15,162,8.1,8.15,4.6720125
L1,L1_BD_V60_15,163,8.15,8.200000000000001,4.360545
L1,L1_BD_V60_15,164,8.200000000000001,8.25,4.0490775
L1,L1_BD_V60_15,165,8.25,8.3,3.73761
L1,L1_BD_V60_15,166,8.3,8.35,3.4261425
L1,L1_BD_V60_15,167,8.35,8.4,3.114675
L1,L1_BD_V60_15,168,8.4,8.450000000000001,2.8032075
L1,L1_BD_V60_15,169,8.450000000000001,8.5,2.49174
L1,L1_BD_V60_15,170,8.5,8.55,2.1802725
L1,L1_BD_V60_15,171,8.55,8.6,1.868805
L1,L1_BD_V60_15,172,8.6,8.65,1.5573375
L1,L1_BD_V60_15,173,8.65,8.700000000000001,1.24587
L1,L1_BD_V60_15,174,8.700000000000001,8.75,0.9344025
L1,L1_BD_V60_15,175,8.75,8.8,0.622935
L1,L1_BD_V60_15,176,8.8,8.85,0.3114675
L1,L1_BD_V60_15,177,8.85,8.9,0.3114675
L1,L1_BD_V60_10,0,0.0,0.05,0.3114675
L1,L1_BD_V60_10,1,0.05,0.1,0.622935
L1,L1_BD_V60_10,2,0.1,0.15000000000000002,0.9344025
L1,L1_BD_V60_10,3,0.15000000000000002,0.2,1.24587
L1,L1_BD_V60_10,4,0.2,0.25,1.5573375
L1,L1_BD_V60_10,5,0.25,0.30000000000000004,1.868805
L1,L1_BD_V60_10,6,0.30000000000000004,0.35000000000000003,2.1802725
L1,L1_BD_V60_10,7,0.35000000000000003,0.4,2.49174
L1,L1_BD_V60_10,8,0.4,0.45,2.8032075
L1,L1_BD_V60_10,9,0.45,0.5,3.114675
L1,L1_BD_V60_10,10,0.5,0.55,3.4261425
L1,L1_BD_V60_10,11,0.55,0.6000000000000001,3.73761
L1,L1_BD_V60_10,12,0.6000000000000001,0.65,4.0490775
L1,L1_BD_V60_10,13,0.65,0.7000000000000001,4.360545
L1,L1_BD_V60_10,14,0.7000000000000001,0.75,4.6720125
L1,L1_BD_V60_10,15,0.75,0.8,4.98348
L1,L1_BD_V60_10,16,0.8,0.8500000000000001,5.2949475
L1,L1_BD_V60_10,17,0.8500000000000001,0.9,5.606415
L1,L1_BD_V60_10,18,0.9,0.9500000000000001,5.9178825
L1,L1_BD_V60_10,19,0.9500000000000001,1.0,6.22935
L1,L1_BD_V60_10,20,1.0,1.05,6.5408175
L1,L1_BD_V60_10,21,1.05,1.1,6.852285
L1,L1_BD_V60_10,22,1.1,1.1500000000000001,7.1637525
L1,L1_BD_V60_10,23,1.1500000000000001,1.2000000000000002,7.47522
L1,L1_BD_V60_10,24,1.2000000000000002,1.25,7.7866875
L1,L1_BD_V60_10,25,1.25,1.3,8.098155
L1,L1_BD_V60_10,26,1.3,1.35,8.4096225
L1,L1_BD_V60_10,27,1.35,1.4000000000000001,8.72109
L1,L1_BD_V60_10,28,1.4000000000000001,1.4500000000000002,9.0325575
L1,L1_BD_V60_10,29,1.4500000000000002,1.5,9.344025
L1,L1_BD_V60_10,30,1.5,1.55,9.6554925
L1,L1_BD_V60_10,31,1.55,1.6,9.96696
L1,L1_BD_V60_10,32,1.6,1.6500000000000001,10.2784275
L1,L1_BD_V60_10,33,1.6500000000000001,1.7000000000000002,10.589895
L1,L1_BD_V60_10,34,1.7000000000000002,1.75,10.9013625
L1,L1_BD_V60_10,35,1.75,1.8,11.21283
L1,L1_BD_V60_10,36,1.8,1.85,11.5242975
L1,L1_BD_V60_10,37,1.85,1.9000000000000001,11.835765
L1,L1_BD_V60_10,38,1.9000000000000001,1.9500000000000002,12.1472325
L1,L1_BD_V60_10,39,1.9500000000000002,2.0,12.4587
L1,L1_BD_V60_10,40,2.0,2.0500000000000003,12.7701675
L1,L1_BD_V60_10,41,2.0500000000000003,2.1,13.081635
L1,L1_BD_V60_10,42,2.1,2.15,13.3931025
L1,L1_BD_V60_10,43,2.15,2.2,13.70457
L1,L1_BD_V60_10,44,2.2,2.25,14.0160375
L1,L1_BD_V60_10,45,2.25,2.3000000000000003,14.327505
L1,L1_BD_V60_10,46,2.3000000000000003,2.35,14.6389725
L1,L1_BD_V60_10,47,2.35,2.4000000000000004,14.95044
L1,L1_BD_V60_10,48,2.4000000000000004,2.45,15.2619075
L1,L1_BD_V60_10,49,2.45,2.5,15.573375
L1,L1_BD_V60_10,50,2.5,2.5500000000000003,15.573375
L1,L1_BD_V60_10,51,2.5500000000000003,2.6,15.2619075
L1,L1_BD_V60_10,52,2.6,2.6500000000000004,14.95044
L1,L1_BD_V60_10,53,2.6500000000000004,2.7,14.6389725
L1,L1_BD_V60_10,54,2.7,2.75,14.327505
L1,L1_BD_V60_10,55,2.75,2.8000000000000003,14.0160375
L1,L1_BD_V60_10,56,2.8000000000000003,2.85,13.70457
L1,L1_BD_V60_10,57,2.85,2.9000000000000004,13.3931025
L1,L1_BD_V60_10,58,2.9000000000000004,2.95,13.081635
L1,L1_BD_V60_10,59,2.95,3.0,12.7701675
L1,L1_BD_V60_10,60,3.0,3.0500000000000003,12.4587
L1,L1_BD_V60_10,61,3.0500000000000003,3.1,12.1472325
L1,L1_BD_V60_10,62,3.1,3.1500000000000004,11.835765
L1,L1_BD_V60_10,63,3.1500000000000004,3.2,11.5242975
L1,L1_BD_V60_10,64,3.2,3.25,11.21283
L1,L1_BD_V60_10,65,3.25,3.3000000000000003,10.9013625
L1,L1_BD_V60_10,66,3.3000000000000003,3.35,10.589895
L1,L1_BD_V60_10,67,3.35,3.4000000000000004,10.2784275
L1,L1_BD_V60_10,68,3.4000000000000004,3.45,9.96696
L1,L1_BD_V60_10,69,3.45,3.5,9.6554925
L1,L1_BD_V60_10,70,3.5,3.5500000000000003,9.344025
L1,L1_BD_V60_10,71,3.5500000000000003,3.6,9.0325575
L1,L1_BD_V60_10,72,3.6,3.6500000000000004,8.72109
L1,L1_BD_V60_10,73,3.6500000000000004,3.7,8.4096225
L1,L1_BD_V60_10,74,3.7,3.75,8.098155
L1,L1_BD_V60_10,75,3.75,3.8000000000000003,7.7866875
L1,L1_BD_V60_10,76,3.8000000000000003,3.85,7.47522
L1,L1_BD_V60_10,77,3.85,3.9000000000000004,7.1637525
L1,L1_BD_V60_10,78,3.9000000000000004,3.95,6.852285
L1,L1_BD_V60_10,79,3.95,4.0,6.5408175
L1,L1_BD_V60_10,80,4.0,4.05,6.22935
L1,L1_BD_V60_10,81,4.05,4.1000000000000005,5.9178825
L1,L1_BD_V60_10,82,4.1000000000000005,4.15,5.606415
L1,L1_BD_V60_10,83,4.15,4.2,5.2949475
L1,L1_BD_V60_10,84,4.2,4.25,4.98348
L1,L1_BD_V60_10,85,4.25,4.3,4.6720125
L1,L1_BD_V60_10,86,4.3,4.3500000000000005,4.360545
L1,L1_BD_V60_10,87,4.3500000000000005,4.4,4.0490775
L1,L1_BD_V60_10,88,4.4,4.45,3.73761
L1,L1_BD_V60_10,89,4.45,4.5,3.4261425
L1,L1_BD_V60_10,90,4.5,4.55,3.114675
L1,L1_BD_V60_10,91,4.55,4.6000000000000005,2.8032075
L1,L1_BD_V60_10,92,4.6000000000000005,4.65,2.49174
L1,L1_BD_V60_10,93,4.65,4.7,2.1802725
L1,L1_BD_V60_10,94,4.7,4.75,1.868805
L1,L1_BD_V60_10,95,4.75,4.800000000000001,1.5573375
L1,L1_BD_V60_10,96,4.800000000000001,4.8500000000000005,1.24587
L1,L1_BD_V60_10,97,4.8500000000000005,4.9,0.9344025
L1,L1_BD_V60_10,98,4.9,4.95,0.622935
L1,L1_BD_V60_10,99,4.95,5.0,0.3114675
L1,L1_BD_V60_16,0,0.0,0.05,0.3114675
L1,L1_BD_V60_16,1,0.05,0.1,0.622935
L1,L1_BD_V60_16,2,0.1,0.15000000000000002,0.9344025
L1,L1_BD_V60_16,3,0.15000000000000002,0.2,1.24587
L1,L1_BD_V60_16,4,0.2,0.25,1.5573375
L1,L1_BD_V60_16,5,0.25,0.30000000000000004,1.868805
L1,L1_BD_V60_16,6,0.30000000000000004,0.35000000000000003,2.1802725
L1,L1_BD_V60_16,7,0.35000000000000003,0.4,2.49174
L1,L1_BD_V60_16,8,0.4,0.45,2.8032075
L1,L1_BD_V60_16,9,0.45,0.5,3.114675
L1,L1_BD_V60_16,10,0.5,0.55,3.4261425
L1,L1_BD_V60_16,11,0.55,0.6000000000000001,3.73761
L1,L1_BD_V60_16,12,0.6000000000000001,0.65,4.0490775
L1,L1_BD_V60_16,13,0.65,0.7000000000000001,4.360545
L1,L1_BD_V60_16,14,0.7000000000000001,0.75,4.6720125
L1,L1_BD_V60_16,15,0.75,0.8,4.98348
L1,L1_BD_V60_16,16,0.8,0.8500000000000001,5.2949475
L1,L1_BD_V60_16,17,0.8500000000000001,0.9,5.606415
L1,L1_BD_V60_16,18,0.9,0.9500000000000001,5.9178825
L1,L1_BD_V60_16,19,0.9500000000000001,1.0,6.22935
L1,L1_BD_V60_16,20,1.0,1.05,6.5408175
L1,L1_BD_V60_16,21,1.05,1.1,6.852285
L1,L1_BD_V60_16,22,1.1,1.1500000000000001,7.1637525
L1,L1_BD_V60_16,23,1.1500000000000001,1.2000000000000002,7.47522
L1,L1_BD_V60_16,24,1.2000000000000002,1.25,7.7866875
L1,L1_BD_V60_16,25,1.25,1.3,8.098155
L1,L1_BD_V60_16,26,1.3,1.35,8.4096225
L1,L1_BD_V60_16,27,1.35,1.4000000000000001,8.72109
L1,L1_BD_V60_16,28,1.4000000000000001,1.4500000000000002,9.0325575
L1,L1_BD_V60_16,29,1.4500000000000002,1.5,9.344025
L1,L1_BD_V60_16,30,1.5,1.55,9.6554925
L1,L1_BD_V60_16,31,1.55,1.6,9.96696
L1,L1_BD_V60_16,32,1.6,1.6500000000000001,10.2784275
L1,L1_BD_V60_16,33,1.6500000000000001,1.7000000000000002,10.589895
L1,L1_BD_V60_16,34,1.7000000000000002,1.75,10.9013625
L1,L1_BD_V60_16,35,1.75,1.8,11.21283
L1,L1_BD_V60_16,36,1.8,1.85,11.5242975
L1,L1_BD_V60_16,37,1.85,1.9000000000000001,11.835765
L1,L1_BD_V60_16,38,1.9000000000000001,1.9500000000000002,12.1472325
L1,L1_BD_V60_16,39,1.9500000000000002,2.0,12.4587
L1,L1_BD_V60_16,40,2.0,2.0500000000000003,12.7701675
L1,L1_BD_V60_16,41,2.0500000000000003,2.1,13.081635
L1,L1_BD_V60_16,42,2.1,2.15,13.3931025
L1,L1_BD_V60_16,43,2.15,2.2,13.70457
L1,L1_BD_V60_16,44,2.2,2.25,14.0160375
L1,L1_BD_V60_16,45,2.25,2.3000000000000003,14.327505
L1,L1_BD_V60_16,46,2.3000000000000003,2.35,14.6389725
L1,L1_BD_V60_16,47,2.35,2.4000000000000004,14.95044
L1,L1_BD_V60_16,48,2.4000000000000004,2.45,15.2619075
L1,L1_BD_V60_16,49,2.45,2.5,15.573375
L1,L1_BD_V60_16,50,2.5,2.5500000000000003,15.573375
L1,L1_BD_V60_16,51,2.5500000000000003,2.6,15.573375
L1,L1_BD_V60_16,52,2.6,2.6500000000000004,15.573375
L1,L1_BD_V60_16,53,2.6500000000000004,2.7,15.573375
L1,L1_BD_V60_16,54,2.7,2.75,15.573375
L1,L1_BD_V60_16,55,2.75,2.8000000000000003,15.573375
L1,L1_BD_V60_16,56,2.8000000000000003,2.85,15.573375
L1,L1_BD_V60_16,57,2.85,2.9000000000000004,15.573375
L1,L1_BD_V60_16,58,2.9000000000000004,2.95,15.573375
L1,L1_BD_V60_16,59,2.95,3.0,15.573375
L1,L1_BD_V60_16,60,3.0,3.0500000000000003,15.573375
L1,L1_BD_V60_16,61,3.0500000000000003,3.1,15.573375
L1,L1_BD_V60_16,62,3.1,3.1500000000000004,15.573375
L1,L1_BD_V60_16,63,3.1500000000000004,3.2,15.573375
L1,L1_BD_V60_16,64,3.2,3.25,15.573375
L1,L1_BD_V60_16,65,3.25,3.3000000000000003,15.573375
L1,L1_BD_V60_16,66,3.3000000000000003,3.35,15.573375
L1,L1_BD_V60_16,67,3.35,3.4000000000000004,15.573375
L1,L1_BD_V60_16,68,3.4000000000000004,3.45,15.573375
L1,L1_BD_V60_16,69,3.45,3.5,15.573375
L1,L1_BD_V60_16,70,3.5,3.5500000000000003,15.573375
L1,L1_BD_V60_16,71,3.5500000000000003,3.6,15.573375
L1,L1_BD_V60_16,72,3.6,3.6500000000000004,15.573375
L1,L1_BD_V60_16,73,3.6500000000000004,3.7,15.573375
L1,L1_BD_V60_16,74,3.7,3.75,15.573375
L1,L1_BD_V60_16,75,3.75,3.8000000000000003,15.573375
L1,L1_BD_V60_16,76,3.8000000000000003,3.85,15.573375
L1,L1_BD_V60_16,77,3.85,3.9000000000000004,15.573375
L1,L1_BD_V60_16,78,3.9000000000000004,3.95,15.573375
L1,L1_BD_V60_16,79,3.95,4.0,15.573375
L1,L1_BD_V60_16,80,4.0,4.05,15.573375
L1,L1_BD_V60_16,81,4.05,4.1000000000000005,15.573375
L1,L1_BD_V60_16,82,4.1000000000000005,4.15,15.573375
L1,L1_BD_V60_16,83,4.15,4.2,15.573375
L1,L1_BD_V60_16,84,4.2,4.25,15.573375
L1,L1_BD_V60_16,85,4.25,4.3,15.573375
L1,L1_BD_V60_16,86,4.3,4.3500000000000005,15.573375
L1,L1_BD_V60_16,87,4.3500000000000005,4.4,15.573375
L1,L1_BD_V60_16,88,4.4,4.45,15.573375
L1,L1_BD_V60_16,89,4.45,4.5,15.573375
L1,L1_BD_V60_16,90,4.5,4.55,15.573375
L1,L1_BD_V60_16,91,4.55,4.6000000000000005,15.573375
L1,L1_BD_V60_16,92,4.6000000000000005,4.65,15.573375
L1,L1_BD_V60_16,93,4.65,4.7,15.573375
L1,L1_BD_V60_16,94,4.7,4.75,15.573375
L1,L1_BD_V60_16,95,4.75,4.800000000000001,15.2619075
L1,L1_BD_V60_16,96,4.800000000000001,4.8500000000000005,14.95044
L1,L1_BD_V60_16,97,4.8500000000000005,4.9,14.6389725
L1,L1_BD_V60_16,98,4.9,4.95,14.327505
L1,L1_BD_V60_16,99,4.95,5.0,14.0160375
L1,L1_BD_V60_16,100,5.0,5.050000000000001,13.70457
L1,L1_BD_V60_16,101,5.050000000000001,5.1000000000000005,13.3931025
L1,L1_BD_V60_16,102,5.1000000000000005,5.15,13.081635
L1,L1_BD_V60_16,103,5.15,5.2,12.7701675
L1,L1_BD_V60_16,104,5.2,5.25,12.4587
L1,L1_BD_V60_16,105,5.25,5.300000000000001,12.1472325
L1,L1_BD_V60_16,106,5.300000000000001,5.3500000000000005,11.835765
L1,L1_BD_V60_16,107,5.3500000000000005,5.4,11.5242975
L1,L1_BD_V60_16,108,5.4,5.45,11.21283
L1,L1_BD_V60_16,109,5.45,5.5,10.9013625
L1,L1_BD_V60_16,110,5.5,5.550000000000001,10.589895
L1,L1_BD_V60_16,111,5.550000000000001,5.6000000000000005,10.2784275
L1,L1_BD_V60_16,112,5.6000000000000005,5.65,9.96696
L1,L1_BD_V60_16,113,5.65,5.7,9.6554925
L1,L1_BD_V60_16,114,5.7,5.75,9.344025
L1,L1_BD_V60_16,115,5.75,5.800000000000001,9.0325575
L1,L1_BD_V60_16,116,5.800000000000001,5.8500000000000005,8.72109
L1,L1_BD_V60_16,117,5.8500000000000005,5.9,8.4096225
L1,L1_BD_V60_16,118,5.9,5.95,8.098155
L1,L1_BD_V60_16,119,5.95,6.0,7.7866875
L1,L1_BD_V60_16,120,6.0,6.050000000000001,7.47522
L1,L1_BD_V60_16,121,6.050000000000001,6.1000000000000005,7.1637525
L1,L1_BD_V60_16,122,6.1000000000000005,6.15,6.852285
L1,L1_BD_V60_16,123,6.15,6.2,6.5408175
L1,L1_BD_V60_16,124,6.2,6.25,6.22935
L1,L1_BD_V60_16,125,6.25,6.300000000000001,5.9178825
L1,L1_BD_V60_16,126,6.300000000000001,6.3500000000000005,5.606415
L1,L1_BD_V60_16,127,6.3500000000000005,6.4,5.2949475
L1,L1_BD_V60_16,128,6.4,6.45,4.98348
L1,L1_BD_V60_16,129,6.45,6.5,4.6720125
L1,L1_BD_V60_16,130,6.5,6.550000000000001,4.360545
L1,L1_BD_V60_16,131,6.550000000000001,6.6000000000000005,4.0490775
L1,L1_BD_V60_16,132,6.6000000000000005,6.65,3.73761
L1,L1_BD_V60_16,133,6.65,6.7,3.4261425
L1,L1_BD_V60_16,134,6.7,6.75,3.114675
L1,L1_BD_V60_16,135,6.75,6.800000000000001,2.8032075
L1,L1_BD_V60_16,136,6.800000000000001,6.8500000000000005,2.49174
L1,L1_BD_V60_16,137,6.8500000000000005,6.9,2.1802725
L1,L1_BD_V60_16,138,6.9,6.95,1.868805
L1,L1_BD_V60_16,139,6.95,7.0,1.5573375
L1,L1_BD_V60_16,140,7.0,7.050000000000001,1.24587
L1,L1_BD_V60_16,141,7.050000000000001,7.1000000000000005,0.9344025
L1,L1_BD_V60_16,142,7.1000000000000005,7.15,0.622935
L1,L1_BD_V60_16,143,7.15,7.2,0.3114675
L1,L1_BD_V60_03,0,0.0,0.05,0.0
L1,L1_BD_V60_03,1,0.05,0.1,0.3114675
L1,L1_BD_V60_03,2,0.1,0.15000000000000002,0.622935
L1,L1_BD_V60_03,3,0.15000000000000002,0.2,1.24587
L1,L1_BD_V60_03,4,0.2,0.25,1.5573375
L1,L1_BD_V60_03,5,0.25,0.30000000000000004,1.868805
L1,L1_BD_V60_03,6,0.30000000000000004,0.35000000000000003,2.1802725
L1,L1_BD_V60_03,7,0.35000000000000003,0.4,2.49174
L1,L1_BD_V60_03,8,0.4,0.45,2.8032075
L1,L1_BD_V60_03,9,0.45,0.5,3.114675
L1,L1_BD_V60_03,10,0.5,0.55,3.4261425
L1,L1_BD_V60_03,11,0.55,0.6000000000000001,3.73761
L1,L1_BD_V60_03,12,0.6000000000000001,0.65,4.0490775
L1,L1_BD_V60_03,13,0.65,0.7000000000000001,4.360545
L1,L1_BD_V60_03,14,0.7000000000000001,0.75,4.6720125
L1,L1_BD_V60_03,15,0.75,0.8,4.98348
L1,L1_BD_V60_03,16,0.8,0.8500000000000001,5.2949475
L1,L1_BD_V60_03,17,0.8500000000000001,0.9,5.606415
L1,L1_BD_V60_03,18,0.9,0.9500000000000001,5.9178825
L1,L1_BD_V60_03,19,0.9500000000000001,1.0,6.22935
L1,L1_BD_V60_03,20,1.0,1.05,6.5408175
L1,L1_BD_V60_03,21,1.05,1.1,6.852285
L1,L1_BD_V60_03,22,1.1,1.1500000000000001,7.1637525
L1,L1_BD_V60_03,23,1.1500000000000001,1.2000000000000002,7.47522
L1,L1_BD_V60_03,24,1.2000000000000002,1.25,7.7866875
L1,L1_BD_V60_03,25,1.25,1.3,8.098155
L1,L1_BD_V60_03,26,1.3,1.35,8.4096225
L1,L1_BD_V60_03,27,1.35,1.4000000000000001,8.72109
L1,L1_BD_V60_03,28,1.4000000000000001,1.4500000000000002,9.0325575
L1,L1_BD_V60_03,29,1.4500000000000002,1.5,9.344025
L1,L1_BD_V60_03,30,1.5,1.55,9.6554925
L1,L1_BD_V60_03,31,1.55,1.6,9.96696
L1,L1_BD_V60_03,32,1.6,1.6500000000000001,10.2784275
L1,L1_BD_V60_03,33,1.6500000000000001,1.7000000000000002,10.589895
L1,L1_BD_V60_03,34,1.7000000000000002,1.75,10.9013625
L1,L1_BD_V60_03,35,1.75,1.8,11.21283
L1,L1_BD_V60_03,36,1.8,1.85,11.5242975
L1,L1_BD_V60_03,37,1.85,1.9000000000000001,11.835765
L1,L1_BD_V60_03,38,1.9000000000000001,1.9500000000000002,12.1472325
L1,L1_BD_V60_03,39,1.9500000000000002,2.0,12.4587
L1,L1_BD_V60_03,40,2.0,2.0500000000000003,12.7701675
L1,L1_BD_V60_03,41,2.0500000000000003,2.1,13.081635
L1,L1_BD_V60_03,42,2.1,2.15,13.3931025
L1,L1_BD_V60_03,43,2.15,2.2,13.70457
L1,L1_BD_V60_03,44,2.2,2.25,14.0160375
L1,L1_BD_V60_03,45,2.25,2.3000000000000003,14.327505
L1,L1_BD_V60_03,46,2.3000000000000003,2.35,14.6389725
L1,L1_BD_V60_03,47,2.35,2.4000000000000004,14.95044
L1,L1_BD_V60_03,48,2.4000000000000004,2.45,15.2619075
L1,L1_BD_V60_03,49,2.45,2.5,15.573375
L1,L1_BD_V60_03,50,2.5,2.5500000000000003,15.2619075
L1,L1_BD_V60_03,51,2.5500000000000003,2.6,14.95044
L1,L1_BD_V60_03,52,2.6,2.6500000000000004,14.6389725
L1,L1_BD_V60_03,53,2.6500000000000004,2.7,14.327505
L1,L1_BD_V60_03,54,2.7,2.75,14.0160375
L1,L1_BD_V60_03,55,2.75,2.8000000000000003,13.70457
L1,L1_BD_V60_03,56,2.8000000000000003,2.85,13.3931025
L1,L1_BD_V60_03,57,2.85,2.9000000000000004,13.081635
L1,L1_BD_V60_03,58,2.9000000000000004,2.95,12.7701675
L1,L1_BD_V60_03,59,2.95,3.0,12.4587
L1,L1_BD_V60_03,60,3.0,3.0500000000000003,12.1472325
L1,L1_BD_V60_03,61,3.0500000000000003,3.1,11.835765
L1,L1_BD_V60_03,62,3.1,3.1500000000000004,11.5242975
L1,L1_BD_V60_03,63,3.1500000000000004,3.2,11.21283
L1,L1_BD_V60_03,64,3.2,3.25,10.9013625
L1,L1_BD_V60_03,65,3.25,3.3000000000000003,10.589895
L1,L1_BD_V60_03,66,3.3000000000000003,3.35,10.2784275
L1,L1_BD_V60_03,67,3.35,3.4000000000000004,9.96696
L1,L1_BD_V60_03,68,3.4000000000000004,3.45,9.6554925
L1,L1_BD_V60_03,69,3.45,3.5,9.344025
L1,L1_BD_V60_03,70,3.5,3.5500000000000003,9.0325575
L1,L1_BD_V60_03,71,3.5500000000000003,3.6,8.72109
L1,L1_BD_V60_03,72,3.6,3.6500000000000004,8.4096225
L1,L1_BD_V60_03,73,3.6500000000000004,3.7,8.098155
L1,L1_BD_V60_03,74,3.7,3.75,7.7866875
L1,L1_BD_V60_03,75,3.75,3.8000000000000003,7.47522
L1,L1_BD_V60_03,76,3.8000000000000003,3.85,7.1637525
L1,L1_BD_V60_03,77,3.85,3.9000000000000004,6.852285
L1,L1_BD_V60_03,78,3.9000000000000004,3.95,6.5408175
L1,L1_BD_V60_03,79,3.95,4.0,6.22935
L1,L1_BD_V60_03,80,4.0,4.05,5.9178825
L1,L1_BD_V60_03,81,4.05,4.1000000000000005,5.606415
L1,L1_BD_V60_03,82,4.1000000000000005,4.15,5.2949475
L1,L1_BD_V60_03,83,4.15,4.2,4.98348
L1,L1_BD_V60_03,84,4.2,4.25,4.6720125
L1,L1_BD_V60_03,85,4.25,4.3,4.360545
L1,L1_BD_V60_03,86,4.3,4.3500000000000005,4.0490775
L1,L1_BD_V60_03,87,4.3500000000000005,4.4,3.73761
L1,L1_BD_V60_03,88,4.4,4.45,3.4261425
L1,L1_BD_V60_03,89,4.45,4.5,3.114675
L1,L1_BD_V60_03,90,4.5,4.55,2.8032075
L1,L1_BD_V60_03,91,4.55,4.6000000000000005,2.49174
L1,L1_BD_V60_03,92,4.6000000000000005,4.65,2.1802725
L1,L1_BD_V60_03,93,4.65,4.7,1.868805
L1,L1_BD_V60_03,94,4.7,4.75,1.5573375
L1,L1_BD_V60_03,95,4.75,4.800000000000001,1.24587
L1,L1_BD_V60_03,96,4.800000000000001,4.8500000000000005,0.9344025
L1,L1_BD_V60_03,97,4.8500000000000005,4.9,0.622935
L1,L1_BD_V60_03,98,4.9,4.95,0.3114675
L1,L1_BD_V60_07,0,0.0,0.05,0.3114675
L1,L1_BD_V60_07,1,0.05,0.1,0.3114675
L1,L1_BD_V60_07,2,0.1,0.15000000000000002,0.622935
L1,L1_BD_V60_07,3,0.15000000000000002,0.2,0.9344025
L1,L1_BD_V60_07,4,0.2,0.25,1.24587
L1,L1_BD_V60_07,5,0.25,0.30000000000000004,1.5573375
L1,L1_BD_V60_07,6,0.30000000000000004,0.35000000000000003,1.868805
L1,L1_BD_V60_07,7,0.35000000000000003,0.4,2.1802725
L1,L1_BD_V60_07,8,0.4,0.45,2.49174
L1,L1_BD_V60_07,9,0.45,0.5,2.8032075
L1,L1_BD_V60_07,10,0.5,0.55,3.114675
L1,L1_BD_V60_07,11,0.55,0.6000000000000001,3.4261425
L1,L1_BD_V60_07,12,0.6000000000000001,0.65,3.73761
L1,L1_BD_V60_07,13,0.65,0.7000000000000001,4.0490775
L1,L1_BD_V60_07,14,0.7000000000000001,0.75,4.360545
L1,L1_BD_V60_07,15,0.75,0.8,4.6720125
L1,L1_BD_V60_07,16,0.8,0.8500000000000001,4.98348
L1,L1_BD_V60_07,17,0.8500000000000001,0.9,5.2949475
L1,L1_BD_V60_07,18,0.9,0.9500000000000001,5.606415
L1,L1_BD_V60_07,19,0.9500000000000001,1.0,5.9178825
L1,L1_BD_V60_07,20,1.0,1.05,6.22935
L1,L1_BD_V60_07,21,1.05,1.1,6.5408175
L1,L1_BD_V60_07,22,1.1,1.1500000000000001,6.852285
L1,L1_BD_V60_07,23,1.1500000000000001,1.2000000000000002,7.1637525
L1,L1_BD_V60_07,24,1.2000000000000002,1.25,7.47522
L1,L1_BD_V60_07,25,1.25,1.3,7.7866875
L1,L1_BD_V60_07,26,1.3,1.35,8.098155
L1,L1_BD_V60_07,27,1.35,1.4000000000000001,8.4096225
L1,L1_BD_V60_07,28,1.4000000000000001,1.4500000000000002,8.72109
L1,L1_BD_V60_07,29,1.4500000000000002,1.5,9.0325575
L1,L1_BD_V60_07,30,1.5,1.55,9.344025
L1,L1_BD_V60_07,31,1.55,1.6,9.6554925
L1,L1_BD_V60_07,32,1.6,1.6500000000000001,9.96696
L1,L1_BD_V60_07,33,1.6500000000000001,1.7000000000000002,10.2784275
L1,L1_BD_V60_07,34,1.7000000000000002,1.75,10.589895
L1,L1_BD_V60_07,35,1.75,1.8,10.9013625
L1,L1_BD_V60_07,36,1.8,1.85,11.21283
L1,L1_BD_V60_07,37,1.85,1.9000000000000001,11.5242975
L1,L1_BD_V60_07,38,1.9000000000000001,1.9500000000000002,11.835765
L1,L1_BD_V60_07,39,1.9500000000000002,2.0,12.1472325
L1,L1_BD_V60_07,40,2.0,2.0500000000000003,12.4587
L1,L1_BD_V60_07,41,2.0500000000000003,2.1,12.7701675
L1,L1_BD_V60_07,42,2.1,2.15,13.081635
L1,L1_BD_V60_07,43,2.15,2.2,13.3931025
L1,L1_BD_V60_07,44,2.2,2.25,13.70457
L1,L1_BD_V60_07,45,2.25,2.3000000000000003,14.0160375
L1,L1_BD_V60_07,46,2.3000000000000003,2.35,14.327505
L1,L1_BD_V60_07,47,2.35,2.4000000000000004,14.6389725
L1,L1_BD_V60_07,48,2.4000000000000004,2.45,14.95044
L1,L1_BD_V60_07,49,2.45,2.5,15.2619075
L1,L1_BD_V60_07,50,2.5,2.5500000000000003,15.2619075
L1,L1_BD_V60_07,51,2.5500000000000003,2.6,14.95044
L1,L1_BD_V60_07,52,2.6,2.6500000000000004,14.6389725
L1,L1_BD_V60_07,53,2.6500000000000004,2.7,14.327505
L1,L1_BD_V60_07,54,2.7,2.75,14.0160375
L1,L1_BD_V60_07,55,2.75,2.8000000000000003,13.70457
L1,L1_BD_V60_07,56,2.8000000000000003,2.85,13.3931025
L1,L1_BD_V60_07,57,2.85,2.9000000000000004,13.081635
L1,L1_BD_V60_07,58,2.9000000000000004,2.95,12.7701675
L1,L1_BD_V60_07,59,2.95,3.0,12.4587
L1,L1_BD_V60_07,60,3.0,3.0500000000000003,12.1472325
L1,L1_BD_V60_07,61,3.0500000000000003,3.1,11.835765
L1,L1_BD_V60_07,62,3.1,3.1500000000000004,11.5242975
L1,L1_BD_V60_07,63,3.1500000000000004,3.2,11.21283
L1,L1_BD_V60_07,64,3.2,3.25,10.9013625
L1,L1_BD_V60_07,65,3.25,3.3000000000000003,10.589895
L1,L1_BD_V60_07,66,3.3000000000000003,3.35,10.2784275
L1,L1_BD_V60_07,67,3.35,3.4000000000000004,9.96696
L1,L1_BD_V60_07,68,3.4000000000000004,3.45,9.6554925
L1,L1_BD_V60_07,69,3.45,3.5,9.344025
L1,L1_BD_V60_07,70,3.5,3.5500000000000003,9.0325575
L1,L1_BD_V60_07,71,3.5500000000000003,3.6,8.72109
L1,L1_BD_V60_07,72,3.6,3.6500000000000004,8.4096225
L1,L1_BD_V60_07,73,3.6500000000000004,3.7,8.098155
L1,L1_BD_V60_07,74,3.7,3.75,7.7866875
L1,L1_BD_V60_07,75,3.75,3.8000000000000003,7.47522
L1,L1_BD_V60_07,76,3.8000000000000003,3.85,7.1637525
L1,L1_BD_V60_07,77,3.85,3.9000000000000004,6.852285
L1,L1_BD_V60_07,78,3.9000000000000004,3.95,6.5408175
L1,L1_BD_V60_07,79,3.95,4.0,6.22935
L1,L1_BD_V60_07,80,4.0,4.05,5.9178825
L1,L1_BD_V60_07,81,4.05,4.1000000000000005,5.606415
L1,L1_BD_V60_07,82,4.1000000000000005,4.15,5.2949475
L1,L1_BD_V60_07,83,4.15,4.2,4.98348
L1,L1_BD_V60_07,84,4.2,4.25,4.6720125
L1,L1_BD_V60_07,85,4.25,4.3,4.360545
L1,L1_BD_V60_07,86,4.3,4.3500000000000005,4.0490775
L1,L1_BD_V60_07,87,4.3500000000000005,4.4,3.73761
L1,L1_BD_V60_07,88,4.4,4.45,3.4261425
L1,L1_BD_V60_07,89,4.45,4.5,3.114675
L1,L1_BD_V60_07,90,4.5,4.55,2.8032075
L1,L1_BD_V60_07,91,4.55,4.6000000000000005,2.49174
L1,L1_BD_V60_07,92,4.6000000000000005,4.65,2.1802725
L1,L1_BD_V60_07,93,4.65,4.7,1.868805
L1,L1_BD_V60_07,94,4.7,4.75,1.5573375
L1,L1_BD_V60_07,95,4.75,4.800000000000001,1.24587
L1,L1_BD_V60_07,96,4.800000000000001,4.8500000000000005,0.9344025
L1,L1_BD_V60_07,97,4.8500000000000005,4.9,0.622935
L1,L1_BD_V60_07,98,4.9,4.95,0.3114675
L1,L1_BD_V60_17,0,0.0,0.05,0.31174058
L1,L1_BD_V60_17,1,0.05,0.1,0.62348116
L1,L1_BD_V60_17,2,0.1,0.15000000000000002,0.93522172
L1,L1_BD_V60_17,3,0.15000000000000002,0.2,0.93522172
L1,L1_BD_V60_17,4,0.2,0.25,1.2469623
L1,L1_BD_V60_17,5,0.25,0.30000000000000004,1.55870288
L1,L1_BD_V60_17,6,0.30000000000000004,0.35000000000000003,1.87044346
L1,L1_BD_V60_17,7,0.35000000000000003,0.4,2.18218404
L1,L1_BD_V60_17,8,0.4,0.45,2.49392462
L1,L1_BD_V60_17,9,0.45,0.5,2.80566518
L1,L1_BD_V60_17,10,0.5,0.55,3.11740576
L1,L1_BD_V60_17,11,0.55,0.6000000000000001,3.42914634
L1,L1_BD_V60_17,12,0.6000000000000001,0.65,3.74088692
L1,L1_BD_V60_17,13,0.65,0.7000000000000001,4.0526275
L1,L1_BD_V60_17,14,0.7000000000000001,0.75,4.36436806
L1,L1_BD_V60_17,15,0.75,0.8,4.67610864
L1,L1_BD_V60_17,16,0.8,0.8500000000000001,4.98784922
L1,L1_BD_V60_17,17,0.8500000000000001,0.9,5.2995898
L1,L1_BD_V60_17,18,0.9,0.9500000000000001,5.61133038
L1,L1_BD_V60_17,19,0.9500000000000001,1.0,5.92307096
L1,L1_BD_V60_17,20,1.0,1.05,6.23481152
L1,L1_BD_V60_17,21,1.05,1.1,6.5465521
L1,L1_BD_V60_17,22,1.1,1.1500000000000001,6.85829268
L1,L1_BD_V60_17,23,1.1500000000000001,1.2000000000000002,7.17003326
L1,L1_BD_V60_17,24,1.2000000000000002,1.25,7.48177384
L1,L1_BD_V60_17,25,1.25,1.3,7.79351442
L1,L1_BD_V60_17,26,1.3,1.35,8.10525498
L1,L1_BD_V60_17,27,1.35,1.4000000000000001,8.41699556
L1,L1_BD_V60_17,28,1.4000000000000001,1.4500000000000002,8.72873614
L1,L1_BD_V60_17,29,1.4500000000000002,1.5,9.04047672
L1,L1_BD_V60_17,30,1.5,1.55,9.3522173
L1,L1_BD_V60_17,31,1.55,1.6,9.66395786
L1,L1_BD_V60_17,32,1.6,1.6500000000000001,9.97569844
L1,L1_BD_V60_17,33,1.6500000000000001,1.7000000000000002,10.28743902
L1,L1_BD_V60_17,34,1.7000000000000002,1.75,10.5991796
L1,L1_BD_V60_17,35,1.75,1.8,10.91092018
L1,L1_BD_V60_17,36,1.8,1.85,11.22266076
L1,L1_BD_V60_17,37,1.85,1.9000000000000001,11.53440132
L1,L1_BD_V60_17,38,1.9000000000000001,1.9500000000000002,11.8461419
L1,L1_BD_V60_17,39,1.9500000000000002,2.0,12.15788248
L1,L1_BD_V60_17,40,2.0,2.0500000000000003,12.46962306
L1,L1_BD_V60_17,41,2.0500000000000003,2.1,12.78136364
L1,L1_BD_V60_17,42,2.1,2.15,13.0931042
L1,L1_BD_V60_17,43,2.15,2.2,13.40484478
L1,L1_BD_V60_17,44,2.2,2.25,13.71658536
L1,L1_BD_V60_17,45,2.25,2.3000000000000003,14.02832594
L1,L1_BD_V60_17,46,2.3000000000000003,2.35,14.34006652
L1,L1_BD_V60_17,47,2.35,2.4000000000000004,14.6518071
L1,L1_BD_V60_17,48,2.4000000000000004,2.45,14.96354766
L1,L1_BD_V60_17,49,2.45,2.5,15.27528824
L1,L1_BD_V60_17,50,2.5,2.5500000000000003,15.58702882
L1,L1_BD_V60_17,51,2.5500000000000003,2.6,15.58702882
L1,L1_BD_V60_17,52,2.6,2.6500000000000004,15.58702882
L1,L1_BD_V60_17,53,2.6500000000000004,2.7,15.58702882
L1,L1_BD_V60_17,54,2.7,2.75,15.58702882
L1,L1_BD_V60_17,55,2.75,2.8000000000000003,15.58702882
L1,L1_BD_V60_17,56,2.8000000000000003,2.85,15.58702882
L1,L1_BD_V60_17,57,2.85,2.9000000000000004,15.58702882
L1,L1_BD_V60_17,58,2.9000000000000004,2.95,15.58702882
L1,L1_BD_V60_17,59,2.95,3.0,15.58702882
L1,L1_BD_V60_17,60,3.0,3.0500000000000003,15.58702882
L1,L1_BD_V60_17,61,3.0500000000000003,3.1,15.58702882
L1,L1_BD_V60_17,62,3.1,3.1500000000000004,15.58702882
L1,L1_BD_V60_17,63,3.1500000000000004,3.2,15.58702882
L1,L1_BD_V60_17,64,3.2,3.25,12.15788248
L1,L1_BD_V60_17,65,3.25,3.3000000000000003,12.15788248
L1,L1_BD_V60_17,66,3.3000000000000003,3.35,12.15788248
L1,L1_BD_V60_17,67,3.35,3.4000000000000004,12.15788248
L1,L1_BD_V60_17,68,3.4000000000000004,3.45,12.15788248
L1,L1_BD_V60_17,69,3.45,3.5,12.15788248
L1,L1_BD_V60_17,70,3.5,3.5500000000000003,12.15788248
L1,L1_BD_V60_17,71,3.5500000000000003,3.6,12.15788248
L1,L1_BD_V60_17,72,3.6,3.6500000000000004,12.15788248
L1,L1_BD_V60_17,73,3.6500000000000004,3.7,12.15788248
L1,L1_BD_V60_17,74,3.7,3.75,12.15788248
L1,L1_BD_V60_17,75,3.75,3.8000000000000003,12.15788248
L1,L1_BD_V60_17,76,3.8000000000000003,3.85,12.15788248
L1,L1_BD_V60_17,77,3.85,3.9000000000000004,12.15788248
L1,L1_BD_V60_17,78,3.9000000000000004,3.95,12.15788248
L1,L1_BD_V60_17,79,3.95,4.0,12.15788248
L1,L1_BD_V60_17,80,4.0,4.05,12.15788248
L1,L1_BD_V60_17,81,4.05,4.1000000000000005,12.15788248
L1,L1_BD_V60_17,82,4.1000000000000005,4.15,12.15788248
L1,L1_BD_V60_17,83,4.15,4.2,12.15788248
L1,L1_BD_V60_17,84,4.2,4.25,12.15788248
L1,L1_BD_V60_17,85,4.25,4.3,12.15788248
L1,L1_BD_V60_17,86,4.3,4.3500000000000005,12.15788248
L1,L1_BD_V60_17,87,4.3500000000000005,4.4,12.15788248
L1,L1_BD_V60_17,88,4.4,4.45,12.15788248
L1,L1_BD_V60_17,89,4.45,4.5,12.15788248
L1,L1_BD_V60_17,90,4.5,4.55,12.15788248
L1,L1_BD_V60_17,91,4.55,4.6000000000000005,12.15788248
L1,L1_BD_V60_17,92,4.6000000000000005,4.65,12.15788248
L1,L1_BD_V60_17,93,4.65,4.7,12.15788248
L1,L1_BD_V60_17,94,4.7,4.75,12.15788248
L1,L1_BD_V60_17,95,4.75,4.800000000000001,12.15788248
L1,L1_BD_V60_17,96,4.800000000000001,4.8500000000000005,12.15788248
L1,L1_BD_V60_17,97,4.8500000000000005,4.9,12.15788248
L1,L1_BD_V60_17,98,4.9,4.95,12.15788248
L1,L1_BD_V60_17,99,4.95,5.0,12.15788248
L1,L1_BD_V60_17,100,5.0,5.050000000000001,12.15788248
L1,L1_BD_V60_17,101,5.050000000000001,5.1000000000000005,12.15788248
L1,L1_BD_V60_17,102,5.1000000000000005,5.15,12.15788248
L1,L1_BD_V60_17,103,5.15,5.2,12.15788248
L1,L1_BD_V60_17,104,5.2,5.25,12.15788248
L1,L1_BD_V60_17,105,5.25,5.300000000000001,12.15788248
L1,L1_BD_V60_17,106,5.300000000000001,5.3500000000000005,12.15788248
L1,L1_BD_V60_17,107,5.3500000000000005,5.4,12.15788248
L1,L1_BD_V60_17,108,5.4,5.45,12.15788248
L1,L1_BD_V60_17,109,5.45,5.5,12.15788248
L1,L1_BD_V60_17,110,5.5,5.550000000000001,12.15788248
L1,L1_BD_V60_17,111,5.550000000000001,5.6000000000000005,12.15788248
L1,L1_BD_V60_17,112,5.6000000000000005,5.65,12.15788248
L1,L1_BD_V60_17,113,5.65,5.7,12.15788248
L1,L1_BD_V60_17,114,5.7,5.75,12.15788248
L1,L1_BD_V60_17,115,5.75,5.800000000000001,12.15788248
L1,L1_BD_V60_17,116,5.800000000000001,5.8500000000000005,12.15788248
L1,L1_BD_V60_17,117,5.8500000000000005,5.9,12.15788248
L1,L1_BD_V60_17,118,5.9,5.95,12.15788248
L1,L1_BD_V60_17,119,5.95,6.0,12.15788248
L1,L1_BD_V60_17,120,6.0,6.050000000000001,12.15788248
L1,L1_BD_V60_17,121,6.050000000000001,6.1000000000000005,12.15788248
L1,L1_BD_V60_17,122,6.1000000000000005,6.15,12.15788248
L1,L1_BD_V60_17,123,6.15,6.2,12.15788248
L1,L1_BD_V60_17,124,6.2,6.25,12.15788248
L1,L1_BD_V60_17,125,6.25,6.300000000000001,12.15788248
L1,L1_BD_V60_17,126,6.300000000000001,6.3500000000000005,15.58702882
L1,L1_BD_V60_17,127,6.3500000000000005,6.4,15.58702882
L1,L1_BD_V60_17,128,6.4,6.45,15.27528824
L1,L1_BD_V60_17,129,6.45,6.5,14.96354766
L1,L1_BD_V60_17,130,6.5,6.550000000000001,14.6518071
L1,L1_BD_V60_17,131,6.550000000000001,6.6000000000000005,14.34006652
L1,L1_BD_V60_17,132,6.6000000000000005,6.65,14.02832594
L1,L1_BD_V60_17,133,6.65,6.7,13.71658536
L1,L1_BD_V60_17,134,6.7,6.75,13.40484478
L1,L1_BD_V60_17,135,6.75,6.800000000000001,13.0931042
L1,L1_BD_V60_17,136,6.800000000000001,6.8500000000000005,12.78136364
L1,L1_BD_V60_17,137,6.8500000000000005,6.9,12.46962306
L1,L1_BD_V60_17,138,6.9,6.95,12.15788248
L1,L1_BD_V60_17,139,6.95,7.0,11.8461419
L1,L1_BD_V60_17,140,7.0,7.050000000000001,11.53440132
L1,L1_BD_V60_17,141,7.050000000000001,7.1000000000000005,11.22266076
L1,L1_BD_V60_17,142,7.1000000000000005,7.15,10.91092018
L1,L1_BD_V60_17,143,7.15,7.2,10.5991796
L1,L1_BD_V60_17,144,7.2,7.25,10.28743902
L1,L1_BD_V60_17,145,7.25,7.300000000000001,9.97569844
L1,L1_BD_V60_17,146,7.300000000000001,7.3500000000000005,9.66395786
L1,L1_BD_V60_17,147,7.3500000000000005,7.4,9.3522173
L1,L1_BD_V60_17,148,7.4,7.45,9.04047672
L1,L1_BD_V60_17,149,7.45,7.5,8.72873614
L1,L1_BD_V60_17,150,7.5,7.550000000000001,8.41699556
L1,L1_BD_V60_17,151,7.550000000000001,7.6000000000000005,8.10525498
L1,L1_BD_V60_17,152,7.6000000000000005,7.65,7.79351442
L1,L1_BD_V60_17,153,7.65,7.7,7.48177384
L1,L1_BD_V60_17,154,7.7,7.75,7.17003326
L1,L1_BD_V60_17,155,7.75,7.800000000000001,6.85829268
L1,L1_BD_V60_17,156,7.800000000000001,7.8500000000000005,6.5465521
L1,L1_BD_V60_17,157,7.8500000000000005,7.9,6.23481152
L1,L1_BD_V60_17,158,7.9,7.95,5.92307096
L1,L1_BD_V60_17,159,7.95,8.0,5.61133038
L1,L1_BD_V60_17,160,8.0,8.05,5.2995898
L1,L1_BD_V60_17,161,8.05,8.1,4.98784922
L1,L1_BD_V60_17,162,8.1,8.15,4.67610864
L1,L1_BD_V60_17,163,8.15,8.200000000000001,4.36436806
L1,L1_BD_V60_17,164,8.200000000000001,8.25,4.0526275
L1,L1_BD_V60_17,165,8.25,8.3,3.74088692
L1,L1_BD_V60_17,166,8.3,8.35,3.42914634
L1,L1_BD_V60_17,167,8.35,8.4,3.11740576
L1,L1_BD_V60_17,168,8.4,8.450000000000001,2.80566518
L1,L1_BD_V60_17,169,8.450000000000001,8.5,2.49392462
L1,L1_BD_V60_17,170,8.5,8.55,2.18218404
L1,L1_BD_V60_17,171,8.55,8.6,1.87044346
L1,L1_BD_V60_17,172,8.6,8.65,1.55870288
L1,L1_BD_V60_17,173,8.65,8.700000000000001,1.2469623
L1,L1_BD_V60_17,174,8.700000000000001,8.75,0.93522172
L1,L1_BD_V60_17,175,8.75,8.8,0.62348116
L1,L1_BD_V60_17,176,8.8,8.85,0.31174058
L1,L1_BD_V60_17,177,8.85,8.9,0.3114675
L1,L1_BD_V60_11,0,0.0,0.05,0.3114675
L1,L1_BD_V60_11,1,0.05,0.1,0.622935
L1,L1_BD_V60_11,2,0.1,0.15000000000000002,0.9344025
L1,L1_BD_V60_11,3,0.15000000000000002,0.2,1.24587
L1,L1_BD_V60_11,4,0.2,0.25,1.5573375
L1,L1_BD_V60_11,5,0.25,0.30000000000000004,1.868805
L1,L1_BD_V60_11,6,0.30000000000000004,0.35000000000000003,2.1802725
L1,L1_BD_V60_11,7,0.35000000000000003,0.4,2.49174
L1,L1_BD_V60_11,8,0.4,0.45,2.8032075
L1,L1_BD_V60_11,9,0.45,0.5,3.114675
L1,L1_BD_V60_11,10,0.5,0.55,3.4261425
L1,L1_BD_V60_11,11,0.55,0.6000000000000001,3.73761
L1,L1_BD_V60_11,12,0.6000000000000001,0.65,4.0490775
L1,L1_BD_V60_11,13,0.65,0.7000000000000001,4.360545
L1,L1_BD_V60_11,14,0.7000000000000001,0.75,4.6720125
L1,L1_BD_V60_11,15,0.75,0.8,4.98348
L1,L1_BD_V60_11,16,0.8,0.8500000000000001,5.2949475
L1,L1_BD_V60_11,17,0.8500000000000001,0.9,5.606415
L1,L1_BD_V60_11,18,0.9,0.9500000000000001,5.9178825
L1,L1_BD_V60_11,19,0.9500000000000001,1.0,6.22935
L1,L1_BD_V60_11,20,1.0,1.05,6.5408175
L1,L1_BD_V60_11,21,1.05,1.1,6.852285
L1,L1_BD_V60_11,22,1.1,1.1500000000000001,7.1637525
L1,L1_BD_V60_11,23,1.1500000000000001,1.2000000000000002,7.47522
L1,L1_BD_V60_11,24,1.2000000000000002,1.25,7.7866875
L1,L1_BD_V60_11,25,1.25,1.3,8.098155
L1,L1_BD_V60_11,26,1.3,1.35,8.4096225
L1,L1_BD_V60_11,27,1.35,1.4000000000000001,8.72109
L1,L1_BD_V60_11,28,1.4000000000000001,1.4500000000000002,9.0325575
L1,L1_BD_V60_11,29,1.4500000000000002,1.5,9.344025
L1,L1_BD_V60_11,30,1.5,1.55,9.6554925
L1,L1_BD_V60_11,31,1.55,1.6,9.96696
L1,L1_BD_V60_11,32,1.6,1.6500000000000001,10.2784275
L1,L1_BD_V60_11,33,1.6500000000000001,1.7000000000000002,10.589895
L1,L1_BD_V60_11,34,1.7000000000000002,1.75,10.9013625
L1,L1_BD_V60_11,35,1.75,1.8,11.21283
L1,L1_BD_V60_11,36,1.8,1.85,11.5242975
L1,L1_BD_V60_11,37,1.85,1.9000000000000001,11.835765
L1,L1_BD_V60_11,38,1.9000000000000001,1.9500000000000002,12.1472325
L1,L1_BD_V60_11,39,1.9500000000000002,2.0,12.4587
L1,L1_BD_V60_11,40,2.0,2.0500000000000003,12.7701675
L1,L1_BD_V60_11,41,2.0500000000000003,2.1,13.081635
L1,L1_BD_V60_11,42,2.1,2.15,13.3931025
L1,L1_BD_V60_11,43,2.15,2.2,13.70457
L1,L1_BD_V60_11,44,2.2,2.25,14.0160375
L1,L1_BD_V60_11,45,2.25,2.3000000000000003,14.327505
L1,L1_BD_V60_11,46,2.3000000000000003,2.35,14.6389725
L1,L1_BD_V60_11,47,2.35,2.4000000000000004,14.95044
L1,L1_BD_V60_11,48,2.4000000000000004,2.45,15.2619075
L1,L1_BD_V60_11,49,2.45,2.5,15.573375
L1,L1_BD_V60_11,50,2.5,2.5500000000000003,15.573375
L1,L1_BD_V60_11,51,2.5500000000000003,2.6,15.2619075
L1,L1_BD_V60_11,52,2.6,2.6500000000000004,14.95044
L1,L1_BD_V60_11,53,2.6500000000000004,2.7,14.6389725
L1,L1_BD_V60_11,54,2.7,2.75,14.327505
L1,L1_BD_V60_11,55,2.75,2.8000000000000003,14.0160375
L1,L1_BD_V60_11,56,2.8000000000000003,2.85,13.70457
L1,L1_BD_V60_11,57,2.85,2.9000000000000004,13.3931025
L1,L1_BD_V60_11,58,2.9000000000000004,2.95,13.081635
L1,L1_BD_V60_11,59,2.95,3.0,12.7701675
L1,L1_BD_V60_11,60,3.0,3.0500000000000003,12.4587
L1,L1_BD_V60_11,61,3.0500000000000003,3.1,12.1472325
L1,L1_BD_V60_11,62,3.1,3.1500000000000004,11.835765
L1,L1_BD_V60_11,63,3.1500000000000004,3.2,11.5242975
L1,L1_BD_V60_11,64,3.2,3.25,11.21283
L1,L1_BD_V60_11,65,3.25,3.3000000000000003,10.9013625
L1,L1_BD_V60_11,66,3.3000000000000003,3.35,10.589895
L1,L1_BD_V60_11,67,3.35,3.4000000000000004,10.2784275
L1,L1_BD_V60_11,68,3.4000000000000004,3.45,9.96696
L1,L1_BD_V60_11,69,3.45,3.5,9.6554925
L1,L1_BD_V60_11,70,3.5,3.5500000000000003,9.344025
L1,L1_BD_V60_11,71,3.5500000000000003,3.6,9.0325575
L1,L1_BD_V60_11,72,3.6,3.6500000000000004,8.72109
L1,L1_BD_V60_11,73,3.6500000000000004,3.7,8.4096225
L1,L1_BD_V60_11,74,3.7,3.75,8.098155
L1,L1_BD_V60_11,75,3.75,3.8000000000000003,7.7866875
L1,L1_BD_V60_11,76,3.8000000000000003,3.85,7.47522
L1,L1_BD_V60_11,77,3.85,3.9000000000000004,7.1637525
L1,L1_BD_V60_11,78,3.9000000000000004,3.95,6.852285
L1,L1_BD_V60_11,79,3.95,4.0,6.5408175
L1,L1_BD_V60_11,80,4.0,4.05,6.22935
L1,L1_BD_V60_11,81,4.05,4.1000000000000005,5.9178825
L1,L1_BD_V60_11,82,4.1000000000000005,4.15,5.606415
L1,L1_BD_V60_11,83,4.15,4.2,5.2949475
L1,L1_BD_V60_11,84,4.2,4.25,4.98348
L1,L1_BD_V60_11,85,4.25,4.3,4.6720125
L1,L1_BD_V60_11,86,4.3,4.3500000000000005,4.360545
L1,L1_BD_V60_11,87,4.3500000000000005,4.4,4.0490775
L1,L1_BD_V60_11,88,4.4,4.45,3.73761
L1,L1_BD_V60_11,89,4.45,4.5,3.4261425
L1,L1_BD_V60_11,90,4.5,4.55,3.114675
L1,L1_BD_V60_11,91,4.55,4.6000000000000005,2.8032075
L1,L1_BD_V60_11,92,4.6000000000000005,4.65,2.49174
L1,L1_BD_V60_11,93,4.65,4.7,2.1802725
L1,L1_BD_V60_11,94,4.7,4.75,1.868805
L1,L1_BD_V60_11,95,4.75,4.800000000000001,1.5573375
L1,L1_BD_V60_11,96,4.800000000000001,4.8500000000000005,1.24587
L1,L1_BD_V60_11,97,4.8500000000000005,4.9,0.9344025
L1,L1_BD_V60_11,98,4.9,4.95,0.622935
L1,L1_BD_V60_11,99,4.95,5.0,0.3114675
L1,L1_BD_V60_18,0,0.0,0.05,0.3114675
L1,L1_BD_V60_18,1,0.05,0.1,0.622935
L1,L1_BD_V60_18,2,0.1,0.15000000000000002,0.9344025
L1,L1_BD_V60_18,3,0.15000000000000002,0.2,1.24587
L1,L1_BD_V60_18,4,0.2,0.25,1.5573375
L1,L1_BD_V60_18,5,0.25,0.30000000000000004,1.868805
L1,L1_BD_V60_18,6,0.30000000000000004,0.35000000000000003,2.1802725
L1,L1_BD_V60_18,7,0.35000000000000003,0.4,2.49174
L1,L1_BD_V60_18,8,0.4,0.45,2.8032075
L1,L1_BD_V60_18,9,0.45,0.5,3.114675
L1,L1_BD_V60_18,10,0.5,0.55,3.4261425
L1,L1_BD_V60_18,11,0.55,0.6000000000000001,3.73761
L1,L1_BD_V60_18,12,0.6000000000000001,0.65,4.0490775
L1,L1_BD_V60_18,13,0.65,0.7000000000000001,4.360545
L1,L1_BD_V60_18,14,0.7000000000000001,0.75,4.6720125
L1,L1_BD_V60_18,15,0.75,0.8,4.98348
L1,L1_BD_V60_18,16,0.8,0.8500000000000001,5.2949475
L1,L1_BD_V60_18,17,0.8500000000000001,0.9,5.606415
L1,L1_BD_V60_18,18,0.9,0.9500000000000001,5.9178825
L1,L1_BD_V60_18,19,0.9500000000000001,1.0,6.22935
L1,L1_BD_V60_18,20,1.0,1.05,6.5408175
L1,L1_BD_V60_18,21,1.05,1.1,6.852285
L1,L1_BD_V60_18,22,1.1,1.1500000000000001,7.1637525
L1,L1_BD_V60_18,23,1.1500000000000001,1.2000000000000002,7.47522
L1,L1_BD_V60_18,24,1.2000000000000002,1.25,7.7866875
L1,L1_BD_V60_18,25,1.25,1.3,8.098155
L1,L1_BD_V60_18,26,1.3,1.35,8.4096225
L1,L1_BD_V60_18,27,1.35,1.4000000000000001,8.72109
L1,L1_BD_V60_18,28,1.4000000000000001,1.4500000000000002,9.0325575
L1,L1_BD_V60_18,29,1.4500000000000002,1.5,9.344025
L1,L1_BD_V60_18,30,1.5,1.55,9.6554925
L1,L1_BD_V60_18,31,1.55,1.6,9.96696
L1,L1_BD_V60_18,32,1.6,1.6500000000000001,10.2784275
L1,L1_BD_V60_18,33,1.6500000000000001,1.7000000000000002,10.589895
L1,L1_BD_V60_18,34,1.7000000000000002,1.75,10.9013625
L1,L1_BD_V60_18,35,1.75,1.8,11.21283
L1,L1_BD_V60_18,36,1.8,1.85,11.5242975
L1,L1_BD_V60_18,37,1.85,1.9000000000000001,11.835765
L1,L1_BD_V60_18,38,1.9000000000000001,1.9500000000000002,12.1472325
L1,L1_BD_V60_18,39,1.9500000000000002,2.0,12.4587
L1,L1_BD_V60_18,40,2.0,2.0500000000000003,12.7701675
L1,L1_BD_V60_18,41,2.0500000000000003,2.1,13.081635
L1,L1_BD_V60_18,42,2.1,2.15,13.3931025
L1,L1_BD_V60_18,43,2.15,2.2,13.70457
L1,L1_BD_V60_18,44,2.2,2.25,14.0160375
L1,L1_BD_V60_18,45,2.25,2.3000000000000003,14.327505
L1,L1_BD_V60_18,46,2.3000000000000003,2.35,14.6389725
L1,L1_BD_V60_18,47,2.35,2.4000000000000004,14.95044
L1,L1_BD_V60_18,48,2.4000000000000004,2.45,15.2619075
L1,L1_BD_V60_18,49,2.45,2.5,15.573375
L1,L1_BD_V60_18,50,2.5,2.5500000000000003,15.573375
L1,L1_BD_V60_18,51,2.5500000000000003,2.6,15.573375
L1,L1_BD_V60_18,52,2.6,2.6500000000000004,15.573375
L1,L1_BD_V60_18,53,2.6500000000000004,2.7,15.573375
L1,L1_BD_V60_18,54,2.7,2.75,15.573375
L1,L1_BD_V60_18,55,2.75,2.8000000000000003,15.573375
L1,L1_BD_V60_18,56,2.8000000000000003,2.85,15.573375
L1,L1_BD_V60_18,57,2.85,2.9000000000000004,15.573375
L1,L1_BD_V60_18,58,2.9000000000000004,2.95,15.573375
L1,L1_BD_V60_18,59,2.95,3.0,15.573375
L1,L1_BD_V60_18,60,3.0,3.0500000000000003,15.573375
L1,L1_BD_V60_18,61,3.0500000000000003,3.1,15.573375
L1,L1_BD_V60_18,62,3.1,3.1500000000000004,15.573375
L1,L1_BD_V60_18,63,3.1500000000000004,3.2,15.573375
L1,L1_BD_V60_18,64,3.2,3.25,15.573375
L1,L1_BD_V60_18,65,3.25,3.3000000000000003,15.573375
L1,L1_BD_V60_18,66,3.3000000000000003,3.35,15.573375
L1,L1_BD_V60_18,67,3.35,3.4000000000000004,15.573375
L1,L1_BD_V60_18,68,3.4000000000000004,3.45,15.573375
L1,L1_BD_V60_18,69,3.45,3.5,15.573375
L1,L1_BD_V60_18,70,3.5,3.5500000000000003,15.573375
L1,L1_BD_V60_18,71,3.5500000000000003,3.6,15.573375
L1,L1_BD_V60_18,72,3.6,3.6500000000000004,15.573375
L1,L1_BD_V60_18,73,3.6500000000000004,3.7,15.573375
L1,L1_BD_V60_18,74,3.7,3.75,15.573375
L1,L1_BD_V60_18,75,3.75,3.8000000000000003,15.573375
L1,L1_BD_V60_18,76,3.8000000000000003,3.85,15.573375
L1,L1_BD_V60_18,77,3.85,3.9000000000000004,15.573375
L1,L1_BD_V60_18,78,3.9000000000000004,3.95,15.573375
L1,L1_BD_V60_18,79,3.95,4.0,15.573375
L1,L1_BD_V60_18,80,4.0,4.05,15.573375
L1,L1_BD_V60_18,81,4.05,4.1000000000000005,15.573375
L1,L1_BD_V60_18,82,4.1000000000000005,4.15,15.573375
L1,L1_BD_V60_18,83,4.15,4.2,15.573375
L1,L1_BD_V60_18,84,4.2,4.25,15.573375
L1,L1_BD_V60_18,85,4.25,4.3,15.573375
L1,L1_BD_V60_18,86,4.3,4.3500000000000005,15.573375
L1,L1_BD_V60_18,87,4.3500000000000005,4.4,15.573375
L1,L1_BD_V60_18,88,4.4,4.45,15.573375
L1,L1_BD_V60_18,89,4.45,4.5,15.573375
L1,L1_BD_V60_18,90,4.5,4.55,15.573375
L1,L1_BD_V60_18,91,4.55,4.6000000000000005,15.573375
L1,L1_BD_V60_18,92,4.6000000000000005,4.65,15.573375
L1,L1_BD_V60_18,93,4.65,4.7,15.573375
L1,L1_BD_V60_18,94,4.7,4.75,15.573375
L1,L1_BD_V60_18,95,4.75,4.800000000000001,15.2619075
L1,L1_BD_V60_18,96,4.800000000000001,4.8500000000000005,14.95044
L1,L1_BD_V60_18,97,4.8500000000000005,4.9,14.6389725
L1,L1_BD_V60_18,98,4.9,4.95,14.327505
L1,L1_BD_V60_18,99,4.95,5.0,14.0160375
L1,L1_BD_V60_18,100,5.0,5.050000000000001,13.70457
L1,L1_BD_V60_18,101,5.050000000000001,5.1000000000000005,13.3931025
L1,L1_BD_V60_18,102,5.1000000000000005,5.15,13.081635
L1,L1_BD_V60_18,103,5.15,5.2,12.7701675
L1,L1_BD_V60_18,104,5.2,5.25,12.4587
L1,L1_BD_V60_18,105,5.25,5.300000000000001,12.1472325
L1,L1_BD_V60_18,106,5.300000000000001,5.3500000000000005,11.835765
L1,L1_BD_V60_18,107,5.3500000000000005,5.4,11.5242975
L1,L1_BD_V60_18,108,5.4,5.45,11.21283
L1,L1_BD_V60_18,109,5.45,5.5,10.9013625
L1,L1_BD_V60_18,110,5.5,5.550000000000001,10.589895
L1,L1_BD_V60_18,111,5.550000000000001,5.6000000000000005,10.2784275
L1,L1_BD_V60_18,112,5.6000000000000005,5.65,9.96696
L1,L1_BD_V60_18,113,5.65,5.7,9.6554925
L1,L1_BD_V60_18,114,5.7,5.75,9.344025
L1,L1_BD_V60_18,115,5.75,5.800000000000001,9.0325575
L1,L1_BD_V60_18,116,5.800000000000001,5.8500000000000005,8.72109
L1,L1_BD_V60_18,117,5.8500000000000005,5.9,8.4096225
L1,L1_BD_V60_18,118,5.9,5.95,8.098155
L1,L1_BD_V60_18,119,5.95,6.0,7.7866875
L1,L1_BD_V60_18,120,6.0,6.050000000000001,7.47522
L1,L1_BD_V60_18,121,6.050000000000001,6.1000000000000005,7.1637525
L1,L1_BD_V60_18,122,6.1000000000000005,6.15,6.852285
L1,L1_BD_V60_18,123,6.15,6.2,6.5408175
L1,L1_BD_V60_18,124,6.2,6.25,6.22935
L1,L1_BD_V60_18,125,6.25,6.300000000000001,5.9178825
L1,L1_BD_V60_18,126,6.300000000000001,6.3500000000000005,5.606415
L1,L1_BD_V60_18,127,6.3500000000000005,6.4,5.2949475
L1,L1_BD_V60_18,128,6.4,6.45,4.98348
L1,L1_BD_V60_18,129,6.45,6.5,4.6720125
L1,L1_BD_V60_18,130,6.5,6.550000000000001,4.360545
L1,L1_BD_V60_18,131,6.550000000000001,6.6000000000000005,4.0490775
L1,L1_BD_V60_18,132,6.6000000000000005,6.65,3.73761
L1,L1_BD_V60_18,133,6.65,6.7,3.4261425
L1,L1_BD_V60_18,134,6.7,6.75,3.114675
L1,L1_BD_V60_18,135,6.75,6.800000000000001,2.8032075
L1,L1_BD_V60_18,136,6.800000000000001,6.8500000000000005,2.49174
L1,L1_BD_V60_18,137,6.8500000000000005,6.9,2.1802725
L1,L1_BD_V60_18,138,6.9,6.95,1.868805
L1,L1_BD_V60_18,139,6.95,7.0,1.5573375
L1,L1_BD_V60_18,140,7.0,7.050000000000001,1.24587
L1,L1_BD_V60_18,141,7.050000000000001,7.1000000000000005,0.9344025
L1,L1_BD_V60_18,142,7.1000000000000005,7.15,0.622935
L1,L1_BD_V60_18,143,7.15,7.2,0.3114675
L1,L1_BD_V60_04,0,0.0,0.05,0.0
L1,L1_BD_V60_04,1,0.05,0.1,0.31174058
L1,L1_BD_V60_04,2,0.1,0.15000000000000002,0.62348114
L1,L1_BD_V60_04,3,0.15000000000000002,0.2,1.2469623
L1,L1_BD_V60_04,4,0.2,0.25,1.55870286
L1,L1_BD_V60_04,5,0.25,0.30000000000000004,1.87044344
L1,L1_BD_V60_04,6,0.30000000000000004,0.35000000000000003,2.18218402
L1,L1_BD_V60_04,7,0.35000000000000003,0.4,2.49392458
L1,L1_BD_V60_04,8,0.4,0.45,2.80566516
L1,L1_BD_V60_04,9,0.45,0.5,3.11740574
L1,L1_BD_V60_04,10,0.5,0.55,3.4291463
L1,L1_BD_V60_04,11,0.55,0.6000000000000001,3.74088688
L1,L1_BD_V60_04,12,0.6000000000000001,0.65,4.05262746
L1,L1_BD_V60_04,13,0.65,0.7000000000000001,4.36436802
L1,L1_BD_V60_04,14,0.7000000000000001,0.75,4.6761086
L1,L1_BD_V60_04,15,0.75,0.8,4.98784918
L1,L1_BD_V60_04,16,0.8,0.8500000000000001,5.29958976
L1,L1_BD_V60_04,17,0.8500000000000001,0.9,5.61133032
L1,L1_BD_V60_04,18,0.9,0.9500000000000001,5.9230709
L1,L1_BD_V60_04,19,0.9500000000000001,1.0,6.23481148
L1,L1_BD_V60_04,20,1.0,1.05,6.54655204
L1,L1_BD_V60_04,21,1.05,1.1,6.85829262
L1,L1_BD_V60_04,22,1.1,1.1500000000000001,7.1700332
L1,L1_BD_V60_04,23,1.1500000000000001,1.2000000000000002,7.48177376
L1,L1_BD_V60_04,24,1.2000000000000002,1.25,7.79351434
L1,L1_BD_V60_04,25,1.25,1.3,8.10525492
L1,L1_BD_V60_04,26,1.3,1.35,8.41699548
L1,L1_BD_V60_04,27,1.35,1.4000000000000001,8.72873606
L1,L1_BD_V60_04,28,1.4000000000000001,1.4500000000000002,9.04047664
L1,L1_BD_V60_04,29,1.4500000000000002,1.5,9.3522172
L1,L1_BD_V60_04,30,1.5,1.55,9.66395778
L1,L1_BD_V60_04,31,1.55,1.6,9.97569836
L1,L1_BD_V60_04,32,1.6,1.6500000000000001,10.28743892
L1,L1_BD_V60_04,33,1.6500000000000001,1.7000000000000002,10.5991795
L1,L1_BD_V60_04,34,1.7000000000000002,1.75,10.91092008
L1,L1_BD_V60_04,35,1.75,1.8,11.22266064
L1,L1_BD_V60_04,36,1.8,1.85,11.53440122
L1,L1_BD_V60_04,37,1.85,1.9000000000000001,11.8461418
L1,L1_BD_V60_04,38,1.9000000000000001,1.9500000000000002,12.15788236
L1,L1_BD_V60_04,39,1.9500000000000002,2.0,12.46962294
L1,L1_BD_V60_04,40,2.0,2.0500000000000003,12.78136352
L1,L1_BD_V60_04,41,2.0500000000000003,2.1,13.09310408
L1,L1_BD_V60_04,42,2.1,2.15,13.40484466
L1,L1_BD_V60_04,43,2.15,2.2,13.71658524
L1,L1_BD_V60_04,44,2.2,2.25,14.0283258
L1,L1_BD_V60_04,45,2.25,2.3000000000000003,14.34006638
L1,L1_BD_V60_04,46,2.3000000000000003,2.35,14.65180696
L1,L1_BD_V60_04,47,2.35,2.4000000000000004,14.96354754
L1,L1_BD_V60_04,48,2.4000000000000004,2.45,15.2752881
L1,L1_BD_V60_04,49,2.45,2.5,15.58702868
L1,L1_BD_V60_04,50,2.5,2.5500000000000003,15.2752881
L1,L1_BD_V60_04,51,2.5500000000000003,2.6,14.96354754
L1,L1_BD_V60_04,52,2.6,2.6500000000000004,14.65180696
L1,L1_BD_V60_04,53,2.6500000000000004,2.7,14.34006638
L1,L1_BD_V60_04,54,2.7,2.75,14.0283258
L1,L1_BD_V60_04,55,2.75,2.8000000000000003,13.71658524
L1,L1_BD_V60_04,56,2.8000000000000003,2.85,13.40484466
L1,L1_BD_V60_04,57,2.85,2.9000000000000004,13.09310408
L1,L1_BD_V60_04,58,2.9000000000000004,2.95,12.78136352
L1,L1_BD_V60_04,59,2.95,3.0,12.46962294
L1,L1_BD_V60_04,60,3.0,3.0500000000000003,12.15788236
L1,L1_BD_V60_04,61,3.0500000000000003,3.1,11.8461418
L1,L1_BD_V60_04,62,3.1,3.1500000000000004,11.53440122
L1,L1_BD_V60_04,63,3.1500000000000004,3.2,11.22266064
L1,L1_BD_V60_04,64,3.2,3.25,10.91092008
L1,L1_BD_V60_04,65,3.25,3.3000000000000003,10.5991795
L1,L1_BD_V60_04,66,3.3000000000000003,3.35,10.28743892
L1,L1_BD_V60_04,67,3.35,3.4000000000000004,9.97569836
L1,L1_BD_V60_04,68,3.4000000000000004,3.45,9.66395778
L1,L1_BD_V60_04,69,3.45,3.5,9.3522172
L1,L1_BD_V60_04,70,3.5,3.5500000000000003,9.04047664
L1,L1_BD_V60_04,71,3.5500000000000003,3.6,8.72873606
L1,L1_BD_V60_04,72,3.6,3.6500000000000004,8.41699548
L1,L1_BD_V60_04,73,3.6500000000000004,3.7,8.10525492
L1,L1_BD_V60_04,74,3.7,3.75,7.79351434
L1,L1_BD_V60_04,75,3.75,3.8000000000000003,7.48177376
L1,L1_BD_V60_04,76,3.8000000000000003,3.85,7.1700332
L1,L1_BD_V60_04,77,3.85,3.9000000000000004,6.85829262
L1,L1_BD_V60_04,78,3.9000000000000004,3.95,6.54655204
L1,L1_BD_V60_04,79,3.95,4.0,6.23481148
L1,L1_BD_V60_04,80,4.0,4.05,5.9230709
L1,L1_BD_V60_04,81,4.05,4.1000000000000005,5.61133032
L1,L1_BD_V60_04,82,4.1000000000000005,4.15,5.29958976
L1,L1_BD_V60_04,83,4.15,4.2,4.98784918
L1,L1_BD_V60_04,84,4.2,4.25,4.6761086
L1,L1_BD_V60_04,85,4.25,4.3,4.36436802
L1,L1_BD_V60_04,86,4.3,4.3500000000000005,4.05262746
L1,L1_BD_V60_04,87,4.3500000000000005,4.4,3.74088688
L1,L1_BD_V60_04,88,4.4,4.45,3.4291463
L1,L1_BD_V60_04,89,4.45,4.5,3.11740574
L1,L1_BD_V60_04,90,4.5,4.55,2.80566516
L1,L1_BD_V60_04,91,4.55,4.6000000000000005,2.49392458
L1,L1_BD_V60_04,92,4.6000000000000005,4.65,2.18218402
L1,L1_BD_V60_04,93,4.65,4.7,1.87044344
L1,L1_BD_V60_04,94,4.7,4.75,1.55870286
L1,L1_BD_V60_04,95,4.75,4.800000000000001,1.2469623
L1,L1_BD_V60_04,96,4.800000000000001,4.8500000000000005,0.93522172
L1,L1_BD_V60_04,97,4.8500000000000005,4.9,0.62348114
L1,L1_BD_V60_04,98,4.9,4.95,0.31174058
L1,L1_BD_V60_08,0,0.0,0.05,0.3117406
L1,L1_BD_V60_08,1,0.05,0.1,0.3114675
L1,L1_BD_V60_08,2,0.1,0.15000000000000002,0.622935
L1,L1_BD_V60_08,3,0.15000000000000002,0.2,0.9344025
L1,L1_BD_V60_08,4,0.2,0.25,1.24587
L1,L1_BD_V60_08,5,0.25,0.30000000000000004,1.5573375
L1,L1_BD_V60_08,6,0.30000000000000004,0.35000000000000003,1.868805
L1,L1_BD_V60_08,7,0.35000000000000003,0.4,2.1802725
L1,L1_BD_V60_08,8,0.4,0.45,2.49174
L1,L1_BD_V60_08,9,0.45,0.5,2.8032075
L1,L1_BD_V60_08,10,0.5,0.55,3.114675
L1,L1_BD_V60_08,11,0.55,0.6000000000000001,3.4261425
L1,L1_BD_V60_08,12,0.6000000000000001,0.65,3.73761
L1,L1_BD_V60_08,13,0.65,0.7000000000000001,4.0490775
L1,L1_BD_V60_08,14,0.7000000000000001,0.75,4.360545
L1,L1_BD_V60_08,15,0.75,0.8,4.6720125
L1,L1_BD_V60_08,16,0.8,0.8500000000000001,4.98348
L1,L1_BD_V60_08,17,0.8500000000000001,0.9,5.2949475
L1,L1_BD_V60_08,18,0.9,0.9500000000000001,5.606415
L1,L1_BD_V60_08,19,0.9500000000000001,1.0,5.9178825
L1,L1_BD_V60_08,20,1.0,1.05,6.22935
L1,L1_BD_V60_08,21,1.05,1.1,6.5408175
L1,L1_BD_V60_08,22,1.1,1.1500000000000001,6.852285
L1,L1_BD_V60_08,23,1.1500000000000001,1.2000000000000002,7.1637525
L1,L1_BD_V60_08,24,1.2000000000000002,1.25,7.47522
L1,L1_BD_V60_08,25,1.25,1.3,7.7866875
L1,L1_BD_V60_08,26,1.3,1.35,8.098155
L1,L1_BD_V60_08,27,1.35,1.4000000000000001,8.4096225
L1,L1_BD_V60_08,28,1.4000000000000001,1.4500000000000002,8.72109
L1,L1_BD_V60_08,29,1.4500000000000002,1.5,9.0325575
L1,L1_BD_V60_08,30,1.5,1.55,9.344025
L1,L1_BD_V60_08,31,1.55,1.6,9.6554925
L1,L1_BD_V60_08,32,1.6,1.6500000000000001,9.96696
L1,L1_BD_V60_08,33,1.6500000000000001,1.7000000000000002,10.2784275
L1,L1_BD_V60_08,34,1.7000000000000002,1.75,10.589895
L1,L1_BD_V60_08,35,1.75,1.8,10.9013625
L1,L1_BD_V60_08,36,1.8,1.85,11.21283
L1,L1_BD_V60_08,37,1.85,1.9000000000000001,11.5242975
L1,L1_BD_V60_08,38,1.9000000000000001,1.9500000000000002,11.835765
L1,L1_BD_V60_08,39,1.9500000000000002,2.0,12.1472325
L1,L1_BD_V60_08,40,2.0,2.0500000000000003,12.4587
L1,L1_BD_V60_08,41,2.0500000000000003,2.1,12.7701675
L1,L1_BD_V60_08,42,2.1,2.15,13.081635
L1,L1_BD_V60_08,43,2.15,2.2,13.3931025
L1,L1_BD_V60_08,44,2.2,2.25,13.70457
L1,L1_BD_V60_08,45,2.25,2.3000000000000003,14.0160375
L1,L1_BD_V60_08,46,2.3000000000000003,2.35,14.327505
L1,L1_BD_V60_08,47,2.35,2.4000000000000004,14.6389725
L1,L1_BD_V60_08,48,2.4000000000000004,2.45,14.95044
L1,L1_BD_V60_08,49,2.45,2.5,15.2619075
L1,L1_BD_V60_08,50,2.5,2.5500000000000003,15.2619075
L1,L1_BD_V60_08,51,2.5500000000000003,2.6,14.95044
L1,L1_BD_V60_08,52,2.6,2.6500000000000004,14.6389725
L1,L1_BD_V60_08,53,2.6500000000000004,2.7,14.327505
L1,L1_BD_V60_08,54,2.7,2.75,14.0160375
L1,L1_BD_V60_08,55,2.75,2.8000000000000003,13.70457
L1,L1_BD_V60_08,56,2.8000000000000003,2.85,13.3931025
L1,L1_BD_V60_08,57,2.85,2.9000000000000004,13.081635
L1,L1_BD_V60_08,58,2.9000000000000004,2.95,12.7701675
L1,L1_BD_V60_08,59,2.95,3.0,12.4587
L1,L1_BD_V60_08,60,3.0,3.0500000000000003,12.1472325
L1,L1_BD_V60_08,61,3.0500000000000003,3.1,11.835765
L1,L1_BD_V60_08,62,3.1,3.1500000000000004,11.5242975
L1,L1_BD_V60_08,63,3.1500000000000004,3.2,11.21283
L1,L1_BD_V60_08,64,3.2,3.25,10.9013625
L1,L1_BD_V60_08,65,3.25,3.3000000000000003,10.589895
L1,L1_BD_V60_08,66,3.3000000000000003,3.35,10.2784275
L1,L1_BD_V60_08,67,3.35,3.4000000000000004,9.96696
L1,L1_BD_V60_08,68,3.4000000000000004,3.45,9.6554925
L1,L1_BD_V60_08,69,3.45,3.5,9.344025
L1,L1_BD_V60_08,70,3.5,3.5500000000000003,9.0325575
L1,L1_BD_V60_08,71,3.5500000000000003,3.6,8.72109
L1,L1_BD_V60_08,72,3.6,3.6500000000000004,8.4096225
L1,L1_BD_V60_08,73,3.6500000000000004,3.7,8.098155
L1,L1_BD_V60_08,74,3.7,3.75,7.7866875
L1,L1_BD_V60_08,75,3.75,3.8000000000000003,7.47522
L1,L1_BD_V60_08,76,3.8000000000000003,3.85,7.1637525
L1,L1_BD_V60_08,77,3.85,3.9000000000000004,6.852285
L1,L1_BD_V60_08,78,3.9000000000000004,3.95,6.5408175
L1,L1_BD_V60_08,79,3.95,4.0,6.22935
L1,L1_BD_V60_08,80,4.0,4.05,5.9178825
L1,L1_BD_V60_08,81,4.05,4.1000000000000005,5.606415
L1,L1_BD_V60_08,82,4.1000000000000005,4.15,5.2949475
L1,L1_BD_V60_08,83,4.15,4.2,4.98348
L1,L1_BD_V60_08,84,4.2,4.25,4.6720125
L1,L1_BD_V60_08,85,4.25,4.3,4.360545
L1,L1_BD_V60_08,86,4.3,4.3500000000000005,4.0490775
L1,L1_BD_V60_08,87,4.3500000000000005,4.4,3.73761
L1,L1_BD_V60_08,88,4.4,4.45,3.4261425
L1,L1_BD_V60_08,89,4.45,4.5,3.114675
L1,L1_BD_V60_08,90,4.5,4.55,2.8032075
L1,L1_BD_V60_08,91,4.55,4.6000000000000005,2.49174
L1,L1_BD_V60_08,92,4.6000000000000005,4.65,2.1802725
L1,L1_BD_V60_08,93,4.65,4.7,1.868805
L1,L1_BD_V60_08,94,4.7,4.75,1.5573375
L1,L1_BD_V60_08,95,4.75,4.800000000000001,1.24587
L1,L1_BD_V60_08,96,4.800000000000001,4.8500000000000005,0.9344025
L1,L1_BD_V60_08,97,4.8500000000000005,4.9,0.622935
L1,L1_BD_V60_08,98,4.9,4.95,0.3114675
L1,L1_BD_V60_12,0,0.0,0.05,0.3114675
L1,L1_BD_V60_12,1,0.05,0.1,0.622935
L1,L1_BD_V60_12,2,0.1,0.15000000000000002,0.9344025
L1,L1_BD_V60_12,3,0.15000000000000002,0.2,1.24587
L1,L1_BD_V60_12,4,0.2,0.25,1.5573375
L1,L1_BD_V60_12,5,0.25,0.30000000000000004,1.868805
L1,L1_BD_V60_12,6,0.30000000000000004,0.35000000000000003,2.1802725
L1,L1_BD_V60_12,7,0.35000000000000003,0.4,2.49174
L1,L1_BD_V60_12,8,0.4,0.45,2.8032075
L1,L1_BD_V60_12,9,0.45,0.5,3.114675
L1,L1_BD_V60_12,10,0.5,0.55,3.4261425
L1,L1_BD_V60_12,11,0.55,0.6000000000000001,3.73761
L1,L1_BD_V60_12,12,0.6000000000000001,0.65,4.0490775
L1,L1_BD_V60_12,13,0.65,0.7000000000000001,4.360545
L1,L1_BD_V60_12,14,0.7000000000000001,0.75,4.6720125
L1,L1_BD_V60_12,15,0.75,0.8,4.98348
L1,L1_BD_V60_12,16,0.8,0.8500000000000001,5.2949475
L1,L1_BD_V60_12,17,0.8500000000000001,0.9,5.606415
L1,L1_BD_V60_12,18,0.9,0.9500000000000001,5.9178825
L1,L1_BD_V60_12,19,0.9500000000000001,1.0,6.22935
L1,L1_BD_V60_12,20,1.0,1.05,6.5408175
L1,L1_BD_V60_12,21,1.05,1.1,6.852285
L1,L1_BD_V60_12,22,1.1,1.1500000000000001,7.1637525
L1,L1_BD_V60_12,23,1.1500000000000001,1.2000000000000002,7.47522
L1,L1_BD_V60_12,24,1.2000000000000002,1.25,7.7866875
L1,L1_BD_V60_12,25,1.25,1.3,8.098155
L1,L1_BD_V60_12,26,1.3,1.35,8.4096225
L1,L1_BD_V60_12,27,1.35,1.4000000000000001,8.72109
L1,L1_BD_V60_12,28,1.4000000000000001,1.4500000000000002,9.0325575
L1,L1_BD_V60_12,29,1.4500000000000002,1.5,9.344025
L1,L1_BD_V60_12,30,1.5,1.55,9.6554925
L1,L1_BD_V60_12,31,1.55,1.6,9.96696
L1,L1_BD_V60_12,32,1.6,1.6500000000000001,10.2784275
L1,L1_BD_V60_12,33,1.6500000000000001,1.7000000000000002,10.589895
L1,L1_BD_V60_12,34,1.7000000000000002,1.75,10.9013625
L1,L1_BD_V60_12,35,1.75,1.8,11.21283
L1,L1_BD_V60_12,36,1.8,1.85,11.5242975
L1,L1_BD_V60_12,37,1.85,1.9000000000000001,11.835765
L1,L1_BD_V60_12,38,1.9000000000000001,1.9500000000000002,12.1472325
L1,L1_BD_V60_12,39,1.9500000000000002,2.0,12.4587
L1,L1_BD_V60_12,40,2.0,2.0500000000000003,12.7701675
L1,L1_BD_V60_12,41,2.0500000000000003,2.1,13.081635
L1,L1_BD_V60_12,42,2.1,2.15,13.3931025
L1,L1_BD_V60_12,43,2.15,2.2,13.70457
L1,L1_BD_V60_12,44,2.2,2.25,14.0160375
L1,L1_BD_V60_12,45,2.25,2.3000000000000003,14.327505
L1,L1_BD_V60_12,46,2.3000000000000003,2.35,14.6389725
L1,L1_BD_V60_12,47,2.35,2.4000000000000004,14.95044
L1,L1_BD_V60_12,48,2.4000000000000004,2.45,15.2619075
L1,L1_BD_V60_12,49,2.45,2.5,15.573375
L1,L1_BD_V60_12,50,2.5,2.5500000000000003,15.573375
L1,L1_BD_V60_12,51,2.5500000000000003,2.6,15.2619075
L1,L1_BD_V60_12,52,2.6,2.6500000000000004,14.95044
L1,L1_BD_V60_12,53,2.6500000000000004,2.7,14.6389725
L1,L1_BD_V60_12,54,2.7,2.75,14.327505
L1,L1_BD_V60_12,55,2.75,2.8000000000000003,14.0160375
L1,L1_BD_V60_12,56,2.8000000000000003,2.85,13.70457
L1,L1_BD_V60_12,57,2.85,2.9000000000000004,13.3931025
L1,L1_BD_V60_12,58,2.9000000000000004,2.95,13.081635
L1,L1_BD_V60_12,59,2.95,3.0,12.7701675
L1,L1_BD_V60_12,60,3.0,3.0500000000000003,12.4587
L1,L1_BD_V60_12,61,3.0500000000000003,3.1,12.1472325
L1,L1_BD_V60_12,62,3.1,3.1500000000000004,11.835765
L1,L1_BD_V60_12,63,3.1500000000000004,3.2,11.5242975
L1,L1_BD_V60_12,64,3.2,3.25,11.21283
L1,L1_BD_V60_12,65,3.25,3.3000000000000003,10.9013625
L1,L1_BD_V60_12,66,3.3000000000000003,3.35,10.589895
L1,L1_BD_V60_12,67,3.35,3.4000000000000004,10.2784275
L1,L1_BD_V60_12,68,3.4000000000000004,3.45,9.96696
L1,L1_BD_V60_12,69,3.45,3.5,9.6554925
L1,L1_BD_V60_12,70,3.5,3.5500000000000003,9.344025
L1,L1_BD_V60_12,71,3.5500000000000003,3.6,9.0325575
L1,L1_BD_V60_12,72,3.6,3.6500000000000004,8.72109
L1,L1_BD_V60_12,73,3.6500000000000004,3.7,8.4096225
L1,L1_BD_V60_12,74,3.7,3.75,8.098155
L1,L1_BD_V60_12,75,3.75,3.8000000000000003,7.7866875
L1,L1_BD_V60_12,76,3.8000000000000003,3.85,7.47522
L1,L1_BD_V60_12,77,3.85,3.9000000000000004,7.1637525
L1,L1_BD_V60_12,78,3.9000000000000004,3.95,6.852285
L1,L1_BD_V60_12,79,3.95,4.0,6.5408175
L1,L1_BD_V60_12,80,4.0,4.05,6.22935
L1,L1_BD_V60_12,81,4.05,4.1000000000000005,5.9178825
L1,L1_BD_V60_12,82,4.1000000000000005,4.15,5.606415
L1,L1_BD_V60_12,83,4.15,4.2,5.2949475
L1,L1_BD_V60_12,84,4.2,4.25,4.98348
L1,L1_BD_V60_12,85,4.25,4.3,4.6720125
L1,L1_BD_V60_12,86,4.3,4.3500000000000005,4.360545
L1,L1_BD_V60_12,87,4.3500000000000005,4.4,4.0490775
L1,L1_BD_V60_12,88,4.4,4.45,3.73761
L1,L1_BD_V60_12,89,4.45,4.5,3.4261425
L1,L1_BD_V60_12,90,4.5,4.55,3.114675
L1,L1_BD_V60_12,91,4.55,4.6000000000000005,2.8032075
L1,L1_BD_V60_12,92,4.6000000000000005,4.65,2.49174
L1,L1_BD_V60_12,93,4.65,4.7,2.1802725
L1,L1_BD_V60_12,94,4.7,4.75,1.868805
L1,L1_BD_V60_12,95,4.75,4.800000000000001,1.5573375
L1,L1_BD_V60_12,96,4.800000000000001,4.8500000000000005,1.24587
L1,L1_BD_V60_12,97,4.8500000000000005,4.9,0.9344025
L1,L1_BD_V60_12,98,4.9,4.95,0.622935
L1,L1_BD_V60_12,99,4.95,5.0,0.3114675
