level,panel_id,tributary_id,receiver_type,receiver_id,beam_id,element_tag,area_m2,qG_kN_m2,load_kN,polygon,status
L1,L1_P_LB_c0_r0,L1_P_LB_c0_r0_T001,BEAM,L1_V001,L1_V001,2001.0,1.793809,6.22935,11.174263,"1.85,0.05;1.85,0.1;1.85,0.2;1.85,1.05;1.85,1.1;1.85,1.2;1.85,1.25;1.85,1.3;1.85,1.35;1.85,1.4;1.85,1.45;1.85,1.45;1.9,1.45;1.9,1.5;1.9,1.5;1.95,1.5;1.95,1.55;1.95,1.55;2.0,1.55;2.0,1.6;2.0,1.6;2.05,1.6;2.05,1.65;2.05,1.65;2.1,1.65;2.1,1.65;2.1,1.6;2.2,1.6;2.2,1.6;2.2,1.55;2.25,1.55;2.25,1.55;2.25,1.5;2.3,1.5;2.3,1.5;2.3,1.45;2.35,1.45;2.35,1.45;2.35,1.4;2.4,1.4;2.4,1.4;2.4,1.35;2.45,1.35;2.45,1.35;2.45,1.3;2.5,1.3;2.5,1.3;2.5,1.25;2.55,1.25;2.55,1.25;2.55,1.2;2.6,1.2;2.6,1.2;2.6,1.15;2.65,1.15;2.65,1.15;2.65,1.1;2.7,1.1;2.7,1.1;2.7,1.05;2.75,1.05;2.75,1.05;2.75,1.0;2.8,1.0;2.8,1.0;2.8,0.95;2.85,0.95;2.85,0.95;2.85,0.9;2.9,0.9;2.9,0.9;2.9,0.85;2.95,0.85;2.95,0.85;2.95,0.8;3.0,0.8;3.0,0.8;3.0,0.75;3.05,0.75;3.05,0.75;3.05,0.7;3.1,0.7;3.1,0.7;3.1,0.65;3.15,0.65;3.15,0.65;3.15,0.6;3.2,0.6;3.2,0.6;3.2,0.55;3.25,0.55;3.25,0.55;3.25,0.5;3.3,0.5;3.3,0.5;3.3,0.45;3.35,0.45;3.35,0.45;3.35,0.4;3.4,0.4;3.4,0.4;3.4,0.35;3.45,0.35;3.45,0.35;3.45,0.3;3.5,0.3;3.5,0.3;3.5,0.25;3.55,0.25;3.55,0.25;3.55,0.2;3.6,0.2;3.6,0.2;3.6,0.15;3.65,0.15;3.65,0.15;3.65,0.1;3.7,0.1;3.7,0.1;3.7,0.05;3.75,0.05;3.75,0.05;3.75,0.0;3.75,-0.0;3.7,-0.0;3.45,-0.0;3.15,-0.0;2.9,-0.0;2.65,-0.0;2.4,-0.0;2.35,-0.0;2.1,-0.0;2.05,-0.0;1.95,-0.0;1.85,-0.0;1.85,0.0",TRANSFERIDO
L1,L1_P_LB_c0_r0,L1_P_LB_c0_r0_T002,WALL,M002,,,1.0236,6.22935,6.376363,"0.45,0.05;0.45,0.1;0.45,0.1;0.55,0.1;0.55,0.15;0.6,0.15;0.6,0.2;0.65,0.2;0.65,0.25;0.65,0.25;0.7,0.25;0.7,0.3;0.7,0.3;0.75,0.3;0.75,0.35;0.75,0.35;0.8,0.35;0.8,0.4;0.8,0.4;0.85,0.4;0.85,0.45;0.85,0.45;0.9,0.45;0.9,0.5;0.95,0.5;0.95,0.55;1.0,0.55;1.0,0.6;1.05,0.6;1.05,0.65;1.05,0.65;1.1,0.65;1.1,0.7;1.1,0.7;1.15,0.7;1.15,0.75;1.15,0.75;1.2,0.75;1.2,0.8;1.2,0.8;1.25,0.8;1.25,0.85;1.25,0.85;1.3,0.85;1.3,0.9;1.3,0.9;1.35,0.9;1.35,0.95;1.35,0.95;1.4,0.95;1.4,1.0;1.4,1.0;1.45,1.0;1.45,1.05;1.45,1.05;1.5,1.05;1.5,1.1;1.5,1.1;1.55,1.1;1.55,1.15;1.55,1.15;1.6,1.15;1.6,1.2;1.6,1.2;1.65,1.2;1.65,1.25;1.65,1.25;1.7,1.25;1.7,1.3;1.7,1.3;1.75,1.3;1.75,1.35;1.75,1.35;1.8,1.35;1.8,1.4;1.8,1.4;1.85,1.4;1.85,1.4;1.85,1.35;1.85,1.3;1.85,1.25;1.85,1.2;1.85,1.1;1.85,1.05;1.85,0.2;1.85,0.1;1.85,0.05;1.85,0.0;1.85,-0.0;1.8,-0.0;1.7,-0.0;1.65,-0.0;1.6,-0.0;1.55,-0.0;1.45,-0.0;1.4,-0.0;1.35,-0.0;1.25,-0.0;1.2,-0.0;1.1,-0.0;1.05,-0.0;0.4,-0.0;0.4,0.0;0.4,0.05;0.4,0.05",WALL_EDGE_PENDING
L1,L1_P_LB_c0_r0,L1_P_LB_c0_r0_T003,BEAM,L1_V30_01,L1_V30_01,2081.0,1.640771,6.22935,10.220934,"1.9,2.8;1.9,2.95;1.9,3.05;1.9,3.15;1.9,3.3;1.9,3.4;1.9,3.5;1.9,3.65;1.9,3.75;1.9,3.9;1.9,4.25;1.9,4.25;1.95,4.25;2.05,4.25;2.1,4.25;2.35,4.25;2.4,4.25;2.65,4.25;2.9,4.25;3.15,4.25;3.45,4.25;3.7,4.25;3.7,4.25;3.7,4.2;3.7,4.2;3.65,4.2;3.65,4.15;3.65,4.15;3.6,4.15;3.6,4.1;3.6,4.1;3.55,4.1;3.55,4.05;3.55,4.05;3.5,4.05;3.5,4.0;3.5,4.0;3.45,4.0;3.45,3.95;3.45,3.95;3.4,3.95;3.4,3.9;3.4,3.9;3.35,3.9;3.35,3.85;3.35,3.85;3.3,3.85;3.3,3.8;3.3,3.8;3.25,3.8;3.25,3.75;3.25,3.75;3.2,3.75;3.2,3.7;3.2,3.7;3.15,3.7;3.15,3.65;3.15,3.65;3.1,3.65;3.1,3.6;3.1,3.6;3.05,3.6;3.05,3.55;3.05,3.55;3.0,3.55;3.0,3.5;3.0,3.5;2.95,3.5;2.95,3.45;2.95,3.45;2.9,3.45;2.9,3.4;2.9,3.4;2.85,3.4;2.85,3.35;2.85,3.35;2.8,3.35;2.8,3.3;2.8,3.3;2.75,3.3;2.75,3.25;2.75,3.25;2.7,3.25;2.7,3.2;2.7,3.2;2.65,3.2;2.65,3.15;2.65,3.15;2.6,3.15;2.6,3.1;2.6,3.1;2.55,3.1;2.55,3.05;2.55,3.05;2.5,3.05;2.5,3.0;2.5,3.0;2.45,3.0;2.45,2.95;2.45,2.95;2.4,2.95;2.4,2.9;2.4,2.9;2.35,2.9;2.35,2.85;2.35,2.85;2.3,2.85;2.3,2.8;2.3,2.8;2.25,2.8;2.25,2.75;2.25,2.75;2.2,2.75;2.2,2.7;2.2,2.7;2.15,2.7;2.15,2.65;2.15,2.65;2.1,2.65;2.1,2.6;2.1,2.6;2.05,2.6;2.05,2.6;2.05,2.65;2.0,2.65;2.0,2.65;2.0,2.7;1.95,2.7;1.95,2.7;1.95,2.75;1.9,2.75;1.9,2.75",TRANSFERIDO
L1,L1_P_LB_c0_r0,L1_P_LB_c0_r0_T004,BEAM,L1_V40_01,L1_V40_01,2097.0,3.863588,6.22935,24.067643,"0.4,1.85;0.4,1.9;0.4,1.95;0.4,2.1;0.4,2.2;0.4,2.35;0.4,2.45;0.4,2.55;0.4,2.7;0.4,2.8;0.4,2.95;0.4,3.05;0.4,3.15;0.4,3.3;0.4,3.4;0.4,3.5;0.4,3.65;0.4,3.75;0.4,3.9;0.4,4.25;0.4,4.25;1.05,4.25;1.1,4.25;1.2,4.25;1.25,4.25;1.35,4.25;1.4,4.25;1.45,4.25;1.55,4.25;1.6,4.25;1.65,4.25;1.7,4.25;1.8,4.25;1.85,4.25;1.9,4.25;1.9,4.25;1.9,3.9;1.9,3.75;1.9,3.65;1.9,3.5;1.9,3.4;1.9,3.3;1.9,3.15;1.9,3.05;1.9,2.95;1.9,2.8;1.9,2.75;1.95,2.75;1.95,2.75;1.95,2.7;2.0,2.7;2.0,2.7;2.0,2.65;2.05,2.65;2.05,2.65;2.05,2.6;2.1,2.6;2.1,2.6;2.1,2.55;2.1,2.45;2.1,2.35;2.1,2.2;2.1,2.1;2.1,1.95;2.1,1.9;2.1,1.85;2.1,1.8;2.1,1.8;2.05,1.8;1.95,1.8;1.85,1.8;1.8,1.8;1.7,1.8;1.65,1.8;1.6,1.8;1.55,1.8;1.45,1.8;1.4,1.8;1.35,1.8;1.25,1.8;1.2,1.8;1.1,1.8;1.05,1.8;0.4,1.8;0.4,1.8",TRANSFERIDO
L1,L1_P_LB_c0_r0,L1_P_LB_c0_r0_T005,WALL,M001,,,1.658332,6.22935,10.330333,"0.4,0.1;0.4,0.2;0.4,1.05;0.4,1.1;0.4,1.2;0.4,1.25;0.4,1.3;0.4,1.35;0.4,1.4;0.4,1.5;0.4,1.55;0.4,1.6;0.4,1.65;0.4,1.7;0.4,1.75;0.4,1.8;0.4,1.8;1.05,1.8;1.1,1.8;1.2,1.8;1.25,1.8;1.35,1.8;1.4,1.8;1.45,1.8;1.55,1.8;1.6,1.8;1.65,1.8;1.7,1.8;1.8,1.8;1.85,1.8;1.95,1.8;2.05,1.8;2.1,1.8;2.1,1.8;2.1,1.75;2.1,1.7;2.1,1.65;2.1,1.65;2.05,1.65;2.05,1.6;2.05,1.6;2.0,1.6;2.0,1.55;2.0,1.55;1.95,1.55;1.95,1.5;1.95,1.5;1.9,1.5;1.9,1.45;1.9,1.45;1.85,1.45;1.85,1.4;1.85,1.4;1.8,1.4;1.8,1.35;1.8,1.35;1.75,1.35;1.75,1.3;1.75,1.3;1.7,1.3;1.7,1.25;1.7,1.25;1.65,1.25;1.65,1.2;1.65,1.2;1.6,1.2;1.6,1.15;1.6,1.15;1.55,1.15;1.55,1.1;1.55,1.1;1.5,1.1;1.5,1.05;1.5,1.05;1.45,1.05;1.45,1.0;1.45,1.0;1.4,1.0;1.4,0.95;1.4,0.95;1.35,0.95;1.35,0.9;1.35,0.9;1.3,0.9;1.3,0.85;1.3,0.85;1.25,0.85;1.25,0.8;1.25,0.8;1.2,0.8;1.2,0.75;1.2,0.75;1.15,0.75;1.15,0.7;1.15,0.7;1.1,0.7;1.1,0.65;1.1,0.65;1.05,0.65;1.05,0.6;1.05,0.6;1.0,0.6;1.0,0.55;0.95,0.55;0.95,0.5;0.95,0.5;0.9,0.5;0.9,0.45;0.9,0.45;0.85,0.45;0.85,0.4;0.85,0.4;0.8,0.4;0.8,0.35;0.8,0.35;0.75,0.35;0.75,0.3;0.75,0.3;0.7,0.3;0.7,0.25;0.65,0.25;0.65,0.2;0.6,0.2;0.6,0.15;0.55,0.15;0.55,0.1;0.45,0.1;0.45,0.05;0.45,0.05;0.4,0.05;0.4,0.05;0.4,0.1",WALL_EDGE_PENDING
L1,L1_P_LB_c0_r0,L1_P_LB_c0_r0_T006,BEAM,L1_V009,L1_V009,2009.0,4.30765,6.22935,26.83386,"2.1,1.65;2.1,1.7;2.1,1.75;2.1,1.85;2.1,1.9;2.1,1.95;2.1,2.1;2.1,2.2;2.1,2.35;2.1,2.45;2.1,2.55;2.1,2.65;2.1,2.65;2.15,2.65;2.15,2.7;2.15,2.7;2.2,2.7;2.2,2.75;2.2,2.75;2.25,2.75;2.25,2.8;2.25,2.8;2.3,2.8;2.3,2.85;2.3,2.85;2.35,2.85;2.35,2.9;2.35,2.9;2.4,2.9;2.4,2.95;2.4,2.95;2.45,2.95;2.45,3.0;2.45,3.0;2.5,3.0;2.5,3.05;2.5,3.05;2.55,3.05;2.55,3.1;2.55,3.1;2.6,3.1;2.6,3.15;2.6,3.15;2.65,3.15;2.65,3.2;2.65,3.2;2.7,3.2;2.7,3.25;2.7,3.25;2.75,3.25;2.75,3.3;2.75,3.3;2.8,3.3;2.8,3.35;2.8,3.35;2.85,3.35;2.85,3.4;2.85,3.4;2.9,3.4;2.9,3.45;2.9,3.45;2.95,3.45;2.95,3.5;2.95,3.5;3.0,3.5;3.0,3.55;3.0,3.55;3.05,3.55;3.05,3.6;3.05,3.6;3.1,3.6;3.1,3.65;3.1,3.65;3.15,3.65;3.15,3.7;3.15,3.7;3.2,3.7;3.2,3.75;3.2,3.75;3.25,3.75;3.25,3.8;3.25,3.8;3.3,3.8;3.3,3.85;3.3,3.85;3.35,3.85;3.35,3.9;3.35,3.9;3.4,3.9;3.4,3.95;3.4,3.95;3.45,3.95;3.45,4.0;3.45,4.0;3.5,4.0;3.5,4.05;3.5,4.05;3.55,4.05;3.55,4.1;3.55,4.1;3.6,4.1;3.6,4.15;3.6,4.15;3.65,4.15;3.65,4.2;3.65,4.2;3.7,4.2;3.7,4.25;3.7,4.25;3.75,4.25;3.75,4.25;3.75,3.9;3.75,3.75;3.75,3.65;3.75,3.5;3.75,3.4;3.75,3.3;3.75,3.15;3.75,3.05;3.75,2.95;3.75,2.8;3.75,2.7;3.75,2.55;3.75,2.45;3.75,2.35;3.75,2.2;3.75,2.1;3.75,1.95;3.75,1.9;3.75,1.85;3.75,1.75;3.75,1.7;3.75,1.65;3.75,1.6;3.75,1.55;3.75,1.5;3.75,1.4;3.75,1.35;3.75,1.3;3.75,1.25;3.75,1.2;3.75,1.1;3.75,1.05;3.75,0.2;3.75,0.1;3.75,0.05;3.75,0.05;3.7,0.05;3.7,0.05;3.7,0.1;3.65,0.1;3.65,0.1;3.65,0.15;3.6,0.15;3.6,0.15;3.6,0.2;3.55,0.2;3.55,0.2;3.55,0.25;3.5,0.25;3.5,0.25;3.5,0.3;3.45,0.3;3.45,0.3;3.45,0.35;3.4,0.35;3.4,0.35;3.4,0.4;3.35,0.4;3.35,0.4;3.35,0.45;3.3,0.45;3.3,0.45;3.3,0.5;3.25,0.5;3.25,0.5;3.25,0.55;3.2,0.55;3.2,0.55;3.2,0.6;3.15,0.6;3.15,0.6;3.15,0.65;3.1,0.65;3.1,0.65;3.1,0.7;3.05,0.7;3.05,0.7;3.05,0.75;3.0,0.75;3.0,0.75;3.0,0.8;2.95,0.8;2.95,0.8;2.95,0.85;2.9,0.85;2.9,0.85;2.9,0.9;2.85,0.9;2.85,0.9;2.85,0.95;2.8,0.95;2.8,0.95;2.8,1.0;2.75,1.0;2.75,1.0;2.75,1.05;2.7,1.05;2.7,1.05;2.7,1.1;2.65,1.1;2.65,1.1;2.65,1.15;2.6,1.15;2.6,1.15;2.6,1.2;2.55,1.2;2.55,1.2;2.55,1.25;2.5,1.25;2.5,1.25;2.5,1.3;2.45,1.3;2.45,1.3;2.45,1.35;2.4,1.35;2.4,1.35;2.4,1.4;2.35,1.4;2.35,1.4;2.35,1.45;2.3,1.45;2.3,1.45;2.3,1.5;2.25,1.5;2.25,1.5;2.25,1.55;2.2,1.55;2.2,1.55;2.2,1.6;2.1,1.6;2.1,1.6;2.1,1.65",TRANSFERIDO
L1,L1_P_LB_c0_r1,L1_P_LB_c0_r1_T007,BEAM,L1_V30_01,L1_V30_01,2081.0,1.721927,6.22935,10.726489,"1.9,5.815;1.9,5.815;1.95,5.815;1.95,5.865;1.95,5.865;2.0,5.865;2.0,5.915;2.0,5.915;2.05,5.915;2.05,5.965;2.05,5.965;2.1,5.965;2.1,5.965;2.1,5.915;2.15,5.915;2.15,5.915;2.15,5.865;2.2,5.865;2.2,5.865;2.2,5.815;2.25,5.815;2.25,5.815;2.25,5.765;2.3,5.765;2.3,5.765;2.3,5.715;2.35,5.715;2.35,5.715;2.35,5.665;2.4,5.665;2.4,5.665;2.4,5.615;2.45,5.615;2.45,5.615;2.45,5.565;2.5,5.565;2.5,5.565;2.5,5.515;2.55,5.515;2.55,5.515;2.55,5.465;2.6,5.465;2.6,5.465;2.6,5.415;2.65,5.415;2.65,5.415;2.65,5.365;2.7,5.365;2.7,5.365;2.7,5.315;2.75,5.315;2.75,5.315;2.75,5.265;2.8,5.265;2.8,5.265;2.8,5.215;2.85,5.215;2.85,5.215;2.85,5.165;2.9,5.165;2.9,5.165;2.9,5.115;2.95,5.115;2.95,5.115;2.95,5.065;3.0,5.065;3.0,5.065;3.0,5.015;3.05,5.015;3.05,5.015;3.05,4.965;3.1,4.965;3.1,4.965;3.1,4.915;3.15,4.915;3.15,4.915;3.15,4.865;3.2,4.865;3.2,4.865;3.2,4.815;3.25,4.815;3.25,4.815;3.25,4.765;3.3,4.765;3.3,4.765;3.3,4.715;3.35,4.715;3.35,4.715;3.35,4.665;3.4,4.665;3.4,4.665;3.4,4.615;3.45,4.615;3.45,4.615;3.45,4.565;3.5,4.565;3.5,4.565;3.5,4.515;3.55,4.515;3.55,4.515;3.55,4.465;3.6,4.465;3.6,4.465;3.6,4.415;3.65,4.415;3.65,4.415;3.65,4.365;3.7,4.365;3.7,4.365;3.7,4.315;3.75,4.315;3.75,4.315;3.75,4.265;3.75,4.265;3.7,4.265;3.45,4.265;3.15,4.265;2.9,4.265;2.65,4.265;2.4,4.265;2.35,4.265;2.1,4.265;2.05,4.265;1.95,4.265;1.9,4.265;1.9,4.265",TRANSFERIDO
L1,L1_P_LB_c0_r1,L1_P_LB_c0_r1_T008,BEAM,L1_V40_02,L1_V40_02,2098.0,7.555548,6.22935,47.066155,"0.4,8.915;0.4,8.915;1.05,8.915;1.1,8.915;1.2,8.915;1.25,8.915;1.35,8.915;1.4,8.915;1.45,8.915;1.55,8.915;1.6,8.915;1.65,8.915;1.7,8.915;1.8,8.915;1.85,8.915;1.95,8.915;2.05,8.915;2.1,8.915;2.1,8.915;2.1,5.965;2.1,5.965;2.05,5.965;2.05,5.915;2.05,5.915;2.0,5.915;2.0,5.865;2.0,5.865;1.95,5.865;1.95,5.815;1.95,5.815;1.9,5.815;1.9,4.265;1.9,4.265;1.85,4.265;1.8,4.265;1.7,4.265;1.65,4.265;1.6,4.265;1.55,4.265;1.45,4.265;1.4,4.265;1.35,4.265;1.25,4.265;1.2,4.265;1.1,4.265;1.05,4.265;0.4,4.265;0.4,4.265",TRANSFERIDO
L1,L1_P_LB_c0_r1,L1_P_LB_c0_r1_T009,BEAM,L1_V010,L1_V010,2010.0,6.249774,6.22935,38.932031,"2.1,8.915;2.1,8.915;2.35,8.915;2.4,8.915;2.65,8.915;2.9,8.915;3.15,8.915;3.45,8.915;3.7,8.915;3.75,8.915;3.75,8.915;3.75,4.315;3.75,4.315;3.7,4.315;3.7,4.315;3.7,4.365;3.65,4.365;3.65,4.365;3.65,4.415;3.6,4.415;3.6,4.415;3.6,4.465;3.55,4.465;3.55,4.465;3.55,4.515;3.5,4.515;3.5,4.515;3.5,4.565;3.45,4.565;3.45,4.565;3.45,4.615;3.4,4.615;3.4,4.615;3.4,4.665;3.35,4.665;3.35,4.665;3.35,4.715;3.3,4.715;3.3,4.715;3.3,4.765;3.25,4.765;3.25,4.765;3.25,4.815;3.2,4.815;3.2,4.815;3.2,4.865;3.15,4.865;3.15,4.865;3.15,4.915;3.1,4.915;3.1,4.915;3.1,4.965;3.05,4.965;3.05,4.965;3.05,5.015;3.0,5.015;3.0,5.015;3.0,5.065;2.95,5.065;2.95,5.065;2.95,5.115;2.9,5.115;2.9,5.115;2.9,5.165;2.85,5.165;2.85,5.165;2.85,5.215;2.8,5.215;2.8,5.215;2.8,5.265;2.75,5.265;2.75,5.265;2.75,5.315;2.7,5.315;2.7,5.315;2.7,5.365;2.65,5.365;2.65,5.365;2.65,5.415;2.6,5.415;2.6,5.415;2.6,5.465;2.55,5.465;2.55,5.465;2.55,5.515;2.5,5.515;2.5,5.515;2.5,5.565;2.45,5.565;2.45,5.565;2.45,5.615;2.4,5.615;2.4,5.615;2.4,5.665;2.35,5.665;2.35,5.665;2.35,5.715;2.3,5.715;2.3,5.715;2.3,5.765;2.25,5.765;2.25,5.765;2.25,5.815;2.2,5.815;2.2,5.815;2.2,5.865;2.15,5.865;2.15,5.865;2.15,5.915;2.1,5.915;2.1,5.915",TRANSFERIDO
L1,L1_P_LB_c0_r2,L1_P_LB_c0_r2_T010,BEAM,L1_V30_03,L1_V30_03,2083.0,1.718862,6.22935,10.707396,"1.9,11.9;1.9,11.9;1.95,11.9;2.05,11.9;2.1,11.9;2.35,11.9;2.4,11.9;2.65,11.9;2.9,11.9;3.15,11.9;3.45,11.9;3.7,11.9;3.75,11.9;3.75,11.9;3.75,11.85;3.75,11.85;3.7,11.85;3.7,11.8;3.7,11.8;3.65,11.8;3.65,11.75;3.65,11.75;3.6,11.75;3.6,11.7;3.6,11.7;3.55,11.7;3.55,11.65;3.55,11.65;3.5,11.65;3.5,11.6;3.5,11.6;3.45,11.6;3.45,11.55;3.45,11.55;3.4,11.55;3.4,11.5;3.4,11.5;3.35,11.5;3.35,11.45;3.35,11.45;3.3,11.45;3.3,11.4;3.3,11.4;3.25,11.4;3.25,11.35;3.25,11.35;3.2,11.35;3.2,11.3;3.2,11.3;3.15,11.3;3.15,11.25;3.15,11.25;3.1,11.25;3.1,11.2;3.1,11.2;3.05,11.2;3.05,11.15;3.05,11.15;3.0,11.15;3.0,11.1;3.0,11.1;2.95,11.1;2.95,11.05;2.95,11.05;2.9,11.05;2.9,11.0;2.9,11.0;2.85,11.0;2.85,10.95;2.85,10.95;2.8,10.95;2.8,10.9;2.8,10.9;2.75,10.9;2.75,10.85;2.75,10.85;2.7,10.85;2.7,10.8;2.7,10.8;2.65,10.8;2.65,10.75;2.65,10.75;2.6,10.75;2.6,10.7;2.6,10.7;2.55,10.7;2.55,10.65;2.55,10.65;2.5,10.65;2.5,10.6;2.5,10.6;2.45,10.6;2.45,10.55;2.45,10.55;2.4,10.55;2.4,10.5;2.4,10.5;2.35,10.5;2.35,10.45;2.35,10.45;2.3,10.45;2.3,10.4;2.3,10.4;2.25,10.4;2.25,10.35;2.25,10.35;2.2,10.35;2.2,10.3;2.2,10.3;2.15,10.3;2.15,10.25;2.15,10.25;2.1,10.25;2.1,10.2;2.1,10.2;2.05,10.2;2.05,10.2;2.05,10.25;2.0,10.25;2.0,10.25;2.0,10.3;1.95,10.3;1.95,10.3;1.95,10.35;1.9,10.35;1.9,10.35",TRANSFERIDO
L1,L1_P_LB_c0_r2,L1_P_LB_c0_r2_T011,BEAM,L1_V40_03,L1_V40_03,2099.0,4.751125,6.22935,29.596421,"0.4,11.9;0.4,11.9;1.05,11.9;1.1,11.9;1.2,11.9;1.25,11.9;1.35,11.9;1.4,11.9;1.45,11.9;1.55,11.9;1.6,11.9;1.65,11.9;1.7,11.9;1.8,11.9;1.85,11.9;1.9,11.9;1.9,11.9;1.9,10.35;1.95,10.35;1.95,10.35;1.95,10.3;2.0,10.3;2.0,10.3;2.0,10.25;2.05,10.25;2.05,10.25;2.05,10.2;2.1,10.2;2.1,10.2;2.1,8.9;2.1,8.9;2.05,8.9;1.95,8.9;1.85,8.9;1.8,8.9;1.7,8.9;1.65,8.9;1.6,8.9;1.55,8.9;1.45,8.9;1.4,8.9;1.35,8.9;1.25,8.9;1.2,8.9;1.1,8.9;1.05,8.9;0.4,8.9;0.4,8.9",TRANSFERIDO
L1,L1_P_LB_c0_r2,L1_P_LB_c0_r2_T012,BEAM,L1_V011,L1_V011,2011.0,3.529762,6.22935,21.988126,"2.1,10.25;2.1,10.25;2.15,10.25;2.15,10.3;2.15,10.3;2.2,10.3;2.2,10.35;2.2,10.35;2.25,10.35;2.25,10.4;2.25,10.4;2.3,10.4;2.3,10.45;2.3,10.45;2.35,10.45;2.35,10.5;2.35,10.5;2.4,10.5;2.4,10.55;2.4,10.55;2.45,10.55;2.45,10.6;2.45,10.6;2.5,10.6;2.5,10.65;2.5,10.65;2.55,10.65;2.55,10.7;2.55,10.7;2.6,10.7;2.6,10.75;2.6,10.75;2.65,10.75;2.65,10.8;2.65,10.8;2.7,10.8;2.7,10.85;2.7,10.85;2.75,10.85;2.75,10.9;2.75,10.9;2.8,10.9;2.8,10.95;2.8,10.95;2.85,10.95;2.85,11.0;2.85,11.0;2.9,11.0;2.9,11.05;2.9,11.05;2.95,11.05;2.95,11.1;2.95,11.1;3.0,11.1;3.0,11.15;3.0,11.15;3.05,11.15;3.05,11.2;3.05,11.2;3.1,11.2;3.1,11.25;3.1,11.25;3.15,11.25;3.15,11.3;3.15,11.3;3.2,11.3;3.2,11.35;3.2,11.35;3.25,11.35;3.25,11.4;3.25,11.4;3.3,11.4;3.3,11.45;3.3,11.45;3.35,11.45;3.35,11.5;3.35,11.5;3.4,11.5;3.4,11.55;3.4,11.55;3.45,11.55;3.45,11.6;3.45,11.6;3.5,11.6;3.5,11.65;3.5,11.65;3.55,11.65;3.55,11.7;3.55,11.7;3.6,11.7;3.6,11.75;3.6,11.75;3.65,11.75;3.65,11.8;3.65,11.8;3.7,11.8;3.7,11.85;3.7,11.85;3.75,11.85;3.75,11.85;3.75,8.9;3.75,8.9;3.7,8.9;3.45,8.9;3.15,8.9;2.9,8.9;2.65,8.9;2.4,8.9;2.35,8.9;2.1,8.9;2.1,8.9",TRANSFERIDO
L1,L1_P_LB_c0_r3,L1_P_LB_c0_r3_T013,BEAM,L1_V30_03,L1_V30_03,2083.0,1.645788,6.22935,10.252191,"1.9,13.385;1.9,13.385;1.95,13.385;1.95,13.435;1.95,13.435;2.0,13.435;2.0,13.485;2.0,13.485;2.05,13.485;2.05,13.535;2.05,13.535;2.1,13.535;2.1,13.535;2.1,13.485;2.15,13.485;2.15,13.485;2.15,13.435;2.2,13.435;2.2,13.435;2.2,13.385;2.25,13.385;2.25,13.385;2.25,13.335;2.3,13.335;2.3,13.335;2.3,13.285;2.35,13.285;2.35,13.285;2.35,13.235;2.4,13.235;2.4,13.235;2.4,13.185;2.45,13.185;2.45,13.185;2.45,13.135;2.5,13.135;2.5,13.135;2.5,13.085;2.55,13.085;2.55,13.085;2.55,13.035;2.6,13.035;2.6,13.035;2.6,12.985;2.65,12.985;2.65,12.985;2.65,12.935;2.7,12.935;2.7,12.935;2.7,12.885;2.75,12.885;2.75,12.885;2.75,12.835;2.8,12.835;2.8,12.835;2.8,12.785;2.85,12.785;2.85,12.785;2.85,12.735;2.9,12.735;2.9,12.735;2.9,12.685;2.95,12.685;2.95,12.685;2.95,12.635;3.0,12.635;3.0,12.635;3.0,12.585;3.05,12.585;3.05,12.585;3.05,12.535;3.1,12.535;3.1,12.535;3.1,12.485;3.15,12.485;3.15,12.485;3.15,12.435;3.2,12.435;3.2,12.435;3.2,12.385;3.25,12.385;3.25,12.385;3.25,12.335;3.3,12.335;3.3,12.335;3.3,12.285;3.35,12.285;3.35,12.285;3.35,12.235;3.4,12.235;3.4,12.235;3.4,12.185;3.45,12.185;3.45,12.185;3.45,12.135;3.5,12.135;3.5,12.135;3.5,12.085;3.55,12.085;3.55,12.085;3.55,12.035;3.6,12.035;3.6,12.035;3.6,11.985;3.7,11.985;3.7,11.985;3.7,11.935;3.75,11.935;3.75,11.935;3.75,11.885;3.75,11.885;3.7,11.885;3.45,11.885;3.15,11.885;2.9,11.885;2.65,11.885;2.4,11.885;2.35,11.885;2.1,11.885;2.05,11.885;1.95,11.885;1.9,11.885;1.9,11.885",TRANSFERIDO
L1,L1_P_LB_c0_r3,L1_P_LB_c0_r3_T014,BEAM,L1_V006,L1_V006,2006.0,1.713526,6.22935,10.674156,"1.85,16.035;1.85,16.085;1.85,16.135;1.85,16.135;1.95,16.135;2.05,16.135;2.1,16.135;2.35,16.135;2.4,16.135;2.65,16.135;2.9,16.135;3.15,16.135;3.45,16.135;3.7,16.135;3.7,16.135;3.7,16.085;3.7,16.085;3.65,16.085;3.65,16.035;3.65,16.035;3.6,16.035;3.6,15.985;3.6,15.985;3.55,15.985;3.55,15.935;3.55,15.935;3.5,15.935;3.5,15.885;3.5,15.885;3.45,15.885;3.45,15.835;3.45,15.835;3.4,15.835;3.4,15.785;3.4,15.785;3.35,15.785;3.35,15.735;3.35,15.735;3.3,15.735;3.3,15.685;3.3,15.685;3.25,15.685;3.25,15.635;3.25,15.635;3.2,15.635;3.2,15.585;3.2,15.585;3.15,15.585;3.15,15.535;3.15,15.535;3.1,15.535;3.1,15.485;3.1,15.485;3.05,15.485;3.05,15.435;3.05,15.435;3.0,15.435;3.0,15.385;3.0,15.385;2.95,15.385;2.95,15.335;2.95,15.335;2.9,15.335;2.9,15.285;2.9,15.285;2.85,15.285;2.85,15.235;2.85,15.235;2.8,15.235;2.8,15.185;2.8,15.185;2.75,15.185;2.75,15.135;2.75,15.135;2.7,15.135;2.7,15.085;2.7,15.085;2.65,15.085;2.65,15.035;2.65,15.035;2.6,15.035;2.6,14.985;2.6,14.985;2.55,14.985;2.55,14.935;2.55,14.935;2.5,14.935;2.5,14.885;2.5,14.885;2.45,14.885;2.45,14.835;2.45,14.835;2.4,14.835;2.4,14.785;2.4,14.785;2.35,14.785;2.35,14.735;2.35,14.735;2.3,14.735;2.3,14.685;2.3,14.685;2.25,14.685;2.25,14.635;2.25,14.635;2.2,14.635;2.2,14.585;2.2,14.585;2.15,14.585;2.15,14.535;2.15,14.535;2.1,14.535;2.1,14.485;2.1,14.485;2.05,14.485;2.05,14.485;2.05,14.535;2.0,14.535;2.0,14.535;2.0,14.585;1.95,14.585;1.95,14.585;1.95,14.635;1.9,14.635;1.9,14.635;1.9,14.685;1.85,14.685;1.85,14.685",TRANSFERIDO
L1,L1_P_LB_c0_r3,L1_P_LB_c0_r3_T015,WALL,M004,,,1.018582,6.22935,6.345106,"0.5,16.085;0.45,16.085;0.45,16.085;0.45,16.135;0.45,16.135;1.05,16.135;1.1,16.135;1.2,16.135;1.25,16.135;1.35,16.135;1.4,16.135;1.45,16.135;1.55,16.135;1.6,16.135;1.65,16.135;1.7,16.135;1.8,16.135;1.85,16.135;1.85,16.135;1.85,16.085;1.85,16.035;1.85,14.735;1.85,14.735;1.8,14.735;1.8,14.735;1.8,14.785;1.75,14.785;1.75,14.785;1.75,14.835;1.7,14.835;1.7,14.835;1.7,14.885;1.65,14.885;1.65,14.885;1.65,14.935;1.6,14.935;1.6,14.935;1.6,14.985;1.55,14.985;1.55,14.985;1.55,15.035;1.5,15.035;1.5,15.035;1.5,15.085;1.45,15.085;1.45,15.085;1.45,15.135;1.4,15.135;1.4,15.135;1.4,15.185;1.35,15.185;1.35,15.185;1.35,15.235;1.3,15.235;1.3,15.235;1.3,15.285;1.25,15.285;1.25,15.285;1.25,15.335;1.2,15.335;1.2,15.335;1.2,15.385;1.15,15.385;1.15,15.385;1.15,15.435;1.1,15.435;1.1,15.435;1.1,15.485;1.05,15.485;1.05,15.485;1.05,15.535;1.0,15.535;1.0,15.535;1.0,15.585;0.95,15.585;0.95,15.585;0.95,15.635;0.9,15.635;0.9,15.635;0.9,15.685;0.85,15.685;0.85,15.685;0.85,15.735;0.8,15.735;0.8,15.735;0.8,15.785;0.75,15.785;0.75,15.785;0.75,15.835;0.7,15.835;0.7,15.835;0.7,15.885;0.65,15.885;0.65,15.885;0.65,15.935;0.6,15.935;0.6,15.935;0.6,15.985;0.55,15.985;0.55,15.985;0.55,16.035;0.5,16.035;0.5,16.035",WALL_EDGE_PENDING
L1,L1_P_LB_c0_r3,L1_P_LB_c0_r3_T016,BEAM,L1_V40_04,L1_V40_04,2100.0,3.863588,6.22935,24.067643,"0.4,14.335;0.4,14.335;1.05,14.335;1.1,14.335;1.2,14.335;1.25,14.335;1.35,14.335;1.4,14.335;1.45,14.335;1.55,14.335;1.6,14.335;1.65,14.335;1.7,14.335;1.8,14.335;1.85,14.335;1.95,14.335;2.05,14.335;2.1,14.335;2.1,14.335;2.1,13.535;2.1,13.535;2.05,13.535;2.05,13.485;2.05,13.485;2.0,13.485;2.0,13.435;2.0,13.435;1.95,13.435;1.95,13.385;1.95,13.385;1.9,13.385;1.9,11.885;1.9,11.885;1.85,11.885;1.8,11.885;1.7,11.885;1.65,11.885;1.6,11.885;1.55,11.885;1.45,11.885;1.4,11.885;1.35,11.885;1.25,11.885;1.2,11.885;1.1,11.885;1.05,11.885;0.4,11.885;0.4,11.885",TRANSFERIDO
L1,L1_P_LB_c0_r3,L1_P_LB_c0_r3_T017,WALL,M003,,,1.66335,6.22935,10.361589,"0.4,16.035;0.4,16.085;0.4,16.135;0.4,16.135;0.45,16.135;0.45,16.135;0.45,16.085;0.5,16.085;0.5,16.085;0.5,16.035;0.55,16.035;0.55,16.035;0.55,15.985;0.6,15.985;0.6,15.985;0.6,15.935;0.65,15.935;0.65,15.935;0.65,15.885;0.7,15.885;0.7,15.885;0.7,15.835;0.75,15.835;0.75,15.835;0.75,15.785;0.8,15.785;0.8,15.785;0.8,15.735;0.85,15.735;0.85,15.735;0.85,15.685;0.9,15.685;0.9,15.685;0.9,15.635;0.95,15.635;0.95,15.635;0.95,15.585;1.0,15.585;1.0,15.585;1.0,15.535;1.05,15.535;1.05,15.535;1.05,15.485;1.1,15.485;1.1,15.485;1.1,15.435;1.15,15.435;1.15,15.435;1.15,15.385;1.2,15.385;1.2,15.385;1.2,15.335;1.25,15.335;1.25,15.335;1.25,15.285;1.3,15.285;1.3,15.285;1.3,15.235;1.35,15.235;1.35,15.235;1.35,15.185;1.4,15.185;1.4,15.185;1.4,15.135;1.45,15.135;1.45,15.135;1.45,15.085;1.5,15.085;1.5,15.085;1.5,15.035;1.55,15.035;1.55,15.035;1.55,14.985;1.6,14.985;1.6,14.985;1.6,14.935;1.65,14.935;1.65,14.935;1.65,14.885;1.7,14.885;1.7,14.885;1.7,14.835;1.75,14.835;1.75,14.835;1.75,14.785;1.8,14.785;1.8,14.785;1.8,14.735;1.85,14.735;1.85,14.735;1.85,14.685;1.9,14.685;1.9,14.685;1.9,14.635;1.95,14.635;1.95,14.635;1.95,14.585;2.0,14.585;2.0,14.585;2.0,14.535;2.05,14.535;2.05,14.535;2.05,14.485;2.1,14.485;2.1,14.485;2.1,14.335;2.1,14.335;2.05,14.335;1.95,14.335;1.85,14.335;1.8,14.335;1.7,14.335;1.65,14.335;1.6,14.335;1.55,14.335;1.45,14.335;1.4,14.335;1.35,14.335;1.25,14.335;1.2,14.335;1.1,14.335;1.05,14.335;0.4,14.335;0.4,14.335",WALL_EDGE_PENDING
L1,L1_P_LB_c0_r3,L1_P_LB_c0_r3_T018,BEAM,L1_V012,L1_V012,2012.0,4.382915,6.22935,27.30271,"2.1,13.485;2.1,13.485;2.1,14.535;2.1,14.535;2.15,14.535;2.15,14.585;2.15,14.585;2.2,14.585;2.2,14.635;2.2,14.635;2.25,14.635;2.25,14.685;2.25,14.685;2.3,14.685;2.3,14.735;2.3,14.735;2.35,14.735;2.35,14.785;2.35,14.785;2.4,14.785;2.4,14.835;2.4,14.835;2.45,14.835;2.45,14.885;2.45,14.885;2.5,14.885;2.5,14.935;2.5,14.935;2.55,14.935;2.55,14.985;2.55,14.985;2.6,14.985;2.6,15.035;2.6,15.035;2.65,15.035;2.65,15.085;2.65,15.085;2.7,15.085;2.7,15.135;2.7,15.135;2.75,15.135;2.75,15.185;2.75,15.185;2.8,15.185;2.8,15.235;2.8,15.235;2.85,15.235;2.85,15.285;2.85,15.285;2.9,15.285;2.9,15.335;2.9,15.335;2.95,15.335;2.95,15.385;2.95,15.385;3.0,15.385;3.0,15.435;3.0,15.435;3.05,15.435;3.05,15.485;3.05,15.485;3.1,15.485;3.1,15.535;3.1,15.535;3.15,15.535;3.15,15.585;3.15,15.585;3.2,15.585;3.2,15.635;3.2,15.635;3.25,15.635;3.25,15.685;3.25,15.685;3.3,15.685;3.3,15.735;3.3,15.735;3.35,15.735;3.35,15.785;3.35,15.785;3.4,15.785;3.4,15.835;3.4,15.835;3.45,15.835;3.45,15.885;3.45,15.885;3.5,15.885;3.5,15.935;3.5,15.935;3.55,15.935;3.55,15.985;3.55,15.985;3.6,15.985;3.6,16.035;3.6,16.035;3.65,16.035;3.65,16.085;3.65,16.085;3.7,16.085;3.7,16.135;3.7,16.135;3.75,16.135;3.75,16.135;3.75,16.085;3.75,16.035;3.75,11.935;3.75,11.935;3.7,11.935;3.7,11.935;3.7,11.985;3.6,11.985;3.6,11.985;3.6,12.035;3.55,12.035;3.55,12.035;3.55,12.085;3.5,12.085;3.5,12.085;3.5,12.135;3.45,12.135;3.45,12.135;3.45,12.185;3.4,12.185;3.4,12.185;3.4,12.235;3.35,12.235;3.35,12.235;3.35,12.285;3.3,12.285;3.3,12.285;3.3,12.335;3.25,12.335;3.25,12.335;3.25,12.385;3.2,12.385;3.2,12.385;3.2,12.435;3.15,12.435;3.15,12.435;3.15,12.485;3.1,12.485;3.1,12.485;3.1,12.535;3.05,12.535;3.05,12.535;3.05,12.585;3.0,12.585;3.0,12.585;3.0,12.635;2.95,12.635;2.95,12.635;2.95,12.685;2.9,12.685;2.9,12.685;2.9,12.735;2.85,12.735;2.85,12.735;2.85,12.785;2.8,12.785;2.8,12.785;2.8,12.835;2.75,12.835;2.75,12.835;2.75,12.885;2.7,12.885;2.7,12.885;2.7,12.935;2.65,12.935;2.65,12.935;2.65,12.985;2.6,12.985;2.6,12.985;2.6,13.035;2.55,13.035;2.55,13.035;2.55,13.085;2.5,13.085;2.5,13.085;2.5,13.135;2.45,13.135;2.45,13.135;2.45,13.185;2.4,13.185;2.4,13.185;2.4,13.235;2.35,13.235;2.35,13.235;2.35,13.285;2.3,13.285;2.3,13.285;2.3,13.335;2.25,13.335;2.25,13.335;2.25,13.385;2.2,13.385;2.2,13.385;2.2,13.435;2.15,13.435;2.15,13.435;2.15,13.485",TRANSFERIDO
L1,L1_P_LB_c1_r0,L1_P_LB_c1_r0_T019,BEAM,L1_V002,L1_V002,2002.0,3.527406,6.22935,21.973446,"3.85,0.05;3.85,0.1;3.85,0.1;3.9,0.1;3.9,0.15;3.9,0.15;3.95,0.15;3.95,0.2;3.95,0.2;4.0,0.2;4.0,0.25;4.0,0.25;4.05,0.25;4.05,0.3;4.05,0.3;4.1,0.3;4.1,0.35;4.1,0.35;4.15,0.35;4.15,0.4;4.15,0.4;4.2,0.4;4.2,0.45;4.2,0.45;4.25,0.45;4.25,0.5;4.25,0.5;4.3,0.5;4.3,0.55;4.3,0.55;4.35,0.55;4.35,0.6;4.35,0.6;4.4,0.6;4.4,0.65;4.4,0.65;4.45,0.65;4.45,0.7;4.45,0.7;4.5,0.7;4.5,0.75;4.5,0.75;4.55,0.75;4.55,0.8;4.55,0.8;4.6,0.8;4.6,0.85;4.6,0.85;4.65,0.85;4.65,0.9;4.65,0.9;4.7,0.9;4.7,0.95;4.7,0.95;4.75,0.95;4.75,1.0;4.75,1.0;4.8,1.0;4.8,1.05;4.8,1.05;4.85,1.05;4.85,1.1;4.85,1.1;4.9,1.1;4.9,1.15;4.9,1.15;4.95,1.15;4.95,1.2;4.95,1.2;5.0,1.2;5.0,1.25;5.0,1.25;5.05,1.25;5.05,1.3;5.05,1.3;5.1,1.3;5.1,1.35;5.1,1.35;5.15,1.35;5.15,1.4;5.15,1.4;5.2,1.4;5.2,1.45;5.2,1.45;5.25,1.45;5.25,1.5;5.25,1.5;5.3,1.5;5.3,1.55;5.3,1.55;5.35,1.55;5.35,1.6;5.35,1.6;5.4,1.6;5.4,1.65;5.4,1.65;5.45,1.65;5.45,1.7;5.45,1.7;5.5,1.7;5.5,1.75;5.5,1.75;5.55,1.75;5.55,1.8;5.55,1.8;5.6,1.8;5.6,1.85;5.6,1.85;5.7,1.85;5.7,1.85;5.7,1.8;5.75,1.8;5.75,1.8;5.75,1.75;5.8,1.75;5.8,1.75;5.8,1.7;5.85,1.7;5.85,1.7;5.85,1.65;5.9,1.65;5.9,1.65;5.9,1.6;5.95,1.6;5.95,1.6;5.95,1.55;6.0,1.55;6.0,1.55;6.0,1.5;6.05,1.5;6.05,1.5;6.05,1.45;6.1,1.45;6.1,1.45;6.1,1.4;6.15,1.4;6.15,1.4;6.15,1.35;6.2,1.35;6.2,1.35;6.2,1.3;6.25,1.3;6.25,1.3;6.25,1.25;6.3,1.25;6.3,1.25;6.3,1.2;6.35,1.2;6.35,1.2;6.35,1.15;6.4,1.15;6.4,1.15;6.4,1.1;6.45,1.1;6.45,1.1;6.45,1.05;6.5,1.05;6.5,1.05;6.5,1.0;6.55,1.0;6.55,1.0;6.55,0.95;6.6,0.95;6.6,0.95;6.6,0.9;6.65,0.9;6.65,0.9;6.65,0.85;6.7,0.85;6.7,0.85;6.7,0.8;6.75,0.8;6.75,0.8;6.75,0.75;6.8,0.75;6.8,0.75;6.8,0.7;6.85,0.7;6.85,0.7;6.85,0.65;6.9,0.65;6.9,0.65;6.9,0.6;6.95,0.6;6.95,0.6;6.95,0.55;7.0,0.55;7.0,0.55;7.0,0.5;7.05,0.5;7.05,0.5;7.05,0.45;7.1,0.45;7.1,0.45;7.1,0.4;7.15,0.4;7.15,0.4;7.15,0.35;7.2,0.35;7.2,0.35;7.2,0.3;7.25,0.3;7.25,0.3;7.25,0.25;7.3,0.25;7.3,0.25;7.3,0.2;7.35,0.2;7.35,0.2;7.35,0.15;7.4,0.15;7.4,0.15;7.4,0.1;7.45,0.1;7.45,0.1;7.45,0.05;7.5,0.05;7.5,0.05;7.5,0.0;7.5,-0.0;3.8,-0.0;3.8,0.0;3.8,0.05;3.8,0.05",TRANSFERIDO
L1,L1_P_LB_c1_r0,L1_P_LB_c1_r0_T020,BEAM,L1_V30_02,L1_V30_02,2082.0,3.434579,6.22935,21.395197,"4.1,3.9;4.1,3.9;4.1,3.95;4.05,3.95;4.05,3.95;4.05,4.0;4.0,4.0;4.0,4.0;4.0,4.05;3.95,4.05;3.95,4.05;3.95,4.1;3.9,4.1;3.9,4.1;3.9,4.15;3.85,4.15;3.85,4.15;3.85,4.2;3.8,4.2;3.8,4.2;3.8,4.25;3.8,4.25;7.45,4.25;7.45,4.25;7.45,4.2;7.45,4.2;7.4,4.2;7.4,4.15;7.4,4.15;7.35,4.15;7.35,4.1;7.35,4.1;7.3,4.1;7.3,4.05;7.3,4.05;7.25,4.05;7.25,4.0;7.25,4.0;7.2,4.0;7.2,3.95;7.2,3.95;7.15,3.95;7.15,3.9;7.15,3.9;7.1,3.9;7.1,3.85;7.1,3.85;7.05,3.85;7.05,3.8;7.05,3.8;7.0,3.8;7.0,3.75;7.0,3.75;6.95,3.75;6.95,3.7;6.95,3.7;6.9,3.7;6.9,3.65;6.9,3.65;6.85,3.65;6.85,3.6;6.85,3.6;6.8,3.6;6.8,3.55;6.8,3.55;6.75,3.55;6.75,3.5;6.75,3.5;6.7,3.5;6.7,3.45;6.7,3.45;6.65,3.45;6.65,3.4;6.65,3.4;6.6,3.4;6.6,3.35;6.6,3.35;6.55,3.35;6.55,3.3;6.55,3.3;6.5,3.3;6.5,3.25;6.5,3.25;6.45,3.25;6.45,3.2;6.45,3.2;6.4,3.2;6.4,3.15;6.4,3.15;6.35,3.15;6.35,3.1;6.35,3.1;6.3,3.1;6.3,3.05;6.3,3.05;6.25,3.05;6.25,3.0;6.25,3.0;6.2,3.0;6.2,2.95;6.2,2.95;6.15,2.95;6.15,2.9;6.15,2.9;6.1,2.9;6.1,2.85;6.1,2.85;6.05,2.85;6.05,2.8;6.05,2.8;6.0,2.8;6.0,2.75;6.0,2.75;5.95,2.75;5.95,2.7;5.95,2.7;5.9,2.7;5.9,2.65;5.9,2.65;5.85,2.65;5.85,2.6;5.85,2.6;5.8,2.6;5.8,2.55;5.8,2.55;5.75,2.55;5.75,2.5;5.75,2.5;5.7,2.5;5.7,2.45;5.7,2.45;5.65,2.45;5.65,2.4;5.65,2.4;5.6,2.4;5.6,2.4;5.6,2.45;5.55,2.45;5.55,2.45;5.55,2.5;5.5,2.5;5.5,2.5;5.5,2.55;5.45,2.55;5.45,2.55;5.45,2.6;5.4,2.6;5.4,2.6;5.4,2.65;5.35,2.65;5.35,2.65;5.35,2.7;5.3,2.7;5.3,2.7;5.3,2.75;5.25,2.75;5.25,2.75;5.25,2.8;5.2,2.8;5.2,2.8;5.2,2.85;5.15,2.85;5.15,2.85;5.15,2.9;5.1,2.9;5.1,2.9;5.1,2.95;5.05,2.95;5.05,2.95;5.05,3.0;5.0,3.0;5.0,3.0;5.0,3.05;4.95,3.05;4.95,3.05;4.95,3.1;4.9,3.1;4.9,3.1;4.9,3.15;4.85,3.15;4.85,3.15;4.85,3.2;4.8,3.2;4.8,3.2;4.8,3.25;4.75,3.25;4.75,3.25;4.75,3.3;4.7,3.3;4.7,3.3;4.7,3.35;4.65,3.35;4.65,3.35;4.65,3.4;4.6,3.4;4.6,3.4;4.6,3.45;4.55,3.45;4.55,3.45;4.55,3.5;4.5,3.5;4.5,3.5;4.5,3.55;4.45,3.55;4.45,3.55;4.45,3.6;4.4,3.6;4.4,3.6;4.4,3.65;4.35,3.65;4.35,3.65;4.35,3.7;4.3,3.7;4.3,3.7;4.3,3.75;4.25,3.75;4.25,3.75;4.25,3.8;4.2,3.8;4.2,3.8;4.2,3.85;4.15,3.85;4.15,3.85;4.15,3.9",TRANSFERIDO
L1,L1_P_LB_c1_r0,L1_P_LB_c1_r0_T021,BEAM,L1_V009,L1_V009,2009.0,4.576094,6.22935,28.506092,"3.75,0.05;3.75,0.1;3.75,0.2;3.75,1.05;3.75,1.1;3.75,1.2;3.75,1.25;3.75,1.3;3.75,1.35;3.75,1.4;3.75,1.5;3.75,1.55;3.75,1.6;3.75,1.65;3.75,1.7;3.75,1.75;3.75,1.85;3.75,1.9;3.75,1.95;3.75,2.1;3.75,2.2;3.75,2.35;3.75,2.45;3.75,2.55;3.75,2.7;3.75,2.8;3.75,2.95;3.75,3.05;3.75,3.15;3.75,3.3;3.75,3.4;3.75,3.5;3.75,3.65;3.75,3.75;3.75,3.9;3.75,4.25;3.75,4.25;3.8,4.25;3.8,4.25;3.8,4.2;3.85,4.2;3.85,4.2;3.85,4.15;3.9,4.15;3.9,4.15;3.9,4.1;3.95,4.1;3.95,4.1;3.95,4.05;4.0,4.05;4.0,4.05;4.0,4.0;4.05,4.0;4.05,4.0;4.05,3.95;4.1,3.95;4.1,3.95;4.1,3.9;4.15,3.9;4.15,3.9;4.15,3.85;4.2,3.85;4.2,3.85;4.2,3.8;4.25,3.8;4.25,3.8;4.25,3.75;4.3,3.75;4.3,3.75;4.3,3.7;4.35,3.7;4.35,3.7;4.35,3.65;4.4,3.65;4.4,3.65;4.4,3.6;4.45,3.6;4.45,3.6;4.45,3.55;4.5,3.55;4.5,3.55;4.5,3.5;4.55,3.5;4.55,3.5;4.55,3.45;4.6,3.45;4.6,3.45;4.6,3.4;4.65,3.4;4.65,3.4;4.65,3.35;4.7,3.35;4.7,3.35;4.7,3.3;4.75,3.3;4.75,3.3;4.75,3.25;4.8,3.25;4.8,3.25;4.8,3.2;4.85,3.2;4.85,3.2;4.85,3.15;4.9,3.15;4.9,3.15;4.9,3.1;4.95,3.1;4.95,3.1;4.95,3.05;5.0,3.05;5.0,3.05;5.0,3.0;5.05,3.0;5.05,3.0;5.05,2.95;5.1,2.95;5.1,2.95;5.1,2.9;5.15,2.9;5.15,2.9;5.15,2.85;5.2,2.85;5.2,2.85;5.2,2.8;5.25,2.8;5.25,2.8;5.25,2.75;5.3,2.75;5.3,2.75;5.3,2.7;5.35,2.7;5.35,2.7;5.35,2.65;5.4,2.65;5.4,2.65;5.4,2.6;5.45,2.6;5.45,2.6;5.45,2.55;5.5,2.55;5.5,2.55;5.5,2.5;5.55,2.5;5.55,2.5;5.55,2.45;5.6,2.45;5.6,2.45;5.6,2.4;5.65,2.4;5.65,2.4;5.65,2.35;5.65,2.2;5.65,2.1;5.65,1.95;5.65,1.9;5.65,1.85;5.65,1.85;5.6,1.85;5.6,1.8;5.6,1.8;5.55,1.8;5.55,1.75;5.55,1.75;5.5,1.75;5.5,1.7;5.5,1.7;5.45,1.7;5.45,1.65;5.45,1.65;5.4,1.65;5.4,1.6;5.4,1.6;5.35,1.6;5.35,1.55;5.35,1.55;5.3,1.55;5.3,1.5;5.3,1.5;5.25,1.5;5.25,1.45;5.25,1.45;5.2,1.45;5.2,1.4;5.2,1.4;5.15,1.4;5.15,1.35;5.15,1.35;5.1,1.35;5.1,1.3;5.1,1.3;5.05,1.3;5.05,1.25;5.05,1.25;5.0,1.25;5.0,1.2;5.0,1.2;4.95,1.2;4.95,1.15;4.95,1.15;4.9,1.15;4.9,1.1;4.9,1.1;4.85,1.1;4.85,1.05;4.85,1.05;4.8,1.05;4.8,1.0;4.8,1.0;4.75,1.0;4.75,0.95;4.75,0.95;4.7,0.95;4.7,0.9;4.7,0.9;4.65,0.9;4.65,0.85;4.65,0.85;4.6,0.85;4.6,0.8;4.6,0.8;4.55,0.8;4.55,0.75;4.55,0.75;4.5,0.75;4.5,0.7;4.5,0.7;4.45,0.7;4.45,0.65;4.45,0.65;4.4,0.65;4.4,0.6;4.4,0.6;4.35,0.6;4.35,0.55;4.35,0.55;4.3,0.55;4.3,0.5;4.3,0.5;4.25,0.5;4.25,0.45;4.25,0.45;4.2,0.45;4.2,0.4;4.2,0.4;4.15,0.4;4.15,0.35;4.15,0.35;4.1,0.35;4.1,0.3;4.1,0.3;4.05,0.3;4.05,0.25;4.05,0.25;4.0,0.25;4.0,0.2;4.0,0.2;3.95,0.2;3.95,0.15;3.95,0.15;3.9,0.15;3.9,0.1;3.9,0.1;3.85,0.1;3.85,0.05;3.85,0.05;3.8,0.05;3.8,0.0;3.8,-0.0;3.75,-0.0;3.75,0.0",TRANSFERIDO
L1,L1_P_LB_c1_r0,L1_P_LB_c1_r0_T022,BEAM,L1_V013,L1_V013,2013.0,4.455671,6.22935,27.755932,"5.65,1.9;5.65,1.95;5.65,2.1;5.65,2.2;5.65,2.35;5.65,2.45;5.65,2.45;5.7,2.45;5.7,2.5;5.7,2.5;5.75,2.5;5.75,2.55;5.75,2.55;5.8,2.55;5.8,2.6;5.8,2.6;5.85,2.6;5.85,2.65;5.85,2.65;5.9,2.65;5.9,2.7;5.9,2.7;5.95,2.7;5.95,2.75;5.95,2.75;6.0,2.75;6.0,2.8;6.0,2.8;6.05,2.8;6.05,2.85;6.05,2.85;6.1,2.85;6.1,2.9;6.1,2.9;6.15,2.9;6.15,2.95;6.15,2.95;6.2,2.95;6.2,3.0;6.2,3.0;6.25,3.0;6.25,3.05;6.25,3.05;6.3,3.05;6.3,3.1;6.3,3.1;6.35,3.1;6.35,3.15;6.35,3.15;6.4,3.15;6.4,3.2;6.4,3.2;6.45,3.2;6.45,3.25;6.45,3.25;6.5,3.25;6.5,3.3;6.5,3.3;6.55,3.3;6.55,3.35;6.55,3.35;6.6,3.35;6.6,3.4;6.6,3.4;6.65,3.4;6.65,3.45;6.65,3.45;6.7,3.45;6.7,3.5;6.7,3.5;6.75,3.5;6.75,3.55;6.75,3.55;6.8,3.55;6.8,3.6;6.8,3.6;6.85,3.6;6.85,3.65;6.85,3.65;6.9,3.65;6.9,3.7;6.9,3.7;6.95,3.7;6.95,3.75;6.95,3.75;7.0,3.75;7.0,3.8;7.0,3.8;7.05,3.8;7.05,3.85;7.05,3.85;7.1,3.85;7.1,3.9;7.1,3.9;7.15,3.9;7.15,3.95;7.15,3.95;7.2,3.95;7.2,4.0;7.2,4.0;7.25,4.0;7.25,4.05;7.25,4.05;7.3,4.05;7.3,4.1;7.3,4.1;7.35,4.1;7.35,4.15;7.35,4.15;7.4,4.15;7.4,4.2;7.4,4.2;7.45,4.2;7.45,4.25;7.45,4.25;7.5,4.25;7.5,4.25;7.5,3.9;7.5,3.75;7.5,3.65;7.5,3.5;7.5,3.4;7.5,3.3;7.5,3.15;7.5,3.05;7.5,2.95;7.5,2.8;7.5,2.7;7.5,2.55;7.5,2.45;7.5,2.35;7.5,2.2;7.5,2.1;7.5,1.95;7.5,1.9;7.5,1.85;7.5,1.75;7.5,1.7;7.5,1.65;7.5,1.6;7.5,1.55;7.5,1.5;7.5,1.4;7.5,1.35;7.5,1.3;7.5,1.25;7.5,1.2;7.5,1.1;7.5,1.05;7.5,0.2;7.5,0.1;7.5,0.05;7.5,0.05;7.45,0.05;7.45,0.05;7.45,0.1;7.4,0.1;7.4,0.1;7.4,0.15;7.35,0.15;7.35,0.15;7.35,0.2;7.3,0.2;7.3,0.2;7.3,0.25;7.25,0.25;7.25,0.25;7.25,0.3;7.2,0.3;7.2,0.3;7.2,0.35;7.15,0.35;7.15,0.35;7.15,0.4;7.1,0.4;7.1,0.4;7.1,0.45;7.05,0.45;7.05,0.45;7.05,0.5;7.0,0.5;7.0,0.5;7.0,0.55;6.95,0.55;6.95,0.55;6.95,0.6;6.9,0.6;6.9,0.6;6.9,0.65;6.85,0.65;6.85,0.65;6.85,0.7;6.8,0.7;6.8,0.7;6.8,0.75;6.75,0.75;6.75,0.75;6.75,0.8;6.7,0.8;6.7,0.8;6.7,0.85;6.65,0.85;6.65,0.85;6.65,0.9;6.6,0.9;6.6,0.9;6.6,0.95;6.55,0.95;6.55,0.95;6.55,1.0;6.5,1.0;6.5,1.0;6.5,1.05;6.45,1.05;6.45,1.05;6.45,1.1;6.4,1.1;6.4,1.1;6.4,1.15;6.35,1.15;6.35,1.15;6.35,1.2;6.3,1.2;6.3,1.2;6.3,1.25;6.25,1.25;6.25,1.25;6.25,1.3;6.2,1.3;6.2,1.3;6.2,1.35;6.15,1.35;6.15,1.35;6.15,1.4;6.1,1.4;6.1,1.4;6.1,1.45;6.05,1.45;6.05,1.45;6.05,1.5;6.0,1.5;6.0,1.5;6.0,1.55;5.95,1.55;5.95,1.55;5.95,1.6;5.9,1.6;5.9,1.6;5.9,1.65;5.85,1.65;5.85,1.65;5.85,1.7;5.8,1.7;5.8,1.7;5.8,1.75;5.75,1.75;5.75,1.75;5.75,1.8;5.7,1.8;5.7,1.8;5.7,1.85;5.65,1.85;5.65,1.85;5.65,1.9",TRANSFERIDO
L1,L1_P_LB_c1_r1,L1_P_LB_c1_r1_T023,BEAM,L1_V30_02,L1_V30_02,2082.0,3.543532,6.22935,22.073903,"4.4,4.265;4.35,4.265;4.3,4.265;4.25,4.265;4.2,4.265;4.15,4.265;4.1,4.265;4.05,4.265;4.0,4.265;3.95,4.265;3.9,4.265;3.85,4.265;3.8,4.265;3.8,4.315;3.85,4.315;3.85,4.365;3.9,4.365;3.9,4.415;3.95,4.415;3.95,4.465;4.0,4.465;4.0,4.515;4.05,4.515;4.05,4.565;4.05,4.615;4.1,4.615;4.15,4.615;4.15,4.665;4.15,4.715;4.2,4.715;4.25,4.715;4.25,4.765;4.25,4.815;4.3,4.815;4.35,4.815;4.35,4.865;4.35,4.915;4.4,4.915;4.45,4.915;4.45,4.965;4.45,5.015;4.5,5.015;4.55,5.015;4.55,5.065;4.55,5.115;4.6,5.115;4.65,5.115;4.65,5.165;4.65,5.215;4.7,5.215;4.75,5.215;4.75,5.265;4.75,5.315;4.8,5.315;4.85,5.315;4.85,5.365;4.85,5.415;4.9,5.415;4.95,5.415;4.95,5.465;4.95,5.515;5.0,5.515;5.05,5.515;5.05,5.565;5.05,5.615;5.1,5.615;5.15,5.615;5.15,5.665;5.15,5.715;5.2,5.715;5.25,5.715;5.25,5.765;5.25,5.815;5.3,5.815;5.35,5.815;5.35,5.865;5.35,5.915;5.4,5.915;5.45,5.915;5.45,5.965;5.45,6.015;5.5,6.015;5.55,6.015;5.55,6.065;5.55,6.115;5.6,6.115;5.65,6.115;5.7,6.115;5.7,6.065;5.75,6.065;5.75,6.015;5.8,6.015;5.8,5.965;5.85,5.965;5.85,5.915;5.9,5.915;5.9,5.865;5.95,5.865;5.95,5.815;6.0,5.815;6.0,5.765;6.05,5.765;6.05,5.715;6.1,5.715;6.1,5.665;6.15,5.665;6.15,5.615;6.2,5.615;6.2,5.565;6.25,5.565;6.25,5.515;6.3,5.515;6.3,5.465;6.35,5.465;6.35,5.415;6.4,5.415;6.4,5.365;6.45,5.365;6.45,5.315;6.5,5.315;6.5,5.265;6.55,5.265;6.55,5.215;6.6,5.215;6.6,5.165;6.65,5.165;6.65,5.115;6.7,5.115;6.7,5.065;6.75,5.065;6.75,5.015;6.8,5.015;6.8,4.965;6.85,4.965;6.85,4.915;6.9,4.915;6.9,4.865;6.95,4.865;6.95,4.815;7.0,4.815;7.0,4.765;7.05,4.765;7.05,4.715;7.1,4.715;7.1,4.665;7.15,4.665;7.15,4.615;7.2,4.615;7.2,4.565;7.25,4.565;7.25,4.515;7.3,4.515;7.3,4.465;7.35,4.465;7.35,4.415;7.4,4.415;7.4,4.365;7.45,4.365;7.45,4.315;7.5,4.315;7.5,4.265;7.45,4.265;7.4,4.265;7.35,4.265;7.3,4.265;7.25,4.265;7.2,4.265;7.15,4.265;7.1,4.265;7.05,4.265;7.0,4.265;6.95,4.265;6.9,4.265;6.85,4.265;6.8,4.265;6.75,4.265;6.7,4.265;6.65,4.265;6.6,4.265;6.55,4.265;6.5,4.265;6.45,4.265;6.4,4.265;6.35,4.265;6.3,4.265;6.25,4.265;6.2,4.265;6.15,4.265;6.1,4.265;6.05,4.265;6.0,4.265;5.95,4.265;5.9,4.265;5.85,4.265;5.8,4.265;5.75,4.265;5.7,4.265;5.65,4.265;5.6,4.265;5.55,4.265;5.5,4.265;5.45,4.265;5.4,4.265;5.35,4.265;5.3,4.265;5.25,4.265;5.2,4.265;5.15,4.265;5.1,4.265;5.05,4.265;5.0,4.265;4.95,4.265;4.9,4.265;4.85,4.265;4.8,4.265;4.75,4.265;4.7,4.265;4.65,4.265;4.6,4.265;4.55,4.265;4.5,4.265;4.45,4.265",TRANSFERIDO
L1,L1_P_LB_c1_r1,L1_P_LB_c1_r1_T024,BEAM,L1_V004,L1_V004,2004.0,3.598355,6.22935,22.415412,"4.3,8.365;4.25,8.365;4.25,8.415;4.2,8.415;4.2,8.465;4.15,8.465;4.15,8.515;4.1,8.515;4.1,8.565;4.05,8.565;4.05,8.615;4.0,8.615;4.0,8.665;3.95,8.665;3.95,8.715;3.9,8.715;3.9,8.765;3.85,8.765;3.85,8.815;3.8,8.815;3.8,8.865;3.75,8.865;3.75,8.915;3.8,8.915;3.85,8.915;3.9,8.915;3.95,8.915;4.0,8.915;4.05,8.915;4.1,8.915;4.15,8.915;4.2,8.915;4.25,8.915;4.3,8.915;4.35,8.915;4.4,8.915;4.45,8.915;4.5,8.915;4.55,8.915;4.6,8.915;4.65,8.915;4.7,8.915;4.75,8.915;4.8,8.915;4.85,8.915;4.9,8.915;4.95,8.915;5.0,8.915;5.05,8.915;5.1,8.915;5.15,8.915;5.2,8.915;5.25,8.915;5.3,8.915;5.35,8.915;5.4,8.915;5.45,8.915;5.5,8.915;5.55,8.915;5.6,8.915;5.65,8.915;5.7,8.915;5.75,8.915;5.8,8.915;5.85,8.915;5.9,8.915;5.95,8.915;6.0,8.915;6.05,8.915;6.1,8.915;6.15,8.915;6.2,8.915;6.25,8.915;6.3,8.915;6.35,8.915;6.4,8.915;6.45,8.915;6.5,8.915;6.55,8.915;6.6,8.915;6.65,8.915;6.7,8.915;6.75,8.915;6.8,8.915;6.85,8.915;6.9,8.915;6.95,8.915;7.0,8.915;7.05,8.915;7.1,8.915;7.15,8.915;7.2,8.915;7.25,8.915;7.3,8.915;7.35,8.915;7.4,8.915;7.45,8.915;7.5,8.915;7.5,8.865;7.45,8.865;7.45,8.815;7.4,8.815;7.4,8.765;7.35,8.765;7.35,8.715;7.3,8.715;7.3,8.665;7.25,8.665;7.25,8.615;7.2,8.615;7.2,8.565;7.15,8.565;7.15,8.515;7.1,8.515;7.1,8.465;7.05,8.465;7.05,8.415;7.0,8.415;7.0,8.365;6.95,8.365;6.95,8.315;6.9,8.315;6.9,8.265;6.85,8.265;6.85,8.215;6.8,8.215;6.8,8.165;6.75,8.165;6.75,8.115;6.7,8.115;6.7,8.065;6.65,8.065;6.65,8.015;6.6,8.015;6.6,7.965;6.55,7.965;6.55,7.915;6.5,7.915;6.5,7.865;6.45,7.865;6.45,7.815;6.4,7.815;6.4,7.765;6.35,7.765;6.35,7.715;6.3,7.715;6.3,7.665;6.25,7.665;6.25,7.615;6.2,7.615;6.2,7.565;6.15,7.565;6.15,7.515;6.1,7.515;6.1,7.465;6.05,7.465;6.05,7.415;6.0,7.415;6.0,7.365;5.95,7.365;5.95,7.315;5.9,7.315;5.9,7.265;5.85,7.265;5.85,7.215;5.8,7.215;5.8,7.165;5.75,7.165;5.75,7.115;5.7,7.115;5.7,7.065;5.65,7.065;5.65,7.015;5.6,7.015;5.6,7.065;5.55,7.065;5.55,7.115;5.5,7.115;5.5,7.165;5.45,7.165;5.45,7.215;5.4,7.215;5.4,7.265;5.35,7.265;5.35,7.315;5.3,7.315;5.3,7.365;5.25,7.365;5.25,7.415;5.2,7.415;5.2,7.465;5.15,7.465;5.15,7.515;5.1,7.515;5.1,7.565;5.05,7.565;5.05,7.615;5.0,7.615;5.0,7.665;4.95,7.665;4.95,7.715;4.9,7.715;4.9,7.765;4.85,7.765;4.85,7.815;4.8,7.815;4.8,7.865;4.75,7.865;4.75,7.915;4.7,7.915;4.7,7.965;4.65,7.965;4.65,8.015;4.6,8.015;4.6,8.065;4.55,8.065;4.55,8.115;4.5,8.115;4.5,8.165;4.45,8.165;4.45,8.215;4.4,8.215;4.4,8.265;4.35,8.265;4.35,8.315;4.3,8.315",TRANSFERIDO
L1,L1_P_LB_c1_r1,L1_P_LB_c1_r1_T025,BEAM,L1_V010,L1_V010,2010.0,5.168274,6.22935,32.194989,"3.75,4.515;3.75,4.565;3.75,4.615;3.75,4.665;3.75,4.715;3.75,4.765;3.75,4.815;3.75,4.865;3.75,4.915;3.75,4.965;3.75,5.015;3.75,5.065;3.75,5.115;3.75,5.165;3.75,5.215;3.75,5.265;3.75,5.315;3.75,5.365;3.75,5.415;3.75,5.465;3.75,5.515;3.75,5.565;3.75,5.615;3.75,5.665;3.75,5.715;3.75,5.765;3.75,5.815;3.75,5.865;3.75,5.915;3.75,5.965;3.75,6.015;3.75,6.065;3.75,6.115;3.75,6.165;3.75,6.215;3.75,6.265;3.75,6.315;3.75,6.365;3.75,6.415;3.75,6.465;3.75,6.515;3.75,6.565;3.75,6.615;3.75,6.665;3.75,6.715;3.75,6.765;3.75,6.815;3.75,6.865;3.75,6.915;3.75,6.965;3.75,7.015;3.75,7.065;3.75,7.115;3.75,7.165;3.75,7.215;3.75,7.265;3.75,7.315;3.75,7.365;3.75,7.415;3.75,7.465;3.75,7.515;3.75,7.565;3.75,7.615;3.75,7.665;3.75,7.715;3.75,7.765;3.75,7.815;3.75,7.865;3.75,7.915;3.75,7.965;3.75,8.015;3.75,8.065;3.75,8.115;3.75,8.165;3.75,8.215;3.75,8.265;3.75,8.315;3.75,8.365;3.75,8.415;3.75,8.465;3.75,8.515;3.75,8.565;3.75,8.615;3.75,8.665;3.75,8.715;3.75,8.765;3.75,8.815;3.75,8.865;3.8,8.865;3.8,8.815;3.85,8.815;3.85,8.765;3.9,8.765;3.9,8.715;3.95,8.715;3.95,8.665;4.0,8.665;4.0,8.615;4.05,8.615;4.05,8.565;4.1,8.565;4.1,8.515;4.15,8.515;4.15,8.465;4.2,8.465;4.2,8.415;4.25,8.415;4.25,8.365;4.3,8.365;4.3,8.315;4.35,8.315;4.35,8.265;4.4,8.265;4.4,8.215;4.45,8.215;4.45,8.165;4.5,8.165;4.5,8.115;4.55,8.115;4.55,8.065;4.6,8.065;4.6,8.015;4.65,8.015;4.65,7.965;4.7,7.965;4.7,7.915;4.75,7.915;4.75,7.865;4.8,7.865;4.8,7.815;4.85,7.815;4.85,7.765;4.9,7.765;4.9,7.715;4.95,7.715;4.95,7.665;5.0,7.665;5.0,7.615;5.05,7.615;5.05,7.565;5.1,7.565;5.1,7.515;5.15,7.515;5.15,7.465;5.2,7.465;5.2,7.415;5.25,7.415;5.25,7.365;5.3,7.365;5.3,7.315;5.35,7.315;5.35,7.265;5.4,7.265;5.4,7.215;5.45,7.215;5.45,7.165;5.5,7.165;5.5,7.115;5.55,7.115;5.55,7.065;5.6,7.065;5.6,7.015;5.65,7.015;5.65,6.965;5.65,6.915;5.65,6.865;5.65,6.815;5.65,6.765;5.65,6.715;5.65,6.665;5.65,6.615;5.65,6.565;5.65,6.515;5.65,6.465;5.65,6.415;5.65,6.365;5.65,6.315;5.65,6.265;5.65,6.215;5.65,6.165;5.65,6.115;5.6,6.115;5.55,6.115;5.55,6.065;5.55,6.015;5.5,6.015;5.45,6.015;5.45,5.965;5.45,5.915;5.4,5.915;5.35,5.915;5.35,5.865;5.35,5.815;5.3,5.815;5.25,5.815;5.25,5.765;5.25,5.715;5.2,5.715;5.15,5.715;5.15,5.665;5.15,5.615;5.1,5.615;5.05,5.615;5.05,5.565;5.05,5.515;5.0,5.515;4.95,5.515;4.95,5.465;4.95,5.415;4.9,5.415;4.85,5.415;4.85,5.365;4.85,5.315;4.8,5.315;4.75,5.315;4.75,5.265;4.75,5.215;4.7,5.215;4.65,5.215;4.65,5.165;4.65,5.115;4.6,5.115;4.55,5.115;4.55,5.065;4.55,5.015;4.5,5.015;4.45,5.015;4.45,4.965;4.45,4.915;4.4,4.915;4.35,4.915;4.35,4.865;4.35,4.815;4.3,4.815;4.25,4.815;4.25,4.765;4.25,4.715;4.2,4.715;4.15,4.715;4.15,4.665;4.15,4.615;4.1,4.615;4.05,4.615;4.05,4.565;4.05,4.515;4.0,4.515;4.0,4.465;3.95,4.465;3.95,4.415;3.9,4.415;3.9,4.365;3.85,4.365;3.85,4.315;3.8,4.315;3.8,4.265;3.75,4.265;3.75,4.315;3.75,4.365;3.75,4.415;3.75,4.465",TRANSFERIDO
L1,L1_P_LB_c1_r1,L1_P_LB_c1_r1_T026,BEAM,L1_V014,L1_V014,2014.0,5.071089,6.22935,31.589586,"5.75,6.065;5.7,6.065;5.7,6.115;5.65,6.115;5.65,6.165;5.65,6.215;5.65,6.265;5.65,6.315;5.65,6.365;5.65,6.415;5.65,6.465;5.65,6.515;5.65,6.565;5.65,6.615;5.65,6.665;5.65,6.715;5.65,6.765;5.65,6.815;5.65,6.865;5.65,6.915;5.65,6.965;5.65,7.015;5.65,7.065;5.7,7.065;5.7,7.115;5.75,7.115;5.75,7.165;5.8,7.165;5.8,7.215;5.85,7.215;5.85,7.265;5.9,7.265;5.9,7.315;5.95,7.315;5.95,7.365;6.0,7.365;6.0,7.415;6.05,7.415;6.05,7.465;6.1,7.465;6.1,7.515;6.15,7.515;6.15,7.565;6.2,7.565;6.2,7.615;6.25,7.615;6.25,7.665;6.3,7.665;6.3,7.715;6.35,7.715;6.35,7.765;6.4,7.765;6.4,7.815;6.45,7.815;6.45,7.865;6.5,7.865;6.5,7.915;6.55,7.915;6.55,7.965;6.6,7.965;6.6,8.015;6.65,8.015;6.65,8.065;6.7,8.065;6.7,8.115;6.75,8.115;6.75,8.165;6.8,8.165;6.8,8.215;6.85,8.215;6.85,8.265;6.9,8.265;6.9,8.315;6.95,8.315;6.95,8.365;7.0,8.365;7.0,8.415;7.05,8.415;7.05,8.465;7.1,8.465;7.1,8.515;7.15,8.515;7.15,8.565;7.2,8.565;7.2,8.615;7.25,8.615;7.25,8.665;7.3,8.665;7.3,8.715;7.35,8.715;7.35,8.765;7.4,8.765;7.4,8.815;7.45,8.815;7.45,8.865;7.5,8.865;7.5,8.815;7.5,8.765;7.5,8.715;7.5,8.665;7.5,8.615;7.5,8.565;7.5,8.515;7.5,8.465;7.5,8.415;7.5,8.365;7.5,8.315;7.5,8.265;7.5,8.215;7.5,8.165;7.5,8.115;7.5,8.065;7.5,8.015;7.5,7.965;7.5,7.915;7.5,7.865;7.5,7.815;7.5,7.765;7.5,7.715;7.5,7.665;7.5,7.615;7.5,7.565;7.5,7.515;7.5,7.465;7.5,7.415;7.5,7.365;7.5,7.315;7.5,7.265;7.5,7.215;7.5,7.165;7.5,7.115;7.5,7.065;7.5,7.015;7.5,6.965;7.5,6.915;7.5,6.865;7.5,6.815;7.5,6.765;7.5,6.715;7.5,6.665;7.5,6.615;7.5,6.565;7.5,6.515;7.5,6.465;7.5,6.415;7.5,6.365;7.5,6.315;7.5,6.265;7.5,6.215;7.5,6.165;7.5,6.115;7.5,6.065;7.5,6.015;7.5,5.965;7.5,5.915;7.5,5.865;7.5,5.815;7.5,5.765;7.5,5.715;7.5,5.665;7.5,5.615;7.5,5.565;7.5,5.515;7.5,5.465;7.5,5.415;7.5,5.365;7.5,5.315;7.5,5.265;7.5,5.215;7.5,5.165;7.5,5.115;7.5,5.065;7.5,5.015;7.5,4.965;7.5,4.915;7.5,4.865;7.5,4.815;7.5,4.765;7.5,4.715;7.5,4.665;7.5,4.615;7.5,4.565;7.5,4.515;7.5,4.465;7.5,4.415;7.5,4.365;7.5,4.315;7.45,4.315;7.45,4.365;7.4,4.365;7.4,4.415;7.35,4.415;7.35,4.465;7.3,4.465;7.3,4.515;7.25,4.515;7.25,4.565;7.2,4.565;7.2,4.615;7.15,4.615;7.15,4.665;7.1,4.665;7.1,4.715;7.05,4.715;7.05,4.765;7.0,4.765;7.0,4.815;6.95,4.815;6.95,4.865;6.9,4.865;6.9,4.915;6.85,4.915;6.85,4.965;6.8,4.965;6.8,5.015;6.75,5.015;6.75,5.065;6.7,5.065;6.7,5.115;6.65,5.115;6.65,5.165;6.6,5.165;6.6,5.215;6.55,5.215;6.55,5.265;6.5,5.265;6.5,5.315;6.45,5.315;6.45,5.365;6.4,5.365;6.4,5.415;6.35,5.415;6.35,5.465;6.3,5.465;6.3,5.515;6.25,5.515;6.25,5.565;6.2,5.565;6.2,5.615;6.15,5.615;6.15,5.665;6.1,5.665;6.1,5.715;6.05,5.715;6.05,5.765;6.0,5.765;6.0,5.815;5.95,5.815;5.95,5.865;5.9,5.865;5.9,5.915;5.85,5.915;5.85,5.965;5.8,5.965;5.8,6.015;5.75,6.015",TRANSFERIDO
L1,L1_P_LB_c1_r2,L1_P_LB_c1_r2_T027,BEAM,L1_V004,L1_V004,2004.0,3.3233,6.22935,20.701999,"3.85,8.95;3.85,9.0;3.9,9.0;3.9,9.05;3.95,9.05;3.95,9.1;4.0,9.1;4.0,9.15;4.05,9.15;4.05,9.2;4.1,9.2;4.1,9.25;4.15,9.25;4.15,9.3;4.2,9.3;4.2,9.35;4.25,9.35;4.25,9.4;4.3,9.4;4.3,9.45;4.35,9.45;4.35,9.5;4.4,9.5;4.4,9.55;4.45,9.55;4.45,9.6;4.5,9.6;4.5,9.65;4.55,9.65;4.55,9.7;4.6,9.7;4.6,9.75;4.65,9.75;4.65,9.8;4.7,9.8;4.7,9.85;4.75,9.85;4.75,9.9;4.8,9.9;4.8,9.95;4.85,9.95;4.85,10.0;4.9,10.0;4.9,10.05;4.95,10.05;4.95,10.1;5.0,10.1;5.0,10.15;5.05,10.15;5.05,10.2;5.1,10.2;5.1,10.25;5.15,10.25;5.15,10.3;5.2,10.3;5.2,10.35;5.25,10.35;5.25,10.4;5.3,10.4;5.35,10.4;5.4,10.4;5.45,10.4;5.5,10.4;5.55,10.4;5.6,10.4;5.65,10.4;5.7,10.4;5.75,10.4;5.8,10.4;5.85,10.4;5.9,10.4;5.95,10.4;6.0,10.4;6.0,10.35;6.05,10.35;6.05,10.3;6.1,10.3;6.1,10.25;6.15,10.25;6.15,10.2;6.2,10.2;6.2,10.15;6.25,10.15;6.25,10.1;6.3,10.1;6.3,10.05;6.35,10.05;6.35,10.0;6.4,10.0;6.4,9.95;6.45,9.95;6.45,9.9;6.5,9.9;6.5,9.85;6.55,9.85;6.55,9.8;6.6,9.8;6.6,9.75;6.65,9.75;6.65,9.7;6.7,9.7;6.75,9.7;6.75,9.65;6.8,9.65;6.8,9.6;6.85,9.6;6.85,9.55;6.9,9.55;6.9,9.5;6.95,9.5;6.95,9.45;7.0,9.45;7.0,9.4;7.05,9.4;7.05,9.35;7.1,9.35;7.1,9.3;7.15,9.3;7.15,9.25;7.2,9.25;7.2,9.2;7.25,9.2;7.25,9.15;7.3,9.15;7.3,9.1;7.35,9.1;7.35,9.05;7.4,9.05;7.4,9.0;7.45,9.0;7.45,8.95;7.5,8.95;7.5,8.9;7.45,8.9;7.4,8.9;7.35,8.9;7.3,8.9;7.25,8.9;7.2,8.9;7.15,8.9;7.1,8.9;7.05,8.9;7.0,8.9;6.95,8.9;6.9,8.9;6.85,8.9;6.8,8.9;6.75,8.9;6.7,8.9;6.65,8.9;6.6,8.9;6.55,8.9;6.5,8.9;6.45,8.9;6.4,8.9;6.35,8.9;6.3,8.9;6.25,8.9;6.2,8.9;6.15,8.9;6.1,8.9;6.05,8.9;6.0,8.9;5.95,8.9;5.9,8.9;5.85,8.9;5.8,8.9;5.75,8.9;5.7,8.9;5.65,8.9;5.6,8.9;5.55,8.9;5.5,8.9;5.45,8.9;5.4,8.9;5.35,8.9;5.3,8.9;5.25,8.9;5.2,8.9;5.15,8.9;5.1,8.9;5.05,8.9;5.0,8.9;4.95,8.9;4.9,8.9;4.85,8.9;4.8,8.9;4.75,8.9;4.7,8.9;4.65,8.9;4.6,8.9;4.55,8.9;4.5,8.9;4.45,8.9;4.4,8.9;4.35,8.9;4.3,8.9;4.25,8.9;4.2,8.9;4.15,8.9;4.1,8.9;4.05,8.9;4.0,8.9;3.95,8.9;3.9,8.9;3.85,8.9;3.8,8.9;3.8,8.95",TRANSFERIDO
L1,L1_P_LB_c1_r2,L1_P_LB_c1_r2_T028,BEAM,L1_V30_04,L1_V30_04,2084.0,3.43275,6.22935,21.383801,"4.25,11.35;4.25,11.4;4.2,11.4;4.2,11.45;4.15,11.45;4.15,11.5;4.1,11.5;4.1,11.55;4.05,11.55;4.05,11.6;4.0,11.6;4.0,11.65;3.95,11.65;3.95,11.7;3.9,11.7;3.9,11.75;3.85,11.75;3.85,11.8;3.8,11.8;3.8,11.85;3.75,11.85;3.75,11.9;3.8,11.9;3.85,11.9;3.9,11.9;3.95,11.9;4.0,11.9;4.05,11.9;4.1,11.9;4.15,11.9;4.2,11.9;4.25,11.9;4.3,11.9;4.35,11.9;4.4,11.9;4.45,11.9;4.5,11.9;4.55,11.9;4.6,11.9;4.65,11.9;4.7,11.9;4.75,11.9;4.8,11.9;4.85,11.9;4.9,11.9;4.95,11.9;5.0,11.9;5.05,11.9;5.1,11.9;5.15,11.9;5.2,11.9;5.25,11.9;5.3,11.9;5.35,11.9;5.4,11.9;5.45,11.9;5.5,11.9;5.55,11.9;5.6,11.9;5.65,11.9;5.7,11.9;5.75,11.9;5.8,11.9;5.85,11.9;5.9,11.9;5.95,11.9;6.0,11.9;6.05,11.9;6.1,11.9;6.15,11.9;6.2,11.9;6.25,11.9;6.3,11.9;6.35,11.9;6.4,11.9;6.45,11.9;6.5,11.9;6.55,11.9;6.6,11.9;6.65,11.9;6.7,11.9;6.75,11.9;6.8,11.9;6.85,11.9;6.9,11.9;6.95,11.9;7.0,11.9;7.05,11.9;7.1,11.9;7.15,11.9;7.2,11.9;7.25,11.9;7.3,11.9;7.35,11.9;7.4,11.9;7.45,11.9;7.5,11.9;7.5,11.85;7.45,11.85;7.45,11.8;7.4,11.8;7.4,11.75;7.35,11.75;7.35,11.7;7.3,11.7;7.3,11.65;7.25,11.65;7.25,11.6;7.2,11.6;7.2,11.55;7.15,11.55;7.15,11.5;7.1,11.5;7.1,11.45;7.05,11.45;7.05,11.4;7.0,11.4;7.0,11.35;6.95,11.35;6.95,11.3;6.9,11.3;6.9,11.25;6.85,11.25;6.85,11.2;6.8,11.2;6.8,11.15;6.75,11.15;6.75,11.1;6.7,11.1;6.7,11.05;6.65,11.05;6.65,11.0;6.6,11.0;6.6,10.95;6.55,10.95;6.55,10.9;6.5,10.9;6.5,10.85;6.45,10.85;6.45,10.8;6.4,10.8;6.4,10.75;6.35,10.75;6.35,10.7;6.3,10.7;6.3,10.65;6.25,10.65;6.25,10.6;6.2,10.6;6.2,10.55;6.15,10.55;6.15,10.5;6.1,10.5;6.1,10.45;6.05,10.45;6.05,10.4;6.0,10.4;5.95,10.4;5.9,10.4;5.85,10.4;5.8,10.4;5.75,10.4;5.7,10.4;5.65,10.4;5.6,10.4;5.55,10.4;5.5,10.4;5.45,10.4;5.4,10.4;5.35,10.4;5.3,10.4;5.25,10.4;5.2,10.4;5.2,10.45;5.15,10.45;5.15,10.5;5.1,10.5;5.1,10.55;5.05,10.55;5.05,10.6;5.0,10.6;5.0,10.65;4.95,10.65;4.95,10.7;4.9,10.7;4.9,10.75;4.85,10.75;4.85,10.8;4.8,10.8;4.8,10.85;4.75,10.85;4.75,10.9;4.7,10.9;4.7,10.95;4.65,10.95;4.65,11.0;4.6,11.0;4.6,11.05;4.55,11.05;4.55,11.1;4.5,11.1;4.5,11.15;4.45,11.15;4.45,11.2;4.4,11.2;4.4,11.25;4.35,11.25;4.35,11.3;4.3,11.3;4.3,11.35",TRANSFERIDO
L1,L1_P_LB_c1_r2,L1_P_LB_c1_r2_T029,BEAM,L1_V011,L1_V011,2011.0,2.23875,6.22935,13.945957,"3.75,9.25;3.75,9.3;3.75,9.35;3.75,9.4;3.75,9.45;3.75,9.5;3.75,9.55;3.75,9.6;3.75,9.65;3.75,9.7;3.75,9.75;3.75,9.8;3.75,9.85;3.75,9.9;3.75,9.95;3.75,10.0;3.75,10.05;3.75,10.1;3.75,10.15;3.75,10.2;3.75,10.25;3.75,10.3;3.75,10.35;3.75,10.4;3.75,10.45;3.75,10.5;3.75,10.55;3.75,10.6;3.75,10.65;3.75,10.7;3.75,10.75;3.75,10.8;3.75,10.85;3.75,10.9;3.75,10.95;3.75,11.0;3.75,11.05;3.75,11.1;3.75,11.15;3.75,11.2;3.75,11.25;3.75,11.3;3.75,11.35;3.75,11.4;3.75,11.45;3.75,11.5;3.75,11.55;3.75,11.6;3.75,11.65;3.75,11.7;3.75,11.75;3.75,11.8;3.75,11.85;3.8,11.85;3.8,11.8;3.85,11.8;3.85,11.75;3.9,11.75;3.9,11.7;3.95,11.7;3.95,11.65;4.0,11.65;4.0,11.6;4.05,11.6;4.05,11.55;4.1,11.55;4.1,11.5;4.15,11.5;4.15,11.45;4.2,11.45;4.2,11.4;4.25,11.4;4.25,11.35;4.3,11.35;4.3,11.3;4.35,11.3;4.35,11.25;4.4,11.25;4.4,11.2;4.45,11.2;4.45,11.15;4.5,11.15;4.5,11.1;4.55,11.1;4.55,11.05;4.6,11.05;4.6,11.0;4.65,11.0;4.65,10.95;4.7,10.95;4.7,10.9;4.75,10.9;4.75,10.85;4.8,10.85;4.8,10.8;4.85,10.8;4.85,10.75;4.9,10.75;4.9,10.7;4.95,10.7;4.95,10.65;5.0,10.65;5.0,10.6;5.05,10.6;5.05,10.55;5.1,10.55;5.1,10.5;5.15,10.5;5.15,10.45;5.2,10.45;5.2,10.4;5.25,10.4;5.25,10.35;5.2,10.35;5.2,10.3;5.15,10.3;5.15,10.25;5.1,10.25;5.1,10.2;5.05,10.2;5.05,10.15;5.0,10.15;5.0,10.1;4.95,10.1;4.95,10.05;4.9,10.05;4.9,10.0;4.85,10.0;4.85,9.95;4.8,9.95;4.8,9.9;4.75,9.9;4.75,9.85;4.7,9.85;4.7,9.8;4.65,9.8;4.65,9.75;4.6,9.75;4.6,9.7;4.55,9.7;4.55,9.65;4.5,9.65;4.5,9.6;4.45,9.6;4.45,9.55;4.4,9.55;4.4,9.5;4.35,9.5;4.35,9.45;4.3,9.45;4.3,9.4;4.25,9.4;4.25,9.35;4.2,9.35;4.2,9.3;4.15,9.3;4.15,9.25;4.1,9.25;4.1,9.2;4.05,9.2;4.05,9.15;4.0,9.15;4.0,9.1;3.95,9.1;3.95,9.05;3.9,9.05;3.9,9.0;3.85,9.0;3.85,8.95;3.8,8.95;3.8,8.9;3.75,8.9;3.75,8.95;3.75,9.0;3.75,9.05;3.75,9.1;3.75,9.15;3.75,9.2",TRANSFERIDO
L1,L1_P_LB_c1_r2,L1_P_LB_c1_r2_T030,BEAM,L1_V015,L1_V015,2015.0,2.19895,6.22935,13.698029,"6.3,10.1;6.25,10.1;6.25,10.15;6.2,10.15;6.2,10.2;6.15,10.2;6.15,10.25;6.1,10.25;6.1,10.3;6.05,10.3;6.05,10.35;6.0,10.35;6.0,10.4;6.05,10.4;6.05,10.45;6.1,10.45;6.1,10.5;6.15,10.5;6.15,10.55;6.2,10.55;6.2,10.6;6.25,10.6;6.25,10.65;6.3,10.65;6.3,10.7;6.35,10.7;6.35,10.75;6.4,10.75;6.4,10.8;6.45,10.8;6.45,10.85;6.5,10.85;6.5,10.9;6.55,10.9;6.55,10.95;6.6,10.95;6.6,11.0;6.65,11.0;6.65,11.05;6.7,11.05;6.7,11.1;6.75,11.1;6.75,11.15;6.8,11.15;6.8,11.2;6.85,11.2;6.85,11.25;6.9,11.25;6.9,11.3;6.95,11.3;6.95,11.35;7.0,11.35;7.0,11.4;7.05,11.4;7.05,11.45;7.1,11.45;7.1,11.5;7.15,11.5;7.15,11.55;7.2,11.55;7.2,11.6;7.25,11.6;7.25,11.65;7.3,11.65;7.3,11.7;7.35,11.7;7.35,11.75;7.4,11.75;7.4,11.8;7.45,11.8;7.45,11.85;7.5,11.85;7.5,11.8;7.5,11.75;7.5,11.7;7.5,11.65;7.5,11.6;7.5,11.55;7.5,11.5;7.5,11.45;7.5,11.4;7.5,11.35;7.5,11.3;7.5,11.25;7.5,11.2;7.5,11.15;7.5,11.1;7.5,11.05;7.5,11.0;7.5,10.95;7.5,10.9;7.5,10.85;7.5,10.8;7.5,10.75;7.5,10.7;7.5,10.65;7.5,10.6;7.5,10.55;7.5,10.5;7.5,10.45;7.5,10.4;7.5,10.35;7.5,10.3;7.5,10.25;7.5,10.2;7.5,10.15;7.5,10.1;7.5,10.05;7.5,10.0;7.5,9.95;7.5,9.9;7.5,9.85;7.5,9.8;7.5,9.75;7.5,9.7;7.5,9.65;7.5,9.6;7.5,9.55;7.5,9.5;7.5,9.45;7.5,9.4;7.5,9.35;7.5,9.3;7.5,9.25;7.5,9.2;7.5,9.15;7.5,9.1;7.5,9.05;7.5,9.0;7.5,8.95;7.45,8.95;7.45,9.0;7.4,9.0;7.4,9.05;7.35,9.05;7.35,9.1;7.3,9.1;7.3,9.15;7.25,9.15;7.25,9.2;7.2,9.2;7.2,9.25;7.15,9.25;7.15,9.3;7.1,9.3;7.1,9.35;7.05,9.35;7.05,9.4;7.0,9.4;7.0,9.45;6.95,9.45;6.95,9.5;6.9,9.5;6.9,9.55;6.85,9.55;6.85,9.6;6.8,9.6;6.8,9.65;6.75,9.65;6.75,9.7;6.7,9.7;6.65,9.7;6.65,9.75;6.6,9.75;6.6,9.8;6.55,9.8;6.55,9.85;6.5,9.85;6.5,9.9;6.45,9.9;6.45,9.95;6.4,9.95;6.4,10.0;6.35,10.0;6.35,10.05;6.3,10.05",TRANSFERIDO
L1,L1_P_LB_c1_r3,L1_P_LB_c1_r3_T031,BEAM,L1_V30_04,L1_V30_04,2084.0,3.474721,6.22935,21.645251,"3.85,11.935;3.85,11.985;3.9,11.985;3.9,12.035;3.95,12.035;3.95,12.085;4.0,12.085;4.0,12.135;4.05,12.135;4.05,12.185;4.1,12.185;4.1,12.235;4.15,12.235;4.15,12.285;4.2,12.285;4.2,12.335;4.25,12.335;4.25,12.385;4.3,12.385;4.3,12.435;4.35,12.435;4.35,12.485;4.4,12.485;4.4,12.535;4.45,12.535;4.45,12.585;4.5,12.585;4.5,12.635;4.55,12.635;4.55,12.685;4.6,12.685;4.6,12.735;4.65,12.735;4.65,12.785;4.7,12.785;4.7,12.835;4.75,12.835;4.75,12.885;4.8,12.885;4.8,12.935;4.85,12.935;4.85,12.985;4.9,12.985;4.9,13.035;4.95,13.035;4.95,13.085;5.0,13.085;5.0,13.135;5.05,13.135;5.05,13.185;5.1,13.185;5.1,13.235;5.15,13.235;5.15,13.285;5.2,13.285;5.2,13.335;5.25,13.335;5.25,13.385;5.3,13.385;5.3,13.435;5.35,13.435;5.35,13.485;5.4,13.485;5.4,13.535;5.45,13.535;5.45,13.585;5.5,13.585;5.5,13.635;5.55,13.635;5.55,13.685;5.6,13.685;5.6,13.735;5.65,13.735;5.65,13.685;5.7,13.685;5.7,13.635;5.75,13.635;5.75,13.585;5.8,13.585;5.8,13.535;5.85,13.535;5.85,13.485;5.9,13.485;5.9,13.435;5.95,13.435;5.95,13.385;6.0,13.385;6.0,13.335;6.05,13.335;6.05,13.285;6.1,13.285;6.1,13.235;6.15,13.235;6.15,13.185;6.2,13.185;6.2,13.135;6.25,13.135;6.25,13.085;6.3,13.085;6.3,13.035;6.35,13.035;6.35,12.985;6.4,12.985;6.4,12.935;6.45,12.935;6.45,12.885;6.5,12.885;6.5,12.835;6.55,12.835;6.55,12.785;6.6,12.785;6.6,12.735;6.65,12.735;6.65,12.685;6.7,12.685;6.75,12.685;6.75,12.635;6.8,12.635;6.8,12.585;6.85,12.585;6.85,12.535;6.9,12.535;6.9,12.485;6.95,12.485;6.95,12.435;7.0,12.435;7.0,12.385;7.05,12.385;7.05,12.335;7.1,12.335;7.1,12.285;7.15,12.285;7.15,12.235;7.2,12.235;7.2,12.185;7.25,12.185;7.25,12.135;7.3,12.135;7.3,12.085;7.35,12.085;7.35,12.035;7.4,12.035;7.4,11.985;7.45,11.985;7.45,11.935;7.5,11.935;7.5,11.885;7.45,11.885;7.4,11.885;7.35,11.885;7.3,11.885;7.25,11.885;7.2,11.885;7.15,11.885;7.1,11.885;7.05,11.885;7.0,11.885;6.95,11.885;6.9,11.885;6.85,11.885;6.8,11.885;6.75,11.885;6.7,11.885;6.65,11.885;6.6,11.885;6.55,11.885;6.5,11.885;6.45,11.885;6.4,11.885;6.35,11.885;6.3,11.885;6.25,11.885;6.2,11.885;6.15,11.885;6.1,11.885;6.05,11.885;6.0,11.885;5.95,11.885;5.9,11.885;5.85,11.885;5.8,11.885;5.75,11.885;5.7,11.885;5.65,11.885;5.6,11.885;5.55,11.885;5.5,11.885;5.45,11.885;5.4,11.885;5.35,11.885;5.3,11.885;5.25,11.885;5.2,11.885;5.15,11.885;5.1,11.885;5.05,11.885;5.0,11.885;4.95,11.885;4.9,11.885;4.85,11.885;4.8,11.885;4.75,11.885;4.7,11.885;4.65,11.885;4.6,11.885;4.55,11.885;4.5,11.885;4.45,11.885;4.4,11.885;4.35,11.885;4.3,11.885;4.25,11.885;4.2,11.885;4.15,11.885;4.1,11.885;4.05,11.885;4.0,11.885;3.95,11.885;3.9,11.885;3.85,11.885;3.8,11.885;3.8,11.935",TRANSFERIDO
L1,L1_P_LB_c1_r3,L1_P_LB_c1_r3_T032,BEAM,L1_V007,L1_V007,2007.0,3.434579,6.22935,21.395197,"3.85,16.085;3.8,16.085;3.8,16.085;3.8,16.135;3.8,16.135;7.45,16.135;7.45,16.135;7.45,16.085;7.45,16.085;7.4,16.085;7.4,16.035;7.4,16.035;7.35,16.035;7.35,15.985;7.35,15.985;7.3,15.985;7.3,15.935;7.3,15.935;7.25,15.935;7.25,15.885;7.25,15.885;7.2,15.885;7.2,15.835;7.2,15.835;7.15,15.835;7.15,15.785;7.15,15.785;7.1,15.785;7.1,15.735;7.1,15.735;7.05,15.735;7.05,15.685;7.05,15.685;7.0,15.685;7.0,15.635;7.0,15.635;6.95,15.635;6.95,15.585;6.95,15.585;6.9,15.585;6.9,15.535;6.9,15.535;6.85,15.535;6.85,15.485;6.85,15.485;6.8,15.485;6.8,15.435;6.8,15.435;6.75,15.435;6.75,15.385;6.75,15.385;6.7,15.385;6.7,15.335;6.7,15.335;6.65,15.335;6.65,15.285;6.65,15.285;6.6,15.285;6.6,15.235;6.6,15.235;6.55,15.235;6.55,15.185;6.55,15.185;6.5,15.185;6.5,15.135;6.5,15.135;6.45,15.135;6.45,15.085;6.45,15.085;6.4,15.085;6.4,15.035;6.4,15.035;6.35,15.035;6.35,14.985;6.35,14.985;6.3,14.985;6.3,14.935;6.3,14.935;6.25,14.935;6.25,14.885;6.25,14.885;6.2,14.885;6.2,14.835;6.2,14.835;6.15,14.835;6.15,14.785;6.15,14.785;6.1,14.785;6.1,14.735;6.1,14.735;6.05,14.735;6.05,14.685;6.05,14.685;6.0,14.685;6.0,14.635;6.0,14.635;5.95,14.635;5.95,14.585;5.95,14.585;5.9,14.585;5.9,14.535;5.9,14.535;5.85,14.535;5.85,14.485;5.85,14.485;5.8,14.485;5.8,14.435;5.8,14.435;5.75,14.435;5.75,14.385;5.75,14.385;5.7,14.385;5.7,14.335;5.7,14.335;5.65,14.335;5.65,14.285;5.65,14.285;5.6,14.285;5.6,14.285;5.6,14.335;5.55,14.335;5.55,14.335;5.55,14.385;5.5,14.385;5.5,14.385;5.5,14.435;5.45,14.435;5.45,14.435;5.45,14.485;5.4,14.485;5.4,14.485;5.4,14.535;5.35,14.535;5.35,14.535;5.35,14.585;5.3,14.585;5.3,14.585;5.3,14.635;5.25,14.635;5.25,14.635;5.25,14.685;5.2,14.685;5.2,14.685;5.2,14.735;5.15,14.735;5.15,14.735;5.15,14.785;5.1,14.785;5.1,14.785;5.1,14.835;5.05,14.835;5.05,14.835;5.05,14.885;5.0,14.885;5.0,14.885;5.0,14.935;4.95,14.935;4.95,14.935;4.95,14.985;4.9,14.985;4.9,14.985;4.9,15.035;4.85,15.035;4.85,15.035;4.85,15.085;4.8,15.085;4.8,15.085;4.8,15.135;4.75,15.135;4.75,15.135;4.75,15.185;4.7,15.185;4.7,15.185;4.7,15.235;4.65,15.235;4.65,15.235;4.65,15.285;4.6,15.285;4.6,15.285;4.6,15.335;4.55,15.335;4.55,15.335;4.55,15.385;4.5,15.385;4.5,15.385;4.5,15.435;4.45,15.435;4.45,15.435;4.45,15.485;4.4,15.485;4.4,15.485;4.4,15.535;4.35,15.535;4.35,15.535;4.35,15.585;4.3,15.585;4.3,15.585;4.3,15.635;4.25,15.635;4.25,15.635;4.25,15.685;4.2,15.685;4.2,15.685;4.2,15.735;4.15,15.735;4.15,15.735;4.15,15.785;4.1,15.785;4.1,15.785;4.1,15.835;4.05,15.835;4.05,15.835;4.05,15.885;4.0,15.885;4.0,15.885;4.0,15.935;3.95,15.935;3.95,15.935;3.95,15.985;3.9,15.985;3.9,15.985;3.9,16.035;3.85,16.035;3.85,16.035",TRANSFERIDO
L1,L1_P_LB_c1_r3,L1_P_LB_c1_r3_T033,BEAM,L1_V012,L1_V012,2012.0,4.576094,6.22935,28.506092,"3.75,16.035;3.75,16.085;3.75,16.135;3.75,16.135;3.8,16.135;3.8,16.135;3.8,16.085;3.85,16.085;3.85,16.085;3.85,16.035;3.9,16.035;3.9,16.035;3.9,15.985;3.95,15.985;3.95,15.985;3.95,15.935;4.0,15.935;4.0,15.935;4.0,15.885;4.05,15.885;4.05,15.885;4.05,15.835;4.1,15.835;4.1,15.835;4.1,15.785;4.15,15.785;4.15,15.785;4.15,15.735;4.2,15.735;4.2,15.735;4.2,15.685;4.25,15.685;4.25,15.685;4.25,15.635;4.3,15.635;4.3,15.635;4.3,15.585;4.35,15.585;4.35,15.585;4.35,15.535;4.4,15.535;4.4,15.535;4.4,15.485;4.45,15.485;4.45,15.485;4.45,15.435;4.5,15.435;4.5,15.435;4.5,15.385;4.55,15.385;4.55,15.385;4.55,15.335;4.6,15.335;4.6,15.335;4.6,15.285;4.65,15.285;4.65,15.285;4.65,15.235;4.7,15.235;4.7,15.235;4.7,15.185;4.75,15.185;4.75,15.185;4.75,15.135;4.8,15.135;4.8,15.135;4.8,15.085;4.85,15.085;4.85,15.085;4.85,15.035;4.9,15.035;4.9,15.035;4.9,14.985;4.95,14.985;4.95,14.985;4.95,14.935;5.0,14.935;5.0,14.935;5.0,14.885;5.05,14.885;5.05,14.885;5.05,14.835;5.1,14.835;5.1,14.835;5.1,14.785;5.15,14.785;5.15,14.785;5.15,14.735;5.2,14.735;5.2,14.735;5.2,14.685;5.25,14.685;5.25,14.685;5.25,14.635;5.3,14.635;5.3,14.635;5.3,14.585;5.35,14.585;5.35,14.585;5.35,14.535;5.4,14.535;5.4,14.535;5.4,14.485;5.45,14.485;5.45,14.485;5.45,14.435;5.5,14.435;5.5,14.435;5.5,14.385;5.55,14.385;5.55,14.385;5.55,14.335;5.6,14.335;5.6,14.335;5.6,14.285;5.65,14.285;5.65,14.285;5.65,13.735;5.65,13.735;5.6,13.735;5.6,13.685;5.6,13.685;5.55,13.685;5.55,13.635;5.55,13.635;5.5,13.635;5.5,13.585;5.5,13.585;5.45,13.585;5.45,13.535;5.45,13.535;5.4,13.535;5.4,13.485;5.4,13.485;5.35,13.485;5.35,13.435;5.35,13.435;5.3,13.435;5.3,13.385;5.3,13.385;5.25,13.385;5.25,13.335;5.25,13.335;5.2,13.335;5.2,13.285;5.2,13.285;5.15,13.285;5.15,13.235;5.15,13.235;5.1,13.235;5.1,13.185;5.1,13.185;5.05,13.185;5.05,13.135;5.05,13.135;5.0,13.135;5.0,13.085;5.0,13.085;4.95,13.085;4.95,13.035;4.95,13.035;4.9,13.035;4.9,12.985;4.9,12.985;4.85,12.985;4.85,12.935;4.85,12.935;4.8,12.935;4.8,12.885;4.8,12.885;4.75,12.885;4.75,12.835;4.75,12.835;4.7,12.835;4.7,12.785;4.7,12.785;4.65,12.785;4.65,12.735;4.65,12.735;4.6,12.735;4.6,12.685;4.6,12.685;4.55,12.685;4.55,12.635;4.55,12.635;4.5,12.635;4.5,12.585;4.5,12.585;4.45,12.585;4.45,12.535;4.45,12.535;4.4,12.535;4.4,12.485;4.4,12.485;4.35,12.485;4.35,12.435;4.35,12.435;4.3,12.435;4.3,12.385;4.3,12.385;4.25,12.385;4.25,12.335;4.25,12.335;4.2,12.335;4.2,12.285;4.2,12.285;4.15,12.285;4.15,12.235;4.15,12.235;4.1,12.235;4.1,12.185;4.1,12.185;4.05,12.185;4.05,12.135;4.05,12.135;4.0,12.135;4.0,12.085;4.0,12.085;3.95,12.085;3.95,12.035;3.95,12.035;3.9,12.035;3.9,11.985;3.9,11.985;3.85,11.985;3.85,11.935;3.85,11.935;3.8,11.935;3.8,11.885;3.8,11.885;3.75,11.885;3.75,11.885",TRANSFERIDO
L1,L1_P_LB_c1_r3,L1_P_LB_c1_r3_T034,BEAM,L1_V016,L1_V016,2016.0,4.508356,6.22935,28.084127,"5.75,13.635;5.7,13.635;5.7,13.635;5.7,13.685;5.65,13.685;5.65,13.685;5.65,14.335;5.65,14.335;5.7,14.335;5.7,14.385;5.7,14.385;5.75,14.385;5.75,14.435;5.75,14.435;5.8,14.435;5.8,14.485;5.8,14.485;5.85,14.485;5.85,14.535;5.85,14.535;5.9,14.535;5.9,14.585;5.9,14.585;5.95,14.585;5.95,14.635;5.95,14.635;6.0,14.635;6.0,14.685;6.0,14.685;6.05,14.685;6.05,14.735;6.05,14.735;6.1,14.735;6.1,14.785;6.1,14.785;6.15,14.785;6.15,14.835;6.15,14.835;6.2,14.835;6.2,14.885;6.2,14.885;6.25,14.885;6.25,14.935;6.25,14.935;6.3,14.935;6.3,14.985;6.3,14.985;6.35,14.985;6.35,15.035;6.35,15.035;6.4,15.035;6.4,15.085;6.4,15.085;6.45,15.085;6.45,15.135;6.45,15.135;6.5,15.135;6.5,15.185;6.5,15.185;6.55,15.185;6.55,15.235;6.55,15.235;6.6,15.235;6.6,15.285;6.6,15.285;6.65,15.285;6.65,15.335;6.65,15.335;6.7,15.335;6.7,15.385;6.7,15.385;6.75,15.385;6.75,15.435;6.75,15.435;6.8,15.435;6.8,15.485;6.8,15.485;6.85,15.485;6.85,15.535;6.85,15.535;6.9,15.535;6.9,15.585;6.9,15.585;6.95,15.585;6.95,15.635;6.95,15.635;7.0,15.635;7.0,15.685;7.0,15.685;7.05,15.685;7.05,15.735;7.05,15.735;7.1,15.735;7.1,15.785;7.1,15.785;7.15,15.785;7.15,15.835;7.15,15.835;7.2,15.835;7.2,15.885;7.2,15.885;7.25,15.885;7.25,15.935;7.25,15.935;7.3,15.935;7.3,15.985;7.3,15.985;7.35,15.985;7.35,16.035;7.35,16.035;7.4,16.035;7.4,16.085;7.4,16.085;7.45,16.085;7.45,16.135;7.45,16.135;7.5,16.135;7.5,16.135;7.5,16.085;7.5,16.035;7.5,11.935;7.5,11.935;7.45,11.935;7.45,11.935;7.45,11.985;7.4,11.985;7.4,11.985;7.4,12.035;7.35,12.035;7.35,12.035;7.35,12.085;7.3,12.085;7.3,12.085;7.3,12.135;7.25,12.135;7.25,12.135;7.25,12.185;7.2,12.185;7.2,12.185;7.2,12.235;7.15,12.235;7.15,12.235;7.15,12.285;7.1,12.285;7.1,12.285;7.1,12.335;7.05,12.335;7.05,12.335;7.05,12.385;7.0,12.385;7.0,12.385;7.0,12.435;6.95,12.435;6.95,12.435;6.95,12.485;6.9,12.485;6.9,12.485;6.9,12.535;6.85,12.535;6.85,12.535;6.85,12.585;6.8,12.585;6.8,12.585;6.8,12.635;6.75,12.635;6.75,12.635;6.75,12.685;6.65,12.685;6.65,12.685;6.65,12.735;6.6,12.735;6.6,12.735;6.6,12.785;6.55,12.785;6.55,12.785;6.55,12.835;6.5,12.835;6.5,12.835;6.5,12.885;6.45,12.885;6.45,12.885;6.45,12.935;6.4,12.935;6.4,12.935;6.4,12.985;6.35,12.985;6.35,12.985;6.35,13.035;6.3,13.035;6.3,13.035;6.3,13.085;6.25,13.085;6.25,13.085;6.25,13.135;6.2,13.135;6.2,13.135;6.2,13.185;6.15,13.185;6.15,13.185;6.15,13.235;6.1,13.235;6.1,13.235;6.1,13.285;6.05,13.285;6.05,13.285;6.05,13.335;6.0,13.335;6.0,13.335;6.0,13.385;5.95,13.385;5.95,13.385;5.95,13.435;5.9,13.435;5.9,13.435;5.9,13.485;5.85,13.485;5.85,13.485;5.85,13.535;5.8,13.535;5.8,13.535;5.8,13.585;5.75,13.585;5.75,13.585",TRANSFERIDO
L1,L1_P_LB_c2_r0,L1_P_LB_c2_r0_T035,BEAM,L1_V003,L1_V003,2003.0,3.532424,6.22935,22.004703,"7.55,0.05;7.55,0.1;7.55,0.1;7.65,0.1;7.65,0.15;7.65,0.15;7.7,0.15;7.7,0.2;7.7,0.2;7.75,0.2;7.75,0.25;7.75,0.25;7.8,0.25;7.8,0.3;7.8,0.3;7.85,0.3;7.85,0.35;7.85,0.35;7.9,0.35;7.9,0.4;7.9,0.4;7.95,0.4;7.95,0.45;7.95,0.45;8.0,0.45;8.0,0.5;8.0,0.5;8.05,0.5;8.05,0.55;8.05,0.55;8.1,0.55;8.1,0.6;8.1,0.6;8.15,0.6;8.15,0.65;8.15,0.65;8.2,0.65;8.2,0.7;8.2,0.7;8.25,0.7;8.25,0.75;8.25,0.75;8.3,0.75;8.3,0.8;8.3,0.8;8.35,0.8;8.35,0.85;8.35,0.85;8.4,0.85;8.4,0.9;8.4,0.9;8.45,0.9;8.45,0.95;8.45,0.95;8.5,0.95;8.5,1.0;8.5,1.0;8.55,1.0;8.55,1.05;8.55,1.05;8.6,1.05;8.6,1.1;8.6,1.1;8.65,1.1;8.65,1.15;8.65,1.15;8.7,1.15;8.7,1.2;8.7,1.2;8.75,1.2;8.75,1.25;8.75,1.25;8.8,1.25;8.8,1.3;8.8,1.3;8.85,1.3;8.85,1.35;8.85,1.35;8.9,1.35;8.9,1.4;8.9,1.4;8.95,1.4;8.95,1.45;8.95,1.45;9.0,1.45;9.0,1.5;9.0,1.5;9.05,1.5;9.05,1.55;9.05,1.55;9.1,1.55;9.1,1.6;9.1,1.6;9.15,1.6;9.15,1.65;9.15,1.65;9.2,1.65;9.2,1.7;9.2,1.7;9.25,1.7;9.25,1.75;9.25,1.75;9.3,1.75;9.3,1.8;9.3,1.8;9.35,1.8;9.35,1.85;9.35,1.85;9.45,1.85;9.45,1.85;9.45,1.8;9.5,1.8;9.5,1.8;9.5,1.75;9.55,1.75;9.55,1.75;9.55,1.7;9.6,1.7;9.6,1.7;9.6,1.65;9.65,1.65;9.65,1.65;9.65,1.6;9.7,1.6;9.7,1.6;9.7,1.55;9.75,1.55;9.75,1.55;9.75,1.5;9.8,1.5;9.8,1.5;9.8,1.45;9.85,1.45;9.85,1.45;9.85,1.4;9.9,1.4;9.9,1.4;9.9,1.35;9.95,1.35;9.95,1.35;9.95,1.3;10.0,1.3;10.0,1.3;10.0,1.25;10.05,1.25;10.05,1.25;10.05,1.2;10.1,1.2;10.1,1.2;10.1,1.15;10.15,1.15;10.15,1.15;10.15,1.1;10.2,1.1;10.2,1.1;10.2,1.05;10.25,1.05;10.25,1.05;10.25,1.0;10.3,1.0;10.3,1.0;10.3,0.95;10.35,0.95;10.35,0.95;10.35,0.9;10.4,0.9;10.4,0.9;10.4,0.85;10.45,0.85;10.45,0.85;10.45,0.8;10.5,0.8;10.5,0.8;10.5,0.75;10.55,0.75;10.55,0.75;10.55,0.7;10.6,0.7;10.6,0.7;10.6,0.65;10.65,0.65;10.65,0.65;10.65,0.6;10.7,0.6;10.7,0.6;10.7,0.55;10.75,0.55;10.75,0.55;10.75,0.5;10.8,0.5;10.8,0.5;10.8,0.45;10.85,0.45;10.85,0.45;10.85,0.4;10.9,0.4;10.9,0.4;10.9,0.35;10.95,0.35;10.95,0.35;10.95,0.3;11.0,0.3;11.0,0.3;11.0,0.25;11.05,0.25;11.05,0.25;11.05,0.2;11.1,0.2;11.1,0.2;11.1,0.15;11.15,0.15;11.15,0.15;11.15,0.1;11.2,0.1;11.2,0.1;11.2,0.05;11.25,0.05;11.25,0.05;11.25,0.0;11.25,-0.0;7.5,-0.0;7.5,0.0;7.5,0.05;7.5,0.05",TRANSFERIDO
L1,L1_P_LB_c2_r0,L1_P_LB_c2_r0_T036,BEAM,L1_V013,L1_V013,2013.0,6.334779,6.22935,39.461558,"7.5,0.1;7.5,0.2;7.5,1.05;7.5,1.1;7.5,1.2;7.5,1.25;7.5,1.3;7.5,1.35;7.5,1.4;7.5,1.5;7.5,1.55;7.5,1.6;7.5,1.65;7.5,1.7;7.5,1.75;7.5,1.85;7.5,1.9;7.5,1.95;7.5,2.1;7.5,2.2;7.5,2.35;7.5,2.45;7.5,2.55;7.5,2.7;7.5,2.8;7.5,2.95;7.5,3.05;7.5,3.15;7.5,3.3;7.5,3.4;7.5,3.5;7.5,3.65;7.5,3.75;7.5,3.9;7.5,4.25;7.5,4.25;9.4,4.25;9.4,4.25;9.4,3.9;9.4,3.75;9.4,3.65;9.4,3.5;9.4,3.4;9.4,3.3;9.4,3.15;9.4,3.05;9.4,2.95;9.4,2.8;9.4,2.7;9.4,2.55;9.4,2.45;9.4,2.35;9.4,2.2;9.4,2.1;9.4,1.95;9.4,1.9;9.4,1.85;9.4,1.85;9.35,1.85;9.35,1.8;9.35,1.8;9.3,1.8;9.3,1.75;9.3,1.75;9.25,1.75;9.25,1.7;9.25,1.7;9.2,1.7;9.2,1.65;9.2,1.65;9.15,1.65;9.15,1.6;9.15,1.6;9.1,1.6;9.1,1.55;9.1,1.55;9.05,1.55;9.05,1.5;9.05,1.5;9.0,1.5;9.0,1.45;9.0,1.45;8.95,1.45;8.95,1.4;8.95,1.4;8.9,1.4;8.9,1.35;8.9,1.35;8.85,1.35;8.85,1.3;8.85,1.3;8.8,1.3;8.8,1.25;8.8,1.25;8.75,1.25;8.75,1.2;8.75,1.2;8.7,1.2;8.7,1.15;8.7,1.15;8.65,1.15;8.65,1.1;8.65,1.1;8.6,1.1;8.6,1.05;8.6,1.05;8.55,1.05;8.55,1.0;8.55,1.0;8.5,1.0;8.5,0.95;8.5,0.95;8.45,0.95;8.45,0.9;8.45,0.9;8.4,0.9;8.4,0.85;8.4,0.85;8.35,0.85;8.35,0.8;8.35,0.8;8.3,0.8;8.3,0.75;8.3,0.75;8.25,0.75;8.25,0.7;8.25,0.7;8.2,0.7;8.2,0.65;8.2,0.65;8.15,0.65;8.15,0.6;8.15,0.6;8.1,0.6;8.1,0.55;8.1,0.55;8.05,0.55;8.05,0.5;8.05,0.5;8.0,0.5;8.0,0.45;8.0,0.45;7.95,0.45;7.95,0.4;7.95,0.4;7.9,0.4;7.9,0.35;7.9,0.35;7.85,0.35;7.85,0.3;7.85,0.3;7.8,0.3;7.8,0.25;7.8,0.25;7.75,0.25;7.75,0.2;7.75,0.2;7.7,0.2;7.7,0.15;7.7,0.15;7.65,0.15;7.65,0.1;7.65,0.1;7.55,0.1;7.55,0.05;7.55,0.05;7.5,0.05;7.5,0.05;7.5,0.1",TRANSFERIDO
L1,L1_P_LB_c2_r0,L1_P_LB_c2_r0_T037,BEAM,L1_V017,L1_V017,2017.0,6.126547,6.22935,38.164406,"9.4,1.9;9.4,1.95;9.4,2.1;9.4,2.2;9.4,2.35;9.4,2.45;9.4,2.55;9.4,2.7;9.4,2.8;9.4,2.95;9.4,3.05;9.4,3.15;9.4,3.3;9.4,3.4;9.4,3.5;9.4,3.65;9.4,3.75;9.4,3.9;9.4,4.25;9.4,4.25;11.25,4.25;11.25,4.25;11.25,3.9;11.25,3.75;11.25,3.65;11.25,3.5;11.25,3.4;11.25,3.3;11.25,3.15;11.25,3.05;11.25,2.95;11.25,2.8;11.25,2.7;11.25,2.55;11.25,2.45;11.25,2.35;11.25,2.2;11.25,2.1;11.25,1.95;11.25,1.9;11.25,1.85;11.25,1.75;11.25,1.7;11.25,1.65;11.25,1.6;11.25,1.55;11.25,1.5;11.25,1.4;11.25,1.35;11.25,1.3;11.25,1.25;11.25,1.2;11.25,1.1;11.25,1.05;11.25,0.2;11.25,0.1;11.25,0.05;11.25,0.05;11.2,0.05;11.2,0.05;11.2,0.1;11.15,0.1;11.15,0.1;11.15,0.15;11.1,0.15;11.1,0.15;11.1,0.2;11.05,0.2;11.05,0.2;11.05,0.25;11.0,0.25;11.0,0.25;11.0,0.3;10.95,0.3;10.95,0.3;10.95,0.35;10.9,0.35;10.9,0.35;10.9,0.4;10.85,0.4;10.85,0.4;10.85,0.45;10.8,0.45;10.8,0.45;10.8,0.5;10.75,0.5;10.75,0.5;10.75,0.55;10.7,0.55;10.7,0.55;10.7,0.6;10.65,0.6;10.65,0.6;10.65,0.65;10.6,0.65;10.6,0.65;10.6,0.7;10.55,0.7;10.55,0.7;10.55,0.75;10.5,0.75;10.5,0.75;10.5,0.8;10.45,0.8;10.45,0.8;10.45,0.85;10.4,0.85;10.4,0.85;10.4,0.9;10.35,0.9;10.35,0.9;10.35,0.95;10.3,0.95;10.3,0.95;10.3,1.0;10.25,1.0;10.25,1.0;10.25,1.05;10.2,1.05;10.2,1.05;10.2,1.1;10.15,1.1;10.15,1.1;10.15,1.15;10.1,1.15;10.1,1.15;10.1,1.2;10.05,1.2;10.05,1.2;10.05,1.25;10.0,1.25;10.0,1.25;10.0,1.3;9.95,1.3;9.95,1.3;9.95,1.35;9.9,1.35;9.9,1.35;9.9,1.4;9.85,1.4;9.85,1.4;9.85,1.45;9.8,1.45;9.8,1.45;9.8,1.5;9.75,1.5;9.75,1.5;9.75,1.55;9.7,1.55;9.7,1.55;9.7,1.6;9.65,1.6;9.65,1.6;9.65,1.65;9.6,1.65;9.6,1.65;9.6,1.7;9.55,1.7;9.55,1.7;9.55,1.75;9.5,1.75;9.5,1.75;9.5,1.8;9.45,1.8;9.45,1.8;9.45,1.85;9.4,1.85;9.4,1.85",TRANSFERIDO
L1,L1_P_LB_c2_r1,L1_P_LB_c2_r1_T038,BEAM,L1_V005,L1_V005,2005.0,3.598355,6.22935,22.415412,"8.05,8.365;8.0,8.365;8.0,8.415;7.95,8.415;7.95,8.465;7.9,8.465;7.9,8.515;7.85,8.515;7.85,8.565;7.8,8.565;7.8,8.615;7.75,8.615;7.75,8.665;7.7,8.665;7.7,8.715;7.65,8.715;7.65,8.765;7.6,8.765;7.6,8.815;7.55,8.815;7.55,8.865;7.5,8.865;7.5,8.915;7.55,8.915;7.6,8.915;7.65,8.915;7.7,8.915;7.75,8.915;7.8,8.915;7.85,8.915;7.9,8.915;7.95,8.915;8.0,8.915;8.05,8.915;8.1,8.915;8.15,8.915;8.2,8.915;8.25,8.915;8.3,8.915;8.35,8.915;8.4,8.915;8.45,8.915;8.5,8.915;8.55,8.915;8.6,8.915;8.65,8.915;8.7,8.915;8.75,8.915;8.8,8.915;8.85,8.915;8.9,8.915;8.95,8.915;9.0,8.915;9.05,8.915;9.1,8.915;9.15,8.915;9.2,8.915;9.25,8.915;9.3,8.915;9.35,8.915;9.4,8.915;9.45,8.915;9.5,8.915;9.55,8.915;9.6,8.915;9.65,8.915;9.7,8.915;9.75,8.915;9.8,8.915;9.85,8.915;9.9,8.915;9.95,8.915;10.0,8.915;10.05,8.915;10.1,8.915;10.15,8.915;10.2,8.915;10.25,8.915;10.3,8.915;10.35,8.915;10.4,8.915;10.45,8.915;10.5,8.915;10.55,8.915;10.6,8.915;10.65,8.915;10.7,8.915;10.75,8.915;10.8,8.915;10.85,8.915;10.9,8.915;10.95,8.915;11.0,8.915;11.05,8.915;11.1,8.915;11.15,8.915;11.2,8.915;11.25,8.915;11.25,8.865;11.2,8.865;11.2,8.815;11.15,8.815;11.15,8.765;11.1,8.765;11.1,8.715;11.05,8.715;11.05,8.665;11.0,8.665;11.0,8.615;10.95,8.615;10.95,8.565;10.9,8.565;10.9,8.515;10.85,8.515;10.85,8.465;10.8,8.465;10.8,8.415;10.75,8.415;10.75,8.365;10.7,8.365;10.7,8.315;10.65,8.315;10.65,8.265;10.6,8.265;10.6,8.215;10.55,8.215;10.55,8.165;10.5,8.165;10.5,8.115;10.45,8.115;10.45,8.065;10.4,8.065;10.4,8.015;10.35,8.015;10.35,7.965;10.3,7.965;10.3,7.915;10.25,7.915;10.25,7.865;10.2,7.865;10.2,7.815;10.15,7.815;10.15,7.765;10.1,7.765;10.1,7.715;10.05,7.715;10.05,7.665;10.0,7.665;10.0,7.615;9.95,7.615;9.95,7.565;9.9,7.565;9.9,7.515;9.85,7.515;9.85,7.465;9.8,7.465;9.8,7.415;9.75,7.415;9.75,7.365;9.7,7.365;9.7,7.315;9.65,7.315;9.65,7.265;9.6,7.265;9.6,7.215;9.55,7.215;9.55,7.165;9.5,7.165;9.5,7.115;9.45,7.115;9.45,7.065;9.4,7.065;9.4,7.015;9.35,7.015;9.35,7.065;9.3,7.065;9.3,7.115;9.25,7.115;9.25,7.165;9.2,7.165;9.2,7.215;9.15,7.215;9.15,7.265;9.1,7.265;9.1,7.315;9.05,7.315;9.05,7.365;9.0,7.365;9.0,7.415;8.95,7.415;8.95,7.465;8.9,7.465;8.9,7.515;8.85,7.515;8.85,7.565;8.8,7.565;8.8,7.615;8.75,7.615;8.75,7.665;8.7,7.665;8.7,7.715;8.65,7.715;8.65,7.765;8.6,7.765;8.6,7.815;8.55,7.815;8.55,7.865;8.5,7.865;8.5,7.915;8.45,7.915;8.45,7.965;8.4,7.965;8.4,8.015;8.35,8.015;8.35,8.065;8.3,8.065;8.3,8.115;8.25,8.115;8.25,8.165;8.2,8.165;8.2,8.215;8.15,8.215;8.15,8.265;8.1,8.265;8.1,8.315;8.05,8.315",TRANSFERIDO
L1,L1_P_LB_c2_r1,L1_P_LB_c2_r1_T039,BEAM,L1_V014,L1_V014,2014.0,6.959976,6.22935,43.356125,"7.5,4.415;7.5,4.465;7.5,4.515;7.5,4.565;7.5,4.615;7.5,4.665;7.5,4.715;7.5,4.765;7.5,4.815;7.5,4.865;7.5,4.915;7.5,4.965;7.5,5.015;7.5,5.065;7.5,5.115;7.5,5.165;7.5,5.215;7.5,5.265;7.5,5.315;7.5,5.365;7.5,5.415;7.5,5.465;7.5,5.515;7.5,5.565;7.5,5.615;7.5,5.665;7.5,5.715;7.5,5.765;7.5,5.815;7.5,5.865;7.5,5.915;7.5,5.965;7.5,6.015;7.5,6.065;7.5,6.115;7.5,6.165;7.5,6.215;7.5,6.265;7.5,6.315;7.5,6.365;7.5,6.415;7.5,6.465;7.5,6.515;7.5,6.565;7.5,6.615;7.5,6.665;7.5,6.715;7.5,6.765;7.5,6.815;7.5,6.865;7.5,6.915;7.5,6.965;7.5,7.015;7.5,7.065;7.5,7.115;7.5,7.165;7.5,7.215;7.5,7.265;7.5,7.315;7.5,7.365;7.5,7.415;7.5,7.465;7.5,7.515;7.5,7.565;7.5,7.615;7.5,7.665;7.5,7.715;7.5,7.765;7.5,7.815;7.5,7.865;7.5,7.915;7.5,7.965;7.5,8.015;7.5,8.065;7.5,8.115;7.5,8.165;7.5,8.215;7.5,8.265;7.5,8.315;7.5,8.365;7.5,8.415;7.5,8.465;7.5,8.515;7.5,8.565;7.5,8.615;7.5,8.665;7.5,8.715;7.5,8.765;7.5,8.815;7.5,8.865;7.55,8.865;7.55,8.815;7.6,8.815;7.6,8.765;7.65,8.765;7.65,8.715;7.7,8.715;7.7,8.665;7.75,8.665;7.75,8.615;7.8,8.615;7.8,8.565;7.85,8.565;7.85,8.515;7.9,8.515;7.9,8.465;7.95,8.465;7.95,8.415;8.0,8.415;8.0,8.365;8.05,8.365;8.05,8.315;8.1,8.315;8.1,8.265;8.15,8.265;8.15,8.215;8.2,8.215;8.2,8.165;8.25,8.165;8.25,8.115;8.3,8.115;8.3,8.065;8.35,8.065;8.35,8.015;8.4,8.015;8.4,7.965;8.45,7.965;8.45,7.915;8.5,7.915;8.5,7.865;8.55,7.865;8.55,7.815;8.6,7.815;8.6,7.765;8.65,7.765;8.65,7.715;8.7,7.715;8.7,7.665;8.75,7.665;8.75,7.615;8.8,7.615;8.8,7.565;8.85,7.565;8.85,7.515;8.9,7.515;8.9,7.465;8.95,7.465;8.95,7.415;9.0,7.415;9.0,7.365;9.05,7.365;9.05,7.315;9.1,7.315;9.1,7.265;9.15,7.265;9.15,7.215;9.2,7.215;9.2,7.165;9.25,7.165;9.25,7.115;9.3,7.115;9.3,7.065;9.35,7.065;9.35,7.015;9.4,7.015;9.4,6.965;9.4,6.915;9.4,6.865;9.4,6.815;9.4,6.765;9.4,6.715;9.4,6.665;9.4,6.615;9.4,6.565;9.4,6.515;9.4,6.465;9.4,6.415;9.4,6.365;9.4,6.315;9.4,6.265;9.4,6.215;9.4,6.165;9.4,6.115;9.4,6.065;9.4,6.015;9.4,5.965;9.4,5.915;9.4,5.865;9.4,5.815;9.4,5.765;9.4,5.715;9.4,5.665;9.4,5.615;9.4,5.565;9.4,5.515;9.4,5.465;9.4,5.415;9.4,5.365;9.4,5.315;9.4,5.265;9.4,5.215;9.4,5.165;9.4,5.115;9.4,5.065;9.4,5.015;9.4,4.965;9.4,4.915;9.4,4.865;9.4,4.815;9.4,4.765;9.4,4.715;9.4,4.665;9.4,4.615;9.4,4.565;9.4,4.515;9.4,4.465;9.4,4.415;9.4,4.365;9.4,4.315;9.4,4.265;9.35,4.265;9.3,4.265;9.25,4.265;9.2,4.265;9.15,4.265;9.1,4.265;9.05,4.265;9.0,4.265;8.95,4.265;8.9,4.265;8.85,4.265;8.8,4.265;8.75,4.265;8.7,4.265;8.65,4.265;8.6,4.265;8.55,4.265;8.5,4.265;8.45,4.265;8.4,4.265;8.35,4.265;8.3,4.265;8.25,4.265;8.2,4.265;8.15,4.265;8.1,4.265;8.05,4.265;8.0,4.265;7.95,4.265;7.9,4.265;7.85,4.265;7.8,4.265;7.75,4.265;7.7,4.265;7.65,4.265;7.6,4.265;7.55,4.265;7.5,4.265;7.5,4.315;7.5,4.365",TRANSFERIDO
L1,L1_P_LB_c2_r1,L1_P_LB_c2_r1_T040,BEAM,L1_V018,L1_V018,2018.0,6.822919,6.22935,42.502353,"9.4,4.515;9.4,4.565;9.4,4.615;9.4,4.665;9.4,4.715;9.4,4.765;9.4,4.815;9.4,4.865;9.4,4.915;9.4,4.965;9.4,5.015;9.4,5.065;9.4,5.115;9.4,5.165;9.4,5.215;9.4,5.265;9.4,5.315;9.4,5.365;9.4,5.415;9.4,5.465;9.4,5.515;9.4,5.565;9.4,5.615;9.4,5.665;9.4,5.715;9.4,5.765;9.4,5.815;9.4,5.865;9.4,5.915;9.4,5.965;9.4,6.015;9.4,6.065;9.4,6.115;9.4,6.165;9.4,6.215;9.4,6.265;9.4,6.315;9.4,6.365;9.4,6.415;9.4,6.465;9.4,6.515;9.4,6.565;9.4,6.615;9.4,6.665;9.4,6.715;9.4,6.765;9.4,6.815;9.4,6.865;9.4,6.915;9.4,6.965;9.4,7.015;9.4,7.065;9.45,7.065;9.45,7.115;9.5,7.115;9.5,7.165;9.55,7.165;9.55,7.215;9.6,7.215;9.6,7.265;9.65,7.265;9.65,7.315;9.7,7.315;9.7,7.365;9.75,7.365;9.75,7.415;9.8,7.415;9.8,7.465;9.85,7.465;9.85,7.515;9.9,7.515;9.9,7.565;9.95,7.565;9.95,7.615;10.0,7.615;10.0,7.665;10.05,7.665;10.05,7.715;10.1,7.715;10.1,7.765;10.15,7.765;10.15,7.815;10.2,7.815;10.2,7.865;10.25,7.865;10.25,7.915;10.3,7.915;10.3,7.965;10.35,7.965;10.35,8.015;10.4,8.015;10.4,8.065;10.45,8.065;10.45,8.115;10.5,8.115;10.5,8.165;10.55,8.165;10.55,8.215;10.6,8.215;10.6,8.265;10.65,8.265;10.65,8.315;10.7,8.315;10.7,8.365;10.75,8.365;10.75,8.415;10.8,8.415;10.8,8.465;10.85,8.465;10.85,8.515;10.9,8.515;10.9,8.565;10.95,8.565;10.95,8.615;11.0,8.615;11.0,8.665;11.05,8.665;11.05,8.715;11.1,8.715;11.1,8.765;11.15,8.765;11.15,8.815;11.2,8.815;11.2,8.865;11.25,8.865;11.25,8.815;11.25,8.765;11.25,8.715;11.25,8.665;11.25,8.615;11.25,8.565;11.25,8.515;11.25,8.465;11.25,8.415;11.25,8.365;11.25,8.315;11.25,8.265;11.25,8.215;11.25,8.165;11.25,8.115;11.25,8.065;11.25,8.015;11.25,7.965;11.25,7.915;11.25,7.865;11.25,7.815;11.25,7.765;11.25,7.715;11.25,7.665;11.25,7.615;11.25,7.565;11.25,7.515;11.25,7.465;11.25,7.415;11.25,7.365;11.25,7.315;11.25,7.265;11.25,7.215;11.25,7.165;11.25,7.115;11.25,7.065;11.25,7.015;11.25,6.965;11.25,6.915;11.25,6.865;11.25,6.815;11.25,6.765;11.25,6.715;11.25,6.665;11.25,6.615;11.25,6.565;11.25,6.515;11.25,6.465;11.25,6.415;11.25,6.365;11.25,6.315;11.25,6.265;11.25,6.215;11.25,6.165;11.25,6.115;11.25,6.065;11.25,6.015;11.25,5.965;11.25,5.915;11.25,5.865;11.25,5.815;11.25,5.765;11.25,5.715;11.25,5.665;11.25,5.615;11.25,5.565;11.25,5.515;11.25,5.465;11.25,5.415;11.25,5.365;11.25,5.315;11.25,5.265;11.25,5.215;11.25,5.165;11.25,5.115;11.25,5.065;11.25,5.015;11.25,4.965;11.25,4.915;11.25,4.865;11.25,4.815;11.25,4.765;11.25,4.715;11.25,4.665;11.25,4.615;11.25,4.565;11.25,4.515;11.25,4.465;11.25,4.415;11.25,4.365;11.25,4.315;11.25,4.265;11.2,4.265;11.15,4.265;11.1,4.265;11.05,4.265;11.0,4.265;10.95,4.265;10.9,4.265;10.85,4.265;10.8,4.265;10.75,4.265;10.7,4.265;10.65,4.265;10.6,4.265;10.55,4.265;10.5,4.265;10.45,4.265;10.4,4.265;10.35,4.265;10.3,4.265;10.25,4.265;10.2,4.265;10.15,4.265;10.1,4.265;10.05,4.265;10.0,4.265;9.95,4.265;9.9,4.265;9.85,4.265;9.8,4.265;9.75,4.265;9.7,4.265;9.65,4.265;9.6,4.265;9.55,4.265;9.5,4.265;9.45,4.265;9.4,4.265;9.4,4.315;9.4,4.365;9.4,4.415;9.4,4.465;9.4,4.515",TRANSFERIDO
L1,L1_P_LB_c2_r2,L1_P_LB_c2_r2_T041,BEAM,L1_V005,L1_V005,2005.0,3.445188,6.22935,21.461279,"8.1,8.9;8.05,8.9;8.0,8.9;7.95,8.9;7.9,8.9;7.85,8.9;7.8,8.9;7.75,8.9;7.7,8.9;7.65,8.9;7.6,8.9;7.55,8.9;7.5,8.9;7.5,8.95;7.55,8.95;7.6,8.95;7.6,9.0;7.65,9.0;7.65,9.05;7.7,9.05;7.7,9.1;7.75,9.1;7.75,9.15;7.8,9.15;7.8,9.2;7.85,9.2;7.85,9.25;7.9,9.25;7.9,9.3;7.95,9.3;7.95,9.35;8.0,9.35;8.0,9.4;8.05,9.4;8.05,9.45;8.1,9.45;8.1,9.5;8.15,9.5;8.15,9.55;8.2,9.55;8.2,9.6;8.25,9.6;8.25,9.65;8.3,9.65;8.3,9.7;8.35,9.7;8.35,9.75;8.4,9.75;8.4,9.8;8.45,9.8;8.45,9.85;8.5,9.85;8.5,9.9;8.55,9.9;8.55,9.95;8.6,9.95;8.6,10.0;8.65,10.0;8.65,10.05;8.7,10.05;8.7,10.1;8.75,10.1;8.75,10.15;8.8,10.15;8.8,10.2;8.85,10.2;8.85,10.25;8.9,10.25;8.9,10.3;8.95,10.3;8.95,10.35;9.0,10.35;9.0,10.4;9.05,10.4;9.05,10.45;9.1,10.45;9.1,10.5;9.15,10.5;9.15,10.55;9.2,10.55;9.2,10.6;9.25,10.6;9.25,10.65;9.3,10.65;9.3,10.7;9.35,10.7;9.35,10.75;9.4,10.75;9.4,10.7;9.45,10.7;9.45,10.65;9.5,10.65;9.5,10.6;9.55,10.6;9.55,10.55;9.6,10.55;9.6,10.5;9.65,10.5;9.65,10.45;9.7,10.45;9.7,10.4;9.75,10.4;9.75,10.35;9.8,10.35;9.8,10.3;9.85,10.3;9.85,10.25;9.9,10.25;9.9,10.2;9.95,10.2;9.95,10.15;10.0,10.15;10.0,10.1;10.05,10.1;10.05,10.05;10.1,10.05;10.1,10.0;10.15,10.0;10.15,9.95;10.2,9.95;10.2,9.9;10.25,9.9;10.25,9.85;10.3,9.85;10.3,9.8;10.35,9.8;10.35,9.75;10.4,9.75;10.4,9.7;10.45,9.7;10.45,9.65;10.5,9.65;10.55,9.65;10.55,9.6;10.6,9.6;10.6,9.55;10.65,9.55;10.65,9.5;10.7,9.5;10.7,9.45;10.75,9.45;10.75,9.4;10.8,9.4;10.8,9.35;10.85,9.35;10.85,9.3;10.9,9.3;10.9,9.25;10.95,9.25;10.95,9.2;11.0,9.2;11.0,9.15;11.05,9.15;11.05,9.1;11.1,9.1;11.1,9.05;11.15,9.05;11.15,9.0;11.2,9.0;11.2,8.95;11.25,8.95;11.25,8.9;11.2,8.9;11.15,8.9;11.1,8.9;11.05,8.9;11.0,8.9;10.95,8.9;10.9,8.9;10.85,8.9;10.8,8.9;10.75,8.9;10.7,8.9;10.65,8.9;10.6,8.9;10.55,8.9;10.5,8.9;10.45,8.9;10.4,8.9;10.35,8.9;10.3,8.9;10.25,8.9;10.2,8.9;10.15,8.9;10.1,8.9;10.05,8.9;10.0,8.9;9.95,8.9;9.9,8.9;9.85,8.9;9.8,8.9;9.75,8.9;9.7,8.9;9.65,8.9;9.6,8.9;9.55,8.9;9.5,8.9;9.45,8.9;9.4,8.9;9.35,8.9;9.3,8.9;9.25,8.9;9.2,8.9;9.15,8.9;9.1,8.9;9.05,8.9;9.0,8.9;8.95,8.9;8.9,8.9;8.85,8.9;8.8,8.9;8.75,8.9;8.7,8.9;8.65,8.9;8.6,8.9;8.55,8.9;8.5,8.9;8.45,8.9;8.4,8.9;8.35,8.9;8.3,8.9;8.25,8.9;8.2,8.9;8.15,8.9",TRANSFERIDO
L1,L1_P_LB_c2_r2,L1_P_LB_c2_r2_T042,BEAM,L1_V015,L1_V015,2015.0,3.9203,6.22935,24.420921,"7.5,9.4;7.5,9.45;7.5,9.5;7.5,9.55;7.5,9.6;7.5,9.65;7.5,9.7;7.5,9.75;7.5,9.8;7.5,9.85;7.5,9.9;7.5,9.95;7.5,10.0;7.5,10.05;7.5,10.1;7.5,10.15;7.5,10.2;7.5,10.25;7.5,10.3;7.5,10.35;7.5,10.4;7.5,10.45;7.5,10.5;7.5,10.55;7.5,10.6;7.5,10.65;7.5,10.7;7.5,10.75;7.5,10.8;7.5,10.85;7.5,10.9;7.5,10.95;7.5,11.0;7.5,11.05;7.5,11.1;7.5,11.15;7.5,11.2;7.5,11.25;7.5,11.3;7.5,11.35;7.5,11.4;7.5,11.45;7.5,11.5;7.5,11.55;7.5,11.6;7.5,11.65;7.5,11.7;7.5,11.75;7.5,11.8;7.5,11.85;7.5,11.9;7.55,11.9;7.6,11.9;7.65,11.9;7.7,11.9;7.75,11.9;7.8,11.9;7.85,11.9;7.9,11.9;7.95,11.9;8.0,11.9;8.05,11.9;8.1,11.9;8.15,11.9;8.2,11.9;8.25,11.9;8.3,11.9;8.35,11.9;8.4,11.9;8.45,11.9;8.5,11.9;8.55,11.9;8.6,11.9;8.65,11.9;8.7,11.9;8.75,11.9;8.8,11.9;8.85,11.9;8.9,11.9;8.95,11.9;9.0,11.9;9.05,11.9;9.1,11.9;9.15,11.9;9.2,11.9;9.25,11.9;9.3,11.9;9.35,11.9;9.4,11.9;9.4,11.85;9.4,11.8;9.4,11.75;9.4,11.7;9.4,11.65;9.4,11.6;9.4,11.55;9.4,11.5;9.4,11.45;9.4,11.4;9.4,11.35;9.4,11.3;9.4,11.25;9.4,11.2;9.4,11.15;9.4,11.1;9.4,11.05;9.4,11.0;9.4,10.95;9.4,10.9;9.4,10.85;9.4,10.8;9.4,10.75;9.35,10.75;9.35,10.7;9.3,10.7;9.3,10.65;9.25,10.65;9.25,10.6;9.2,10.6;9.2,10.55;9.15,10.55;9.15,10.5;9.1,10.5;9.1,10.45;9.05,10.45;9.05,10.4;9.0,10.4;9.0,10.35;8.95,10.35;8.95,10.3;8.9,10.3;8.9,10.25;8.85,10.25;8.85,10.2;8.8,10.2;8.8,10.15;8.75,10.15;8.75,10.1;8.7,10.1;8.7,10.05;8.65,10.05;8.65,10.0;8.6,10.0;8.6,9.95;8.55,9.95;8.55,9.9;8.5,9.9;8.5,9.85;8.45,9.85;8.45,9.8;8.4,9.8;8.4,9.75;8.35,9.75;8.35,9.7;8.3,9.7;8.3,9.65;8.25,9.65;8.25,9.6;8.2,9.6;8.2,9.55;8.15,9.55;8.15,9.5;8.1,9.5;8.1,9.45;8.05,9.45;8.05,9.4;8.0,9.4;8.0,9.35;7.95,9.35;7.95,9.3;7.9,9.3;7.9,9.25;7.85,9.25;7.85,9.2;7.8,9.2;7.8,9.15;7.75,9.15;7.75,9.1;7.7,9.1;7.7,9.05;7.65,9.05;7.65,9.0;7.6,9.0;7.6,8.95;7.55,8.95;7.5,8.95;7.5,9.0;7.5,9.05;7.5,9.1;7.5,9.15;7.5,9.2;7.5,9.25;7.5,9.3;7.5,9.35",TRANSFERIDO
L1,L1_P_LB_c2_r2,L1_P_LB_c2_r2_T043,BEAM,L1_V019,L1_V019,2019.0,3.828262,6.22935,23.847587,"9.4,10.8;9.4,10.85;9.4,10.9;9.4,10.95;9.4,11.0;9.4,11.05;9.4,11.1;9.4,11.15;9.4,11.2;9.4,11.25;9.4,11.3;9.4,11.35;9.4,11.4;9.4,11.45;9.4,11.5;9.4,11.55;9.4,11.6;9.4,11.65;9.4,11.7;9.4,11.75;9.4,11.8;9.4,11.85;9.4,11.9;9.45,11.9;9.5,11.9;9.55,11.9;9.6,11.9;9.65,11.9;9.7,11.9;9.75,11.9;9.8,11.9;9.85,11.9;9.9,11.9;9.95,11.9;10.0,11.9;10.05,11.9;10.1,11.9;10.15,11.9;10.2,11.9;10.25,11.9;10.3,11.9;10.35,11.9;10.4,11.9;10.45,11.9;10.5,11.9;10.55,11.9;10.6,11.9;10.65,11.9;10.7,11.9;10.75,11.9;10.8,11.9;10.85,11.9;10.9,11.9;10.95,11.9;11.0,11.9;11.05,11.9;11.1,11.9;11.15,11.9;11.2,11.9;11.25,11.9;11.25,11.85;11.25,11.8;11.25,11.75;11.25,11.7;11.25,11.65;11.25,11.6;11.25,11.55;11.25,11.5;11.25,11.45;11.25,11.4;11.25,11.35;11.25,11.3;11.25,11.25;11.25,11.2;11.25,11.15;11.25,11.1;11.25,11.05;11.25,11.0;11.25,10.95;11.25,10.9;11.25,10.85;11.25,10.8;11.25,10.75;11.25,10.7;11.25,10.65;11.25,10.6;11.25,10.55;11.25,10.5;11.25,10.45;11.25,10.4;11.25,10.35;11.25,10.3;11.25,10.25;11.25,10.2;11.25,10.15;11.25,10.1;11.25,10.05;11.25,10.0;11.25,9.95;11.25,9.9;11.25,9.85;11.25,9.8;11.25,9.75;11.25,9.7;11.25,9.65;11.25,9.6;11.25,9.55;11.25,9.5;11.25,9.45;11.25,9.4;11.25,9.35;11.25,9.3;11.25,9.25;11.25,9.2;11.25,9.15;11.25,9.1;11.25,9.05;11.25,9.0;11.25,8.95;11.2,8.95;11.2,9.0;11.15,9.0;11.15,9.05;11.1,9.05;11.1,9.1;11.05,9.1;11.05,9.15;11.0,9.15;11.0,9.2;10.95,9.2;10.95,9.25;10.9,9.25;10.9,9.3;10.85,9.3;10.85,9.35;10.8,9.35;10.8,9.4;10.75,9.4;10.75,9.45;10.7,9.45;10.7,9.5;10.65,9.5;10.65,9.55;10.6,9.55;10.6,9.6;10.55,9.6;10.55,9.65;10.5,9.65;10.45,9.65;10.45,9.7;10.4,9.7;10.4,9.75;10.35,9.75;10.35,9.8;10.3,9.8;10.3,9.85;10.25,9.85;10.25,9.9;10.2,9.9;10.2,9.95;10.15,9.95;10.15,10.0;10.1,10.0;10.1,10.05;10.05,10.05;10.05,10.1;10.0,10.1;10.0,10.15;9.95,10.15;9.95,10.2;9.9,10.2;9.9,10.25;9.85,10.25;9.85,10.3;9.8,10.3;9.8,10.35;9.75,10.35;9.75,10.4;9.7,10.4;9.7,10.45;9.65,10.45;9.65,10.5;9.6,10.5;9.6,10.55;9.55,10.55;9.55,10.6;9.5,10.6;9.5,10.65;9.45,10.65;9.45,10.7;9.4,10.7;9.4,10.75",TRANSFERIDO
L1,L1_P_LB_c2_r3,L1_P_LB_c2_r3_T044,BEAM,L1_V008,L1_V008,2008.0,3.434579,6.22935,21.395197,"7.6,16.085;7.55,16.085;7.55,16.085;7.55,16.135;7.55,16.135;11.2,16.135;11.2,16.135;11.2,16.085;11.2,16.085;11.15,16.085;11.15,16.035;11.15,16.035;11.1,16.035;11.1,15.985;11.1,15.985;11.05,15.985;11.05,15.935;11.05,15.935;11.0,15.935;11.0,15.885;11.0,15.885;10.95,15.885;10.95,15.835;10.95,15.835;10.9,15.835;10.9,15.785;10.9,15.785;10.85,15.785;10.85,15.735;10.85,15.735;10.8,15.735;10.8,15.685;10.8,15.685;10.75,15.685;10.75,15.635;10.75,15.635;10.7,15.635;10.7,15.585;10.7,15.585;10.65,15.585;10.65,15.535;10.65,15.535;10.6,15.535;10.6,15.485;10.6,15.485;10.55,15.485;10.55,15.435;10.55,15.435;10.5,15.435;10.5,15.385;10.5,15.385;10.45,15.385;10.45,15.335;10.45,15.335;10.4,15.335;10.4,15.285;10.4,15.285;10.35,15.285;10.35,15.235;10.35,15.235;10.3,15.235;10.3,15.185;10.3,15.185;10.25,15.185;10.25,15.135;10.25,15.135;10.2,15.135;10.2,15.085;10.2,15.085;10.15,15.085;10.15,15.035;10.15,15.035;10.1,15.035;10.1,14.985;10.1,14.985;10.05,14.985;10.05,14.935;10.05,14.935;10.0,14.935;10.0,14.885;10.0,14.885;9.95,14.885;9.95,14.835;9.95,14.835;9.9,14.835;9.9,14.785;9.9,14.785;9.85,14.785;9.85,14.735;9.85,14.735;9.8,14.735;9.8,14.685;9.8,14.685;9.75,14.685;9.75,14.635;9.75,14.635;9.7,14.635;9.7,14.585;9.7,14.585;9.65,14.585;9.65,14.535;9.65,14.535;9.6,14.535;9.6,14.485;9.6,14.485;9.55,14.485;9.55,14.435;9.55,14.435;9.5,14.435;9.5,14.385;9.5,14.385;9.45,14.385;9.45,14.335;9.45,14.335;9.4,14.335;9.4,14.285;9.4,14.285;9.35,14.285;9.35,14.285;9.35,14.335;9.3,14.335;9.3,14.335;9.3,14.385;9.25,14.385;9.25,14.385;9.25,14.435;9.2,14.435;9.2,14.435;9.2,14.485;9.15,14.485;9.15,14.485;9.15,14.535;9.1,14.535;9.1,14.535;9.1,14.585;9.05,14.585;9.05,14.585;9.05,14.635;9.0,14.635;9.0,14.635;9.0,14.685;8.95,14.685;8.95,14.685;8.95,14.735;8.9,14.735;8.9,14.735;8.9,14.785;8.85,14.785;8.85,14.785;8.85,14.835;8.8,14.835;8.8,14.835;8.8,14.885;8.75,14.885;8.75,14.885;8.75,14.935;8.7,14.935;8.7,14.935;8.7,14.985;8.65,14.985;8.65,14.985;8.65,15.035;8.6,15.035;8.6,15.035;8.6,15.085;8.55,15.085;8.55,15.085;8.55,15.135;8.5,15.135;8.5,15.135;8.5,15.185;8.45,15.185;8.45,15.185;8.45,15.235;8.4,15.235;8.4,15.235;8.4,15.285;8.35,15.285;8.35,15.285;8.35,15.335;8.3,15.335;8.3,15.335;8.3,15.385;8.25,15.385;8.25,15.385;8.25,15.435;8.2,15.435;8.2,15.435;8.2,15.485;8.15,15.485;8.15,15.485;8.15,15.535;8.1,15.535;8.1,15.535;8.1,15.585;8.05,15.585;8.05,15.585;8.05,15.635;8.0,15.635;8.0,15.635;8.0,15.685;7.95,15.685;7.95,15.685;7.95,15.735;7.9,15.735;7.9,15.735;7.9,15.785;7.85,15.785;7.85,15.785;7.85,15.835;7.8,15.835;7.8,15.835;7.8,15.885;7.75,15.885;7.75,15.885;7.75,15.935;7.7,15.935;7.7,15.935;7.7,15.985;7.65,15.985;7.65,15.985;7.65,16.035;7.6,16.035;7.6,16.035",TRANSFERIDO
L1,L1_P_LB_c2_r3,L1_P_LB_c2_r3_T045,BEAM,L1_V016,L1_V016,2016.0,6.339797,6.22935,39.492815,"7.5,16.035;7.5,16.085;7.5,16.135;7.5,16.135;7.55,16.135;7.55,16.135;7.55,16.085;7.6,16.085;7.6,16.085;7.6,16.035;7.65,16.035;7.65,16.035;7.65,15.985;7.7,15.985;7.7,15.985;7.7,15.935;7.75,15.935;7.75,15.935;7.75,15.885;7.8,15.885;7.8,15.885;7.8,15.835;7.85,15.835;7.85,15.835;7.85,15.785;7.9,15.785;7.9,15.785;7.9,15.735;7.95,15.735;7.95,15.735;7.95,15.685;8.0,15.685;8.0,15.685;8.0,15.635;8.05,15.635;8.05,15.635;8.05,15.585;8.1,15.585;8.1,15.585;8.1,15.535;8.15,15.535;8.15,15.535;8.15,15.485;8.2,15.485;8.2,15.485;8.2,15.435;8.25,15.435;8.25,15.435;8.25,15.385;8.3,15.385;8.3,15.385;8.3,15.335;8.35,15.335;8.35,15.335;8.35,15.285;8.4,15.285;8.4,15.285;8.4,15.235;8.45,15.235;8.45,15.235;8.45,15.185;8.5,15.185;8.5,15.185;8.5,15.135;8.55,15.135;8.55,15.135;8.55,15.085;8.6,15.085;8.6,15.085;8.6,15.035;8.65,15.035;8.65,15.035;8.65,14.985;8.7,14.985;8.7,14.985;8.7,14.935;8.75,14.935;8.75,14.935;8.75,14.885;8.8,14.885;8.8,14.885;8.8,14.835;8.85,14.835;8.85,14.835;8.85,14.785;8.9,14.785;8.9,14.785;8.9,14.735;8.95,14.735;8.95,14.735;8.95,14.685;9.0,14.685;9.0,14.685;9.0,14.635;9.05,14.635;9.05,14.635;9.05,14.585;9.1,14.585;9.1,14.585;9.1,14.535;9.15,14.535;9.15,14.535;9.15,14.485;9.2,14.485;9.2,14.485;9.2,14.435;9.25,14.435;9.25,14.435;9.25,14.385;9.3,14.385;9.3,14.385;9.3,14.335;9.35,14.335;9.35,14.335;9.35,14.285;9.4,14.285;9.4,14.285;9.4,11.885;9.4,11.885;7.5,11.885;7.5,11.885",TRANSFERIDO
L1,L1_P_LB_c2_r3,L1_P_LB_c2_r3_T046,BEAM,L1_V020,L1_V020,2020.0,6.219374,6.22935,38.742654,"9.4,14.335;9.4,14.335;9.45,14.335;9.45,14.385;9.45,14.385;9.5,14.385;9.5,14.435;9.5,14.435;9.55,14.435;9.55,14.485;9.55,14.485;9.6,14.485;9.6,14.535;9.6,14.535;9.65,14.535;9.65,14.585;9.65,14.585;9.7,14.585;9.7,14.635;9.7,14.635;9.75,14.635;9.75,14.685;9.75,14.685;9.8,14.685;9.8,14.735;9.8,14.735;9.85,14.735;9.85,14.785;9.85,14.785;9.9,14.785;9.9,14.835;9.9,14.835;9.95,14.835;9.95,14.885;9.95,14.885;10.0,14.885;10.0,14.935;10.0,14.935;10.05,14.935;10.05,14.985;10.05,14.985;10.1,14.985;10.1,15.035;10.1,15.035;10.15,15.035;10.15,15.085;10.15,15.085;10.2,15.085;10.2,15.135;10.2,15.135;10.25,15.135;10.25,15.185;10.25,15.185;10.3,15.185;10.3,15.235;10.3,15.235;10.35,15.235;10.35,15.285;10.35,15.285;10.4,15.285;10.4,15.335;10.4,15.335;10.45,15.335;10.45,15.385;10.45,15.385;10.5,15.385;10.5,15.435;10.5,15.435;10.55,15.435;10.55,15.485;10.55,15.485;10.6,15.485;10.6,15.535;10.6,15.535;10.65,15.535;10.65,15.585;10.65,15.585;10.7,15.585;10.7,15.635;10.7,15.635;10.75,15.635;10.75,15.685;10.75,15.685;10.8,15.685;10.8,15.735;10.8,15.735;10.85,15.735;10.85,15.785;10.85,15.785;10.9,15.785;10.9,15.835;10.9,15.835;10.95,15.835;10.95,15.885;10.95,15.885;11.0,15.885;11.0,15.935;11.0,15.935;11.05,15.935;11.05,15.985;11.05,15.985;11.1,15.985;11.1,16.035;11.1,16.035;11.15,16.035;11.15,16.085;11.15,16.085;11.2,16.085;11.2,16.135;11.2,16.135;11.25,16.135;11.25,16.135;11.25,16.085;11.25,16.035;11.25,11.885;11.25,11.885;9.4,11.885;9.4,11.885",TRANSFERIDO
L1,L1_P_RB_c0_r0,L1_P_RB_c0_r0_T047,BEAM,L1_BD_V60_01,L1_BD_V60_01,2113.0,6.25,6.22935,38.933438,"11.3,0.05;11.3,0.1;11.3,0.1;11.35,0.1;11.35,0.15;11.35,0.15;11.4,0.15;11.4,0.2;11.4,0.2;11.45,0.2;11.45,0.25;11.45,0.25;11.5,0.25;11.5,0.3;11.5,0.3;11.55,0.3;11.55,0.35;11.55,0.35;11.6,0.35;11.6,0.4;11.6,0.4;11.65,0.4;11.65,0.45;11.65,0.45;11.7,0.45;11.7,0.5;11.7,0.5;11.75,0.5;11.75,0.55;11.75,0.55;11.8,0.55;11.8,0.6;11.8,0.6;11.85,0.6;11.85,0.65;11.85,0.65;11.9,0.65;11.9,0.7;11.9,0.7;11.95,0.7;11.95,0.75;11.95,0.75;12.0,0.75;12.0,0.8;12.0,0.8;12.05,0.8;12.05,0.85;12.05,0.85;12.1,0.85;12.1,0.9;12.1,0.9;12.15,0.9;12.15,0.95;12.15,0.95;12.2,0.95;12.2,1.0;12.2,1.0;12.25,1.0;12.25,1.05;12.25,1.05;12.3,1.05;12.3,1.1;12.3,1.1;12.35,1.1;12.35,1.15;12.35,1.15;12.4,1.15;12.4,1.2;12.4,1.2;12.45,1.2;12.45,1.25;12.45,1.25;12.5,1.25;12.5,1.3;12.5,1.3;12.55,1.3;12.55,1.35;12.55,1.35;12.6,1.35;12.6,1.4;12.6,1.4;12.65,1.4;12.65,1.45;12.65,1.45;12.7,1.45;12.7,1.5;12.7,1.5;12.75,1.5;12.75,1.55;12.75,1.55;12.8,1.55;12.8,1.6;12.8,1.6;12.85,1.6;12.85,1.65;12.85,1.65;12.9,1.65;12.9,1.7;12.9,1.7;12.95,1.7;12.95,1.75;12.95,1.75;13.0,1.75;13.0,1.8;13.0,1.8;13.05,1.8;13.05,1.85;13.05,1.85;13.1,1.85;13.1,1.9;13.1,1.9;13.15,1.9;13.15,1.95;13.15,1.95;13.2,1.95;13.2,2.0;13.2,2.0;13.25,2.0;13.25,2.05;13.25,2.05;13.3,2.05;13.3,2.1;13.3,2.1;13.35,2.1;13.35,2.15;13.35,2.15;13.4,2.15;13.4,2.2;13.4,2.2;13.45,2.2;13.45,2.25;13.45,2.25;13.5,2.25;13.5,2.3;13.5,2.3;13.55,2.3;13.55,2.35;13.55,2.35;13.6,2.35;13.6,2.4;13.6,2.4;13.65,2.4;13.65,2.45;13.65,2.45;13.7,2.45;13.7,2.5;13.7,2.5;13.75,2.5;13.75,2.5;13.75,2.45;13.8,2.45;13.8,2.45;13.8,2.4;13.85,2.4;13.85,2.4;13.85,2.35;13.9,2.35;13.9,2.35;13.9,2.3;13.95,2.3;13.95,2.3;13.95,2.25;14.0,2.25;14.0,2.25;14.0,2.2;14.05,2.2;14.05,2.2;14.05,2.15;14.1,2.15;14.1,2.15;14.1,2.1;14.15,2.1;14.15,2.1;14.15,2.05;14.2,2.05;14.2,2.05;14.2,2.0;14.25,2.0;14.25,2.0;14.25,1.95;14.3,1.95;14.3,1.95;14.3,1.9;14.35,1.9;14.35,1.9;14.35,1.85;14.4,1.85;14.4,1.85;14.4,1.8;14.45,1.8;14.45,1.8;14.45,1.75;14.5,1.75;14.5,1.75;14.5,1.7;14.55,1.7;14.55,1.7;14.55,1.65;14.6,1.65;14.6,1.65;14.6,1.6;14.65,1.6;14.65,1.6;14.65,1.55;14.7,1.55;14.7,1.55;14.7,1.5;14.75,1.5;14.75,1.5;14.75,1.45;14.8,1.45;14.8,1.45;14.8,1.4;14.85,1.4;14.85,1.4;14.85,1.35;14.9,1.35;14.9,1.35;14.9,1.3;14.95,1.3;14.95,1.3;14.95,1.25;15.0,1.25;15.0,1.25;15.0,1.2;15.05,1.2;15.05,1.2;15.05,1.15;15.1,1.15;15.1,1.15;15.1,1.1;15.15,1.1;15.15,1.1;15.15,1.05;15.2,1.05;15.2,1.05;15.2,1.0;15.25,1.0;15.25,1.0;15.25,0.95;15.3,0.95;15.3,0.95;15.3,0.9;15.35,0.9;15.35,0.9;15.35,0.85;15.4,0.85;15.4,0.85;15.4,0.8;15.45,0.8;15.45,0.8;15.45,0.75;15.5,0.75;15.5,0.75;15.5,0.7;15.55,0.7;15.55,0.7;15.55,0.65;15.6,0.65;15.6,0.65;15.6,0.6;15.65,0.6;15.65,0.6;15.65,0.55;15.7,0.55;15.7,0.55;15.7,0.5;15.75,0.5;15.75,0.5;15.75,0.45;15.8,0.45;15.8,0.45;15.8,0.4;15.85,0.4;15.85,0.4;15.85,0.35;15.9,0.35;15.9,0.35;15.9,0.3;15.95,0.3;15.95,0.3;15.95,0.25;16.0,0.25;16.0,0.25;16.0,0.2;16.05,0.2;16.05,0.2;16.05,0.15;16.1,0.15;16.1,0.15;16.1,0.1;16.15,0.1;16.15,0.1;16.15,0.05;16.2,0.05;16.2,0.05;16.2,0.0;16.2,-0.0;16.1,-0.0;16.0,-0.0;11.25,-0.0;11.25,0.0;11.25,0.05;11.25,0.05",TRANSFERIDO
L1,L1_P_RB_c0_r0,L1_P_RB_c0_r0_T048,BEAM,L1_BD_V60_05,L1_BD_V60_05,2117.0,6.25,6.22935,38.933438,"11.85,8.3;11.8,8.3;11.8,8.3;11.8,8.35;11.75,8.35;11.75,8.35;11.75,8.4;11.7,8.4;11.7,8.4;11.7,8.45;11.65,8.45;11.65,8.45;11.65,8.5;11.6,8.5;11.6,8.5;11.6,8.55;11.55,8.55;11.55,8.55;11.55,8.6;11.5,8.6;11.5,8.6;11.5,8.65;11.45,8.65;11.45,8.65;11.45,8.7;11.4,8.7;11.4,8.7;11.4,8.75;11.35,8.75;11.35,8.75;11.35,8.8;11.3,8.8;11.3,8.8;11.3,8.85;11.25,8.85;11.25,8.85;11.25,8.9;11.25,8.9;16.0,8.9;16.1,8.9;16.2,8.9;16.2,8.9;16.2,8.85;16.2,8.85;16.15,8.85;16.15,8.8;16.15,8.8;16.1,8.8;16.1,8.75;16.1,8.75;16.05,8.75;16.05,8.7;16.05,8.7;16.0,8.7;16.0,8.65;16.0,8.65;15.95,8.65;15.95,8.6;15.95,8.6;15.9,8.6;15.9,8.55;15.9,8.55;15.85,8.55;15.85,8.5;15.85,8.5;15.8,8.5;15.8,8.45;15.8,8.45;15.75,8.45;15.75,8.4;15.75,8.4;15.7,8.4;15.7,8.35;15.7,8.35;15.65,8.35;15.65,8.3;15.65,8.3;15.6,8.3;15.6,8.25;15.6,8.25;15.55,8.25;15.55,8.2;15.55,8.2;15.5,8.2;15.5,8.15;15.5,8.15;15.45,8.15;15.45,8.1;15.45,8.1;15.4,8.1;15.4,8.05;15.4,8.05;15.35,8.05;15.35,8.0;15.35,8.0;15.3,8.0;15.3,7.95;15.3,7.95;15.25,7.95;15.25,7.9;15.25,7.9;15.2,7.9;15.2,7.85;15.2,7.85;15.15,7.85;15.15,7.8;15.15,7.8;15.1,7.8;15.1,7.75;15.1,7.75;15.05,7.75;15.05,7.7;15.05,7.7;15.0,7.7;15.0,7.65;15.0,7.65;14.95,7.65;14.95,7.6;14.95,7.6;14.9,7.6;14.9,7.55;14.9,7.55;14.85,7.55;14.85,7.5;14.85,7.5;14.8,7.5;14.8,7.45;14.8,7.45;14.75,7.45;14.75,7.4;14.75,7.4;14.7,7.4;14.7,7.35;14.7,7.35;14.65,7.35;14.65,7.3;14.65,7.3;14.6,7.3;14.6,7.25;14.6,7.25;14.55,7.25;14.55,7.2;14.55,7.2;14.5,7.2;14.5,7.15;14.5,7.15;14.45,7.15;14.45,7.1;14.45,7.1;14.4,7.1;14.4,7.05;14.4,7.05;14.35,7.05;14.35,7.0;14.35,7.0;14.3,7.0;14.3,6.95;14.3,6.95;14.25,6.95;14.25,6.9;14.25,6.9;14.2,6.9;14.2,6.85;14.2,6.85;14.15,6.85;14.15,6.8;14.15,6.8;14.1,6.8;14.1,6.75;14.1,6.75;14.05,6.75;14.05,6.7;14.05,6.7;14.0,6.7;14.0,6.65;14.0,6.65;13.95,6.65;13.95,6.6;13.95,6.6;13.9,6.6;13.9,6.55;13.9,6.55;13.85,6.55;13.85,6.5;13.85,6.5;13.8,6.5;13.8,6.45;13.8,6.45;13.75,6.45;13.75,6.4;13.75,6.4;13.7,6.4;13.7,6.4;13.7,6.45;13.65,6.45;13.65,6.45;13.65,6.5;13.6,6.5;13.6,6.5;13.6,6.55;13.55,6.55;13.55,6.55;13.55,6.6;13.5,6.6;13.5,6.6;13.5,6.65;13.45,6.65;13.45,6.65;13.45,6.7;13.4,6.7;13.4,6.7;13.4,6.75;13.35,6.75;13.35,6.75;13.35,6.8;13.3,6.8;13.3,6.8;13.3,6.85;13.25,6.85;13.25,6.85;13.25,6.9;13.2,6.9;13.2,6.9;13.2,6.95;13.15,6.95;13.15,6.95;13.15,7.0;13.1,7.0;13.1,7.0;13.1,7.05;13.05,7.05;13.05,7.05;13.05,7.1;13.0,7.1;13.0,7.1;13.0,7.15;12.95,7.15;12.95,7.15;12.95,7.2;12.9,7.2;12.9,7.2;12.9,7.25;12.85,7.25;12.85,7.25;12.85,7.3;12.8,7.3;12.8,7.3;12.8,7.35;12.75,7.35;12.75,7.35;12.75,7.4;12.7,7.4;12.7,7.4;12.7,7.45;12.65,7.45;12.65,7.45;12.65,7.5;12.6,7.5;12.6,7.5;12.6,7.55;12.55,7.55;12.55,7.55;12.55,7.6;12.5,7.6;12.5,7.6;12.5,7.65;12.45,7.65;12.45,7.65;12.45,7.7;12.4,7.7;12.4,7.7;12.4,7.75;12.35,7.75;12.35,7.75;12.35,7.8;12.3,7.8;12.3,7.8;12.3,7.85;12.25,7.85;12.25,7.85;12.25,7.9;12.2,7.9;12.2,7.9;12.2,7.95;12.15,7.95;12.15,7.95;12.15,8.0;12.1,8.0;12.1,8.0;12.1,8.05;12.05,8.05;12.05,8.05;12.05,8.1;12.0,8.1;12.0,8.1;12.0,8.15;11.95,8.15;11.95,8.15;11.95,8.2;11.9,8.2;11.9,8.2;11.9,8.25;11.85,8.25;11.85,8.25",TRANSFERIDO
L1,L1_P_RB_c0_r0,L1_P_RB_c0_r0_T049,BEAM,L1_V017,L1_V017,2017.0,7.4375,6.22935,46.330791,"11.25,0.1;11.25,0.2;11.25,1.05;11.25,1.1;11.25,1.2;11.25,1.25;11.25,1.3;11.25,1.35;11.25,1.4;11.25,1.5;11.25,1.55;11.25,1.6;11.25,1.65;11.25,1.7;11.25,1.75;11.25,1.85;11.25,1.9;11.25,1.95;11.25,2.1;11.25,2.2;11.25,2.35;11.25,2.45;11.25,2.55;11.25,2.7;11.25,2.8;11.25,2.95;11.25,3.05;11.25,3.15;11.25,3.3;11.25,3.4;11.25,3.5;11.25,3.65;11.25,3.75;11.25,3.9;11.25,4.25;11.25,4.25;13.75,4.25;13.75,4.25;13.75,3.9;13.75,3.75;13.75,3.65;13.75,3.5;13.75,3.4;13.75,3.3;13.75,3.15;13.75,3.05;13.75,2.95;13.75,2.8;13.75,2.7;13.75,2.55;13.75,2.5;13.75,2.5;13.7,2.5;13.7,2.45;13.7,2.45;13.65,2.45;13.65,2.4;13.65,2.4;13.6,2.4;13.6,2.35;13.6,2.35;13.55,2.35;13.55,2.3;13.55,2.3;13.5,2.3;13.5,2.25;13.5,2.25;13.45,2.25;13.45,2.2;13.45,2.2;13.4,2.2;13.4,2.15;13.4,2.15;13.35,2.15;13.35,2.1;13.35,2.1;13.3,2.1;13.3,2.05;13.3,2.05;13.25,2.05;13.25,2.0;13.25,2.0;13.2,2.0;13.2,1.95;13.2,1.95;13.15,1.95;13.15,1.9;13.15,1.9;13.1,1.9;13.1,1.85;13.1,1.85;13.05,1.85;13.05,1.8;13.05,1.8;13.0,1.8;13.0,1.75;13.0,1.75;12.95,1.75;12.95,1.7;12.95,1.7;12.9,1.7;12.9,1.65;12.9,1.65;12.85,1.65;12.85,1.6;12.85,1.6;12.8,1.6;12.8,1.55;12.8,1.55;12.75,1.55;12.75,1.5;12.75,1.5;12.7,1.5;12.7,1.45;12.7,1.45;12.65,1.45;12.65,1.4;12.65,1.4;12.6,1.4;12.6,1.35;12.6,1.35;12.55,1.35;12.55,1.3;12.55,1.3;12.5,1.3;12.5,1.25;12.5,1.25;12.45,1.25;12.45,1.2;12.45,1.2;12.4,1.2;12.4,1.15;12.4,1.15;12.35,1.15;12.35,1.1;12.35,1.1;12.3,1.1;12.3,1.05;12.3,1.05;12.25,1.05;12.25,1.0;12.25,1.0;12.2,1.0;12.2,0.95;12.2,0.95;12.15,0.95;12.15,0.9;12.15,0.9;12.1,0.9;12.1,0.85;12.1,0.85;12.05,0.85;12.05,0.8;12.05,0.8;12.0,0.8;12.0,0.75;12.0,0.75;11.95,0.75;11.95,0.7;11.95,0.7;11.9,0.7;11.9,0.65;11.9,0.65;11.85,0.65;11.85,0.6;11.85,0.6;11.8,0.6;11.8,0.55;11.8,0.55;11.75,0.55;11.75,0.5;11.75,0.5;11.7,0.5;11.7,0.45;11.7,0.45;11.65,0.45;11.65,0.4;11.65,0.4;11.6,0.4;11.6,0.35;11.6,0.35;11.55,0.35;11.55,0.3;11.55,0.3;11.5,0.3;11.5,0.25;11.5,0.25;11.45,0.25;11.45,0.2;11.45,0.2;11.4,0.2;11.4,0.15;11.4,0.15;11.35,0.15;11.35,0.1;11.35,0.1;11.3,0.1;11.3,0.05;11.3,0.05;11.25,0.05;11.25,0.05;11.25,0.1",TRANSFERIDO
L1,L1_P_RB_c0_r0,L1_P_RB_c0_r0_T050,BEAM,L1_V018,L1_V018,2018.0,8.4375,6.22935,52.560141,"11.25,4.5;11.25,4.55;11.25,4.6;11.25,4.65;11.25,4.7;11.25,4.75;11.25,4.8;11.25,4.85;11.25,4.9;11.25,4.95;11.25,5.0;11.25,5.05;11.25,5.1;11.25,5.15;11.25,5.2;11.25,5.25;11.25,5.3;11.25,5.35;11.25,5.4;11.25,5.45;11.25,5.5;11.25,5.55;11.25,5.6;11.25,5.65;11.25,5.7;11.25,5.75;11.25,5.8;11.25,5.85;11.25,5.9;11.25,5.95;11.25,6.0;11.25,6.05;11.25,6.1;11.25,6.15;11.25,6.2;11.25,6.25;11.25,6.3;11.25,6.35;11.25,6.4;11.25,6.45;11.25,6.5;11.25,6.55;11.25,6.6;11.25,6.65;11.25,6.7;11.25,6.75;11.25,6.8;11.25,6.85;11.25,6.9;11.25,6.95;11.25,7.0;11.25,7.05;11.25,7.1;11.25,7.15;11.25,7.2;11.25,7.25;11.25,7.3;11.25,7.35;11.25,7.4;11.25,7.45;11.25,7.5;11.25,7.55;11.25,7.6;11.25,7.65;11.25,7.7;11.25,7.75;11.25,7.8;11.25,7.85;11.25,7.9;11.25,7.95;11.25,8.0;11.25,8.05;11.25,8.1;11.25,8.15;11.25,8.2;11.25,8.25;11.25,8.3;11.25,8.35;11.25,8.4;11.25,8.45;11.25,8.5;11.25,8.55;11.25,8.6;11.25,8.65;11.25,8.7;11.25,8.75;11.25,8.8;11.25,8.85;11.3,8.85;11.3,8.8;11.35,8.8;11.35,8.75;11.4,8.75;11.4,8.7;11.45,8.7;11.45,8.65;11.5,8.65;11.5,8.6;11.55,8.6;11.55,8.55;11.6,8.55;11.6,8.5;11.65,8.5;11.65,8.45;11.7,8.45;11.7,8.4;11.75,8.4;11.75,8.35;11.8,8.35;11.8,8.3;11.85,8.3;11.85,8.25;11.9,8.25;11.9,8.2;11.95,8.2;11.95,8.15;12.0,8.15;12.0,8.1;12.05,8.1;12.05,8.05;12.1,8.05;12.1,8.0;12.15,8.0;12.15,7.95;12.2,7.95;12.2,7.9;12.25,7.9;12.25,7.85;12.3,7.85;12.3,7.8;12.35,7.8;12.35,7.75;12.4,7.75;12.4,7.7;12.45,7.7;12.45,7.65;12.5,7.65;12.5,7.6;12.55,7.6;12.55,7.55;12.6,7.55;12.6,7.5;12.65,7.5;12.65,7.45;12.7,7.45;12.7,7.4;12.75,7.4;12.75,7.35;12.8,7.35;12.8,7.3;12.85,7.3;12.85,7.25;12.9,7.25;12.9,7.2;12.95,7.2;12.95,7.15;13.0,7.15;13.0,7.1;13.05,7.1;13.05,7.05;13.1,7.05;13.1,7.0;13.15,7.0;13.15,6.95;13.2,6.95;13.2,6.9;13.25,6.9;13.25,6.85;13.3,6.85;13.3,6.8;13.35,6.8;13.35,6.75;13.4,6.75;13.4,6.7;13.45,6.7;13.45,6.65;13.5,6.65;13.5,6.6;13.55,6.6;13.55,6.55;13.6,6.55;13.6,6.5;13.65,6.5;13.65,6.45;13.7,6.45;13.7,6.4;13.75,6.4;13.75,6.35;13.75,6.3;13.75,6.25;13.75,6.2;13.75,6.15;13.75,6.1;13.75,6.05;13.75,6.0;13.75,5.95;13.75,5.9;13.75,5.85;13.75,5.8;13.75,5.75;13.75,5.7;13.75,5.65;13.75,5.6;13.75,5.55;13.75,5.5;13.75,5.45;13.75,5.4;13.75,5.35;13.75,5.3;13.75,5.25;13.75,5.2;13.75,5.15;13.75,5.1;13.75,5.05;13.75,5.0;13.75,4.95;13.75,4.9;13.75,4.85;13.75,4.8;13.75,4.75;13.75,4.7;13.75,4.65;13.75,4.6;13.75,4.55;13.75,4.5;13.75,4.45;13.75,4.4;13.75,4.35;13.75,4.3;13.75,4.25;13.7,4.25;13.65,4.25;13.6,4.25;13.55,4.25;13.5,4.25;13.45,4.25;13.4,4.25;13.35,4.25;13.3,4.25;13.25,4.25;13.2,4.25;13.15,4.25;13.1,4.25;13.05,4.25;13.0,4.25;12.95,4.25;12.9,4.25;12.85,4.25;12.8,4.25;12.75,4.25;12.7,4.25;12.65,4.25;12.6,4.25;12.55,4.25;12.5,4.25;12.45,4.25;12.4,4.25;12.35,4.25;12.3,4.25;12.25,4.25;12.2,4.25;12.15,4.25;12.1,4.25;12.05,4.25;12.0,4.25;11.95,4.25;11.9,4.25;11.85,4.25;11.8,4.25;11.75,4.25;11.7,4.25;11.65,4.25;11.6,4.25;11.55,4.25;11.5,4.25;11.45,4.25;11.4,4.25;11.35,4.25;11.3,4.25;11.25,4.25;11.25,4.3;11.25,4.35;11.25,4.4;11.25,4.45;11.25,4.5",TRANSFERIDO
L1,L1_P_RB_c0_r0,L1_P_RB_c0_r0_T051,BEAM,L1_BD_V60_13,L1_BD_V60_13,2125.0,16.125,6.22935,100.448269,"13.75,2.55;13.75,2.7;13.75,2.8;13.75,2.95;13.75,3.05;13.75,3.15;13.75,3.3;13.75,3.4;13.75,3.5;13.75,3.65;13.75,3.75;13.75,3.9;13.75,6.45;13.75,6.45;13.8,6.45;13.8,6.5;13.8,6.5;13.85,6.5;13.85,6.55;13.85,6.55;13.9,6.55;13.9,6.6;13.9,6.6;13.95,6.6;13.95,6.65;13.95,6.65;14.0,6.65;14.0,6.7;14.0,6.7;14.05,6.7;14.05,6.75;14.05,6.75;14.1,6.75;14.1,6.8;14.1,6.8;14.15,6.8;14.15,6.85;14.15,6.85;14.2,6.85;14.2,6.9;14.2,6.9;14.25,6.9;14.25,6.95;14.25,6.95;14.3,6.95;14.3,7.0;14.3,7.0;14.35,7.0;14.35,7.05;14.35,7.05;14.4,7.05;14.4,7.1;14.4,7.1;14.45,7.1;14.45,7.15;14.45,7.15;14.5,7.15;14.5,7.2;14.5,7.2;14.55,7.2;14.55,7.25;14.55,7.25;14.6,7.25;14.6,7.3;14.6,7.3;14.65,7.3;14.65,7.35;14.65,7.35;14.7,7.35;14.7,7.4;14.7,7.4;14.75,7.4;14.75,7.45;14.75,7.45;14.8,7.45;14.8,7.5;14.8,7.5;14.85,7.5;14.85,7.55;14.85,7.55;14.9,7.55;14.9,7.6;14.9,7.6;14.95,7.6;14.95,7.65;14.95,7.65;15.0,7.65;15.0,7.7;15.0,7.7;15.05,7.7;15.05,7.75;15.05,7.75;15.1,7.75;15.1,7.8;15.1,7.8;15.15,7.8;15.15,7.85;15.15,7.85;15.2,7.85;15.2,7.9;15.2,7.9;15.25,7.9;15.25,7.95;15.25,7.95;15.3,7.95;15.3,8.0;15.3,8.0;15.35,8.0;15.35,8.05;15.35,8.05;15.4,8.05;15.4,8.1;15.4,8.1;15.45,8.1;15.45,8.15;15.45,8.15;15.5,8.15;15.5,8.2;15.5,8.2;15.55,8.2;15.55,8.25;15.55,8.25;15.6,8.25;15.6,8.3;15.6,8.3;15.65,8.3;15.65,8.35;15.65,8.35;15.7,8.35;15.7,8.4;15.7,8.4;15.75,8.4;15.75,8.45;15.75,8.45;15.8,8.45;15.8,8.5;15.8,8.5;15.85,8.5;15.85,8.55;15.85,8.55;15.9,8.55;15.9,8.6;15.9,8.6;15.95,8.6;15.95,8.65;15.95,8.65;16.0,8.65;16.0,8.7;16.0,8.7;16.05,8.7;16.05,8.75;16.05,8.75;16.1,8.75;16.1,8.8;16.1,8.8;16.15,8.8;16.15,8.85;16.15,8.85;16.2,8.85;16.2,8.9;16.2,8.9;16.25,8.9;16.25,8.9;16.25,3.9;16.25,3.75;16.25,3.65;16.25,3.5;16.25,3.4;16.25,3.3;16.25,3.15;16.25,3.05;16.25,2.95;16.25,2.8;16.25,2.7;16.25,2.55;16.25,2.45;16.25,2.35;16.25,2.2;16.25,2.1;16.25,1.95;16.25,1.9;16.25,1.85;16.25,1.75;16.25,1.7;16.25,1.65;16.25,1.6;16.25,1.55;16.25,1.5;16.25,1.4;16.25,1.35;16.25,1.3;16.25,1.25;16.25,1.2;16.25,1.1;16.25,1.05;16.25,0.2;16.25,0.1;16.25,0.05;16.25,0.0;16.25,-0.0;16.2,-0.0;16.2,0.0;16.2,0.05;16.15,0.05;16.15,0.05;16.15,0.1;16.1,0.1;16.1,0.1;16.1,0.15;16.05,0.15;16.05,0.15;16.05,0.2;16.0,0.2;16.0,0.2;16.0,0.25;15.95,0.25;15.95,0.25;15.95,0.3;15.9,0.3;15.9,0.3;15.9,0.35;15.85,0.35;15.85,0.35;15.85,0.4;15.8,0.4;15.8,0.4;15.8,0.45;15.75,0.45;15.75,0.45;15.75,0.5;15.7,0.5;15.7,0.5;15.7,0.55;15.65,0.55;15.65,0.55;15.65,0.6;15.6,0.6;15.6,0.6;15.6,0.65;15.55,0.65;15.55,0.65;15.55,0.7;15.5,0.7;15.5,0.7;15.5,0.75;15.45,0.75;15.45,0.75;15.45,0.8;15.4,0.8;15.4,0.8;15.4,0.85;15.35,0.85;15.35,0.85;15.35,0.9;15.3,0.9;15.3,0.9;15.3,0.95;15.25,0.95;15.25,0.95;15.25,1.0;15.2,1.0;15.2,1.0;15.2,1.05;15.15,1.05;15.15,1.05;15.15,1.1;15.1,1.1;15.1,1.1;15.1,1.15;15.05,1.15;15.05,1.15;15.05,1.2;15.0,1.2;15.0,1.2;15.0,1.25;14.95,1.25;14.95,1.25;14.95,1.3;14.9,1.3;14.9,1.3;14.9,1.35;14.85,1.35;14.85,1.35;14.85,1.4;14.8,1.4;14.8,1.4;14.8,1.45;14.75,1.45;14.75,1.45;14.75,1.5;14.7,1.5;14.7,1.5;14.7,1.55;14.65,1.55;14.65,1.55;14.65,1.6;14.6,1.6;14.6,1.6;14.6,1.65;14.55,1.65;14.55,1.65;14.55,1.7;14.5,1.7;14.5,1.7;14.5,1.75;14.45,1.75;14.45,1.75;14.45,1.8;14.4,1.8;14.4,1.8;14.4,1.85;14.35,1.85;14.35,1.85;14.35,1.9;14.3,1.9;14.3,1.9;14.3,1.95;14.25,1.95;14.25,1.95;14.25,2.0;14.2,2.0;14.2,2.0;14.2,2.05;14.15,2.05;14.15,2.05;14.15,2.1;14.1,2.1;14.1,2.1;14.1,2.15;14.05,2.15;14.05,2.15;14.05,2.2;14.0,2.2;14.0,2.2;14.0,2.25;13.95,2.25;13.95,2.25;13.95,2.3;13.9,2.3;13.9,2.3;13.9,2.35;13.85,2.35;13.85,2.35;13.85,2.4;13.8,2.4;13.8,2.4;13.8,2.45;13.75,2.45;13.75,2.45;13.75,2.55",TRANSFERIDO
L1,L1_P_RB_c0_r1,L1_P_RB_c0_r1_T052,BEAM,L1_BD_V60_05,L1_BD_V60_05,2117.0,6.25,6.22935,38.933438,"11.25,8.9;11.25,8.9;11.25,8.95;11.25,8.95;11.3,8.95;11.3,9.0;11.3,9.0;11.35,9.0;11.35,9.05;11.35,9.05;11.4,9.05;11.4,9.1;11.4,9.1;11.45,9.1;11.45,9.15;11.45,9.15;11.5,9.15;11.5,9.2;11.5,9.2;11.55,9.2;11.55,9.25;11.55,9.25;11.6,9.25;11.6,9.3;11.6,9.3;11.65,9.3;11.65,9.35;11.65,9.35;11.7,9.35;11.7,9.4;11.7,9.4;11.75,9.4;11.75,9.45;11.75,9.45;11.8,9.45;11.8,9.5;11.8,9.5;11.85,9.5;11.85,9.55;11.85,9.55;11.9,9.55;11.9,9.6;11.9,9.6;11.95,9.6;11.95,9.65;11.95,9.65;12.0,9.65;12.0,9.7;12.0,9.7;12.05,9.7;12.05,9.75;12.05,9.75;12.1,9.75;12.1,9.8;12.1,9.8;12.15,9.8;12.15,9.85;12.15,9.85;12.2,9.85;12.2,9.9;12.2,9.9;12.25,9.9;12.25,9.95;12.25,9.95;12.3,9.95;12.3,10.0;12.3,10.0;12.35,10.0;12.35,10.05;12.35,10.05;12.4,10.05;12.4,10.1;12.4,10.1;12.45,10.1;12.45,10.15;12.45,10.15;12.5,10.15;12.5,10.2;12.5,10.2;12.55,10.2;12.55,10.25;12.55,10.25;12.6,10.25;12.6,10.3;12.6,10.3;12.65,10.3;12.65,10.35;12.65,10.35;12.7,10.35;12.7,10.4;12.7,10.4;12.75,10.4;12.75,10.45;12.75,10.45;12.8,10.45;12.8,10.5;12.8,10.5;12.85,10.5;12.85,10.55;12.85,10.55;12.9,10.55;12.9,10.6;12.9,10.6;12.95,10.6;12.95,10.65;12.95,10.65;13.0,10.65;13.0,10.7;13.0,10.7;13.05,10.7;13.05,10.75;13.05,10.75;13.1,10.75;13.1,10.8;13.1,10.8;13.15,10.8;13.15,10.85;13.15,10.85;13.2,10.85;13.2,10.9;13.2,10.9;13.25,10.9;13.25,10.95;13.25,10.95;13.3,10.95;13.3,11.0;13.3,11.0;13.35,11.0;13.35,11.05;13.35,11.05;13.4,11.05;13.4,11.1;13.4,11.1;13.45,11.1;13.45,11.15;13.45,11.15;13.5,11.15;13.5,11.2;13.5,11.2;13.55,11.2;13.55,11.25;13.55,11.25;13.6,11.25;13.6,11.3;13.6,11.3;13.65,11.3;13.65,11.35;13.65,11.35;13.7,11.35;13.7,11.4;13.7,11.4;13.75,11.4;13.75,11.4;13.75,11.35;13.8,11.35;13.8,11.35;13.8,11.3;13.85,11.3;13.85,11.3;13.85,11.25;13.9,11.25;13.9,11.25;13.9,11.2;13.95,11.2;13.95,11.2;13.95,11.15;14.0,11.15;14.0,11.15;14.0,11.1;14.05,11.1;14.05,11.1;14.05,11.05;14.1,11.05;14.1,11.05;14.1,11.0;14.15,11.0;14.15,11.0;14.15,10.95;14.2,10.95;14.2,10.95;14.2,10.9;14.25,10.9;14.25,10.9;14.25,10.85;14.3,10.85;14.3,10.85;14.3,10.8;14.35,10.8;14.35,10.8;14.35,10.75;14.4,10.75;14.4,10.75;14.4,10.7;14.45,10.7;14.45,10.7;14.45,10.65;14.5,10.65;14.5,10.65;14.5,10.6;14.55,10.6;14.55,10.6;14.55,10.55;14.6,10.55;14.6,10.55;14.6,10.5;14.65,10.5;14.65,10.5;14.65,10.45;14.7,10.45;14.7,10.45;14.7,10.4;14.75,10.4;14.75,10.4;14.75,10.35;14.8,10.35;14.8,10.35;14.8,10.3;14.85,10.3;14.85,10.3;14.85,10.25;14.9,10.25;14.9,10.25;14.9,10.2;14.95,10.2;14.95,10.2;14.95,10.15;15.0,10.15;15.0,10.15;15.0,10.1;15.05,10.1;15.05,10.1;15.05,10.05;15.1,10.05;15.1,10.05;15.1,10.0;15.15,10.0;15.15,10.0;15.15,9.95;15.2,9.95;15.2,9.95;15.2,9.9;15.25,9.9;15.25,9.9;15.25,9.85;15.3,9.85;15.3,9.85;15.3,9.8;15.35,9.8;15.35,9.8;15.35,9.75;15.4,9.75;15.4,9.75;15.4,9.7;15.45,9.7;15.45,9.7;15.45,9.65;15.5,9.65;15.5,9.65;15.5,9.6;15.55,9.6;15.55,9.6;15.55,9.55;15.6,9.55;15.6,9.55;15.6,9.5;15.65,9.5;15.65,9.5;15.65,9.45;15.7,9.45;15.7,9.45;15.7,9.4;15.75,9.4;15.75,9.4;15.75,9.35;15.8,9.35;15.8,9.35;15.8,9.3;15.85,9.3;15.85,9.3;15.85,9.25;15.9,9.25;15.9,9.25;15.9,9.2;15.95,9.2;15.95,9.2;15.95,9.15;16.0,9.15;16.0,9.15;16.0,9.1;16.05,9.1;16.05,9.1;16.05,9.05;16.1,9.05;16.1,9.05;16.1,9.0;16.15,9.0;16.15,9.0;16.15,8.95;16.2,8.95;16.2,8.95;16.2,8.9;16.2,8.9;16.1,8.9;16.0,8.9",TRANSFERIDO
L1,L1_P_RB_c0_r1,L1_P_RB_c0_r1_T053,BEAM,L1_BD_V60_09,L1_BD_V60_09,2121.0,6.375,6.22935,39.712106,"11.3,16.1;11.25,16.1;11.25,16.1;11.25,16.15;11.25,16.15;16.0,16.15;16.1,16.15;16.2,16.15;16.25,16.15;16.25,16.15;16.25,16.1;16.25,16.1;16.2,16.1;16.2,16.05;16.2,16.05;16.15,16.05;16.15,16.0;16.15,16.0;16.1,16.0;16.1,15.95;16.1,15.95;16.05,15.95;16.05,15.9;16.05,15.9;16.0,15.9;16.0,15.85;16.0,15.85;15.95,15.85;15.95,15.8;15.95,15.8;15.9,15.8;15.9,15.75;15.9,15.75;15.85,15.75;15.85,15.7;15.85,15.7;15.8,15.7;15.8,15.65;15.8,15.65;15.75,15.65;15.75,15.6;15.75,15.6;15.7,15.6;15.7,15.55;15.7,15.55;15.65,15.55;15.65,15.5;15.65,15.5;15.6,15.5;15.6,15.45;15.6,15.45;15.55,15.45;15.55,15.4;15.55,15.4;15.5,15.4;15.5,15.35;15.5,15.35;15.45,15.35;15.45,15.3;15.45,15.3;15.4,15.3;15.4,15.25;15.4,15.25;15.35,15.25;15.35,15.2;15.35,15.2;15.3,15.2;15.3,15.15;15.3,15.15;15.25,15.15;15.25,15.1;15.25,15.1;15.2,15.1;15.2,15.05;15.2,15.05;15.15,15.05;15.15,15.0;15.15,15.0;15.1,15.0;15.1,14.95;15.1,14.95;15.05,14.95;15.05,14.9;15.05,14.9;15.0,14.9;15.0,14.85;15.0,14.85;14.95,14.85;14.95,14.8;14.95,14.8;14.9,14.8;14.9,14.75;14.9,14.75;14.85,14.75;14.85,14.7;14.85,14.7;14.8,14.7;14.8,14.65;14.8,14.65;14.75,14.65;14.75,14.6;14.75,14.6;14.7,14.6;14.7,14.55;14.7,14.55;14.65,14.55;14.65,14.5;14.65,14.5;14.6,14.5;14.6,14.45;14.6,14.45;14.55,14.45;14.55,14.4;14.55,14.4;14.5,14.4;14.5,14.35;14.5,14.35;14.45,14.35;14.45,14.3;14.45,14.3;14.4,14.3;14.4,14.25;14.4,14.25;14.35,14.25;14.35,14.2;14.35,14.2;14.3,14.2;14.3,14.15;14.3,14.15;14.25,14.15;14.25,14.1;14.25,14.1;14.2,14.1;14.2,14.05;14.2,14.05;14.15,14.05;14.15,14.0;14.15,14.0;14.1,14.0;14.1,13.95;14.1,13.95;14.05,13.95;14.05,13.9;14.05,13.9;14.0,13.9;14.0,13.85;14.0,13.85;13.95,13.85;13.95,13.8;13.95,13.8;13.9,13.8;13.9,13.75;13.9,13.75;13.85,13.75;13.85,13.7;13.85,13.7;13.8,13.7;13.8,13.65;13.8,13.65;13.7,13.65;13.7,13.65;13.7,13.7;13.65,13.7;13.65,13.7;13.65,13.75;13.6,13.75;13.6,13.75;13.6,13.8;13.55,13.8;13.55,13.8;13.55,13.85;13.5,13.85;13.5,13.85;13.5,13.9;13.45,13.9;13.45,13.9;13.45,13.95;13.4,13.95;13.4,13.95;13.4,14.0;13.35,14.0;13.35,14.0;13.35,14.05;13.3,14.05;13.3,14.05;13.3,14.1;13.25,14.1;13.25,14.1;13.25,14.15;13.2,14.15;13.2,14.15;13.2,14.2;13.15,14.2;13.15,14.2;13.15,14.25;13.1,14.25;13.1,14.25;13.1,14.3;13.05,14.3;13.05,14.3;13.05,14.35;13.0,14.35;13.0,14.35;13.0,14.4;12.95,14.4;12.95,14.4;12.95,14.45;12.9,14.45;12.9,14.45;12.9,14.5;12.85,14.5;12.85,14.5;12.85,14.55;12.8,14.55;12.8,14.55;12.8,14.6;12.75,14.6;12.75,14.6;12.75,14.65;12.7,14.65;12.7,14.65;12.7,14.7;12.65,14.7;12.65,14.7;12.65,14.75;12.6,14.75;12.6,14.75;12.6,14.8;12.55,14.8;12.55,14.8;12.55,14.85;12.5,14.85;12.5,14.85;12.5,14.9;12.45,14.9;12.45,14.9;12.45,14.95;12.4,14.95;12.4,14.95;12.4,15.0;12.35,15.0;12.35,15.0;12.35,15.05;12.3,15.05;12.3,15.05;12.3,15.1;12.25,15.1;12.25,15.1;12.25,15.15;12.2,15.15;12.2,15.15;12.2,15.2;12.15,15.2;12.15,15.2;12.15,15.25;12.1,15.25;12.1,15.25;12.1,15.3;12.05,15.3;12.05,15.3;12.05,15.35;12.0,15.35;12.0,15.35;12.0,15.4;11.95,15.4;11.95,15.4;11.95,15.45;11.9,15.45;11.9,15.45;11.9,15.5;11.85,15.5;11.85,15.5;11.85,15.55;11.8,15.55;11.8,15.55;11.8,15.6;11.75,15.6;11.75,15.6;11.75,15.65;11.7,15.65;11.7,15.65;11.7,15.7;11.65,15.7;11.65,15.7;11.65,15.75;11.6,15.75;11.6,15.75;11.6,15.8;11.55,15.8;11.55,15.8;11.55,15.85;11.5,15.85;11.5,15.85;11.5,15.9;11.45,15.9;11.45,15.9;11.45,15.95;11.4,15.95;11.4,15.95;11.4,16.0;11.35,16.0;11.35,16.0;11.35,16.05;11.3,16.05;11.3,16.05",TRANSFERIDO
L1,L1_P_RB_c0_r1,L1_P_RB_c0_r1_T054,BEAM,L1_V019,L1_V019,2019.0,4.3125,6.22935,26.864072,"11.25,9.35;11.25,9.4;11.25,9.45;11.25,9.5;11.25,9.55;11.25,9.6;11.25,9.65;11.25,9.7;11.25,9.75;11.25,9.8;11.25,9.85;11.25,9.9;11.25,9.95;11.25,10.0;11.25,10.05;11.25,10.1;11.25,10.15;11.25,10.2;11.25,10.25;11.25,10.3;11.25,10.35;11.25,10.4;11.25,10.45;11.25,10.5;11.25,10.55;11.25,10.6;11.25,10.65;11.25,10.7;11.25,10.75;11.25,10.8;11.25,10.85;11.25,10.9;11.25,10.95;11.25,11.0;11.25,11.05;11.25,11.1;11.25,11.15;11.25,11.2;11.25,11.25;11.25,11.3;11.25,11.35;11.25,11.4;11.25,11.45;11.25,11.5;11.25,11.55;11.25,11.6;11.25,11.65;11.25,11.7;11.25,11.75;11.25,11.8;11.25,11.85;11.25,11.9;11.3,11.9;11.35,11.9;11.4,11.9;11.45,11.9;11.5,11.9;11.55,11.9;11.6,11.9;11.65,11.9;11.7,11.9;11.75,11.9;11.8,11.9;11.85,11.9;11.9,11.9;11.95,11.9;12.0,11.9;12.05,11.9;12.1,11.9;12.15,11.9;12.2,11.9;12.25,11.9;12.3,11.9;12.35,11.9;12.4,11.9;12.45,11.9;12.5,11.9;12.55,11.9;12.6,11.9;12.65,11.9;12.7,11.9;12.75,11.9;12.8,11.9;12.85,11.9;12.9,11.9;12.95,11.9;13.0,11.9;13.05,11.9;13.1,11.9;13.15,11.9;13.2,11.9;13.25,11.9;13.3,11.9;13.35,11.9;13.4,11.9;13.45,11.9;13.5,11.9;13.55,11.9;13.6,11.9;13.65,11.9;13.7,11.9;13.75,11.9;13.75,11.85;13.75,11.8;13.75,11.75;13.75,11.7;13.75,11.65;13.75,11.6;13.75,11.55;13.75,11.5;13.75,11.45;13.75,11.4;13.7,11.4;13.7,11.35;13.65,11.35;13.65,11.3;13.6,11.3;13.6,11.25;13.55,11.25;13.55,11.2;13.5,11.2;13.5,11.15;13.45,11.15;13.45,11.1;13.4,11.1;13.4,11.05;13.35,11.05;13.35,11.0;13.3,11.0;13.3,10.95;13.25,10.95;13.25,10.9;13.2,10.9;13.2,10.85;13.15,10.85;13.15,10.8;13.1,10.8;13.1,10.75;13.05,10.75;13.05,10.7;13.0,10.7;13.0,10.65;12.95,10.65;12.95,10.6;12.9,10.6;12.9,10.55;12.85,10.55;12.85,10.5;12.8,10.5;12.8,10.45;12.75,10.45;12.75,10.4;12.7,10.4;12.7,10.35;12.65,10.35;12.65,10.3;12.6,10.3;12.6,10.25;12.55,10.25;12.55,10.2;12.5,10.2;12.5,10.15;12.45,10.15;12.45,10.1;12.4,10.1;12.4,10.05;12.35,10.05;12.35,10.0;12.3,10.0;12.3,9.95;12.25,9.95;12.25,9.9;12.2,9.9;12.2,9.85;12.15,9.85;12.15,9.8;12.1,9.8;12.1,9.75;12.05,9.75;12.05,9.7;12.0,9.7;12.0,9.65;11.95,9.65;11.95,9.6;11.9,9.6;11.9,9.55;11.85,9.55;11.85,9.5;11.8,9.5;11.8,9.45;11.75,9.45;11.75,9.4;11.7,9.4;11.7,9.35;11.65,9.35;11.65,9.3;11.6,9.3;11.6,9.25;11.55,9.25;11.55,9.2;11.5,9.2;11.5,9.15;11.45,9.15;11.45,9.1;11.4,9.1;11.4,9.05;11.35,9.05;11.35,9.0;11.3,9.0;11.3,8.95;11.25,8.95;11.25,9.0;11.25,9.05;11.25,9.1;11.25,9.15;11.25,9.2;11.25,9.25;11.25,9.3",TRANSFERIDO
L1,L1_P_RB_c0_r1,L1_P_RB_c0_r1_T055,BEAM,L1_V020,L1_V020,2020.0,7.4375,6.22935,46.330791,"11.25,16.0;11.25,16.05;11.25,16.1;11.25,16.1;11.3,16.1;11.3,16.1;11.3,16.05;11.35,16.05;11.35,16.05;11.35,16.0;11.4,16.0;11.4,16.0;11.4,15.95;11.45,15.95;11.45,15.95;11.45,15.9;11.5,15.9;11.5,15.9;11.5,15.85;11.55,15.85;11.55,15.85;11.55,15.8;11.6,15.8;11.6,15.8;11.6,15.75;11.65,15.75;11.65,15.75;11.65,15.7;11.7,15.7;11.7,15.7;11.7,15.65;11.75,15.65;11.75,15.65;11.75,15.6;11.8,15.6;11.8,15.6;11.8,15.55;11.85,15.55;11.85,15.55;11.85,15.5;11.9,15.5;11.9,15.5;11.9,15.45;11.95,15.45;11.95,15.45;11.95,15.4;12.0,15.4;12.0,15.4;12.0,15.35;12.05,15.35;12.05,15.35;12.05,15.3;12.1,15.3;12.1,15.3;12.1,15.25;12.15,15.25;12.15,15.25;12.15,15.2;12.2,15.2;12.2,15.2;12.2,15.15;12.25,15.15;12.25,15.15;12.25,15.1;12.3,15.1;12.3,15.1;12.3,15.05;12.35,15.05;12.35,15.05;12.35,15.0;12.4,15.0;12.4,15.0;12.4,14.95;12.45,14.95;12.45,14.95;12.45,14.9;12.5,14.9;12.5,14.9;12.5,14.85;12.55,14.85;12.55,14.85;12.55,14.8;12.6,14.8;12.6,14.8;12.6,14.75;12.65,14.75;12.65,14.75;12.65,14.7;12.7,14.7;12.7,14.7;12.7,14.65;12.75,14.65;12.75,14.65;12.75,14.6;12.8,14.6;12.8,14.6;12.8,14.55;12.85,14.55;12.85,14.55;12.85,14.5;12.9,14.5;12.9,14.5;12.9,14.45;12.95,14.45;12.95,14.45;12.95,14.4;13.0,14.4;13.0,14.4;13.0,14.35;13.05,14.35;13.05,14.35;13.05,14.3;13.1,14.3;13.1,14.3;13.1,14.25;13.15,14.25;13.15,14.25;13.15,14.2;13.2,14.2;13.2,14.2;13.2,14.15;13.25,14.15;13.25,14.15;13.25,14.1;13.3,14.1;13.3,14.1;13.3,14.05;13.35,14.05;13.35,14.05;13.35,14.0;13.4,14.0;13.4,14.0;13.4,13.95;13.45,13.95;13.45,13.95;13.45,13.9;13.5,13.9;13.5,13.9;13.5,13.85;13.55,13.85;13.55,13.85;13.55,13.8;13.6,13.8;13.6,13.8;13.6,13.75;13.65,13.75;13.65,13.75;13.65,13.7;13.7,13.7;13.7,13.7;13.7,13.65;13.75,13.65;13.75,13.65;13.75,11.9;13.75,11.9;11.25,11.9;11.25,11.9",TRANSFERIDO
L1,L1_P_RB_c0_r1,L1_P_RB_c0_r1_T056,BEAM,L1_BD_V60_14,L1_BD_V60_14,2126.0,11.875,6.22935,73.973531,"13.75,13.65;13.75,13.65;13.8,13.65;13.8,13.7;13.8,13.7;13.85,13.7;13.85,13.75;13.85,13.75;13.9,13.75;13.9,13.8;13.9,13.8;13.95,13.8;13.95,13.85;13.95,13.85;14.0,13.85;14.0,13.9;14.0,13.9;14.05,13.9;14.05,13.95;14.05,13.95;14.1,13.95;14.1,14.0;14.1,14.0;14.15,14.0;14.15,14.05;14.15,14.05;14.2,14.05;14.2,14.1;14.2,14.1;14.25,14.1;14.25,14.15;14.25,14.15;14.3,14.15;14.3,14.2;14.3,14.2;14.35,14.2;14.35,14.25;14.35,14.25;14.4,14.25;14.4,14.3;14.4,14.3;14.45,14.3;14.45,14.35;14.45,14.35;14.5,14.35;14.5,14.4;14.5,14.4;14.55,14.4;14.55,14.45;14.55,14.45;14.6,14.45;14.6,14.5;14.6,14.5;14.65,14.5;14.65,14.55;14.65,14.55;14.7,14.55;14.7,14.6;14.7,14.6;14.75,14.6;14.75,14.65;14.75,14.65;14.8,14.65;14.8,14.7;14.8,14.7;14.85,14.7;14.85,14.75;14.85,14.75;14.9,14.75;14.9,14.8;14.9,14.8;14.95,14.8;14.95,14.85;14.95,14.85;15.0,14.85;15.0,14.9;15.0,14.9;15.05,14.9;15.05,14.95;15.05,14.95;15.1,14.95;15.1,15.0;15.1,15.0;15.15,15.0;15.15,15.05;15.15,15.05;15.2,15.05;15.2,15.1;15.2,15.1;15.25,15.1;15.25,15.15;15.25,15.15;15.3,15.15;15.3,15.2;15.3,15.2;15.35,15.2;15.35,15.25;15.35,15.25;15.4,15.25;15.4,15.3;15.4,15.3;15.45,15.3;15.45,15.35;15.45,15.35;15.5,15.35;15.5,15.4;15.5,15.4;15.55,15.4;15.55,15.45;15.55,15.45;15.6,15.45;15.6,15.5;15.6,15.5;15.65,15.5;15.65,15.55;15.65,15.55;15.7,15.55;15.7,15.6;15.7,15.6;15.75,15.6;15.75,15.65;15.75,15.65;15.8,15.65;15.8,15.7;15.8,15.7;15.85,15.7;15.85,15.75;15.85,15.75;15.9,15.75;15.9,15.8;15.9,15.8;15.95,15.8;15.95,15.85;15.95,15.85;16.0,15.85;16.0,15.9;16.0,15.9;16.05,15.9;16.05,15.95;16.05,15.95;16.1,15.95;16.1,16.0;16.1,16.0;16.15,16.0;16.15,16.05;16.15,16.05;16.2,16.05;16.2,16.1;16.2,16.1;16.25,16.1;16.25,16.1;16.25,16.05;16.25,16.0;16.25,8.9;16.25,8.9;16.2,8.9;16.2,8.9;16.2,8.95;16.15,8.95;16.15,8.95;16.15,9.0;16.1,9.0;16.1,9.0;16.1,9.05;16.05,9.05;16.05,9.05;16.05,9.1;16.0,9.1;16.0,9.1;16.0,9.15;15.95,9.15;15.95,9.15;15.95,9.2;15.9,9.2;15.9,9.2;15.9,9.25;15.85,9.25;15.85,9.25;15.85,9.3;15.8,9.3;15.8,9.3;15.8,9.35;15.75,9.35;15.75,9.35;15.75,9.4;15.7,9.4;15.7,9.4;15.7,9.45;15.65,9.45;15.65,9.45;15.65,9.5;15.6,9.5;15.6,9.5;15.6,9.55;15.55,9.55;15.55,9.55;15.55,9.6;15.5,9.6;15.5,9.6;15.5,9.65;15.45,9.65;15.45,9.65;15.45,9.7;15.4,9.7;15.4,9.7;15.4,9.75;15.35,9.75;15.35,9.75;15.35,9.8;15.3,9.8;15.3,9.8;15.3,9.85;15.25,9.85;15.25,9.85;15.25,9.9;15.2,9.9;15.2,9.9;15.2,9.95;15.15,9.95;15.15,9.95;15.15,10.0;15.1,10.0;15.1,10.0;15.1,10.05;15.05,10.05;15.05,10.05;15.05,10.1;15.0,10.1;15.0,10.1;15.0,10.15;14.95,10.15;14.95,10.15;14.95,10.2;14.9,10.2;14.9,10.2;14.9,10.25;14.85,10.25;14.85,10.25;14.85,10.3;14.8,10.3;14.8,10.3;14.8,10.35;14.75,10.35;14.75,10.35;14.75,10.4;14.7,10.4;14.7,10.4;14.7,10.45;14.65,10.45;14.65,10.45;14.65,10.5;14.6,10.5;14.6,10.5;14.6,10.55;14.55,10.55;14.55,10.55;14.55,10.6;14.5,10.6;14.5,10.6;14.5,10.65;14.45,10.65;14.45,10.65;14.45,10.7;14.4,10.7;14.4,10.7;14.4,10.75;14.35,10.75;14.35,10.75;14.35,10.8;14.3,10.8;14.3,10.8;14.3,10.85;14.25,10.85;14.25,10.85;14.25,10.9;14.2,10.9;14.2,10.9;14.2,10.95;14.15,10.95;14.15,10.95;14.15,11.0;14.1,11.0;14.1,11.0;14.1,11.05;14.05,11.05;14.05,11.05;14.05,11.1;14.0,11.1;14.0,11.1;14.0,11.15;13.95,11.15;13.95,11.15;13.95,11.2;13.9,11.2;13.9,11.2;13.9,11.25;13.85,11.25;13.85,11.25;13.85,11.3;13.8,11.3;13.8,11.3;13.8,11.35;13.75,11.35;13.75,11.35",TRANSFERIDO
L1,L1_P_RB_c1_r0,L1_P_RB_c1_r0_T057,BEAM,L1_BD_V60_02,L1_BD_V60_02,2114.0,6.2425,6.22935,38.886717,"16.35,-0.0;16.3,-0.0;16.3,0.0;16.3,0.05;16.3,0.05;16.35,0.05;16.35,0.1;16.35,0.1;16.4,0.1;16.4,0.2;16.4,0.2;16.45,0.2;16.45,0.25;16.45,0.25;16.5,0.25;16.5,0.3;16.5,0.3;16.55,0.3;16.55,0.35;16.55,0.35;16.6,0.35;16.6,0.4;16.6,0.4;16.65,0.4;16.65,0.45;16.65,0.45;16.7,0.45;16.7,0.5;16.7,0.5;16.75,0.5;16.75,0.55;16.75,0.55;16.8,0.55;16.8,0.6;16.8,0.6;16.85,0.6;16.85,0.65;16.85,0.65;16.9,0.65;16.9,0.7;16.9,0.7;16.95,0.7;16.95,0.75;16.95,0.75;17.0,0.75;17.0,0.8;17.0,0.8;17.05,0.8;17.05,0.85;17.05,0.85;17.1,0.85;17.1,0.9;17.1,0.9;17.15,0.9;17.15,0.95;17.15,0.95;17.2,0.95;17.2,1.0;17.2,1.0;17.25,1.0;17.25,1.05;17.25,1.05;17.3,1.05;17.3,1.1;17.3,1.1;17.35,1.1;17.35,1.15;17.35,1.15;17.4,1.15;17.4,1.2;17.4,1.2;17.45,1.2;17.45,1.25;17.45,1.25;17.5,1.25;17.5,1.3;17.5,1.3;17.55,1.3;17.55,1.35;17.55,1.35;17.6,1.35;17.6,1.4;17.6,1.4;17.65,1.4;17.65,1.45;17.65,1.45;17.7,1.45;17.7,1.5;17.7,1.5;17.75,1.5;17.75,1.55;17.75,1.55;17.8,1.55;17.8,1.6;17.8,1.6;17.85,1.6;17.85,1.65;17.85,1.65;17.9,1.65;17.9,1.7;17.9,1.7;17.95,1.7;17.95,1.75;17.95,1.75;18.0,1.75;18.0,1.8;18.0,1.8;18.05,1.8;18.05,1.85;18.05,1.85;18.1,1.85;18.1,1.9;18.1,1.9;18.15,1.9;18.15,1.95;18.15,1.95;18.2,1.95;18.2,2.0;18.2,2.0;18.25,2.0;18.25,2.05;18.25,2.05;18.3,2.05;18.3,2.1;18.3,2.1;18.35,2.1;18.35,2.15;18.35,2.15;18.4,2.15;18.4,2.2;18.4,2.2;18.45,2.2;18.45,2.25;18.45,2.25;18.5,2.25;18.5,2.3;18.5,2.3;18.55,2.3;18.55,2.35;18.55,2.35;18.6,2.35;18.6,2.4;18.6,2.4;18.65,2.4;18.65,2.45;18.65,2.45;18.7,2.45;18.7,2.5;18.7,2.5;18.75,2.5;18.75,2.5;18.75,2.45;18.8,2.45;18.8,2.45;18.8,2.4;18.85,2.4;18.85,2.4;18.85,2.35;18.9,2.35;18.9,2.35;18.9,2.3;18.95,2.3;18.95,2.3;18.95,2.25;19.0,2.25;19.0,2.25;19.0,2.2;19.05,2.2;19.05,2.2;19.05,2.15;19.1,2.15;19.1,2.15;19.1,2.1;19.15,2.1;19.15,2.1;19.15,2.05;19.2,2.05;19.2,2.05;19.2,2.0;19.25,2.0;19.25,2.0;19.25,1.95;19.3,1.95;19.3,1.95;19.3,1.9;19.35,1.9;19.35,1.9;19.35,1.85;19.4,1.85;19.4,1.85;19.4,1.8;19.45,1.8;19.45,1.8;19.45,1.75;19.5,1.75;19.5,1.75;19.5,1.7;19.55,1.7;19.55,1.7;19.55,1.65;19.6,1.65;19.6,1.65;19.6,1.6;19.65,1.6;19.65,1.6;19.65,1.55;19.7,1.55;19.7,1.55;19.7,1.5;19.75,1.5;19.75,1.5;19.75,1.45;19.8,1.45;19.8,1.45;19.8,1.4;19.85,1.4;19.85,1.4;19.85,1.35;19.9,1.35;19.9,1.35;19.9,1.3;19.95,1.3;19.95,1.3;19.95,1.25;20.0,1.25;20.0,1.25;20.0,1.2;20.05,1.2;20.05,1.2;20.05,1.15;20.1,1.15;20.1,1.15;20.1,1.1;20.15,1.1;20.15,1.1;20.15,1.05;20.2,1.05;20.2,1.05;20.2,1.0;20.25,1.0;20.25,1.0;20.25,0.95;20.3,0.95;20.3,0.95;20.3,0.9;20.35,0.9;20.35,0.9;20.35,0.85;20.4,0.85;20.4,0.85;20.4,0.8;20.45,0.8;20.45,0.8;20.45,0.75;20.5,0.75;20.5,0.75;20.5,0.7;20.55,0.7;20.55,0.7;20.55,0.65;20.6,0.65;20.6,0.65;20.6,0.6;20.65,0.6;20.65,0.6;20.65,0.55;20.7,0.55;20.7,0.55;20.7,0.5;20.75,0.5;20.75,0.5;20.75,0.45;20.8,0.45;20.8,0.45;20.8,0.4;20.85,0.4;20.85,0.4;20.85,0.35;20.9,0.35;20.9,0.35;20.9,0.3;20.95,0.3;20.95,0.3;20.95,0.25;21.0,0.25;21.0,0.25;21.0,0.2;21.05,0.2;21.05,0.2;21.05,0.15;21.1,0.15;21.1,0.15;21.1,0.1;21.15,0.1;21.15,0.1;21.15,0.05;21.2,0.05;21.2,0.05;21.2,0.0;21.2,-0.0;21.15,-0.0;21.1,-0.0;21.05,-0.0;21.0,-0.0;20.95,-0.0;20.9,-0.0;20.85,-0.0;20.8,-0.0;20.75,-0.0;20.7,-0.0;20.65,-0.0;20.6,-0.0;20.55,-0.0;20.5,-0.0;20.45,-0.0;20.4,-0.0;20.35,-0.0;20.3,-0.0;20.25,-0.0;20.2,-0.0;20.15,-0.0;20.1,-0.0;20.05,-0.0;20.0,-0.0;19.95,-0.0;19.9,-0.0;19.85,-0.0;19.8,-0.0;19.75,-0.0;19.7,-0.0;19.65,-0.0;19.6,-0.0;19.55,-0.0;19.5,-0.0;19.45,-0.0;19.4,-0.0;19.35,-0.0;19.3,-0.0;19.25,-0.0;19.2,-0.0;19.15,-0.0;19.1,-0.0;19.05,-0.0;19.0,-0.0;18.95,-0.0;18.9,-0.0;18.85,-0.0;18.8,-0.0;18.75,-0.0;18.7,-0.0;18.65,-0.0;18.6,-0.0;18.55,-0.0;18.5,-0.0;18.45,-0.0;18.4,-0.0;18.35,-0.0;18.3,-0.0;18.25,-0.0;18.2,-0.0;18.15,-0.0;18.1,-0.0;18.05,-0.0;18.0,-0.0;17.95,-0.0;17.9,-0.0;17.85,-0.0;17.8,-0.0;17.75,-0.0;17.7,-0.0;17.65,-0.0;17.6,-0.0;17.55,-0.0;17.5,-0.0;17.45,-0.0;17.4,-0.0;17.35,-0.0;17.3,-0.0;17.25,-0.0;17.2,-0.0;17.15,-0.0;17.1,-0.0;17.05,-0.0;17.0,-0.0;16.95,-0.0;16.9,-0.0;16.85,-0.0;16.8,-0.0;16.75,-0.0;16.7,-0.0;16.65,-0.0;16.6,-0.0;16.55,-0.0;16.5,-0.0;16.45,-0.0;16.4,-0.0;16.35,-0.0",TRANSFERIDO
L1,L1_P_RB_c1_r0,L1_P_RB_c1_r0_T058,BEAM,L1_BD_V60_06,L1_BD_V60_06,2118.0,6.25,6.22935,38.933438,"16.3,8.85;16.25,8.85;16.25,8.85;16.25,8.9;16.25,8.9;16.3,8.9;16.35,8.9;16.4,8.9;16.45,8.9;16.5,8.9;16.55,8.9;16.6,8.9;16.65,8.9;16.7,8.9;16.75,8.9;16.8,8.9;16.85,8.9;16.9,8.9;16.95,8.9;17.0,8.9;17.05,8.9;17.1,8.9;17.15,8.9;17.2,8.9;17.25,8.9;17.3,8.9;17.35,8.9;17.4,8.9;17.45,8.9;17.5,8.9;17.55,8.9;17.6,8.9;17.65,8.9;17.7,8.9;17.75,8.9;17.8,8.9;17.85,8.9;17.9,8.9;17.95,8.9;18.0,8.9;18.05,8.9;18.1,8.9;18.15,8.9;18.2,8.9;18.25,8.9;18.3,8.9;18.35,8.9;18.4,8.9;18.45,8.9;18.5,8.9;18.55,8.9;18.6,8.9;18.65,8.9;18.7,8.9;18.75,8.9;18.8,8.9;18.85,8.9;18.9,8.9;18.95,8.9;19.0,8.9;19.05,8.9;19.1,8.9;19.15,8.9;19.2,8.9;19.25,8.9;19.3,8.9;19.35,8.9;19.4,8.9;19.45,8.9;19.5,8.9;19.55,8.9;19.6,8.9;19.65,8.9;19.7,8.9;19.75,8.9;19.8,8.9;19.85,8.9;19.9,8.9;19.95,8.9;20.0,8.9;20.05,8.9;20.1,8.9;20.15,8.9;20.2,8.9;20.25,8.9;20.3,8.9;20.35,8.9;20.4,8.9;20.45,8.9;20.5,8.9;20.55,8.9;20.6,8.9;20.65,8.9;20.7,8.9;20.75,8.9;20.8,8.9;20.85,8.9;20.9,8.9;20.95,8.9;21.0,8.9;21.05,8.9;21.1,8.9;21.15,8.9;21.2,8.9;21.2,8.9;21.2,8.85;21.2,8.85;21.15,8.85;21.15,8.8;21.15,8.8;21.1,8.8;21.1,8.75;21.1,8.75;21.05,8.75;21.05,8.7;21.05,8.7;21.0,8.7;21.0,8.65;21.0,8.65;20.95,8.65;20.95,8.6;20.95,8.6;20.9,8.6;20.9,8.55;20.9,8.55;20.85,8.55;20.85,8.5;20.85,8.5;20.8,8.5;20.8,8.45;20.8,8.45;20.75,8.45;20.75,8.4;20.75,8.4;20.7,8.4;20.7,8.35;20.7,8.35;20.65,8.35;20.65,8.3;20.65,8.3;20.6,8.3;20.6,8.25;20.6,8.25;20.55,8.25;20.55,8.2;20.55,8.2;20.5,8.2;20.5,8.15;20.5,8.15;20.45,8.15;20.45,8.1;20.45,8.1;20.4,8.1;20.4,8.05;20.4,8.05;20.35,8.05;20.35,8.0;20.35,8.0;20.3,8.0;20.3,7.95;20.3,7.95;20.25,7.95;20.25,7.9;20.25,7.9;20.2,7.9;20.2,7.85;20.2,7.85;20.15,7.85;20.15,7.8;20.15,7.8;20.1,7.8;20.1,7.75;20.1,7.75;20.05,7.75;20.05,7.7;20.05,7.7;20.0,7.7;20.0,7.65;20.0,7.65;19.95,7.65;19.95,7.6;19.95,7.6;19.9,7.6;19.9,7.55;19.9,7.55;19.85,7.55;19.85,7.5;19.85,7.5;19.8,7.5;19.8,7.45;19.8,7.45;19.75,7.45;19.75,7.4;19.75,7.4;19.7,7.4;19.7,7.35;19.7,7.35;19.65,7.35;19.65,7.3;19.65,7.3;19.6,7.3;19.6,7.25;19.6,7.25;19.55,7.25;19.55,7.2;19.55,7.2;19.5,7.2;19.5,7.15;19.5,7.15;19.45,7.15;19.45,7.1;19.45,7.1;19.4,7.1;19.4,7.05;19.4,7.05;19.35,7.05;19.35,7.0;19.35,7.0;19.3,7.0;19.3,6.95;19.3,6.95;19.25,6.95;19.25,6.9;19.25,6.9;19.2,6.9;19.2,6.85;19.2,6.85;19.15,6.85;19.15,6.8;19.15,6.8;19.1,6.8;19.1,6.75;19.1,6.75;19.05,6.75;19.05,6.7;19.05,6.7;19.0,6.7;19.0,6.65;19.0,6.65;18.95,6.65;18.95,6.6;18.95,6.6;18.9,6.6;18.9,6.55;18.9,6.55;18.85,6.55;18.85,6.5;18.85,6.5;18.8,6.5;18.8,6.45;18.8,6.45;18.75,6.45;18.75,6.4;18.75,6.4;18.7,6.4;18.7,6.4;18.7,6.45;18.65,6.45;18.65,6.45;18.65,6.5;18.6,6.5;18.6,6.5;18.6,6.55;18.55,6.55;18.55,6.55;18.55,6.6;18.5,6.6;18.5,6.6;18.5,6.65;18.45,6.65;18.45,6.65;18.45,6.7;18.4,6.7;18.4,6.7;18.4,6.75;18.35,6.75;18.35,6.75;18.35,6.8;18.3,6.8;18.3,6.8;18.3,6.85;18.25,6.85;18.25,6.85;18.25,6.9;18.2,6.9;18.2,6.9;18.2,6.95;18.15,6.95;18.15,6.95;18.15,7.0;18.1,7.0;18.1,7.0;18.1,7.05;18.05,7.05;18.05,7.05;18.05,7.1;18.0,7.1;18.0,7.1;18.0,7.15;17.95,7.15;17.95,7.15;17.95,7.2;17.9,7.2;17.9,7.2;17.9,7.25;17.85,7.25;17.85,7.25;17.85,7.3;17.8,7.3;17.8,7.3;17.8,7.35;17.75,7.35;17.75,7.35;17.75,7.4;17.7,7.4;17.7,7.4;17.7,7.45;17.65,7.45;17.65,7.45;17.65,7.5;17.6,7.5;17.6,7.5;17.6,7.55;17.55,7.55;17.55,7.55;17.55,7.6;17.5,7.6;17.5,7.6;17.5,7.65;17.45,7.65;17.45,7.65;17.45,7.7;17.4,7.7;17.4,7.7;17.4,7.75;17.35,7.75;17.35,7.75;17.35,7.8;17.3,7.8;17.3,7.8;17.3,7.85;17.25,7.85;17.25,7.85;17.25,7.9;17.2,7.9;17.2,7.9;17.2,7.95;17.15,7.95;17.15,7.95;17.15,8.0;17.1,8.0;17.1,8.0;17.1,8.05;17.05,8.05;17.05,8.05;17.05,8.1;17.0,8.1;17.0,8.1;17.0,8.15;16.95,8.15;16.95,8.15;16.95,8.2;16.9,8.2;16.9,8.2;16.9,8.25;16.85,8.25;16.85,8.25;16.85,8.3;16.8,8.3;16.8,8.3;16.8,8.35;16.75,8.35;16.75,8.35;16.75,8.4;16.7,8.4;16.7,8.4;16.7,8.45;16.65,8.45;16.65,8.45;16.65,8.5;16.6,8.5;16.6,8.5;16.6,8.55;16.55,8.55;16.55,8.55;16.55,8.6;16.5,8.6;16.5,8.6;16.5,8.65;16.45,8.65;16.45,8.65;16.45,8.7;16.4,8.7;16.4,8.7;16.4,8.75;16.35,8.75;16.35,8.75;16.35,8.8;16.3,8.8;16.3,8.8",TRANSFERIDO
L1,L1_P_RB_c1_r0,L1_P_RB_c1_r0_T059,BEAM,L1_BD_V60_13,L1_BD_V60_13,2125.0,15.8825,6.22935,98.937651,"16.25,0.05;16.25,0.1;16.25,0.2;16.25,1.05;16.25,1.1;16.25,1.2;16.25,1.25;16.25,1.3;16.25,1.35;16.25,1.4;16.25,1.5;16.25,1.55;16.25,1.6;16.25,1.65;16.25,1.7;16.25,1.75;16.25,1.85;16.25,1.9;16.25,1.95;16.25,2.1;16.25,2.2;16.25,2.35;16.25,2.45;16.25,2.55;16.25,2.7;16.25,2.8;16.25,2.95;16.25,3.05;16.25,3.15;16.25,3.3;16.25,3.4;16.25,3.5;16.25,3.65;16.25,3.75;16.25,3.9;16.25,8.85;16.25,8.85;16.3,8.85;16.3,8.85;16.3,8.8;16.35,8.8;16.35,8.8;16.35,8.75;16.4,8.75;16.4,8.75;16.4,8.7;16.45,8.7;16.45,8.7;16.45,8.65;16.5,8.65;16.5,8.65;16.5,8.6;16.55,8.6;16.55,8.6;16.55,8.55;16.6,8.55;16.6,8.55;16.6,8.5;16.65,8.5;16.65,8.5;16.65,8.45;16.7,8.45;16.7,8.45;16.7,8.4;16.75,8.4;16.75,8.4;16.75,8.35;16.8,8.35;16.8,8.35;16.8,8.3;16.85,8.3;16.85,8.3;16.85,8.25;16.9,8.25;16.9,8.25;16.9,8.2;16.95,8.2;16.95,8.2;16.95,8.15;17.0,8.15;17.0,8.15;17.0,8.1;17.05,8.1;17.05,8.1;17.05,8.05;17.1,8.05;17.1,8.05;17.1,8.0;17.15,8.0;17.15,8.0;17.15,7.95;17.2,7.95;17.2,7.95;17.2,7.9;17.25,7.9;17.25,7.9;17.25,7.85;17.3,7.85;17.3,7.85;17.3,7.8;17.35,7.8;17.35,7.8;17.35,7.75;17.4,7.75;17.4,7.75;17.4,7.7;17.45,7.7;17.45,7.7;17.45,7.65;17.5,7.65;17.5,7.65;17.5,7.6;17.55,7.6;17.55,7.6;17.55,7.55;17.6,7.55;17.6,7.55;17.6,7.5;17.65,7.5;17.65,7.5;17.65,7.45;17.7,7.45;17.7,7.45;17.7,7.4;17.75,7.4;17.75,7.4;17.75,7.35;17.8,7.35;17.8,7.35;17.8,7.3;17.85,7.3;17.85,7.3;17.85,7.25;17.9,7.25;17.9,7.25;17.9,7.2;17.95,7.2;17.95,7.2;17.95,7.15;18.0,7.15;18.0,7.15;18.0,7.1;18.05,7.1;18.05,7.1;18.05,7.05;18.1,7.05;18.1,7.05;18.1,7.0;18.15,7.0;18.15,7.0;18.15,6.95;18.2,6.95;18.2,6.95;18.2,6.9;18.25,6.9;18.25,6.9;18.25,6.85;18.3,6.85;18.3,6.85;18.3,6.8;18.35,6.8;18.35,6.8;18.35,6.75;18.4,6.75;18.4,6.75;18.4,6.7;18.45,6.7;18.45,6.7;18.45,6.65;18.5,6.65;18.5,6.65;18.5,6.6;18.55,6.6;18.55,6.6;18.55,6.55;18.6,6.55;18.6,6.55;18.6,6.5;18.65,6.5;18.65,6.5;18.65,6.45;18.7,6.45;18.7,6.45;18.7,6.4;18.75,6.4;18.75,6.4;18.75,3.9;18.75,3.75;18.75,3.65;18.75,3.5;18.75,3.4;18.75,3.3;18.75,3.15;18.75,3.05;18.75,2.95;18.75,2.8;18.75,2.7;18.75,2.55;18.75,2.5;18.75,2.5;18.7,2.5;18.7,2.45;18.7,2.45;18.65,2.45;18.65,2.4;18.65,2.4;18.6,2.4;18.6,2.35;18.6,2.35;18.55,2.35;18.55,2.3;18.55,2.3;18.5,2.3;18.5,2.25;18.5,2.25;18.45,2.25;18.45,2.2;18.45,2.2;18.4,2.2;18.4,2.15;18.4,2.15;18.35,2.15;18.35,2.1;18.35,2.1;18.3,2.1;18.3,2.05;18.3,2.05;18.25,2.05;18.25,2.0;18.25,2.0;18.2,2.0;18.2,1.95;18.2,1.95;18.15,1.95;18.15,1.9;18.15,1.9;18.1,1.9;18.1,1.85;18.1,1.85;18.05,1.85;18.05,1.8;18.05,1.8;18.0,1.8;18.0,1.75;18.0,1.75;17.95,1.75;17.95,1.7;17.95,1.7;17.9,1.7;17.9,1.65;17.9,1.65;17.85,1.65;17.85,1.6;17.85,1.6;17.8,1.6;17.8,1.55;17.8,1.55;17.75,1.55;17.75,1.5;17.75,1.5;17.7,1.5;17.7,1.45;17.7,1.45;17.65,1.45;17.65,1.4;17.65,1.4;17.6,1.4;17.6,1.35;17.6,1.35;17.55,1.35;17.55,1.3;17.55,1.3;17.5,1.3;17.5,1.25;17.5,1.25;17.45,1.25;17.45,1.2;17.45,1.2;17.4,1.2;17.4,1.15;17.4,1.15;17.35,1.15;17.35,1.1;17.35,1.1;17.3,1.1;17.3,1.05;17.3,1.05;17.25,1.05;17.25,1.0;17.25,1.0;17.2,1.0;17.2,0.95;17.2,0.95;17.15,0.95;17.15,0.9;17.15,0.9;17.1,0.9;17.1,0.85;17.1,0.85;17.05,0.85;17.05,0.8;17.05,0.8;17.0,0.8;17.0,0.75;17.0,0.75;16.95,0.75;16.95,0.7;16.95,0.7;16.9,0.7;16.9,0.65;16.9,0.65;16.85,0.65;16.85,0.6;16.85,0.6;16.8,0.6;16.8,0.55;16.8,0.55;16.75,0.55;16.75,0.5;16.75,0.5;16.7,0.5;16.7,0.45;16.7,0.45;16.65,0.45;16.65,0.4;16.65,0.4;16.6,0.4;16.6,0.35;16.6,0.35;16.55,0.35;16.55,0.3;16.55,0.3;16.5,0.3;16.5,0.25;16.5,0.25;16.45,0.25;16.45,0.2;16.45,0.2;16.4,0.2;16.4,0.1;16.4,0.1;16.35,0.1;16.35,0.05;16.35,0.05;16.3,0.05;16.3,0.0;16.3,-0.0;16.25,-0.0;16.25,0.0",TRANSFERIDO
L1,L1_P_RB_c1_r0,L1_P_RB_c1_r0_T060,BEAM,L1_BD_V60_15,L1_BD_V60_15,2127.0,16.125,6.22935,100.448269,"18.75,2.55;18.75,2.7;18.75,2.8;18.75,2.95;18.75,3.05;18.75,3.15;18.75,3.3;18.75,3.4;18.75,3.5;18.75,3.65;18.75,3.75;18.75,3.9;18.75,6.45;18.75,6.45;18.8,6.45;18.8,6.5;18.8,6.5;18.85,6.5;18.85,6.55;18.85,6.55;18.9,6.55;18.9,6.6;18.9,6.6;18.95,6.6;18.95,6.65;18.95,6.65;19.0,6.65;19.0,6.7;19.0,6.7;19.05,6.7;19.05,6.75;19.05,6.75;19.1,6.75;19.1,6.8;19.1,6.8;19.15,6.8;19.15,6.85;19.15,6.85;19.2,6.85;19.2,6.9;19.2,6.9;19.25,6.9;19.25,6.95;19.25,6.95;19.3,6.95;19.3,7.0;19.3,7.0;19.35,7.0;19.35,7.05;19.35,7.05;19.4,7.05;19.4,7.1;19.4,7.1;19.45,7.1;19.45,7.15;19.45,7.15;19.5,7.15;19.5,7.2;19.5,7.2;19.55,7.2;19.55,7.25;19.55,7.25;19.6,7.25;19.6,7.3;19.6,7.3;19.65,7.3;19.65,7.35;19.65,7.35;19.7,7.35;19.7,7.4;19.7,7.4;19.75,7.4;19.75,7.45;19.75,7.45;19.8,7.45;19.8,7.5;19.8,7.5;19.85,7.5;19.85,7.55;19.85,7.55;19.9,7.55;19.9,7.6;19.9,7.6;19.95,7.6;19.95,7.65;19.95,7.65;20.0,7.65;20.0,7.7;20.0,7.7;20.05,7.7;20.05,7.75;20.05,7.75;20.1,7.75;20.1,7.8;20.1,7.8;20.15,7.8;20.15,7.85;20.15,7.85;20.2,7.85;20.2,7.9;20.2,7.9;20.25,7.9;20.25,7.95;20.25,7.95;20.3,7.95;20.3,8.0;20.3,8.0;20.35,8.0;20.35,8.05;20.35,8.05;20.4,8.05;20.4,8.1;20.4,8.1;20.45,8.1;20.45,8.15;20.45,8.15;20.5,8.15;20.5,8.2;20.5,8.2;20.55,8.2;20.55,8.25;20.55,8.25;20.6,8.25;20.6,8.3;20.6,8.3;20.65,8.3;20.65,8.35;20.65,8.35;20.7,8.35;20.7,8.4;20.7,8.4;20.75,8.4;20.75,8.45;20.75,8.45;20.8,8.45;20.8,8.5;20.8,8.5;20.85,8.5;20.85,8.55;20.85,8.55;20.9,8.55;20.9,8.6;20.9,8.6;20.95,8.6;20.95,8.65;20.95,8.65;21.0,8.65;21.0,8.7;21.0,8.7;21.05,8.7;21.05,8.75;21.05,8.75;21.1,8.75;21.1,8.8;21.1,8.8;21.15,8.8;21.15,8.85;21.15,8.85;21.2,8.85;21.2,8.9;21.2,8.9;21.25,8.9;21.25,8.9;21.25,3.9;21.25,3.75;21.25,3.65;21.25,3.5;21.25,3.4;21.25,3.3;21.25,3.15;21.25,3.05;21.25,2.95;21.25,2.8;21.25,2.7;21.25,2.55;21.25,2.45;21.25,2.35;21.25,2.2;21.25,2.1;21.25,1.95;21.25,1.9;21.25,1.85;21.25,1.75;21.25,1.7;21.25,1.65;21.25,1.6;21.25,1.55;21.25,1.5;21.25,1.4;21.25,1.35;21.25,1.3;21.25,1.25;21.25,1.2;21.25,1.1;21.25,1.05;21.25,0.2;21.25,0.1;21.25,0.05;21.25,0.0;21.25,-0.0;21.2,-0.0;21.2,0.0;21.2,0.05;21.15,0.05;21.15,0.05;21.15,0.1;21.1,0.1;21.1,0.1;21.1,0.15;21.05,0.15;21.05,0.15;21.05,0.2;21.0,0.2;21.0,0.2;21.0,0.25;20.95,0.25;20.95,0.25;20.95,0.3;20.9,0.3;20.9,0.3;20.9,0.35;20.85,0.35;20.85,0.35;20.85,0.4;20.8,0.4;20.8,0.4;20.8,0.45;20.75,0.45;20.75,0.45;20.75,0.5;20.7,0.5;20.7,0.5;20.7,0.55;20.65,0.55;20.65,0.55;20.65,0.6;20.6,0.6;20.6,0.6;20.6,0.65;20.55,0.65;20.55,0.65;20.55,0.7;20.5,0.7;20.5,0.7;20.5,0.75;20.45,0.75;20.45,0.75;20.45,0.8;20.4,0.8;20.4,0.8;20.4,0.85;20.35,0.85;20.35,0.85;20.35,0.9;20.3,0.9;20.3,0.9;20.3,0.95;20.25,0.95;20.25,0.95;20.25,1.0;20.2,1.0;20.2,1.0;20.2,1.05;20.15,1.05;20.15,1.05;20.15,1.1;20.1,1.1;20.1,1.1;20.1,1.15;20.05,1.15;20.05,1.15;20.05,1.2;20.0,1.2;20.0,1.2;20.0,1.25;19.95,1.25;19.95,1.25;19.95,1.3;19.9,1.3;19.9,1.3;19.9,1.35;19.85,1.35;19.85,1.35;19.85,1.4;19.8,1.4;19.8,1.4;19.8,1.45;19.75,1.45;19.75,1.45;19.75,1.5;19.7,1.5;19.7,1.5;19.7,1.55;19.65,1.55;19.65,1.55;19.65,1.6;19.6,1.6;19.6,1.6;19.6,1.65;19.55,1.65;19.55,1.65;19.55,1.7;19.5,1.7;19.5,1.7;19.5,1.75;19.45,1.75;19.45,1.75;19.45,1.8;19.4,1.8;19.4,1.8;19.4,1.85;19.35,1.85;19.35,1.85;19.35,1.9;19.3,1.9;19.3,1.9;19.3,1.95;19.25,1.95;19.25,1.95;19.25,2.0;19.2,2.0;19.2,2.0;19.2,2.05;19.15,2.05;19.15,2.05;19.15,2.1;19.1,2.1;19.1,2.1;19.1,2.15;19.05,2.15;19.05,2.15;19.05,2.2;19.0,2.2;19.0,2.2;19.0,2.25;18.95,2.25;18.95,2.25;18.95,2.3;18.9,2.3;18.9,2.3;18.9,2.35;18.85,2.35;18.85,2.35;18.85,2.4;18.8,2.4;18.8,2.4;18.8,2.45;18.75,2.45;18.75,2.45",TRANSFERIDO
L1,L1_P_RB_c1_r1,L1_P_RB_c1_r1_T061,BEAM,L1_BD_V60_06,L1_BD_V60_06,2118.0,6.125,6.22935,38.154769,"16.35,8.95;16.35,9.0;16.35,9.0;16.4,9.0;16.4,9.05;16.4,9.05;16.45,9.05;16.45,9.1;16.45,9.1;16.5,9.1;16.5,9.15;16.5,9.15;16.55,9.15;16.55,9.2;16.55,9.2;16.6,9.2;16.6,9.25;16.6,9.25;16.65,9.25;16.65,9.3;16.65,9.3;16.7,9.3;16.7,9.35;16.7,9.35;16.75,9.35;16.75,9.4;16.75,9.4;16.8,9.4;16.8,9.45;16.8,9.45;16.85,9.45;16.85,9.5;16.85,9.5;16.9,9.5;16.9,9.55;16.9,9.55;16.95,9.55;16.95,9.6;16.95,9.6;17.0,9.6;17.0,9.65;17.0,9.65;17.05,9.65;17.05,9.7;17.05,9.7;17.1,9.7;17.1,9.75;17.1,9.75;17.15,9.75;17.15,9.8;17.15,9.8;17.2,9.8;17.2,9.85;17.2,9.85;17.25,9.85;17.25,9.9;17.25,9.9;17.3,9.9;17.3,9.95;17.3,9.95;17.35,9.95;17.35,10.0;17.35,10.0;17.4,10.0;17.4,10.05;17.4,10.05;17.45,10.05;17.45,10.1;17.45,10.1;17.5,10.1;17.5,10.15;17.5,10.15;17.55,10.15;17.55,10.2;17.55,10.2;17.6,10.2;17.6,10.25;17.6,10.25;17.65,10.25;17.65,10.3;17.65,10.3;17.7,10.3;17.7,10.35;17.7,10.35;17.75,10.35;17.75,10.4;17.75,10.4;17.8,10.4;17.8,10.45;17.8,10.45;17.85,10.45;17.85,10.5;17.85,10.5;17.9,10.5;17.9,10.55;17.9,10.55;17.95,10.55;17.95,10.6;17.95,10.6;18.0,10.6;18.0,10.65;18.0,10.65;18.05,10.65;18.05,10.7;18.05,10.7;18.1,10.7;18.1,10.75;18.1,10.75;18.15,10.75;18.15,10.8;18.15,10.8;18.2,10.8;18.2,10.85;18.2,10.85;18.25,10.85;18.25,10.9;18.25,10.9;18.3,10.9;18.3,10.95;18.3,10.95;18.35,10.95;18.35,11.0;18.35,11.0;18.4,11.0;18.4,11.05;18.4,11.05;18.45,11.05;18.45,11.1;18.45,11.1;18.5,11.1;18.5,11.15;18.5,11.15;18.55,11.15;18.55,11.2;18.55,11.2;18.6,11.2;18.6,11.25;18.6,11.25;18.65,11.25;18.65,11.3;18.65,11.3;18.7,11.3;18.7,11.35;18.7,11.35;18.75,11.35;18.8,11.35;18.8,11.35;18.8,11.3;18.85,11.3;18.85,11.3;18.85,11.25;18.9,11.25;18.9,11.25;18.9,11.2;18.95,11.2;18.95,11.2;18.95,11.15;19.0,11.15;19.0,11.15;19.0,11.1;19.05,11.1;19.05,11.1;19.05,11.05;19.1,11.05;19.1,11.05;19.1,11.0;19.15,11.0;19.15,11.0;19.15,10.95;19.2,10.95;19.2,10.95;19.2,10.9;19.25,10.9;19.25,10.9;19.25,10.85;19.3,10.85;19.3,10.85;19.3,10.8;19.35,10.8;19.35,10.8;19.35,10.75;19.4,10.75;19.4,10.75;19.4,10.7;19.45,10.7;19.45,10.7;19.45,10.65;19.5,10.65;19.5,10.65;19.5,10.6;19.55,10.6;19.55,10.6;19.55,10.55;19.6,10.55;19.6,10.55;19.6,10.5;19.65,10.5;19.65,10.5;19.65,10.45;19.7,10.45;19.7,10.45;19.7,10.4;19.75,10.4;19.75,10.4;19.75,10.35;19.8,10.35;19.8,10.35;19.8,10.3;19.85,10.3;19.85,10.3;19.85,10.25;19.9,10.25;19.9,10.25;19.9,10.2;19.95,10.2;19.95,10.2;19.95,10.15;20.0,10.15;20.0,10.15;20.0,10.1;20.05,10.1;20.05,10.1;20.05,10.05;20.1,10.05;20.1,10.05;20.1,10.0;20.15,10.0;20.15,10.0;20.15,9.95;20.2,9.95;20.2,9.95;20.2,9.9;20.25,9.9;20.25,9.9;20.25,9.85;20.3,9.85;20.3,9.85;20.3,9.8;20.35,9.8;20.35,9.8;20.35,9.75;20.4,9.75;20.4,9.75;20.4,9.7;20.45,9.7;20.45,9.7;20.45,9.65;20.5,9.65;20.5,9.65;20.5,9.6;20.55,9.6;20.55,9.6;20.55,9.55;20.6,9.55;20.6,9.55;20.6,9.5;20.65,9.5;20.65,9.5;20.65,9.45;20.7,9.45;20.7,9.45;20.7,9.4;20.75,9.4;20.75,9.4;20.75,9.35;20.8,9.35;20.8,9.35;20.8,9.3;20.85,9.3;20.85,9.3;20.85,9.25;20.9,9.25;20.9,9.25;20.9,9.2;20.95,9.2;20.95,9.2;20.95,9.15;21.0,9.15;21.0,9.15;21.0,9.1;21.05,9.1;21.05,9.1;21.05,9.05;21.1,9.05;21.1,9.05;21.1,9.0;21.15,9.0;21.15,9.0;21.15,8.95;21.2,8.95;21.2,8.95;21.2,8.9;21.2,8.9;21.15,8.9;21.1,8.9;21.05,8.9;21.0,8.9;20.95,8.9;20.9,8.9;20.85,8.9;20.8,8.9;20.75,8.9;20.7,8.9;20.65,8.9;20.6,8.9;20.55,8.9;20.5,8.9;20.45,8.9;20.4,8.9;20.35,8.9;20.3,8.9;20.25,8.9;20.2,8.9;20.15,8.9;20.1,8.9;20.05,8.9;20.0,8.9;19.95,8.9;19.9,8.9;19.85,8.9;19.8,8.9;19.75,8.9;19.7,8.9;19.65,8.9;19.6,8.9;19.55,8.9;19.5,8.9;19.45,8.9;19.4,8.9;19.35,8.9;19.3,8.9;19.25,8.9;19.2,8.9;19.15,8.9;19.1,8.9;19.05,8.9;19.0,8.9;18.95,8.9;18.9,8.9;18.85,8.9;18.8,8.9;18.75,8.9;18.7,8.9;18.65,8.9;18.6,8.9;18.55,8.9;18.5,8.9;18.45,8.9;18.4,8.9;18.35,8.9;18.3,8.9;18.25,8.9;18.2,8.9;18.15,8.9;18.1,8.9;18.05,8.9;18.0,8.9;17.95,8.9;17.9,8.9;17.85,8.9;17.8,8.9;17.75,8.9;17.7,8.9;17.65,8.9;17.6,8.9;17.55,8.9;17.5,8.9;17.45,8.9;17.4,8.9;17.35,8.9;17.3,8.9;17.25,8.9;17.2,8.9;17.15,8.9;17.1,8.9;17.05,8.9;17.0,8.9;16.95,8.9;16.9,8.9;16.85,8.9;16.8,8.9;16.75,8.9;16.7,8.9;16.65,8.9;16.6,8.9;16.55,8.9;16.5,8.9;16.45,8.9;16.4,8.9;16.35,8.9;16.3,8.9;16.3,8.9;16.3,8.95;16.3,8.95",TRANSFERIDO
L1,L1_P_RB_c1_r1,L1_P_RB_c1_r1_T062,BEAM,L1_BD_V60_10,L1_BD_V60_10,2122.0,6.375,6.22935,39.712106,"16.3,16.1;16.25,16.1;16.25,16.1;16.25,16.15;16.25,16.15;16.3,16.15;16.35,16.15;16.4,16.15;16.45,16.15;16.5,16.15;16.55,16.15;16.6,16.15;16.65,16.15;16.7,16.15;16.75,16.15;16.8,16.15;16.85,16.15;16.9,16.15;16.95,16.15;17.0,16.15;17.05,16.15;17.1,16.15;17.15,16.15;17.2,16.15;17.25,16.15;17.3,16.15;17.35,16.15;17.4,16.15;17.45,16.15;17.5,16.15;17.55,16.15;17.6,16.15;17.65,16.15;17.7,16.15;17.75,16.15;17.8,16.15;17.85,16.15;17.9,16.15;17.95,16.15;18.0,16.15;18.05,16.15;18.1,16.15;18.15,16.15;18.2,16.15;18.25,16.15;18.3,16.15;18.35,16.15;18.4,16.15;18.45,16.15;18.5,16.15;18.55,16.15;18.6,16.15;18.65,16.15;18.7,16.15;18.75,16.15;18.8,16.15;18.85,16.15;18.9,16.15;18.95,16.15;19.0,16.15;19.05,16.15;19.1,16.15;19.15,16.15;19.2,16.15;19.25,16.15;19.3,16.15;19.35,16.15;19.4,16.15;19.45,16.15;19.5,16.15;19.55,16.15;19.6,16.15;19.65,16.15;19.7,16.15;19.75,16.15;19.8,16.15;19.85,16.15;19.9,16.15;19.95,16.15;20.0,16.15;20.05,16.15;20.1,16.15;20.15,16.15;20.2,16.15;20.25,16.15;20.3,16.15;20.35,16.15;20.4,16.15;20.45,16.15;20.5,16.15;20.55,16.15;20.6,16.15;20.65,16.15;20.7,16.15;20.75,16.15;20.8,16.15;20.85,16.15;20.9,16.15;20.95,16.15;21.0,16.15;21.05,16.15;21.1,16.15;21.15,16.15;21.2,16.15;21.25,16.15;21.25,16.15;21.25,16.1;21.25,16.1;21.2,16.1;21.2,16.05;21.2,16.05;21.15,16.05;21.15,16.0;21.15,16.0;21.1,16.0;21.1,15.95;21.1,15.95;21.05,15.95;21.05,15.9;21.05,15.9;21.0,15.9;21.0,15.85;21.0,15.85;20.95,15.85;20.95,15.8;20.95,15.8;20.9,15.8;20.9,15.75;20.9,15.75;20.85,15.75;20.85,15.7;20.85,15.7;20.8,15.7;20.8,15.65;20.8,15.65;20.75,15.65;20.75,15.6;20.75,15.6;20.7,15.6;20.7,15.55;20.7,15.55;20.65,15.55;20.65,15.5;20.65,15.5;20.6,15.5;20.6,15.45;20.6,15.45;20.55,15.45;20.55,15.4;20.55,15.4;20.5,15.4;20.5,15.35;20.5,15.35;20.45,15.35;20.45,15.3;20.45,15.3;20.4,15.3;20.4,15.25;20.4,15.25;20.35,15.25;20.35,15.2;20.35,15.2;20.3,15.2;20.3,15.15;20.3,15.15;20.25,15.15;20.25,15.1;20.25,15.1;20.2,15.1;20.2,15.05;20.2,15.05;20.15,15.05;20.15,15.0;20.15,15.0;20.1,15.0;20.1,14.95;20.1,14.95;20.05,14.95;20.05,14.9;20.05,14.9;20.0,14.9;20.0,14.85;20.0,14.85;19.95,14.85;19.95,14.8;19.95,14.8;19.9,14.8;19.9,14.75;19.9,14.75;19.85,14.75;19.85,14.7;19.85,14.7;19.8,14.7;19.8,14.65;19.8,14.65;19.75,14.65;19.75,14.6;19.75,14.6;19.7,14.6;19.7,14.55;19.7,14.55;19.65,14.55;19.65,14.5;19.65,14.5;19.6,14.5;19.6,14.45;19.6,14.45;19.55,14.45;19.55,14.4;19.55,14.4;19.5,14.4;19.5,14.35;19.5,14.35;19.45,14.35;19.45,14.3;19.45,14.3;19.4,14.3;19.4,14.25;19.4,14.25;19.35,14.25;19.35,14.2;19.35,14.2;19.3,14.2;19.3,14.15;19.3,14.15;19.25,14.15;19.25,14.1;19.25,14.1;19.2,14.1;19.2,14.05;19.2,14.05;19.15,14.05;19.15,14.0;19.15,14.0;19.1,14.0;19.1,13.95;19.1,13.95;19.05,13.95;19.05,13.9;19.05,13.9;19.0,13.9;19.0,13.85;19.0,13.85;18.95,13.85;18.95,13.8;18.95,13.8;18.9,13.8;18.9,13.75;18.9,13.75;18.85,13.75;18.85,13.7;18.85,13.7;18.8,13.7;18.8,13.65;18.8,13.65;18.75,13.65;18.7,13.65;18.7,13.65;18.7,13.7;18.65,13.7;18.65,13.7;18.65,13.75;18.6,13.75;18.6,13.75;18.6,13.8;18.55,13.8;18.55,13.8;18.55,13.85;18.5,13.85;18.5,13.85;18.5,13.9;18.45,13.9;18.45,13.9;18.45,13.95;18.4,13.95;18.4,13.95;18.4,14.0;18.35,14.0;18.35,14.0;18.35,14.05;18.3,14.05;18.3,14.05;18.3,14.1;18.25,14.1;18.25,14.1;18.25,14.15;18.2,14.15;18.2,14.15;18.2,14.2;18.15,14.2;18.15,14.2;18.15,14.25;18.1,14.25;18.1,14.25;18.1,14.3;18.05,14.3;18.05,14.3;18.05,14.35;18.0,14.35;18.0,14.35;18.0,14.4;17.95,14.4;17.95,14.4;17.95,14.45;17.9,14.45;17.9,14.45;17.9,14.5;17.85,14.5;17.85,14.5;17.85,14.55;17.8,14.55;17.8,14.55;17.8,14.6;17.75,14.6;17.75,14.6;17.75,14.65;17.7,14.65;17.7,14.65;17.7,14.7;17.65,14.7;17.65,14.7;17.65,14.75;17.6,14.75;17.6,14.75;17.6,14.8;17.55,14.8;17.55,14.8;17.55,14.85;17.5,14.85;17.5,14.85;17.5,14.9;17.45,14.9;17.45,14.9;17.45,14.95;17.4,14.95;17.4,14.95;17.4,15.0;17.35,15.0;17.35,15.0;17.35,15.05;17.3,15.05;17.3,15.05;17.3,15.1;17.25,15.1;17.25,15.1;17.25,15.15;17.2,15.15;17.2,15.15;17.2,15.2;17.15,15.2;17.15,15.2;17.15,15.25;17.1,15.25;17.1,15.25;17.1,15.3;17.05,15.3;17.05,15.3;17.05,15.35;17.0,15.35;17.0,15.35;17.0,15.4;16.95,15.4;16.95,15.4;16.95,15.45;16.9,15.45;16.9,15.45;16.9,15.5;16.85,15.5;16.85,15.5;16.85,15.55;16.8,15.55;16.8,15.55;16.8,15.6;16.75,15.6;16.75,15.6;16.75,15.65;16.7,15.65;16.7,15.65;16.7,15.7;16.65,15.7;16.65,15.7;16.65,15.75;16.6,15.75;16.6,15.75;16.6,15.8;16.55,15.8;16.55,15.8;16.55,15.85;16.5,15.85;16.5,15.85;16.5,15.9;16.45,15.9;16.45,15.9;16.45,15.95;16.4,15.95;16.4,15.95;16.4,16.0;16.35,16.0;16.35,16.0;16.35,16.05;16.3,16.05;16.3,16.05",TRANSFERIDO
L1,L1_P_RB_c1_r1,L1_P_RB_c1_r1_T063,BEAM,L1_BD_V60_14,L1_BD_V60_14,2126.0,11.875,6.22935,73.973531,"16.25,16.0;16.25,16.05;16.25,16.1;16.25,16.1;16.3,16.1;16.3,16.1;16.3,16.05;16.35,16.05;16.35,16.05;16.35,16.0;16.4,16.0;16.4,16.0;16.4,15.95;16.45,15.95;16.45,15.95;16.45,15.9;16.5,15.9;16.5,15.9;16.5,15.85;16.55,15.85;16.55,15.85;16.55,15.8;16.6,15.8;16.6,15.8;16.6,15.75;16.65,15.75;16.65,15.75;16.65,15.7;16.7,15.7;16.7,15.7;16.7,15.65;16.75,15.65;16.75,15.65;16.75,15.6;16.8,15.6;16.8,15.6;16.8,15.55;16.85,15.55;16.85,15.55;16.85,15.5;16.9,15.5;16.9,15.5;16.9,15.45;16.95,15.45;16.95,15.45;16.95,15.4;17.0,15.4;17.0,15.4;17.0,15.35;17.05,15.35;17.05,15.35;17.05,15.3;17.1,15.3;17.1,15.3;17.1,15.25;17.15,15.25;17.15,15.25;17.15,15.2;17.2,15.2;17.2,15.2;17.2,15.15;17.25,15.15;17.25,15.15;17.25,15.1;17.3,15.1;17.3,15.1;17.3,15.05;17.35,15.05;17.35,15.05;17.35,15.0;17.4,15.0;17.4,15.0;17.4,14.95;17.45,14.95;17.45,14.95;17.45,14.9;17.5,14.9;17.5,14.9;17.5,14.85;17.55,14.85;17.55,14.85;17.55,14.8;17.6,14.8;17.6,14.8;17.6,14.75;17.65,14.75;17.65,14.75;17.65,14.7;17.7,14.7;17.7,14.7;17.7,14.65;17.75,14.65;17.75,14.65;17.75,14.6;17.8,14.6;17.8,14.6;17.8,14.55;17.85,14.55;17.85,14.55;17.85,14.5;17.9,14.5;17.9,14.5;17.9,14.45;17.95,14.45;17.95,14.45;17.95,14.4;18.0,14.4;18.0,14.4;18.0,14.35;18.05,14.35;18.05,14.35;18.05,14.3;18.1,14.3;18.1,14.3;18.1,14.25;18.15,14.25;18.15,14.25;18.15,14.2;18.2,14.2;18.2,14.2;18.2,14.15;18.25,14.15;18.25,14.15;18.25,14.1;18.3,14.1;18.3,14.1;18.3,14.05;18.35,14.05;18.35,14.05;18.35,14.0;18.4,14.0;18.4,14.0;18.4,13.95;18.45,13.95;18.45,13.95;18.45,13.9;18.5,13.9;18.5,13.9;18.5,13.85;18.55,13.85;18.55,13.85;18.55,13.8;18.6,13.8;18.6,13.8;18.6,13.75;18.65,13.75;18.65,13.75;18.65,13.7;18.7,13.7;18.7,13.7;18.7,13.65;18.75,13.65;18.75,13.65;18.75,11.35;18.75,11.35;18.7,11.35;18.7,11.3;18.7,11.3;18.65,11.3;18.65,11.25;18.65,11.25;18.6,11.25;18.6,11.2;18.6,11.2;18.55,11.2;18.55,11.15;18.55,11.15;18.5,11.15;18.5,11.1;18.5,11.1;18.45,11.1;18.45,11.05;18.45,11.05;18.4,11.05;18.4,11.0;18.4,11.0;18.35,11.0;18.35,10.95;18.35,10.95;18.3,10.95;18.3,10.9;18.3,10.9;18.25,10.9;18.25,10.85;18.25,10.85;18.2,10.85;18.2,10.8;18.2,10.8;18.15,10.8;18.15,10.75;18.15,10.75;18.1,10.75;18.1,10.7;18.1,10.7;18.05,10.7;18.05,10.65;18.05,10.65;18.0,10.65;18.0,10.6;18.0,10.6;17.95,10.6;17.95,10.55;17.95,10.55;17.9,10.55;17.9,10.5;17.9,10.5;17.85,10.5;17.85,10.45;17.85,10.45;17.8,10.45;17.8,10.4;17.8,10.4;17.75,10.4;17.75,10.35;17.75,10.35;17.7,10.35;17.7,10.3;17.7,10.3;17.65,10.3;17.65,10.25;17.65,10.25;17.6,10.25;17.6,10.2;17.6,10.2;17.55,10.2;17.55,10.15;17.55,10.15;17.5,10.15;17.5,10.1;17.5,10.1;17.45,10.1;17.45,10.05;17.45,10.05;17.4,10.05;17.4,10.0;17.4,10.0;17.35,10.0;17.35,9.95;17.35,9.95;17.3,9.95;17.3,9.9;17.3,9.9;17.25,9.9;17.25,9.85;17.25,9.85;17.2,9.85;17.2,9.8;17.2,9.8;17.15,9.8;17.15,9.75;17.15,9.75;17.1,9.75;17.1,9.7;17.1,9.7;17.05,9.7;17.05,9.65;17.05,9.65;17.0,9.65;17.0,9.6;17.0,9.6;16.95,9.6;16.95,9.55;16.95,9.55;16.9,9.55;16.9,9.5;16.9,9.5;16.85,9.5;16.85,9.45;16.85,9.45;16.8,9.45;16.8,9.4;16.8,9.4;16.75,9.4;16.75,9.35;16.75,9.35;16.7,9.35;16.7,9.3;16.7,9.3;16.65,9.3;16.65,9.25;16.65,9.25;16.6,9.25;16.6,9.2;16.6,9.2;16.55,9.2;16.55,9.15;16.55,9.15;16.5,9.15;16.5,9.1;16.5,9.1;16.45,9.1;16.45,9.05;16.45,9.05;16.4,9.05;16.4,9.0;16.4,9.0;16.35,9.0;16.35,8.95;16.35,8.95;16.3,8.95;16.3,8.9;16.3,8.9;16.25,8.9;16.25,8.9",TRANSFERIDO
L1,L1_P_RB_c1_r1,L1_P_RB_c1_r1_T064,BEAM,L1_BD_V60_16,L1_BD_V60_16,2128.0,11.875,6.22935,73.973531,"18.75,13.65;18.75,13.65;18.8,13.65;18.8,13.7;18.8,13.7;18.85,13.7;18.85,13.75;18.85,13.75;18.9,13.75;18.9,13.8;18.9,13.8;18.95,13.8;18.95,13.85;18.95,13.85;19.0,13.85;19.0,13.9;19.0,13.9;19.05,13.9;19.05,13.95;19.05,13.95;19.1,13.95;19.1,14.0;19.1,14.0;19.15,14.0;19.15,14.05;19.15,14.05;19.2,14.05;19.2,14.1;19.2,14.1;19.25,14.1;19.25,14.15;19.25,14.15;19.3,14.15;19.3,14.2;19.3,14.2;19.35,14.2;19.35,14.25;19.35,14.25;19.4,14.25;19.4,14.3;19.4,14.3;19.45,14.3;19.45,14.35;19.45,14.35;19.5,14.35;19.5,14.4;19.5,14.4;19.55,14.4;19.55,14.45;19.55,14.45;19.6,14.45;19.6,14.5;19.6,14.5;19.65,14.5;19.65,14.55;19.65,14.55;19.7,14.55;19.7,14.6;19.7,14.6;19.75,14.6;19.75,14.65;19.75,14.65;19.8,14.65;19.8,14.7;19.8,14.7;19.85,14.7;19.85,14.75;19.85,14.75;19.9,14.75;19.9,14.8;19.9,14.8;19.95,14.8;19.95,14.85;19.95,14.85;20.0,14.85;20.0,14.9;20.0,14.9;20.05,14.9;20.05,14.95;20.05,14.95;20.1,14.95;20.1,15.0;20.1,15.0;20.15,15.0;20.15,15.05;20.15,15.05;20.2,15.05;20.2,15.1;20.2,15.1;20.25,15.1;20.25,15.15;20.25,15.15;20.3,15.15;20.3,15.2;20.3,15.2;20.35,15.2;20.35,15.25;20.35,15.25;20.4,15.25;20.4,15.3;20.4,15.3;20.45,15.3;20.45,15.35;20.45,15.35;20.5,15.35;20.5,15.4;20.5,15.4;20.55,15.4;20.55,15.45;20.55,15.45;20.6,15.45;20.6,15.5;20.6,15.5;20.65,15.5;20.65,15.55;20.65,15.55;20.7,15.55;20.7,15.6;20.7,15.6;20.75,15.6;20.75,15.65;20.75,15.65;20.8,15.65;20.8,15.7;20.8,15.7;20.85,15.7;20.85,15.75;20.85,15.75;20.9,15.75;20.9,15.8;20.9,15.8;20.95,15.8;20.95,15.85;20.95,15.85;21.0,15.85;21.0,15.9;21.0,15.9;21.05,15.9;21.05,15.95;21.05,15.95;21.1,15.95;21.1,16.0;21.1,16.0;21.15,16.0;21.15,16.05;21.15,16.05;21.2,16.05;21.2,16.1;21.2,16.1;21.25,16.1;21.25,16.1;21.25,16.05;21.25,16.0;21.25,8.9;21.25,8.9;21.2,8.9;21.2,8.9;21.2,8.95;21.15,8.95;21.15,8.95;21.15,9.0;21.1,9.0;21.1,9.0;21.1,9.05;21.05,9.05;21.05,9.05;21.05,9.1;21.0,9.1;21.0,9.1;21.0,9.15;20.95,9.15;20.95,9.15;20.95,9.2;20.9,9.2;20.9,9.2;20.9,9.25;20.85,9.25;20.85,9.25;20.85,9.3;20.8,9.3;20.8,9.3;20.8,9.35;20.75,9.35;20.75,9.35;20.75,9.4;20.7,9.4;20.7,9.4;20.7,9.45;20.65,9.45;20.65,9.45;20.65,9.5;20.6,9.5;20.6,9.5;20.6,9.55;20.55,9.55;20.55,9.55;20.55,9.6;20.5,9.6;20.5,9.6;20.5,9.65;20.45,9.65;20.45,9.65;20.45,9.7;20.4,9.7;20.4,9.7;20.4,9.75;20.35,9.75;20.35,9.75;20.35,9.8;20.3,9.8;20.3,9.8;20.3,9.85;20.25,9.85;20.25,9.85;20.25,9.9;20.2,9.9;20.2,9.9;20.2,9.95;20.15,9.95;20.15,9.95;20.15,10.0;20.1,10.0;20.1,10.0;20.1,10.05;20.05,10.05;20.05,10.05;20.05,10.1;20.0,10.1;20.0,10.1;20.0,10.15;19.95,10.15;19.95,10.15;19.95,10.2;19.9,10.2;19.9,10.2;19.9,10.25;19.85,10.25;19.85,10.25;19.85,10.3;19.8,10.3;19.8,10.3;19.8,10.35;19.75,10.35;19.75,10.35;19.75,10.4;19.7,10.4;19.7,10.4;19.7,10.45;19.65,10.45;19.65,10.45;19.65,10.5;19.6,10.5;19.6,10.5;19.6,10.55;19.55,10.55;19.55,10.55;19.55,10.6;19.5,10.6;19.5,10.6;19.5,10.65;19.45,10.65;19.45,10.65;19.45,10.7;19.4,10.7;19.4,10.7;19.4,10.75;19.35,10.75;19.35,10.75;19.35,10.8;19.3,10.8;19.3,10.8;19.3,10.85;19.25,10.85;19.25,10.85;19.25,10.9;19.2,10.9;19.2,10.9;19.2,10.95;19.15,10.95;19.15,10.95;19.15,11.0;19.1,11.0;19.1,11.0;19.1,11.05;19.05,11.05;19.05,11.05;19.05,11.1;19.0,11.1;19.0,11.1;19.0,11.15;18.95,11.15;18.95,11.15;18.95,11.2;18.9,11.2;18.9,11.2;18.9,11.25;18.85,11.25;18.85,11.25;18.85,11.3;18.8,11.3;18.8,11.3;18.8,11.35;18.75,11.35;18.75,11.35",TRANSFERIDO
L1,L1_P_RB_c2_r0,L1_P_RB_c2_r0_T065,BEAM,L1_BD_V60_03,L1_BD_V60_03,2115.0,6.2425,6.22935,38.886717,"21.35,-0.0;21.3,-0.0;21.3,0.0;21.3,0.05;21.3,0.05;21.35,0.05;21.35,0.1;21.35,0.1;21.4,0.1;21.4,0.2;21.4,0.2;21.45,0.2;21.45,0.25;21.45,0.25;21.5,0.25;21.5,0.3;21.5,0.3;21.55,0.3;21.55,0.35;21.55,0.35;21.6,0.35;21.6,0.4;21.6,0.4;21.65,0.4;21.65,0.45;21.65,0.45;21.7,0.45;21.7,0.5;21.7,0.5;21.75,0.5;21.75,0.55;21.75,0.55;21.8,0.55;21.8,0.6;21.8,0.6;21.85,0.6;21.85,0.65;21.85,0.65;21.9,0.65;21.9,0.7;21.9,0.7;21.95,0.7;21.95,0.75;21.95,0.75;22.0,0.75;22.0,0.8;22.0,0.8;22.05,0.8;22.05,0.85;22.05,0.85;22.1,0.85;22.1,0.9;22.1,0.9;22.15,0.9;22.15,0.95;22.15,0.95;22.2,0.95;22.2,1.0;22.2,1.0;22.25,1.0;22.25,1.05;22.25,1.05;22.3,1.05;22.3,1.1;22.3,1.1;22.35,1.1;22.35,1.15;22.35,1.15;22.4,1.15;22.4,1.2;22.4,1.2;22.45,1.2;22.45,1.25;22.45,1.25;22.5,1.25;22.5,1.3;22.5,1.3;22.55,1.3;22.55,1.35;22.55,1.35;22.6,1.35;22.6,1.4;22.6,1.4;22.65,1.4;22.65,1.45;22.65,1.45;22.7,1.45;22.7,1.5;22.7,1.5;22.75,1.5;22.75,1.55;22.75,1.55;22.8,1.55;22.8,1.6;22.8,1.6;22.85,1.6;22.85,1.65;22.85,1.65;22.9,1.65;22.9,1.7;22.9,1.7;22.95,1.7;22.95,1.75;22.95,1.75;23.0,1.75;23.0,1.8;23.0,1.8;23.05,1.8;23.05,1.85;23.05,1.85;23.1,1.85;23.1,1.9;23.1,1.9;23.15,1.9;23.15,1.95;23.15,1.95;23.2,1.95;23.2,2.0;23.2,2.0;23.25,2.0;23.25,2.05;23.25,2.05;23.3,2.05;23.3,2.1;23.3,2.1;23.35,2.1;23.35,2.15;23.35,2.15;23.4,2.15;23.4,2.2;23.4,2.2;23.45,2.2;23.45,2.25;23.45,2.25;23.5,2.25;23.5,2.3;23.5,2.3;23.55,2.3;23.55,2.35;23.55,2.35;23.6,2.35;23.6,2.4;23.6,2.4;23.65,2.4;23.65,2.45;23.65,2.45;23.7,2.45;23.7,2.5;23.7,2.5;23.75,2.5;23.75,2.5;23.75,2.45;23.8,2.45;23.8,2.45;23.8,2.4;23.85,2.4;23.85,2.4;23.85,2.35;23.9,2.35;23.9,2.35;23.9,2.3;23.95,2.3;23.95,2.3;23.95,2.25;24.0,2.25;24.0,2.25;24.0,2.2;24.05,2.2;24.05,2.2;24.05,2.15;24.1,2.15;24.1,2.15;24.1,2.1;24.15,2.1;24.15,2.1;24.15,2.05;24.2,2.05;24.2,2.05;24.2,2.0;24.25,2.0;24.25,2.0;24.25,1.95;24.3,1.95;24.3,1.95;24.3,1.9;24.35,1.9;24.35,1.9;24.35,1.85;24.4,1.85;24.4,1.85;24.4,1.8;24.45,1.8;24.45,1.8;24.45,1.75;24.5,1.75;24.5,1.75;24.5,1.7;24.55,1.7;24.55,1.7;24.55,1.65;24.6,1.65;24.6,1.65;24.6,1.6;24.65,1.6;24.65,1.6;24.65,1.55;24.7,1.55;24.7,1.55;24.7,1.5;24.75,1.5;24.75,1.5;24.75,1.45;24.8,1.45;24.8,1.45;24.8,1.4;24.85,1.4;24.85,1.4;24.85,1.35;24.9,1.35;24.9,1.35;24.9,1.3;24.95,1.3;24.95,1.3;24.95,1.25;25.0,1.25;25.0,1.25;25.0,1.2;25.05,1.2;25.05,1.2;25.05,1.15;25.1,1.15;25.1,1.15;25.1,1.1;25.15,1.1;25.15,1.1;25.15,1.05;25.2,1.05;25.2,1.05;25.2,1.0;25.25,1.0;25.25,1.0;25.25,0.95;25.3,0.95;25.3,0.95;25.3,0.9;25.35,0.9;25.35,0.9;25.35,0.85;25.4,0.85;25.4,0.85;25.4,0.8;25.45,0.8;25.45,0.8;25.45,0.75;25.5,0.75;25.5,0.75;25.5,0.7;25.55,0.7;25.55,0.7;25.55,0.65;25.6,0.65;25.6,0.65;25.6,0.6;25.65,0.6;25.65,0.6;25.65,0.55;25.7,0.55;25.7,0.55;25.7,0.5;25.75,0.5;25.75,0.5;25.75,0.45;25.8,0.45;25.8,0.45;25.8,0.4;25.85,0.4;25.85,0.4;25.85,0.35;25.9,0.35;25.9,0.35;25.9,0.3;25.95,0.3;25.95,0.3;25.95,0.25;26.0,0.25;26.0,0.25;26.0,0.2;26.05,0.2;26.05,0.2;26.05,0.15;26.1,0.15;26.1,0.15;26.1,0.1;26.15,0.1;26.15,0.1;26.15,0.05;26.2,0.05;26.2,0.05;26.2,0.0;26.2,-0.0;26.15,-0.0;26.1,-0.0;26.05,-0.0;26.0,-0.0;25.95,-0.0;25.9,-0.0;25.85,-0.0;25.8,-0.0;25.75,-0.0;25.7,-0.0;25.65,-0.0;25.6,-0.0;25.55,-0.0;25.5,-0.0;25.45,-0.0;25.4,-0.0;25.35,-0.0;25.3,-0.0;25.25,-0.0;25.2,-0.0;25.15,-0.0;25.1,-0.0;25.05,-0.0;25.0,-0.0;24.95,-0.0;24.9,-0.0;24.85,-0.0;24.8,-0.0;24.75,-0.0;24.7,-0.0;24.65,-0.0;24.6,-0.0;24.55,-0.0;24.5,-0.0;24.45,-0.0;24.4,-0.0;24.35,-0.0;24.3,-0.0;24.25,-0.0;24.2,-0.0;24.15,-0.0;24.1,-0.0;24.05,-0.0;24.0,-0.0;23.95,-0.0;23.9,-0.0;23.85,-0.0;23.8,-0.0;23.75,-0.0;23.7,-0.0;23.65,-0.0;23.6,-0.0;23.55,-0.0;23.5,-0.0;23.45,-0.0;23.4,-0.0;23.35,-0.0;23.3,-0.0;23.25,-0.0;23.2,-0.0;23.15,-0.0;23.1,-0.0;23.05,-0.0;23.0,-0.0;22.95,-0.0;22.9,-0.0;22.85,-0.0;22.8,-0.0;22.75,-0.0;22.7,-0.0;22.65,-0.0;22.6,-0.0;22.55,-0.0;22.5,-0.0;22.45,-0.0;22.4,-0.0;22.35,-0.0;22.3,-0.0;22.25,-0.0;22.2,-0.0;22.15,-0.0;22.1,-0.0;22.05,-0.0;22.0,-0.0;21.95,-0.0;21.9,-0.0;21.85,-0.0;21.8,-0.0;21.75,-0.0;21.7,-0.0;21.65,-0.0;21.6,-0.0;21.55,-0.0;21.5,-0.0;21.45,-0.0;21.4,-0.0;21.35,-0.0",TRANSFERIDO
L1,L1_P_RB_c2_r0,L1_P_RB_c2_r0_T066,BEAM,L1_BD_V60_07,L1_BD_V60_07,2119.0,6.25,6.22935,38.933438,"21.3,8.85;21.25,8.85;21.25,8.85;21.25,8.9;21.25,8.9;21.3,8.9;21.35,8.9;21.4,8.9;21.45,8.9;21.5,8.9;21.55,8.9;21.6,8.9;21.65,8.9;21.7,8.9;21.75,8.9;21.8,8.9;21.85,8.9;21.9,8.9;21.95,8.9;22.0,8.9;22.05,8.9;22.1,8.9;22.15,8.9;22.2,8.9;22.25,8.9;22.3,8.9;22.35,8.9;22.4,8.9;22.45,8.9;22.5,8.9;22.55,8.9;22.6,8.9;22.65,8.9;22.7,8.9;22.75,8.9;22.8,8.9;22.85,8.9;22.9,8.9;22.95,8.9;23.0,8.9;23.05,8.9;23.1,8.9;23.15,8.9;23.2,8.9;23.25,8.9;23.3,8.9;23.35,8.9;23.4,8.9;23.45,8.9;23.5,8.9;23.55,8.9;23.6,8.9;23.65,8.9;23.7,8.9;23.75,8.9;23.8,8.9;23.85,8.9;23.9,8.9;23.95,8.9;24.0,8.9;24.05,8.9;24.1,8.9;24.15,8.9;24.2,8.9;24.25,8.9;24.3,8.9;24.35,8.9;24.4,8.9;24.45,8.9;24.5,8.9;24.55,8.9;24.6,8.9;24.65,8.9;24.7,8.9;24.75,8.9;24.8,8.9;24.85,8.9;24.9,8.9;24.95,8.9;25.0,8.9;25.05,8.9;25.1,8.9;25.15,8.9;25.2,8.9;25.25,8.9;25.3,8.9;25.35,8.9;25.4,8.9;25.45,8.9;25.5,8.9;25.55,8.9;25.6,8.9;25.65,8.9;25.7,8.9;25.75,8.9;25.8,8.9;25.85,8.9;25.9,8.9;25.95,8.9;26.0,8.9;26.05,8.9;26.1,8.9;26.15,8.9;26.2,8.9;26.2,8.9;26.2,8.85;26.2,8.85;26.15,8.85;26.15,8.8;26.15,8.8;26.1,8.8;26.1,8.75;26.1,8.75;26.05,8.75;26.05,8.7;26.05,8.7;26.0,8.7;26.0,8.65;26.0,8.65;25.95,8.65;25.95,8.6;25.95,8.6;25.9,8.6;25.9,8.55;25.9,8.55;25.85,8.55;25.85,8.5;25.85,8.5;25.8,8.5;25.8,8.45;25.8,8.45;25.75,8.45;25.75,8.4;25.75,8.4;25.7,8.4;25.7,8.35;25.7,8.35;25.65,8.35;25.65,8.3;25.65,8.3;25.6,8.3;25.6,8.25;25.6,8.25;25.55,8.25;25.55,8.2;25.55,8.2;25.5,8.2;25.5,8.15;25.5,8.15;25.45,8.15;25.45,8.1;25.45,8.1;25.4,8.1;25.4,8.05;25.4,8.05;25.35,8.05;25.35,8.0;25.35,8.0;25.3,8.0;25.3,7.95;25.3,7.95;25.25,7.95;25.25,7.9;25.25,7.9;25.2,7.9;25.2,7.85;25.2,7.85;25.15,7.85;25.15,7.8;25.15,7.8;25.1,7.8;25.1,7.75;25.1,7.75;25.05,7.75;25.05,7.7;25.05,7.7;25.0,7.7;25.0,7.65;25.0,7.65;24.95,7.65;24.95,7.6;24.95,7.6;24.9,7.6;24.9,7.55;24.9,7.55;24.85,7.55;24.85,7.5;24.85,7.5;24.8,7.5;24.8,7.45;24.8,7.45;24.75,7.45;24.75,7.4;24.75,7.4;24.7,7.4;24.7,7.35;24.7,7.35;24.65,7.35;24.65,7.3;24.65,7.3;24.6,7.3;24.6,7.25;24.6,7.25;24.55,7.25;24.55,7.2;24.55,7.2;24.5,7.2;24.5,7.15;24.5,7.15;24.45,7.15;24.45,7.1;24.45,7.1;24.4,7.1;24.4,7.05;24.4,7.05;24.35,7.05;24.35,7.0;24.35,7.0;24.3,7.0;24.3,6.95;24.3,6.95;24.25,6.95;24.25,6.9;24.25,6.9;24.2,6.9;24.2,6.85;24.2,6.85;24.15,6.85;24.15,6.8;24.15,6.8;24.1,6.8;24.1,6.75;24.1,6.75;24.05,6.75;24.05,6.7;24.05,6.7;24.0,6.7;24.0,6.65;24.0,6.65;23.95,6.65;23.95,6.6;23.95,6.6;23.9,6.6;23.9,6.55;23.9,6.55;23.85,6.55;23.85,6.5;23.85,6.5;23.8,6.5;23.8,6.45;23.8,6.45;23.75,6.45;23.75,6.4;23.75,6.4;23.7,6.4;23.7,6.4;23.7,6.45;23.65,6.45;23.65,6.45;23.65,6.5;23.6,6.5;23.6,6.5;23.6,6.55;23.55,6.55;23.55,6.55;23.55,6.6;23.5,6.6;23.5,6.6;23.5,6.65;23.45,6.65;23.45,6.65;23.45,6.7;23.4,6.7;23.4,6.7;23.4,6.75;23.35,6.75;23.35,6.75;23.35,6.8;23.3,6.8;23.3,6.8;23.3,6.85;23.25,6.85;23.25,6.85;23.25,6.9;23.2,6.9;23.2,6.9;23.2,6.95;23.15,6.95;23.15,6.95;23.15,7.0;23.1,7.0;23.1,7.0;23.1,7.05;23.05,7.05;23.05,7.05;23.05,7.1;23.0,7.1;23.0,7.1;23.0,7.15;22.95,7.15;22.95,7.15;22.95,7.2;22.9,7.2;22.9,7.2;22.9,7.25;22.85,7.25;22.85,7.25;22.85,7.3;22.8,7.3;22.8,7.3;22.8,7.35;22.75,7.35;22.75,7.35;22.75,7.4;22.7,7.4;22.7,7.4;22.7,7.45;22.65,7.45;22.65,7.45;22.65,7.5;22.6,7.5;22.6,7.5;22.6,7.55;22.55,7.55;22.55,7.55;22.55,7.6;22.5,7.6;22.5,7.6;22.5,7.65;22.45,7.65;22.45,7.65;22.45,7.7;22.4,7.7;22.4,7.7;22.4,7.75;22.35,7.75;22.35,7.75;22.35,7.8;22.3,7.8;22.3,7.8;22.3,7.85;22.25,7.85;22.25,7.85;22.25,7.9;22.2,7.9;22.2,7.9;22.2,7.95;22.15,7.95;22.15,7.95;22.15,8.0;22.1,8.0;22.1,8.0;22.1,8.05;22.05,8.05;22.05,8.05;22.05,8.1;22.0,8.1;22.0,8.1;22.0,8.15;21.95,8.15;21.95,8.15;21.95,8.2;21.9,8.2;21.9,8.2;21.9,8.25;21.85,8.25;21.85,8.25;21.85,8.3;21.8,8.3;21.8,8.3;21.8,8.35;21.75,8.35;21.75,8.35;21.75,8.4;21.7,8.4;21.7,8.4;21.7,8.45;21.65,8.45;21.65,8.45;21.65,8.5;21.6,8.5;21.6,8.5;21.6,8.55;21.55,8.55;21.55,8.55;21.55,8.6;21.5,8.6;21.5,8.6;21.5,8.65;21.45,8.65;21.45,8.65;21.45,8.7;21.4,8.7;21.4,8.7;21.4,8.75;21.35,8.75;21.35,8.75;21.35,8.8;21.3,8.8;21.3,8.8",TRANSFERIDO
L1,L1_P_RB_c2_r0,L1_P_RB_c2_r0_T067,BEAM,L1_BD_V60_15,L1_BD_V60_15,2127.0,15.8825,6.22935,98.937651,"21.25,0.05;21.25,0.1;21.25,0.2;21.25,1.05;21.25,1.1;21.25,1.2;21.25,1.25;21.25,1.3;21.25,1.35;21.25,1.4;21.25,1.5;21.25,1.55;21.25,1.6;21.25,1.65;21.25,1.7;21.25,1.75;21.25,1.85;21.25,1.9;21.25,1.95;21.25,2.1;21.25,2.2;21.25,2.35;21.25,2.45;21.25,2.55;21.25,2.7;21.25,2.8;21.25,2.95;21.25,3.05;21.25,3.15;21.25,3.3;21.25,3.4;21.25,3.5;21.25,3.65;21.25,3.75;21.25,3.9;21.25,8.85;21.25,8.85;21.3,8.85;21.3,8.85;21.3,8.8;21.35,8.8;21.35,8.8;21.35,8.75;21.4,8.75;21.4,8.75;21.4,8.7;21.45,8.7;21.45,8.7;21.45,8.65;21.5,8.65;21.5,8.65;21.5,8.6;21.55,8.6;21.55,8.6;21.55,8.55;21.6,8.55;21.6,8.55;21.6,8.5;21.65,8.5;21.65,8.5;21.65,8.45;21.7,8.45;21.7,8.45;21.7,8.4;21.75,8.4;21.75,8.4;21.75,8.35;21.8,8.35;21.8,8.35;21.8,8.3;21.85,8.3;21.85,8.3;21.85,8.25;21.9,8.25;21.9,8.25;21.9,8.2;21.95,8.2;21.95,8.2;21.95,8.15;22.0,8.15;22.0,8.15;22.0,8.1;22.05,8.1;22.05,8.1;22.05,8.05;22.1,8.05;22.1,8.05;22.1,8.0;22.15,8.0;22.15,8.0;22.15,7.95;22.2,7.95;22.2,7.95;22.2,7.9;22.25,7.9;22.25,7.9;22.25,7.85;22.3,7.85;22.3,7.85;22.3,7.8;22.35,7.8;22.35,7.8;22.35,7.75;22.4,7.75;22.4,7.75;22.4,7.7;22.45,7.7;22.45,7.7;22.45,7.65;22.5,7.65;22.5,7.65;22.5,7.6;22.55,7.6;22.55,7.6;22.55,7.55;22.6,7.55;22.6,7.55;22.6,7.5;22.65,7.5;22.65,7.5;22.65,7.45;22.7,7.45;22.7,7.45;22.7,7.4;22.75,7.4;22.75,7.4;22.75,7.35;22.8,7.35;22.8,7.35;22.8,7.3;22.85,7.3;22.85,7.3;22.85,7.25;22.9,7.25;22.9,7.25;22.9,7.2;22.95,7.2;22.95,7.2;22.95,7.15;23.0,7.15;23.0,7.15;23.0,7.1;23.05,7.1;23.05,7.1;23.05,7.05;23.1,7.05;23.1,7.05;23.1,7.0;23.15,7.0;23.15,7.0;23.15,6.95;23.2,6.95;23.2,6.95;23.2,6.9;23.25,6.9;23.25,6.9;23.25,6.85;23.3,6.85;23.3,6.85;23.3,6.8;23.35,6.8;23.35,6.8;23.35,6.75;23.4,6.75;23.4,6.75;23.4,6.7;23.45,6.7;23.45,6.7;23.45,6.65;23.5,6.65;23.5,6.65;23.5,6.6;23.55,6.6;23.55,6.6;23.55,6.55;23.6,6.55;23.6,6.55;23.6,6.5;23.65,6.5;23.65,6.5;23.65,6.45;23.7,6.45;23.7,6.45;23.7,6.4;23.75,6.4;23.75,6.4;23.75,3.9;23.75,3.75;23.75,3.65;23.75,3.5;23.75,3.4;23.75,3.3;23.75,3.15;23.75,3.05;23.75,2.95;23.75,2.8;23.75,2.7;23.75,2.55;23.75,2.5;23.75,2.5;23.7,2.5;23.7,2.45;23.7,2.45;23.65,2.45;23.65,2.4;23.65,2.4;23.6,2.4;23.6,2.35;23.6,2.35;23.55,2.35;23.55,2.3;23.55,2.3;23.5,2.3;23.5,2.25;23.5,2.25;23.45,2.25;23.45,2.2;23.45,2.2;23.4,2.2;23.4,2.15;23.4,2.15;23.35,2.15;23.35,2.1;23.35,2.1;23.3,2.1;23.3,2.05;23.3,2.05;23.25,2.05;23.25,2.0;23.25,2.0;23.2,2.0;23.2,1.95;23.2,1.95;23.15,1.95;23.15,1.9;23.15,1.9;23.1,1.9;23.1,1.85;23.1,1.85;23.05,1.85;23.05,1.8;23.05,1.8;23.0,1.8;23.0,1.75;23.0,1.75;22.95,1.75;22.95,1.7;22.95,1.7;22.9,1.7;22.9,1.65;22.9,1.65;22.85,1.65;22.85,1.6;22.85,1.6;22.8,1.6;22.8,1.55;22.8,1.55;22.75,1.55;22.75,1.5;22.75,1.5;22.7,1.5;22.7,1.45;22.7,1.45;22.65,1.45;22.65,1.4;22.65,1.4;22.6,1.4;22.6,1.35;22.6,1.35;22.55,1.35;22.55,1.3;22.55,1.3;22.5,1.3;22.5,1.25;22.5,1.25;22.45,1.25;22.45,1.2;22.45,1.2;22.4,1.2;22.4,1.15;22.4,1.15;22.35,1.15;22.35,1.1;22.35,1.1;22.3,1.1;22.3,1.05;22.3,1.05;22.25,1.05;22.25,1.0;22.25,1.0;22.2,1.0;22.2,0.95;22.2,0.95;22.15,0.95;22.15,0.9;22.15,0.9;22.1,0.9;22.1,0.85;22.1,0.85;22.05,0.85;22.05,0.8;22.05,0.8;22.0,0.8;22.0,0.75;22.0,0.75;21.95,0.75;21.95,0.7;21.95,0.7;21.9,0.7;21.9,0.65;21.9,0.65;21.85,0.65;21.85,0.6;21.85,0.6;21.8,0.6;21.8,0.55;21.8,0.55;21.75,0.55;21.75,0.5;21.75,0.5;21.7,0.5;21.7,0.45;21.7,0.45;21.65,0.45;21.65,0.4;21.65,0.4;21.6,0.4;21.6,0.35;21.6,0.35;21.55,0.35;21.55,0.3;21.55,0.3;21.5,0.3;21.5,0.25;21.5,0.25;21.45,0.25;21.45,0.2;21.45,0.2;21.4,0.2;21.4,0.1;21.4,0.1;21.35,0.1;21.35,0.05;21.35,0.05;21.3,0.05;21.3,0.0;21.3,-0.0;21.25,-0.0;21.25,0.0",TRANSFERIDO
L1,L1_P_RB_c2_r0,L1_P_RB_c2_r0_T068,BEAM,L1_BD_V60_17,L1_BD_V60_17,2129.0,16.125,6.22935,100.448269,"23.75,2.55;23.75,2.7;23.75,2.8;23.75,2.95;23.75,3.05;23.75,3.15;23.75,3.3;23.75,3.4;23.75,3.5;23.75,3.65;23.75,3.75;23.75,3.9;23.75,6.45;23.75,6.45;23.8,6.45;23.8,6.5;23.8,6.5;23.85,6.5;23.85,6.55;23.85,6.55;23.9,6.55;23.9,6.6;23.9,6.6;23.95,6.6;23.95,6.65;23.95,6.65;24.0,6.65;24.0,6.7;24.0,6.7;24.05,6.7;24.05,6.75;24.05,6.75;24.1,6.75;24.1,6.8;24.1,6.8;24.15,6.8;24.15,6.85;24.15,6.85;24.2,6.85;24.2,6.9;24.2,6.9;24.25,6.9;24.25,6.95;24.25,6.95;24.3,6.95;24.3,7.0;24.3,7.0;24.35,7.0;24.35,7.05;24.35,7.05;24.4,7.05;24.4,7.1;24.4,7.1;24.45,7.1;24.45,7.15;24.45,7.15;24.5,7.15;24.5,7.2;24.5,7.2;24.55,7.2;24.55,7.25;24.55,7.25;24.6,7.25;24.6,7.3;24.6,7.3;24.65,7.3;24.65,7.35;24.65,7.35;24.7,7.35;24.7,7.4;24.7,7.4;24.75,7.4;24.75,7.45;24.75,7.45;24.8,7.45;24.8,7.5;24.8,7.5;24.85,7.5;24.85,7.55;24.85,7.55;24.9,7.55;24.9,7.6;24.9,7.6;24.95,7.6;24.95,7.65;24.95,7.65;25.0,7.65;25.0,7.7;25.0,7.7;25.05,7.7;25.05,7.75;25.05,7.75;25.1,7.75;25.1,7.8;25.1,7.8;25.15,7.8;25.15,7.85;25.15,7.85;25.2,7.85;25.2,7.9;25.2,7.9;25.25,7.9;25.25,7.95;25.25,7.95;25.3,7.95;25.3,8.0;25.3,8.0;25.35,8.0;25.35,8.05;25.35,8.05;25.4,8.05;25.4,8.1;25.4,8.1;25.45,8.1;25.45,8.15;25.45,8.15;25.5,8.15;25.5,8.2;25.5,8.2;25.55,8.2;25.55,8.25;25.55,8.25;25.6,8.25;25.6,8.3;25.6,8.3;25.65,8.3;25.65,8.35;25.65,8.35;25.7,8.35;25.7,8.4;25.7,8.4;25.75,8.4;25.75,8.45;25.75,8.45;25.8,8.45;25.8,8.5;25.8,8.5;25.85,8.5;25.85,8.55;25.85,8.55;25.9,8.55;25.9,8.6;25.9,8.6;25.95,8.6;25.95,8.65;25.95,8.65;26.0,8.65;26.0,8.7;26.0,8.7;26.05,8.7;26.05,8.75;26.05,8.75;26.1,8.75;26.1,8.8;26.1,8.8;26.15,8.8;26.15,8.85;26.15,8.85;26.2,8.85;26.2,8.9;26.2,8.9;26.25,8.9;26.25,8.9;26.25,3.9;26.25,3.75;26.25,3.65;26.25,3.5;26.25,3.4;26.25,3.3;26.25,3.15;26.25,3.05;26.25,2.95;26.25,2.8;26.25,2.7;26.25,2.55;26.25,2.45;26.25,2.35;26.25,2.2;26.25,2.1;26.25,1.95;26.25,1.9;26.25,1.85;26.25,1.75;26.25,1.7;26.25,1.65;26.25,1.6;26.25,1.55;26.25,1.5;26.25,1.4;26.25,1.35;26.25,1.3;26.25,1.25;26.25,1.2;26.25,1.1;26.25,1.05;26.25,0.2;26.25,0.1;26.25,0.05;26.25,0.0;26.25,-0.0;26.2,-0.0;26.2,0.0;26.2,0.05;26.15,0.05;26.15,0.05;26.15,0.1;26.1,0.1;26.1,0.1;26.1,0.15;26.05,0.15;26.05,0.15;26.05,0.2;26.0,0.2;26.0,0.2;26.0,0.25;25.95,0.25;25.95,0.25;25.95,0.3;25.9,0.3;25.9,0.3;25.9,0.35;25.85,0.35;25.85,0.35;25.85,0.4;25.8,0.4;25.8,0.4;25.8,0.45;25.75,0.45;25.75,0.45;25.75,0.5;25.7,0.5;25.7,0.5;25.7,0.55;25.65,0.55;25.65,0.55;25.65,0.6;25.6,0.6;25.6,0.6;25.6,0.65;25.55,0.65;25.55,0.65;25.55,0.7;25.5,0.7;25.5,0.7;25.5,0.75;25.45,0.75;25.45,0.75;25.45,0.8;25.4,0.8;25.4,0.8;25.4,0.85;25.35,0.85;25.35,0.85;25.35,0.9;25.3,0.9;25.3,0.9;25.3,0.95;25.25,0.95;25.25,0.95;25.25,1.0;25.2,1.0;25.2,1.0;25.2,1.05;25.15,1.05;25.15,1.05;25.15,1.1;25.1,1.1;25.1,1.1;25.1,1.15;25.05,1.15;25.05,1.15;25.05,1.2;25.0,1.2;25.0,1.2;25.0,1.25;24.95,1.25;24.95,1.25;24.95,1.3;24.9,1.3;24.9,1.3;24.9,1.35;24.85,1.35;24.85,1.35;24.85,1.4;24.8,1.4;24.8,1.4;24.8,1.45;24.75,1.45;24.75,1.45;24.75,1.5;24.7,1.5;24.7,1.5;24.7,1.55;24.65,1.55;24.65,1.55;24.65,1.6;24.6,1.6;24.6,1.6;24.6,1.65;24.55,1.65;24.55,1.65;24.55,1.7;24.5,1.7;24.5,1.7;24.5,1.75;24.45,1.75;24.45,1.75;24.45,1.8;24.4,1.8;24.4,1.8;24.4,1.85;24.35,1.85;24.35,1.85;24.35,1.9;24.3,1.9;24.3,1.9;24.3,1.95;24.25,1.95;24.25,1.95;24.25,2.0;24.2,2.0;24.2,2.0;24.2,2.05;24.15,2.05;24.15,2.05;24.15,2.1;24.1,2.1;24.1,2.1;24.1,2.15;24.05,2.15;24.05,2.15;24.05,2.2;24.0,2.2;24.0,2.2;24.0,2.25;23.95,2.25;23.95,2.25;23.95,2.3;23.9,2.3;23.9,2.3;23.9,2.35;23.85,2.35;23.85,2.35;23.85,2.4;23.8,2.4;23.8,2.4;23.8,2.45;23.75,2.45;23.75,2.45",TRANSFERIDO
L1,L1_P_RB_c2_r1,L1_P_RB_c2_r1_T069,BEAM,L1_BD_V60_07,L1_BD_V60_07,2119.0,6.125,6.22935,38.154769,"21.35,8.95;21.35,9.0;21.35,9.0;21.4,9.0;21.4,9.05;21.4,9.05;21.45,9.05;21.45,9.1;21.45,9.1;21.5,9.1;21.5,9.15;21.5,9.15;21.55,9.15;21.55,9.2;21.55,9.2;21.6,9.2;21.6,9.25;21.6,9.25;21.65,9.25;21.65,9.3;21.65,9.3;21.7,9.3;21.7,9.35;21.7,9.35;21.75,9.35;21.75,9.4;21.75,9.4;21.8,9.4;21.8,9.45;21.8,9.45;21.85,9.45;21.85,9.5;21.85,9.5;21.9,9.5;21.9,9.55;21.9,9.55;21.95,9.55;21.95,9.6;21.95,9.6;22.0,9.6;22.0,9.65;22.0,9.65;22.05,9.65;22.05,9.7;22.05,9.7;22.1,9.7;22.1,9.75;22.1,9.75;22.15,9.75;22.15,9.8;22.15,9.8;22.2,9.8;22.2,9.85;22.2,9.85;22.25,9.85;22.25,9.9;22.25,9.9;22.3,9.9;22.3,9.95;22.3,9.95;22.35,9.95;22.35,10.0;22.35,10.0;22.4,10.0;22.4,10.05;22.4,10.05;22.45,10.05;22.45,10.1;22.45,10.1;22.5,10.1;22.5,10.15;22.5,10.15;22.55,10.15;22.55,10.2;22.55,10.2;22.6,10.2;22.6,10.25;22.6,10.25;22.65,10.25;22.65,10.3;22.65,10.3;22.7,10.3;22.7,10.35;22.7,10.35;22.75,10.35;22.75,10.4;22.75,10.4;22.8,10.4;22.8,10.45;22.8,10.45;22.85,10.45;22.85,10.5;22.85,10.5;22.9,10.5;22.9,10.55;22.9,10.55;22.95,10.55;22.95,10.6;22.95,10.6;23.0,10.6;23.0,10.65;23.0,10.65;23.05,10.65;23.05,10.7;23.05,10.7;23.1,10.7;23.1,10.75;23.1,10.75;23.15,10.75;23.15,10.8;23.15,10.8;23.2,10.8;23.2,10.85;23.2,10.85;23.25,10.85;23.25,10.9;23.25,10.9;23.3,10.9;23.3,10.95;23.3,10.95;23.35,10.95;23.35,11.0;23.35,11.0;23.4,11.0;23.4,11.05;23.4,11.05;23.45,11.05;23.45,11.1;23.45,11.1;23.5,11.1;23.5,11.15;23.5,11.15;23.55,11.15;23.55,11.2;23.55,11.2;23.6,11.2;23.6,11.25;23.6,11.25;23.65,11.25;23.65,11.3;23.65,11.3;23.7,11.3;23.7,11.35;23.7,11.35;23.75,11.35;23.8,11.35;23.8,11.35;23.8,11.3;23.85,11.3;23.85,11.3;23.85,11.25;23.9,11.25;23.9,11.25;23.9,11.2;23.95,11.2;23.95,11.2;23.95,11.15;24.0,11.15;24.0,11.15;24.0,11.1;24.05,11.1;24.05,11.1;24.05,11.05;24.1,11.05;24.1,11.05;24.1,11.0;24.15,11.0;24.15,11.0;24.15,10.95;24.2,10.95;24.2,10.95;24.2,10.9;24.25,10.9;24.25,10.9;24.25,10.85;24.3,10.85;24.3,10.85;24.3,10.8;24.35,10.8;24.35,10.8;24.35,10.75;24.4,10.75;24.4,10.75;24.4,10.7;24.45,10.7;24.45,10.7;24.45,10.65;24.5,10.65;24.5,10.65;24.5,10.6;24.55,10.6;24.55,10.6;24.55,10.55;24.6,10.55;24.6,10.55;24.6,10.5;24.65,10.5;24.65,10.5;24.65,10.45;24.7,10.45;24.7,10.45;24.7,10.4;24.75,10.4;24.75,10.4;24.75,10.35;24.8,10.35;24.8,10.35;24.8,10.3;24.85,10.3;24.85,10.3;24.85,10.25;24.9,10.25;24.9,10.25;24.9,10.2;24.95,10.2;24.95,10.2;24.95,10.15;25.0,10.15;25.0,10.15;25.0,10.1;25.05,10.1;25.05,10.1;25.05,10.05;25.1,10.05;25.1,10.05;25.1,10.0;25.15,10.0;25.15,10.0;25.15,9.95;25.2,9.95;25.2,9.95;25.2,9.9;25.25,9.9;25.25,9.9;25.25,9.85;25.3,9.85;25.3,9.85;25.3,9.8;25.35,9.8;25.35,9.8;25.35,9.75;25.4,9.75;25.4,9.75;25.4,9.7;25.45,9.7;25.45,9.7;25.45,9.65;25.5,9.65;25.5,9.65;25.5,9.6;25.55,9.6;25.55,9.6;25.55,9.55;25.6,9.55;25.6,9.55;25.6,9.5;25.65,9.5;25.65,9.5;25.65,9.45;25.7,9.45;25.7,9.45;25.7,9.4;25.75,9.4;25.75,9.4;25.75,9.35;25.8,9.35;25.8,9.35;25.8,9.3;25.85,9.3;25.85,9.3;25.85,9.25;25.9,9.25;25.9,9.25;25.9,9.2;25.95,9.2;25.95,9.2;25.95,9.15;26.0,9.15;26.0,9.15;26.0,9.1;26.05,9.1;26.05,9.1;26.05,9.05;26.1,9.05;26.1,9.05;26.1,9.0;26.15,9.0;26.15,9.0;26.15,8.95;26.2,8.95;26.2,8.95;26.2,8.9;26.2,8.9;26.15,8.9;26.1,8.9;26.05,8.9;26.0,8.9;25.95,8.9;25.9,8.9;25.85,8.9;25.8,8.9;25.75,8.9;25.7,8.9;25.65,8.9;25.6,8.9;25.55,8.9;25.5,8.9;25.45,8.9;25.4,8.9;25.35,8.9;25.3,8.9;25.25,8.9;25.2,8.9;25.15,8.9;25.1,8.9;25.05,8.9;25.0,8.9;24.95,8.9;24.9,8.9;24.85,8.9;24.8,8.9;24.75,8.9;24.7,8.9;24.65,8.9;24.6,8.9;24.55,8.9;24.5,8.9;24.45,8.9;24.4,8.9;24.35,8.9;24.3,8.9;24.25,8.9;24.2,8.9;24.15,8.9;24.1,8.9;24.05,8.9;24.0,8.9;23.95,8.9;23.9,8.9;23.85,8.9;23.8,8.9;23.75,8.9;23.7,8.9;23.65,8.9;23.6,8.9;23.55,8.9;23.5,8.9;23.45,8.9;23.4,8.9;23.35,8.9;23.3,8.9;23.25,8.9;23.2,8.9;23.15,8.9;23.1,8.9;23.05,8.9;23.0,8.9;22.95,8.9;22.9,8.9;22.85,8.9;22.8,8.9;22.75,8.9;22.7,8.9;22.65,8.9;22.6,8.9;22.55,8.9;22.5,8.9;22.45,8.9;22.4,8.9;22.35,8.9;22.3,8.9;22.25,8.9;22.2,8.9;22.15,8.9;22.1,8.9;22.05,8.9;22.0,8.9;21.95,8.9;21.9,8.9;21.85,8.9;21.8,8.9;21.75,8.9;21.7,8.9;21.65,8.9;21.6,8.9;21.55,8.9;21.5,8.9;21.45,8.9;21.4,8.9;21.35,8.9;21.3,8.9;21.3,8.9;21.3,8.95;21.3,8.95",TRANSFERIDO
L1,L1_P_RB_c2_r1,L1_P_RB_c2_r1_T070,BEAM,L1_BD_V60_11,L1_BD_V60_11,2123.0,6.375,6.22935,39.712106,"21.3,16.1;21.25,16.1;21.25,16.1;21.25,16.15;21.25,16.15;21.3,16.15;21.35,16.15;21.4,16.15;21.45,16.15;21.5,16.15;21.55,16.15;21.6,16.15;21.65,16.15;21.7,16.15;21.75,16.15;21.8,16.15;21.85,16.15;21.9,16.15;21.95,16.15;22.0,16.15;22.05,16.15;22.1,16.15;22.15,16.15;22.2,16.15;22.25,16.15;22.3,16.15;22.35,16.15;22.4,16.15;22.45,16.15;22.5,16.15;22.55,16.15;22.6,16.15;22.65,16.15;22.7,16.15;22.75,16.15;22.8,16.15;22.85,16.15;22.9,16.15;22.95,16.15;23.0,16.15;23.05,16.15;23.1,16.15;23.15,16.15;23.2,16.15;23.25,16.15;23.3,16.15;23.35,16.15;23.4,16.15;23.45,16.15;23.5,16.15;23.55,16.15;23.6,16.15;23.65,16.15;23.7,16.15;23.75,16.15;23.8,16.15;23.85,16.15;23.9,16.15;23.95,16.15;24.0,16.15;24.05,16.15;24.1,16.15;24.15,16.15;24.2,16.15;24.25,16.15;24.3,16.15;24.35,16.15;24.4,16.15;24.45,16.15;24.5,16.15;24.55,16.15;24.6,16.15;24.65,16.15;24.7,16.15;24.75,16.15;24.8,16.15;24.85,16.15;24.9,16.15;24.95,16.15;25.0,16.15;25.05,16.15;25.1,16.15;25.15,16.15;25.2,16.15;25.25,16.15;25.3,16.15;25.35,16.15;25.4,16.15;25.45,16.15;25.5,16.15;25.55,16.15;25.6,16.15;25.65,16.15;25.7,16.15;25.75,16.15;25.8,16.15;25.85,16.15;25.9,16.15;25.95,16.15;26.0,16.15;26.05,16.15;26.1,16.15;26.15,16.15;26.2,16.15;26.25,16.15;26.25,16.15;26.25,16.1;26.25,16.1;26.2,16.1;26.2,16.05;26.2,16.05;26.15,16.05;26.15,16.0;26.15,16.0;26.1,16.0;26.1,15.95;26.1,15.95;26.05,15.95;26.05,15.9;26.05,15.9;26.0,15.9;26.0,15.85;26.0,15.85;25.95,15.85;25.95,15.8;25.95,15.8;25.9,15.8;25.9,15.75;25.9,15.75;25.85,15.75;25.85,15.7;25.85,15.7;25.8,15.7;25.8,15.65;25.8,15.65;25.75,15.65;25.75,15.6;25.75,15.6;25.7,15.6;25.7,15.55;25.7,15.55;25.65,15.55;25.65,15.5;25.65,15.5;25.6,15.5;25.6,15.45;25.6,15.45;25.55,15.45;25.55,15.4;25.55,15.4;25.5,15.4;25.5,15.35;25.5,15.35;25.45,15.35;25.45,15.3;25.45,15.3;25.4,15.3;25.4,15.25;25.4,15.25;25.35,15.25;25.35,15.2;25.35,15.2;25.3,15.2;25.3,15.15;25.3,15.15;25.25,15.15;25.25,15.1;25.25,15.1;25.2,15.1;25.2,15.05;25.2,15.05;25.15,15.05;25.15,15.0;25.15,15.0;25.1,15.0;25.1,14.95;25.1,14.95;25.05,14.95;25.05,14.9;25.05,14.9;25.0,14.9;25.0,14.85;25.0,14.85;24.95,14.85;24.95,14.8;24.95,14.8;24.9,14.8;24.9,14.75;24.9,14.75;24.85,14.75;24.85,14.7;24.85,14.7;24.8,14.7;24.8,14.65;24.8,14.65;24.75,14.65;24.75,14.6;24.75,14.6;24.7,14.6;24.7,14.55;24.7,14.55;24.65,14.55;24.65,14.5;24.65,14.5;24.6,14.5;24.6,14.45;24.6,14.45;24.55,14.45;24.55,14.4;24.55,14.4;24.5,14.4;24.5,14.35;24.5,14.35;24.45,14.35;24.45,14.3;24.45,14.3;24.4,14.3;24.4,14.25;24.4,14.25;24.35,14.25;24.35,14.2;24.35,14.2;24.3,14.2;24.3,14.15;24.3,14.15;24.25,14.15;24.25,14.1;24.25,14.1;24.2,14.1;24.2,14.05;24.2,14.05;24.15,14.05;24.15,14.0;24.15,14.0;24.1,14.0;24.1,13.95;24.1,13.95;24.05,13.95;24.05,13.9;24.05,13.9;24.0,13.9;24.0,13.85;24.0,13.85;23.95,13.85;23.95,13.8;23.95,13.8;23.9,13.8;23.9,13.75;23.9,13.75;23.85,13.75;23.85,13.7;23.85,13.7;23.8,13.7;23.8,13.65;23.8,13.65;23.75,13.65;23.7,13.65;23.7,13.65;23.7,13.7;23.65,13.7;23.65,13.7;23.65,13.75;23.6,13.75;23.6,13.75;23.6,13.8;23.55,13.8;23.55,13.8;23.55,13.85;23.5,13.85;23.5,13.85;23.5,13.9;23.45,13.9;23.45,13.9;23.45,13.95;23.4,13.95;23.4,13.95;23.4,14.0;23.35,14.0;23.35,14.0;23.35,14.05;23.3,14.05;23.3,14.05;23.3,14.1;23.25,14.1;23.25,14.1;23.25,14.15;23.2,14.15;23.2,14.15;23.2,14.2;23.15,14.2;23.15,14.2;23.15,14.25;23.1,14.25;23.1,14.25;23.1,14.3;23.05,14.3;23.05,14.3;23.05,14.35;23.0,14.35;23.0,14.35;23.0,14.4;22.95,14.4;22.95,14.4;22.95,14.45;22.9,14.45;22.9,14.45;22.9,14.5;22.85,14.5;22.85,14.5;22.85,14.55;22.8,14.55;22.8,14.55;22.8,14.6;22.75,14.6;22.75,14.6;22.75,14.65;22.7,14.65;22.7,14.65;22.7,14.7;22.65,14.7;22.65,14.7;22.65,14.75;22.6,14.75;22.6,14.75;22.6,14.8;22.55,14.8;22.55,14.8;22.55,14.85;22.5,14.85;22.5,14.85;22.5,14.9;22.45,14.9;22.45,14.9;22.45,14.95;22.4,14.95;22.4,14.95;22.4,15.0;22.35,15.0;22.35,15.0;22.35,15.05;22.3,15.05;22.3,15.05;22.3,15.1;22.25,15.1;22.25,15.1;22.25,15.15;22.2,15.15;22.2,15.15;22.2,15.2;22.15,15.2;22.15,15.2;22.15,15.25;22.1,15.25;22.1,15.25;22.1,15.3;22.05,15.3;22.05,15.3;22.05,15.35;22.0,15.35;22.0,15.35;22.0,15.4;21.95,15.4;21.95,15.4;21.95,15.45;21.9,15.45;21.9,15.45;21.9,15.5;21.85,15.5;21.85,15.5;21.85,15.55;21.8,15.55;21.8,15.55;21.8,15.6;21.75,15.6;21.75,15.6;21.75,15.65;21.7,15.65;21.7,15.65;21.7,15.7;21.65,15.7;21.65,15.7;21.65,15.75;21.6,15.75;21.6,15.75;21.6,15.8;21.55,15.8;21.55,15.8;21.55,15.85;21.5,15.85;21.5,15.85;21.5,15.9;21.45,15.9;21.45,15.9;21.45,15.95;21.4,15.95;21.4,15.95;21.4,16.0;21.35,16.0;21.35,16.0;21.35,16.05;21.3,16.05;21.3,16.05",TRANSFERIDO
L1,L1_P_RB_c2_r1,L1_P_RB_c2_r1_T071,BEAM,L1_BD_V60_16,L1_BD_V60_16,2128.0,11.875,6.22935,73.973531,"21.25,16.0;21.25,16.05;21.25,16.1;21.25,16.1;21.3,16.1;21.3,16.1;21.3,16.05;21.35,16.05;21.35,16.05;21.35,16.0;21.4,16.0;21.4,16.0;21.4,15.95;21.45,15.95;21.45,15.95;21.45,15.9;21.5,15.9;21.5,15.9;21.5,15.85;21.55,15.85;21.55,15.85;21.55,15.8;21.6,15.8;21.6,15.8;21.6,15.75;21.65,15.75;21.65,15.75;21.65,15.7;21.7,15.7;21.7,15.7;21.7,15.65;21.75,15.65;21.75,15.65;21.75,15.6;21.8,15.6;21.8,15.6;21.8,15.55;21.85,15.55;21.85,15.55;21.85,15.5;21.9,15.5;21.9,15.5;21.9,15.45;21.95,15.45;21.95,15.45;21.95,15.4;22.0,15.4;22.0,15.4;22.0,15.35;22.05,15.35;22.05,15.35;22.05,15.3;22.1,15.3;22.1,15.3;22.1,15.25;22.15,15.25;22.15,15.25;22.15,15.2;22.2,15.2;22.2,15.2;22.2,15.15;22.25,15.15;22.25,15.15;22.25,15.1;22.3,15.1;22.3,15.1;22.3,15.05;22.35,15.05;22.35,15.05;22.35,15.0;22.4,15.0;22.4,15.0;22.4,14.95;22.45,14.95;22.45,14.95;22.45,14.9;22.5,14.9;22.5,14.9;22.5,14.85;22.55,14.85;22.55,14.85;22.55,14.8;22.6,14.8;22.6,14.8;22.6,14.75;22.65,14.75;22.65,14.75;22.65,14.7;22.7,14.7;22.7,14.7;22.7,14.65;22.75,14.65;22.75,14.65;22.75,14.6;22.8,14.6;22.8,14.6;22.8,14.55;22.85,14.55;22.85,14.55;22.85,14.5;22.9,14.5;22.9,14.5;22.9,14.45;22.95,14.45;22.95,14.45;22.95,14.4;23.0,14.4;23.0,14.4;23.0,14.35;23.05,14.35;23.05,14.35;23.05,14.3;23.1,14.3;23.1,14.3;23.1,14.25;23.15,14.25;23.15,14.25;23.15,14.2;23.2,14.2;23.2,14.2;23.2,14.15;23.25,14.15;23.25,14.15;23.25,14.1;23.3,14.1;23.3,14.1;23.3,14.05;23.35,14.05;23.35,14.05;23.35,14.0;23.4,14.0;23.4,14.0;23.4,13.95;23.45,13.95;23.45,13.95;23.45,13.9;23.5,13.9;23.5,13.9;23.5,13.85;23.55,13.85;23.55,13.85;23.55,13.8;23.6,13.8;23.6,13.8;23.6,13.75;23.65,13.75;23.65,13.75;23.65,13.7;23.7,13.7;23.7,13.7;23.7,13.65;23.75,13.65;23.75,13.65;23.75,11.35;23.75,11.35;23.7,11.35;23.7,11.3;23.7,11.3;23.65,11.3;23.65,11.25;23.65,11.25;23.6,11.25;23.6,11.2;23.6,11.2;23.55,11.2;23.55,11.15;23.55,11.15;23.5,11.15;23.5,11.1;23.5,11.1;23.45,11.1;23.45,11.05;23.45,11.05;23.4,11.05;23.4,11.0;23.4,11.0;23.35,11.0;23.35,10.95;23.35,10.95;23.3,10.95;23.3,10.9;23.3,10.9;23.25,10.9;23.25,10.85;23.25,10.85;23.2,10.85;23.2,10.8;23.2,10.8;23.15,10.8;23.15,10.75;23.15,10.75;23.1,10.75;23.1,10.7;23.1,10.7;23.05,10.7;23.05,10.65;23.05,10.65;23.0,10.65;23.0,10.6;23.0,10.6;22.95,10.6;22.95,10.55;22.95,10.55;22.9,10.55;22.9,10.5;22.9,10.5;22.85,10.5;22.85,10.45;22.85,10.45;22.8,10.45;22.8,10.4;22.8,10.4;22.75,10.4;22.75,10.35;22.75,10.35;22.7,10.35;22.7,10.3;22.7,10.3;22.65,10.3;22.65,10.25;22.65,10.25;22.6,10.25;22.6,10.2;22.6,10.2;22.55,10.2;22.55,10.15;22.55,10.15;22.5,10.15;22.5,10.1;22.5,10.1;22.45,10.1;22.45,10.05;22.45,10.05;22.4,10.05;22.4,10.0;22.4,10.0;22.35,10.0;22.35,9.95;22.35,9.95;22.3,9.95;22.3,9.9;22.3,9.9;22.25,9.9;22.25,9.85;22.25,9.85;22.2,9.85;22.2,9.8;22.2,9.8;22.15,9.8;22.15,9.75;22.15,9.75;22.1,9.75;22.1,9.7;22.1,9.7;22.05,9.7;22.05,9.65;22.05,9.65;22.0,9.65;22.0,9.6;22.0,9.6;21.95,9.6;21.95,9.55;21.95,9.55;21.9,9.55;21.9,9.5;21.9,9.5;21.85,9.5;21.85,9.45;21.85,9.45;21.8,9.45;21.8,9.4;21.8,9.4;21.75,9.4;21.75,9.35;21.75,9.35;21.7,9.35;21.7,9.3;21.7,9.3;21.65,9.3;21.65,9.25;21.65,9.25;21.6,9.25;21.6,9.2;21.6,9.2;21.55,9.2;21.55,9.15;21.55,9.15;21.5,9.15;21.5,9.1;21.5,9.1;21.45,9.1;21.45,9.05;21.45,9.05;21.4,9.05;21.4,9.0;21.4,9.0;21.35,9.0;21.35,8.95;21.35,8.95;21.3,8.95;21.3,8.9;21.3,8.9;21.25,8.9;21.25,8.9",TRANSFERIDO
L1,L1_P_RB_c2_r1,L1_P_RB_c2_r1_T072,BEAM,L1_BD_V60_18,L1_BD_V60_18,2130.0,11.875,6.22935,73.973531,"23.75,13.65;23.75,13.65;23.8,13.65;23.8,13.7;23.8,13.7;23.85,13.7;23.85,13.75;23.85,13.75;23.9,13.75;23.9,13.8;23.9,13.8;23.95,13.8;23.95,13.85;23.95,13.85;24.0,13.85;24.0,13.9;24.0,13.9;24.05,13.9;24.05,13.95;24.05,13.95;24.1,13.95;24.1,14.0;24.1,14.0;24.15,14.0;24.15,14.05;24.15,14.05;24.2,14.05;24.2,14.1;24.2,14.1;24.25,14.1;24.25,14.15;24.25,14.15;24.3,14.15;24.3,14.2;24.3,14.2;24.35,14.2;24.35,14.25;24.35,14.25;24.4,14.25;24.4,14.3;24.4,14.3;24.45,14.3;24.45,14.35;24.45,14.35;24.5,14.35;24.5,14.4;24.5,14.4;24.55,14.4;24.55,14.45;24.55,14.45;24.6,14.45;24.6,14.5;24.6,14.5;24.65,14.5;24.65,14.55;24.65,14.55;24.7,14.55;24.7,14.6;24.7,14.6;24.75,14.6;24.75,14.65;24.75,14.65;24.8,14.65;24.8,14.7;24.8,14.7;24.85,14.7;24.85,14.75;24.85,14.75;24.9,14.75;24.9,14.8;24.9,14.8;24.95,14.8;24.95,14.85;24.95,14.85;25.0,14.85;25.0,14.9;25.0,14.9;25.05,14.9;25.05,14.95;25.05,14.95;25.1,14.95;25.1,15.0;25.1,15.0;25.15,15.0;25.15,15.05;25.15,15.05;25.2,15.05;25.2,15.1;25.2,15.1;25.25,15.1;25.25,15.15;25.25,15.15;25.3,15.15;25.3,15.2;25.3,15.2;25.35,15.2;25.35,15.25;25.35,15.25;25.4,15.25;25.4,15.3;25.4,15.3;25.45,15.3;25.45,15.35;25.45,15.35;25.5,15.35;25.5,15.4;25.5,15.4;25.55,15.4;25.55,15.45;25.55,15.45;25.6,15.45;25.6,15.5;25.6,15.5;25.65,15.5;25.65,15.55;25.65,15.55;25.7,15.55;25.7,15.6;25.7,15.6;25.75,15.6;25.75,15.65;25.75,15.65;25.8,15.65;25.8,15.7;25.8,15.7;25.85,15.7;25.85,15.75;25.85,15.75;25.9,15.75;25.9,15.8;25.9,15.8;25.95,15.8;25.95,15.85;25.95,15.85;26.0,15.85;26.0,15.9;26.0,15.9;26.05,15.9;26.05,15.95;26.05,15.95;26.1,15.95;26.1,16.0;26.1,16.0;26.15,16.0;26.15,16.05;26.15,16.05;26.2,16.05;26.2,16.1;26.2,16.1;26.25,16.1;26.25,16.1;26.25,16.05;26.25,16.0;26.25,8.9;26.25,8.9;26.2,8.9;26.2,8.9;26.2,8.95;26.15,8.95;26.15,8.95;26.15,9.0;26.1,9.0;26.1,9.0;26.1,9.05;26.05,9.05;26.05,9.05;26.05,9.1;26.0,9.1;26.0,9.1;26.0,9.15;25.95,9.15;25.95,9.15;25.95,9.2;25.9,9.2;25.9,9.2;25.9,9.25;25.85,9.25;25.85,9.25;25.85,9.3;25.8,9.3;25.8,9.3;25.8,9.35;25.75,9.35;25.75,9.35;25.75,9.4;25.7,9.4;25.7,9.4;25.7,9.45;25.65,9.45;25.65,9.45;25.65,9.5;25.6,9.5;25.6,9.5;25.6,9.55;25.55,9.55;25.55,9.55;25.55,9.6;25.5,9.6;25.5,9.6;25.5,9.65;25.45,9.65;25.45,9.65;25.45,9.7;25.4,9.7;25.4,9.7;25.4,9.75;25.35,9.75;25.35,9.75;25.35,9.8;25.3,9.8;25.3,9.8;25.3,9.85;25.25,9.85;25.25,9.85;25.25,9.9;25.2,9.9;25.2,9.9;25.2,9.95;25.15,9.95;25.15,9.95;25.15,10.0;25.1,10.0;25.1,10.0;25.1,10.05;25.05,10.05;25.05,10.05;25.05,10.1;25.0,10.1;25.0,10.1;25.0,10.15;24.95,10.15;24.95,10.15;24.95,10.2;24.9,10.2;24.9,10.2;24.9,10.25;24.85,10.25;24.85,10.25;24.85,10.3;24.8,10.3;24.8,10.3;24.8,10.35;24.75,10.35;24.75,10.35;24.75,10.4;24.7,10.4;24.7,10.4;24.7,10.45;24.65,10.45;24.65,10.45;24.65,10.5;24.6,10.5;24.6,10.5;24.6,10.55;24.55,10.55;24.55,10.55;24.55,10.6;24.5,10.6;24.5,10.6;24.5,10.65;24.45,10.65;24.45,10.65;24.45,10.7;24.4,10.7;24.4,10.7;24.4,10.75;24.35,10.75;24.35,10.75;24.35,10.8;24.3,10.8;24.3,10.8;24.3,10.85;24.25,10.85;24.25,10.85;24.25,10.9;24.2,10.9;24.2,10.9;24.2,10.95;24.15,10.95;24.15,10.95;24.15,11.0;24.1,11.0;24.1,11.0;24.1,11.05;24.05,11.05;24.05,11.05;24.05,11.1;24.0,11.1;24.0,11.1;24.0,11.15;23.95,11.15;23.95,11.15;23.95,11.2;23.9,11.2;23.9,11.2;23.9,11.25;23.85,11.25;23.85,11.25;23.85,11.3;23.8,11.3;23.8,11.3;23.8,11.35;23.75,11.35;23.75,11.35",TRANSFERIDO
L1,L1_P_RB_c3_r0,L1_P_RB_c3_r0_T073,BEAM,L1_BD_V60_04,L1_BD_V60_04,2116.0,6.247973,6.22935,38.920811,"26.35,-0.0;26.3,-0.0;26.3,0.0;26.3,0.05;26.3,0.05;26.35,0.05;26.35,0.1;26.35,0.1;26.4,0.1;26.4,0.2;26.4,0.2;26.45,0.2;26.45,0.25;26.45,0.25;26.5,0.25;26.5,0.3;26.5,0.3;26.55,0.3;26.55,0.35;26.55,0.35;26.6,0.35;26.6,0.4;26.6,0.4;26.65,0.4;26.65,0.45;26.65,0.45;26.7,0.45;26.7,0.5;26.7,0.5;26.75,0.5;26.75,0.55;26.75,0.55;26.8,0.55;26.8,0.6;26.8,0.6;26.85,0.6;26.85,0.65;26.85,0.65;26.9,0.65;26.9,0.7;26.9,0.7;26.95,0.7;26.95,0.75;26.95,0.75;27.0,0.75;27.0,0.8;27.0,0.8;27.05,0.8;27.05,0.85;27.05,0.85;27.1,0.85;27.1,0.9;27.1,0.9;27.15,0.9;27.15,0.95;27.15,0.95;27.2,0.95;27.2,1.0;27.2,1.0;27.25,1.0;27.25,1.05;27.25,1.05;27.3,1.05;27.3,1.1;27.3,1.1;27.35,1.1;27.35,1.15;27.35,1.15;27.4,1.15;27.4,1.2;27.4,1.2;27.45,1.2;27.45,1.25;27.45,1.25;27.5,1.25;27.5,1.3;27.5,1.3;27.55,1.3;27.55,1.35;27.55,1.35;27.6,1.35;27.6,1.4;27.6,1.4;27.65,1.4;27.65,1.45;27.65,1.45;27.7,1.45;27.7,1.5;27.7,1.5;27.75,1.5;27.75,1.55;27.75,1.55;27.8,1.55;27.8,1.6;27.8,1.6;27.85,1.6;27.85,1.65;27.85,1.65;27.9,1.65;27.9,1.7;27.9,1.7;27.95,1.7;27.95,1.75;27.95,1.75;28.0,1.75;28.0,1.8;28.0,1.8;28.05,1.8;28.05,1.85;28.05,1.85;28.1,1.85;28.1,1.9;28.1,1.9;28.15,1.9;28.15,1.95;28.15,1.95;28.2,1.95;28.2,2.0;28.2,2.0;28.25,2.0;28.25,2.05;28.25,2.05;28.3,2.05;28.3,2.1;28.3,2.1;28.35,2.1;28.35,2.15;28.35,2.15;28.4,2.15;28.4,2.2;28.4,2.2;28.45,2.2;28.45,2.25;28.45,2.25;28.5,2.25;28.5,2.3;28.5,2.3;28.55,2.3;28.55,2.35;28.55,2.35;28.6,2.35;28.6,2.4;28.6,2.4;28.65,2.4;28.65,2.45;28.65,2.45;28.7,2.45;28.7,2.5;28.7,2.5;28.75,2.5;28.75,2.5;28.75,2.45;28.8,2.45;28.8,2.45;28.8,2.4;28.85,2.4;28.85,2.4;28.85,2.35;28.9,2.35;28.9,2.35;28.9,2.3;28.95,2.3;28.95,2.3;28.95,2.25;29.0,2.25;29.0,2.25;29.0,2.2;29.05,2.2;29.05,2.2;29.05,2.15;29.1,2.15;29.1,2.15;29.1,2.1;29.15,2.1;29.15,2.1;29.15,2.05;29.2,2.05;29.2,2.05;29.2,2.0;29.25,2.0;29.25,2.0;29.25,1.95;29.3,1.95;29.3,1.95;29.3,1.9;29.35,1.9;29.35,1.9;29.35,1.85;29.4,1.85;29.4,1.85;29.4,1.8;29.45,1.8;29.45,1.8;29.45,1.75;29.5,1.75;29.5,1.75;29.5,1.7;29.55,1.7;29.55,1.7;29.55,1.65;29.6,1.65;29.6,1.65;29.6,1.6;29.65,1.6;29.65,1.6;29.65,1.55;29.7,1.55;29.7,1.55;29.7,1.5;29.75,1.5;29.75,1.5;29.75,1.45;29.8,1.45;29.8,1.45;29.8,1.4;29.85,1.4;29.85,1.4;29.85,1.35;29.9,1.35;29.9,1.35;29.9,1.3;29.95,1.3;29.95,1.3;29.95,1.25;30.0,1.25;30.0,1.25;30.0,1.2;30.05,1.2;30.05,1.2;30.05,1.15;30.1,1.15;30.1,1.15;30.1,1.1;30.15,1.1;30.15,1.1;30.15,1.05;30.2,1.05;30.2,1.05;30.2,1.0;30.25,1.0;30.25,1.0;30.25,0.95;30.3,0.95;30.3,0.95;30.3,0.9;30.35,0.9;30.35,0.9;30.35,0.85;30.4,0.85;30.4,0.85;30.4,0.8;30.45,0.8;30.45,0.8;30.45,0.75;30.5,0.75;30.5,0.75;30.5,0.7;30.55,0.7;30.55,0.7;30.55,0.65;30.6,0.65;30.6,0.65;30.6,0.6;30.65,0.6;30.65,0.6;30.65,0.55;30.7,0.55;30.7,0.55;30.7,0.5;30.75,0.5;30.75,0.5;30.75,0.45;30.8,0.45;30.8,0.45;30.8,0.4;30.85,0.4;30.85,0.4;30.85,0.35;30.9,0.35;30.9,0.35;30.9,0.3;30.95,0.3;30.95,0.3;30.95,0.25;31.0,0.25;31.0,0.25;31.0,0.2;31.05,0.2;31.05,0.2;31.05,0.15;31.1,0.15;31.1,0.15;31.1,0.1;31.15,0.1;31.15,0.1;31.15,0.05;31.2,0.05;31.2,0.05;31.2,0.0;31.2,-0.0;31.15,-0.0;31.1,-0.0;31.05,-0.0;31.0,-0.0;30.95,-0.0;30.9,-0.0;30.85,-0.0;30.8,-0.0;30.75,-0.0;30.7,-0.0;30.65,-0.0;30.6,-0.0;30.55,-0.0;30.5,-0.0;30.45,-0.0;30.4,-0.0;30.35,-0.0;30.3,-0.0;30.25,-0.0;30.2,-0.0;30.15,-0.0;30.1,-0.0;30.05,-0.0;30.0,-0.0;29.95,-0.0;29.9,-0.0;29.85,-0.0;29.8,-0.0;29.75,-0.0;29.7,-0.0;29.65,-0.0;29.6,-0.0;29.55,-0.0;29.5,-0.0;29.45,-0.0;29.4,-0.0;29.35,-0.0;29.3,-0.0;29.25,-0.0;29.2,-0.0;29.15,-0.0;29.1,-0.0;29.05,-0.0;29.0,-0.0;28.95,-0.0;28.9,-0.0;28.85,-0.0;28.8,-0.0;28.75,-0.0;28.7,-0.0;28.65,-0.0;28.6,-0.0;28.55,-0.0;28.5,-0.0;28.45,-0.0;28.4,-0.0;28.35,-0.0;28.3,-0.0;28.25,-0.0;28.2,-0.0;28.15,-0.0;28.1,-0.0;28.05,-0.0;28.0,-0.0;27.95,-0.0;27.9,-0.0;27.85,-0.0;27.8,-0.0;27.75,-0.0;27.7,-0.0;27.65,-0.0;27.6,-0.0;27.55,-0.0;27.5,-0.0;27.45,-0.0;27.4,-0.0;27.35,-0.0;27.3,-0.0;27.25,-0.0;27.2,-0.0;27.15,-0.0;27.1,-0.0;27.05,-0.0;27.0,-0.0;26.95,-0.0;26.9,-0.0;26.85,-0.0;26.8,-0.0;26.75,-0.0;26.7,-0.0;26.65,-0.0;26.6,-0.0;26.55,-0.0;26.5,-0.0;26.45,-0.0;26.4,-0.0;26.35,-0.0",TRANSFERIDO
L1,L1_P_RB_c3_r0,L1_P_RB_c3_r0_T074,BEAM,L1_BD_V60_08,L1_BD_V60_08,2120.0,6.25548,6.22935,38.967572,"26.3,8.85;26.25,8.85;26.25,8.85;26.25,8.9;26.25,8.9;26.3,8.9;26.35,8.9;26.4,8.9;26.45,8.9;26.5,8.9;26.55,8.9;26.6,8.9;26.65,8.9;26.7,8.9;26.75,8.9;26.8,8.9;26.85,8.9;26.9,8.9;26.95,8.9;27.0,8.9;27.05,8.9;27.1,8.9;27.15,8.9;27.2,8.9;27.25,8.9;27.3,8.9;27.35,8.9;27.4,8.9;27.45,8.9;27.5,8.9;27.55,8.9;27.6,8.9;27.65,8.9;27.7,8.9;27.75,8.9;27.8,8.9;27.85,8.9;27.9,8.9;27.95,8.9;28.0,8.9;28.05,8.9;28.1,8.9;28.15,8.9;28.2,8.9;28.25,8.9;28.3,8.9;28.35,8.9;28.4,8.9;28.45,8.9;28.5,8.9;28.55,8.9;28.6,8.9;28.65,8.9;28.7,8.9;28.75,8.9;28.8,8.9;28.85,8.9;28.9,8.9;28.95,8.9;29.0,8.9;29.05,8.9;29.1,8.9;29.15,8.9;29.2,8.9;29.25,8.9;29.3,8.9;29.35,8.9;29.4,8.9;29.45,8.9;29.5,8.9;29.55,8.9;29.6,8.9;29.65,8.9;29.7,8.9;29.75,8.9;29.8,8.9;29.85,8.9;29.9,8.9;29.95,8.9;30.0,8.9;30.05,8.9;30.1,8.9;30.15,8.9;30.2,8.9;30.25,8.9;30.3,8.9;30.35,8.9;30.4,8.9;30.45,8.9;30.5,8.9;30.55,8.9;30.6,8.9;30.65,8.9;30.7,8.9;30.75,8.9;30.8,8.9;30.85,8.9;30.9,8.9;30.95,8.9;31.0,8.9;31.05,8.9;31.1,8.9;31.15,8.9;31.2,8.9;31.2,8.9;31.2,8.85;31.2,8.85;31.15,8.85;31.15,8.8;31.15,8.8;31.1,8.8;31.1,8.75;31.1,8.75;31.05,8.75;31.05,8.7;31.05,8.7;31.0,8.7;31.0,8.65;31.0,8.65;30.95,8.65;30.95,8.6;30.95,8.6;30.9,8.6;30.9,8.55;30.9,8.55;30.85,8.55;30.85,8.5;30.85,8.5;30.8,8.5;30.8,8.45;30.8,8.45;30.75,8.45;30.75,8.4;30.75,8.4;30.7,8.4;30.7,8.35;30.7,8.35;30.65,8.35;30.65,8.3;30.65,8.3;30.6,8.3;30.6,8.25;30.6,8.25;30.55,8.25;30.55,8.2;30.55,8.2;30.5,8.2;30.5,8.15;30.5,8.15;30.45,8.15;30.45,8.1;30.45,8.1;30.4,8.1;30.4,8.05;30.4,8.05;30.35,8.05;30.35,8.0;30.35,8.0;30.3,8.0;30.3,7.95;30.3,7.95;30.25,7.95;30.25,7.9;30.25,7.9;30.2,7.9;30.2,7.85;30.2,7.85;30.15,7.85;30.15,7.8;30.15,7.8;30.1,7.8;30.1,7.75;30.1,7.75;30.05,7.75;30.05,7.7;30.05,7.7;30.0,7.7;30.0,7.65;30.0,7.65;29.95,7.65;29.95,7.6;29.95,7.6;29.9,7.6;29.9,7.55;29.9,7.55;29.85,7.55;29.85,7.5;29.85,7.5;29.8,7.5;29.8,7.45;29.8,7.45;29.75,7.45;29.75,7.4;29.75,7.4;29.7,7.4;29.7,7.35;29.7,7.35;29.65,7.35;29.65,7.3;29.65,7.3;29.6,7.3;29.6,7.25;29.6,7.25;29.55,7.25;29.55,7.2;29.55,7.2;29.5,7.2;29.5,7.15;29.5,7.15;29.45,7.15;29.45,7.1;29.45,7.1;29.4,7.1;29.4,7.05;29.4,7.05;29.35,7.05;29.35,7.0;29.35,7.0;29.3,7.0;29.3,6.95;29.3,6.95;29.25,6.95;29.25,6.9;29.25,6.9;29.2,6.9;29.2,6.85;29.2,6.85;29.15,6.85;29.15,6.8;29.15,6.8;29.1,6.8;29.1,6.75;29.1,6.75;29.05,6.75;29.05,6.7;29.05,6.7;29.0,6.7;29.0,6.65;29.0,6.65;28.95,6.65;28.95,6.6;28.95,6.6;28.9,6.6;28.9,6.55;28.9,6.55;28.85,6.55;28.85,6.5;28.85,6.5;28.8,6.5;28.8,6.45;28.8,6.45;28.75,6.45;28.75,6.4;28.75,6.4;28.7,6.4;28.7,6.4;28.7,6.45;28.65,6.45;28.65,6.45;28.65,6.5;28.6,6.5;28.6,6.5;28.6,6.55;28.55,6.55;28.55,6.55;28.55,6.6;28.5,6.6;28.5,6.6;28.5,6.65;28.45,6.65;28.45,6.65;28.45,6.7;28.4,6.7;28.4,6.7;28.4,6.75;28.35,6.75;28.35,6.75;28.35,6.8;28.3,6.8;28.3,6.8;28.3,6.85;28.25,6.85;28.25,6.85;28.25,6.9;28.2,6.9;28.2,6.9;28.2,6.95;28.15,6.95;28.15,6.95;28.15,7.0;28.1,7.0;28.1,7.0;28.1,7.05;28.05,7.05;28.05,7.05;28.05,7.1;28.0,7.1;28.0,7.1;28.0,7.15;27.95,7.15;27.95,7.15;27.95,7.2;27.9,7.2;27.9,7.2;27.9,7.25;27.85,7.25;27.85,7.25;27.85,7.3;27.8,7.3;27.8,7.3;27.8,7.35;27.75,7.35;27.75,7.35;27.75,7.4;27.7,7.4;27.7,7.4;27.7,7.45;27.65,7.45;27.65,7.45;27.65,7.5;27.6,7.5;27.6,7.5;27.6,7.55;27.55,7.55;27.55,7.55;27.55,7.6;27.5,7.6;27.5,7.6;27.5,7.65;27.45,7.65;27.45,7.65;27.45,7.7;27.4,7.7;27.4,7.7;27.4,7.75;27.35,7.75;27.35,7.75;27.35,7.8;27.3,7.8;27.3,7.8;27.3,7.85;27.25,7.85;27.25,7.85;27.25,7.9;27.2,7.9;27.2,7.9;27.2,7.95;27.15,7.95;27.15,7.95;27.15,8.0;27.1,8.0;27.1,8.0;27.1,8.05;27.05,8.05;27.05,8.05;27.05,8.1;27.0,8.1;27.0,8.1;27.0,8.15;26.95,8.15;26.95,8.15;26.95,8.2;26.9,8.2;26.9,8.2;26.9,8.25;26.85,8.25;26.85,8.25;26.85,8.3;26.8,8.3;26.8,8.3;26.8,8.35;26.75,8.35;26.75,8.35;26.75,8.4;26.7,8.4;26.7,8.4;26.7,8.45;26.65,8.45;26.65,8.45;26.65,8.5;26.6,8.5;26.6,8.5;26.6,8.55;26.55,8.55;26.55,8.55;26.55,8.6;26.5,8.6;26.5,8.6;26.5,8.65;26.45,8.65;26.45,8.65;26.45,8.7;26.4,8.7;26.4,8.7;26.4,8.75;26.35,8.75;26.35,8.75;26.35,8.8;26.3,8.8;26.3,8.8",TRANSFERIDO
L1,L1_P_RB_c3_r0,L1_P_RB_c3_r0_T075,BEAM,L1_BD_V60_17,L1_BD_V60_17,2129.0,14.18993,6.22935,88.394039,"26.25,0.05;26.25,0.1;26.25,0.2;26.25,1.05;26.25,1.1;26.25,1.2;26.25,1.25;26.25,1.3;26.25,1.35;26.25,1.4;26.25,1.5;26.25,1.55;26.25,1.6;26.25,1.65;26.25,1.7;26.25,1.75;26.25,1.85;26.25,1.9;26.25,1.95;26.25,2.1;26.25,2.2;26.25,2.35;26.25,2.45;26.25,2.55;26.25,2.7;26.25,2.8;26.25,2.95;26.25,3.05;26.25,3.15;26.25,3.3;26.25,3.4;26.25,3.5;26.25,3.65;26.25,3.75;26.25,3.9;26.25,8.85;26.25,8.85;26.3,8.85;26.3,8.85;26.3,8.8;26.35,8.8;26.35,8.8;26.35,8.75;26.4,8.75;26.4,8.75;26.4,8.7;26.45,8.7;26.45,8.7;26.45,8.65;26.5,8.65;26.5,8.65;26.5,8.6;26.55,8.6;26.55,8.6;26.55,8.55;26.6,8.55;26.6,8.55;26.6,8.5;26.65,8.5;26.65,8.5;26.65,8.45;26.7,8.45;26.7,8.45;26.7,8.4;26.75,8.4;26.75,8.4;26.75,8.35;26.8,8.35;26.8,8.35;26.8,8.3;26.85,8.3;26.85,8.3;26.85,8.25;26.9,8.25;26.9,8.25;26.9,8.2;26.95,8.2;26.95,8.2;26.95,8.15;27.0,8.15;27.0,8.15;27.0,8.1;27.05,8.1;27.05,8.1;27.05,8.05;27.1,8.05;27.1,8.05;27.1,8.0;27.15,8.0;27.15,8.0;27.15,7.95;27.2,7.95;27.2,7.95;27.2,7.9;27.25,7.9;27.25,7.9;27.25,7.85;27.3,7.85;27.3,7.85;27.3,7.8;27.35,7.8;27.35,7.8;27.35,7.75;27.4,7.75;27.4,7.75;27.4,7.7;27.45,7.7;27.45,7.7;27.45,7.65;27.5,7.65;27.5,7.65;27.5,7.6;27.55,7.6;27.55,7.6;27.55,7.55;27.6,7.55;27.6,7.55;27.6,7.5;27.65,7.5;27.65,7.5;27.65,7.45;27.7,7.45;27.7,7.45;27.7,7.4;27.75,7.4;27.75,7.4;27.75,7.35;27.8,7.35;27.8,7.35;27.8,7.3;27.85,7.3;27.85,7.3;27.85,7.25;27.9,7.25;27.9,7.25;27.9,7.2;27.95,7.2;27.95,7.2;27.95,7.15;28.0,7.15;28.0,7.15;28.0,7.1;28.05,7.1;28.05,7.1;28.05,7.05;28.1,7.05;28.1,7.05;28.1,7.0;28.15,7.0;28.15,7.0;28.15,6.95;28.2,6.95;28.2,6.95;28.2,6.9;28.25,6.9;28.25,6.9;28.25,6.85;28.3,6.85;28.3,6.85;28.3,6.8;28.35,6.8;28.35,6.8;28.35,6.75;28.4,6.75;28.4,6.75;28.4,6.7;28.45,6.7;28.45,6.7;28.45,6.65;28.5,6.65;28.5,6.65;28.5,6.6;28.55,6.6;28.55,6.6;28.55,6.55;28.6,6.55;28.6,6.55;28.6,6.5;28.65,6.5;28.65,6.5;28.65,6.45;28.7,6.45;28.7,6.45;28.7,6.4;28.75,6.4;28.75,6.4;28.75,6.3;28.75,6.3;28.7,6.3;28.65,6.3;28.6,6.3;28.55,6.3;28.5,6.3;28.45,6.3;28.4,6.3;28.35,6.3;28.3,6.3;28.25,6.3;28.2,6.3;28.2,3.9;28.2,3.75;28.2,3.65;28.2,3.5;28.2,3.4;28.2,3.3;28.2,3.2;28.25,3.2;28.3,3.2;28.35,3.2;28.4,3.2;28.45,3.2;28.5,3.2;28.55,3.2;28.6,3.2;28.65,3.2;28.7,3.2;28.75,3.2;28.75,3.2;28.75,3.15;28.75,3.05;28.75,2.95;28.75,2.8;28.75,2.7;28.75,2.55;28.75,2.5;28.75,2.5;28.7,2.5;28.7,2.45;28.7,2.45;28.65,2.45;28.65,2.4;28.65,2.4;28.6,2.4;28.6,2.35;28.6,2.35;28.55,2.35;28.55,2.3;28.55,2.3;28.5,2.3;28.5,2.25;28.5,2.25;28.45,2.25;28.45,2.2;28.45,2.2;28.4,2.2;28.4,2.15;28.4,2.15;28.35,2.15;28.35,2.1;28.35,2.1;28.3,2.1;28.3,2.05;28.3,2.05;28.25,2.05;28.25,2.0;28.25,2.0;28.2,2.0;28.2,1.95;28.2,1.95;28.15,1.95;28.15,1.9;28.15,1.9;28.1,1.9;28.1,1.85;28.1,1.85;28.05,1.85;28.05,1.8;28.05,1.8;28.0,1.8;28.0,1.75;28.0,1.75;27.95,1.75;27.95,1.7;27.95,1.7;27.9,1.7;27.9,1.65;27.9,1.65;27.85,1.65;27.85,1.6;27.85,1.6;27.8,1.6;27.8,1.55;27.8,1.55;27.75,1.55;27.75,1.5;27.75,1.5;27.7,1.5;27.7,1.45;27.7,1.45;27.65,1.45;27.65,1.4;27.65,1.4;27.6,1.4;27.6,1.35;27.6,1.35;27.55,1.35;27.55,1.3;27.55,1.3;27.5,1.3;27.5,1.25;27.5,1.25;27.45,1.25;27.45,1.2;27.45,1.2;27.4,1.2;27.4,1.15;27.4,1.15;27.35,1.15;27.35,1.1;27.35,1.1;27.3,1.1;27.3,1.05;27.3,1.05;27.25,1.05;27.25,1.0;27.25,1.0;27.2,1.0;27.2,0.95;27.2,0.95;27.15,0.95;27.15,0.9;27.15,0.9;27.1,0.9;27.1,0.85;27.1,0.85;27.05,0.85;27.05,0.8;27.05,0.8;27.0,0.8;27.0,0.75;27.0,0.75;26.95,0.75;26.95,0.7;26.95,0.7;26.9,0.7;26.9,0.65;26.9,0.65;26.85,0.65;26.85,0.6;26.85,0.6;26.8,0.6;26.8,0.55;26.8,0.55;26.75,0.55;26.75,0.5;26.75,0.5;26.7,0.5;26.7,0.45;26.7,0.45;26.65,0.45;26.65,0.4;26.65,0.4;26.6,0.4;26.6,0.35;26.6,0.35;26.55,0.35;26.55,0.3;26.55,0.3;26.5,0.3;26.5,0.25;26.5,0.25;26.45,0.25;26.45,0.2;26.45,0.2;26.4,0.2;26.4,0.1;26.4,0.1;26.35,0.1;26.35,0.05;26.35,0.05;26.3,0.05;26.3,0.0;26.3,-0.0;26.25,-0.0;26.25,0.0",TRANSFERIDO
L1,L1_P_RB_c3_r0,L1_P_RB_c3_r0_T076,WALL,M005..M008,,,8.382343,6.22935,52.216546,"28.75,2.55;28.75,2.7;28.75,2.8;28.75,2.95;28.75,3.05;28.75,3.15;28.75,3.2;28.75,3.2;28.8,3.2;28.85,3.2;28.9,3.2;28.95,3.2;29.0,3.2;29.05,3.2;29.1,3.2;29.15,3.2;29.2,3.2;29.25,3.2;29.3,3.2;29.35,3.2;29.4,3.2;29.45,3.2;29.5,3.2;29.55,3.2;29.6,3.2;29.65,3.2;29.7,3.2;29.75,3.2;29.8,3.2;29.85,3.2;29.9,3.2;29.95,3.2;30.0,3.2;30.05,3.2;30.1,3.2;30.15,3.2;30.2,3.2;30.25,3.2;30.3,3.2;30.35,3.2;30.4,3.2;30.45,3.2;30.5,3.2;30.55,3.2;30.6,3.2;30.65,3.2;30.7,3.2;30.75,3.2;30.8,3.2;30.85,3.2;30.9,3.2;30.95,3.2;31.0,3.2;31.05,3.2;31.1,3.2;31.15,3.2;31.2,3.2;31.25,3.2;31.25,3.2;31.25,3.15;31.25,3.05;31.25,2.95;31.25,2.8;31.25,2.7;31.25,2.55;31.25,2.45;31.25,2.35;31.25,2.2;31.25,2.1;31.25,1.95;31.25,1.9;31.25,1.85;31.25,1.75;31.25,1.7;31.25,1.65;31.25,1.6;31.25,1.55;31.25,1.5;31.25,1.4;31.25,1.35;31.25,1.3;31.25,1.25;31.25,1.2;31.25,1.1;31.25,1.05;31.25,0.2;31.25,0.1;31.25,0.05;31.25,0.0;31.25,-0.0;31.2,-0.0;31.2,0.0;31.2,0.05;31.15,0.05;31.15,0.05;31.15,0.1;31.1,0.1;31.1,0.1;31.1,0.15;31.05,0.15;31.05,0.15;31.05,0.2;31.0,0.2;31.0,0.2;31.0,0.25;30.95,0.25;30.95,0.25;30.95,0.3;30.9,0.3;30.9,0.3;30.9,0.35;30.85,0.35;30.85,0.35;30.85,0.4;30.8,0.4;30.8,0.4;30.8,0.45;30.75,0.45;30.75,0.45;30.75,0.5;30.7,0.5;30.7,0.5;30.7,0.55;30.65,0.55;30.65,0.55;30.65,0.6;30.6,0.6;30.6,0.6;30.6,0.65;30.55,0.65;30.55,0.65;30.55,0.7;30.5,0.7;30.5,0.7;30.5,0.75;30.45,0.75;30.45,0.75;30.45,0.8;30.4,0.8;30.4,0.8;30.4,0.85;30.35,0.85;30.35,0.85;30.35,0.9;30.3,0.9;30.3,0.9;30.3,0.95;30.25,0.95;30.25,0.95;30.25,1.0;30.2,1.0;30.2,1.0;30.2,1.05;30.15,1.05;30.15,1.05;30.15,1.1;30.1,1.1;30.1,1.1;30.1,1.15;30.05,1.15;30.05,1.15;30.05,1.2;30.0,1.2;30.0,1.2;30.0,1.25;29.95,1.25;29.95,1.25;29.95,1.3;29.9,1.3;29.9,1.3;29.9,1.35;29.85,1.35;29.85,1.35;29.85,1.4;29.8,1.4;29.8,1.4;29.8,1.45;29.75,1.45;29.75,1.45;29.75,1.5;29.7,1.5;29.7,1.5;29.7,1.55;29.65,1.55;29.65,1.55;29.65,1.6;29.6,1.6;29.6,1.6;29.6,1.65;29.55,1.65;29.55,1.65;29.55,1.7;29.5,1.7;29.5,1.7;29.5,1.75;29.45,1.75;29.45,1.75;29.45,1.8;29.4,1.8;29.4,1.8;29.4,1.85;29.35,1.85;29.35,1.85;29.35,1.9;29.3,1.9;29.3,1.9;29.3,1.95;29.25,1.95;29.25,1.95;29.25,2.0;29.2,2.0;29.2,2.0;29.2,2.05;29.15,2.05;29.15,2.05;29.15,2.1;29.1,2.1;29.1,2.1;29.1,2.15;29.05,2.15;29.05,2.15;29.05,2.2;29.0,2.2;29.0,2.2;29.0,2.25;28.95,2.25;28.95,2.25;28.95,2.3;28.9,2.3;28.9,2.3;28.9,2.35;28.85,2.35;28.85,2.35;28.85,2.4;28.8,2.4;28.8,2.4;28.8,2.45;28.75,2.45;28.75,2.45;28.75,2.55|28.8,6.45;28.8,6.5;28.8,6.5;28.85,6.5;28.85,6.55;28.85,6.55;28.9,6.55;28.9,6.6;28.9,6.6;28.95,6.6;28.95,6.65;28.95,6.65;29.0,6.65;29.0,6.7;29.0,6.7;29.05,6.7;29.05,6.75;29.05,6.75;29.1,6.75;29.1,6.8;29.1,6.8;29.15,6.8;29.15,6.85;29.15,6.85;29.2,6.85;29.2,6.9;29.2,6.9;29.25,6.9;29.25,6.95;29.25,6.95;29.3,6.95;29.3,7.0;29.3,7.0;29.35,7.0;29.35,7.05;29.35,7.05;29.4,7.05;29.4,7.1;29.4,7.1;29.45,7.1;29.45,7.15;29.45,7.15;29.5,7.15;29.5,7.2;29.5,7.2;29.55,7.2;29.55,7.25;29.55,7.25;29.6,7.25;29.6,7.3;29.6,7.3;29.65,7.3;29.65,7.35;29.65,7.35;29.7,7.35;29.7,7.4;29.7,7.4;29.75,7.4;29.75,7.45;29.75,7.45;29.8,7.45;29.8,7.5;29.8,7.5;29.85,7.5;29.85,7.55;29.85,7.55;29.9,7.55;29.9,7.6;29.9,7.6;29.95,7.6;29.95,7.65;29.95,7.65;30.0,7.65;30.0,7.7;30.0,7.7;30.05,7.7;30.05,7.75;30.05,7.75;30.1,7.75;30.1,7.8;30.1,7.8;30.15,7.8;30.15,7.85;30.15,7.85;30.2,7.85;30.2,7.9;30.2,7.9;30.25,7.9;30.25,7.95;30.25,7.95;30.3,7.95;30.3,8.0;30.3,8.0;30.35,8.0;30.35,8.05;30.35,8.05;30.4,8.05;30.4,8.1;30.4,8.1;30.45,8.1;30.45,8.15;30.45,8.15;30.5,8.15;30.5,8.2;30.5,8.2;30.55,8.2;30.55,8.25;30.55,8.25;30.6,8.25;30.6,8.3;30.6,8.3;30.65,8.3;30.65,8.35;30.65,8.35;30.7,8.35;30.7,8.4;30.7,8.4;30.75,8.4;30.75,8.45;30.75,8.45;30.8,8.45;30.8,8.5;30.8,8.5;30.85,8.5;30.85,8.55;30.85,8.55;30.9,8.55;30.9,8.6;30.9,8.6;30.95,8.6;30.95,8.65;30.95,8.65;31.0,8.65;31.0,8.7;31.0,8.7;31.05,8.7;31.05,8.75;31.05,8.75;31.1,8.75;31.1,8.8;31.1,8.8;31.15,8.8;31.15,8.85;31.15,8.85;31.2,8.85;31.2,8.9;31.2,8.9;31.25,8.9;31.25,8.9;31.25,6.3;31.25,6.3;31.2,6.3;31.15,6.3;31.1,6.3;31.05,6.3;31.0,6.3;30.95,6.3;30.9,6.3;30.85,6.3;30.8,6.3;30.75,6.3;30.7,6.3;30.65,6.3;30.6,6.3;30.55,6.3;30.5,6.3;30.45,6.3;30.4,6.3;30.35,6.3;30.3,6.3;30.25,6.3;30.2,6.3;30.15,6.3;30.1,6.3;30.05,6.3;30.0,6.3;29.95,6.3;29.9,6.3;29.85,6.3;29.8,6.3;29.75,6.3;29.7,6.3;29.65,6.3;29.6,6.3;29.55,6.3;29.5,6.3;29.45,6.3;29.4,6.3;29.35,6.3;29.3,6.3;29.25,6.3;29.2,6.3;29.15,6.3;29.1,6.3;29.05,6.3;29.0,6.3;28.95,6.3;28.9,6.3;28.85,6.3;28.8,6.3;28.75,6.3;28.75,6.3;28.75,6.45;28.75,6.45",WALL_EDGE_PENDING
L1,L1_P_RB_c3_r1,L1_P_RB_c3_r1_T077,BEAM,L1_BD_V60_08,L1_BD_V60_08,2120.0,6.125,6.22935,38.154769,"26.35,8.95;26.35,9.0;26.35,9.0;26.4,9.0;26.4,9.05;26.4,9.05;26.45,9.05;26.45,9.1;26.45,9.1;26.5,9.1;26.5,9.15;26.5,9.15;26.55,9.15;26.55,9.2;26.55,9.2;26.6,9.2;26.6,9.25;26.6,9.25;26.65,9.25;26.65,9.3;26.65,9.3;26.7,9.3;26.7,9.35;26.7,9.35;26.75,9.35;26.75,9.4;26.75,9.4;26.8,9.4;26.8,9.45;26.8,9.45;26.85,9.45;26.85,9.5;26.85,9.5;26.9,9.5;26.9,9.55;26.9,9.55;26.95,9.55;26.95,9.6;26.95,9.6;27.0,9.6;27.0,9.65;27.0,9.65;27.05,9.65;27.05,9.7;27.05,9.7;27.1,9.7;27.1,9.75;27.1,9.75;27.15,9.75;27.15,9.8;27.15,9.8;27.2,9.8;27.2,9.85;27.2,9.85;27.25,9.85;27.25,9.9;27.25,9.9;27.3,9.9;27.3,9.95;27.3,9.95;27.35,9.95;27.35,10.0;27.35,10.0;27.4,10.0;27.4,10.05;27.4,10.05;27.45,10.05;27.45,10.1;27.45,10.1;27.5,10.1;27.5,10.15;27.5,10.15;27.55,10.15;27.55,10.2;27.55,10.2;27.6,10.2;27.6,10.25;27.6,10.25;27.65,10.25;27.65,10.3;27.65,10.3;27.7,10.3;27.7,10.35;27.7,10.35;27.75,10.35;27.75,10.4;27.75,10.4;27.8,10.4;27.8,10.45;27.8,10.45;27.85,10.45;27.85,10.5;27.85,10.5;27.9,10.5;27.9,10.55;27.9,10.55;27.95,10.55;27.95,10.6;27.95,10.6;28.0,10.6;28.0,10.65;28.0,10.65;28.05,10.65;28.05,10.7;28.05,10.7;28.1,10.7;28.1,10.75;28.1,10.75;28.15,10.75;28.15,10.8;28.15,10.8;28.2,10.8;28.2,10.85;28.2,10.85;28.25,10.85;28.25,10.9;28.25,10.9;28.3,10.9;28.3,10.95;28.3,10.95;28.35,10.95;28.35,11.0;28.35,11.0;28.4,11.0;28.4,11.05;28.4,11.05;28.45,11.05;28.45,11.1;28.45,11.1;28.5,11.1;28.5,11.15;28.5,11.15;28.55,11.15;28.55,11.2;28.55,11.2;28.6,11.2;28.6,11.25;28.6,11.25;28.65,11.25;28.65,11.3;28.65,11.3;28.7,11.3;28.7,11.35;28.7,11.35;28.75,11.35;28.8,11.35;28.8,11.35;28.8,11.3;28.85,11.3;28.85,11.3;28.85,11.25;28.9,11.25;28.9,11.25;28.9,11.2;28.95,11.2;28.95,11.2;28.95,11.15;29.0,11.15;29.0,11.15;29.0,11.1;29.05,11.1;29.05,11.1;29.05,11.05;29.1,11.05;29.1,11.05;29.1,11.0;29.15,11.0;29.15,11.0;29.15,10.95;29.2,10.95;29.2,10.95;29.2,10.9;29.25,10.9;29.25,10.9;29.25,10.85;29.3,10.85;29.3,10.85;29.3,10.8;29.35,10.8;29.35,10.8;29.35,10.75;29.4,10.75;29.4,10.75;29.4,10.7;29.45,10.7;29.45,10.7;29.45,10.65;29.5,10.65;29.5,10.65;29.5,10.6;29.55,10.6;29.55,10.6;29.55,10.55;29.6,10.55;29.6,10.55;29.6,10.5;29.65,10.5;29.65,10.5;29.65,10.45;29.7,10.45;29.7,10.45;29.7,10.4;29.75,10.4;29.75,10.4;29.75,10.35;29.8,10.35;29.8,10.35;29.8,10.3;29.85,10.3;29.85,10.3;29.85,10.25;29.9,10.25;29.9,10.25;29.9,10.2;29.95,10.2;29.95,10.2;29.95,10.15;30.0,10.15;30.0,10.15;30.0,10.1;30.05,10.1;30.05,10.1;30.05,10.05;30.1,10.05;30.1,10.05;30.1,10.0;30.15,10.0;30.15,10.0;30.15,9.95;30.2,9.95;30.2,9.95;30.2,9.9;30.25,9.9;30.25,9.9;30.25,9.85;30.3,9.85;30.3,9.85;30.3,9.8;30.35,9.8;30.35,9.8;30.35,9.75;30.4,9.75;30.4,9.75;30.4,9.7;30.45,9.7;30.45,9.7;30.45,9.65;30.5,9.65;30.5,9.65;30.5,9.6;30.55,9.6;30.55,9.6;30.55,9.55;30.6,9.55;30.6,9.55;30.6,9.5;30.65,9.5;30.65,9.5;30.65,9.45;30.7,9.45;30.7,9.45;30.7,9.4;30.75,9.4;30.75,9.4;30.75,9.35;30.8,9.35;30.8,9.35;30.8,9.3;30.85,9.3;30.85,9.3;30.85,9.25;30.9,9.25;30.9,9.25;30.9,9.2;30.95,9.2;30.95,9.2;30.95,9.15;31.0,9.15;31.0,9.15;31.0,9.1;31.05,9.1;31.05,9.1;31.05,9.05;31.1,9.05;31.1,9.05;31.1,9.0;31.15,9.0;31.15,9.0;31.15,8.95;31.2,8.95;31.2,8.95;31.2,8.9;31.2,8.9;31.15,8.9;31.1,8.9;31.05,8.9;31.0,8.9;30.95,8.9;30.9,8.9;30.85,8.9;30.8,8.9;30.75,8.9;30.7,8.9;30.65,8.9;30.6,8.9;30.55,8.9;30.5,8.9;30.45,8.9;30.4,8.9;30.35,8.9;30.3,8.9;30.25,8.9;30.2,8.9;30.15,8.9;30.1,8.9;30.05,8.9;30.0,8.9;29.95,8.9;29.9,8.9;29.85,8.9;29.8,8.9;29.75,8.9;29.7,8.9;29.65,8.9;29.6,8.9;29.55,8.9;29.5,8.9;29.45,8.9;29.4,8.9;29.35,8.9;29.3,8.9;29.25,8.9;29.2,8.9;29.15,8.9;29.1,8.9;29.05,8.9;29.0,8.9;28.95,8.9;28.9,8.9;28.85,8.9;28.8,8.9;28.75,8.9;28.7,8.9;28.65,8.9;28.6,8.9;28.55,8.9;28.5,8.9;28.45,8.9;28.4,8.9;28.35,8.9;28.3,8.9;28.25,8.9;28.2,8.9;28.15,8.9;28.1,8.9;28.05,8.9;28.0,8.9;27.95,8.9;27.9,8.9;27.85,8.9;27.8,8.9;27.75,8.9;27.7,8.9;27.65,8.9;27.6,8.9;27.55,8.9;27.5,8.9;27.45,8.9;27.4,8.9;27.35,8.9;27.3,8.9;27.25,8.9;27.2,8.9;27.15,8.9;27.1,8.9;27.05,8.9;27.0,8.9;26.95,8.9;26.9,8.9;26.85,8.9;26.8,8.9;26.75,8.9;26.7,8.9;26.65,8.9;26.6,8.9;26.55,8.9;26.5,8.9;26.45,8.9;26.4,8.9;26.35,8.9;26.3,8.9;26.3,8.9;26.3,8.95;26.3,8.95",TRANSFERIDO
L1,L1_P_RB_c3_r1,L1_P_RB_c3_r1_T078,BEAM,L1_BD_V60_12,L1_BD_V60_12,2124.0,6.375,6.22935,39.712106,"26.3,16.1;26.25,16.1;26.25,16.1;26.25,16.15;26.25,16.15;26.3,16.15;26.35,16.15;26.4,16.15;26.45,16.15;26.5,16.15;26.55,16.15;26.6,16.15;26.65,16.15;26.7,16.15;26.75,16.15;26.8,16.15;26.85,16.15;26.9,16.15;26.95,16.15;27.0,16.15;27.05,16.15;27.1,16.15;27.15,16.15;27.2,16.15;27.25,16.15;27.3,16.15;27.35,16.15;27.4,16.15;27.45,16.15;27.5,16.15;27.55,16.15;27.6,16.15;27.65,16.15;27.7,16.15;27.75,16.15;27.8,16.15;27.85,16.15;27.9,16.15;27.95,16.15;28.0,16.15;28.05,16.15;28.1,16.15;28.15,16.15;28.2,16.15;28.25,16.15;28.3,16.15;28.35,16.15;28.4,16.15;28.45,16.15;28.5,16.15;28.55,16.15;28.6,16.15;28.65,16.15;28.7,16.15;28.75,16.15;28.8,16.15;28.85,16.15;28.9,16.15;28.95,16.15;29.0,16.15;29.05,16.15;29.1,16.15;29.15,16.15;29.2,16.15;29.25,16.15;29.3,16.15;29.35,16.15;29.4,16.15;29.45,16.15;29.5,16.15;29.55,16.15;29.6,16.15;29.65,16.15;29.7,16.15;29.75,16.15;29.8,16.15;29.85,16.15;29.9,16.15;29.95,16.15;30.0,16.15;30.05,16.15;30.1,16.15;30.15,16.15;30.2,16.15;30.25,16.15;30.3,16.15;30.35,16.15;30.4,16.15;30.45,16.15;30.5,16.15;30.55,16.15;30.6,16.15;30.65,16.15;30.7,16.15;30.75,16.15;30.8,16.15;30.85,16.15;30.9,16.15;30.95,16.15;31.0,16.15;31.05,16.15;31.1,16.15;31.15,16.15;31.2,16.15;31.25,16.15;31.25,16.15;31.25,16.1;31.25,16.1;31.2,16.1;31.2,16.05;31.2,16.05;31.15,16.05;31.15,16.0;31.15,16.0;31.1,16.0;31.1,15.95;31.1,15.95;31.05,15.95;31.05,15.9;31.05,15.9;31.0,15.9;31.0,15.85;31.0,15.85;30.95,15.85;30.95,15.8;30.95,15.8;30.9,15.8;30.9,15.75;30.9,15.75;30.85,15.75;30.85,15.7;30.85,15.7;30.8,15.7;30.8,15.65;30.8,15.65;30.75,15.65;30.75,15.6;30.75,15.6;30.7,15.6;30.7,15.55;30.7,15.55;30.65,15.55;30.65,15.5;30.65,15.5;30.6,15.5;30.6,15.45;30.6,15.45;30.55,15.45;30.55,15.4;30.55,15.4;30.5,15.4;30.5,15.35;30.5,15.35;30.45,15.35;30.45,15.3;30.45,15.3;30.4,15.3;30.4,15.25;30.4,15.25;30.35,15.25;30.35,15.2;30.35,15.2;30.3,15.2;30.3,15.15;30.3,15.15;30.25,15.15;30.25,15.1;30.25,15.1;30.2,15.1;30.2,15.05;30.2,15.05;30.15,15.05;30.15,15.0;30.15,15.0;30.1,15.0;30.1,14.95;30.1,14.95;30.05,14.95;30.05,14.9;30.05,14.9;30.0,14.9;30.0,14.85;30.0,14.85;29.95,14.85;29.95,14.8;29.95,14.8;29.9,14.8;29.9,14.75;29.9,14.75;29.85,14.75;29.85,14.7;29.85,14.7;29.8,14.7;29.8,14.65;29.8,14.65;29.75,14.65;29.75,14.6;29.75,14.6;29.7,14.6;29.7,14.55;29.7,14.55;29.65,14.55;29.65,14.5;29.65,14.5;29.6,14.5;29.6,14.45;29.6,14.45;29.55,14.45;29.55,14.4;29.55,14.4;29.5,14.4;29.5,14.35;29.5,14.35;29.45,14.35;29.45,14.3;29.45,14.3;29.4,14.3;29.4,14.25;29.4,14.25;29.35,14.25;29.35,14.2;29.35,14.2;29.3,14.2;29.3,14.15;29.3,14.15;29.25,14.15;29.25,14.1;29.25,14.1;29.2,14.1;29.2,14.05;29.2,14.05;29.15,14.05;29.15,14.0;29.15,14.0;29.1,14.0;29.1,13.95;29.1,13.95;29.05,13.95;29.05,13.9;29.05,13.9;29.0,13.9;29.0,13.85;29.0,13.85;28.95,13.85;28.95,13.8;28.95,13.8;28.9,13.8;28.9,13.75;28.9,13.75;28.85,13.75;28.85,13.7;28.85,13.7;28.8,13.7;28.8,13.65;28.8,13.65;28.75,13.65;28.7,13.65;28.7,13.65;28.7,13.7;28.65,13.7;28.65,13.7;28.65,13.75;28.6,13.75;28.6,13.75;28.6,13.8;28.55,13.8;28.55,13.8;28.55,13.85;28.5,13.85;28.5,13.85;28.5,13.9;28.45,13.9;28.45,13.9;28.45,13.95;28.4,13.95;28.4,13.95;28.4,14.0;28.35,14.0;28.35,14.0;28.35,14.05;28.3,14.05;28.3,14.05;28.3,14.1;28.25,14.1;28.25,14.1;28.25,14.15;28.2,14.15;28.2,14.15;28.2,14.2;28.15,14.2;28.15,14.2;28.15,14.25;28.1,14.25;28.1,14.25;28.1,14.3;28.05,14.3;28.05,14.3;28.05,14.35;28.0,14.35;28.0,14.35;28.0,14.4;27.95,14.4;27.95,14.4;27.95,14.45;27.9,14.45;27.9,14.45;27.9,14.5;27.85,14.5;27.85,14.5;27.85,14.55;27.8,14.55;27.8,14.55;27.8,14.6;27.75,14.6;27.75,14.6;27.75,14.65;27.7,14.65;27.7,14.65;27.7,14.7;27.65,14.7;27.65,14.7;27.65,14.75;27.6,14.75;27.6,14.75;27.6,14.8;27.55,14.8;27.55,14.8;27.55,14.85;27.5,14.85;27.5,14.85;27.5,14.9;27.45,14.9;27.45,14.9;27.45,14.95;27.4,14.95;27.4,14.95;27.4,15.0;27.35,15.0;27.35,15.0;27.35,15.05;27.3,15.05;27.3,15.05;27.3,15.1;27.25,15.1;27.25,15.1;27.25,15.15;27.2,15.15;27.2,15.15;27.2,15.2;27.15,15.2;27.15,15.2;27.15,15.25;27.1,15.25;27.1,15.25;27.1,15.3;27.05,15.3;27.05,15.3;27.05,15.35;27.0,15.35;27.0,15.35;27.0,15.4;26.95,15.4;26.95,15.4;26.95,15.45;26.9,15.45;26.9,15.45;26.9,15.5;26.85,15.5;26.85,15.5;26.85,15.55;26.8,15.55;26.8,15.55;26.8,15.6;26.75,15.6;26.75,15.6;26.75,15.65;26.7,15.65;26.7,15.65;26.7,15.7;26.65,15.7;26.65,15.7;26.65,15.75;26.6,15.75;26.6,15.75;26.6,15.8;26.55,15.8;26.55,15.8;26.55,15.85;26.5,15.85;26.5,15.85;26.5,15.9;26.45,15.9;26.45,15.9;26.45,15.95;26.4,15.95;26.4,15.95;26.4,16.0;26.35,16.0;26.35,16.0;26.35,16.05;26.3,16.05;26.3,16.05",TRANSFERIDO
L1,L1_P_RB_c3_r1,L1_P_RB_c3_r1_T079,BEAM,L1_BD_V60_18,L1_BD_V60_18,2130.0,11.875,6.22935,73.973531,"26.25,16.0;26.25,16.05;26.25,16.1;26.25,16.1;26.3,16.1;26.3,16.1;26.3,16.05;26.35,16.05;26.35,16.05;26.35,16.0;26.4,16.0;26.4,16.0;26.4,15.95;26.45,15.95;26.45,15.95;26.45,15.9;26.5,15.9;26.5,15.9;26.5,15.85;26.55,15.85;26.55,15.85;26.55,15.8;26.6,15.8;26.6,15.8;26.6,15.75;26.65,15.75;26.65,15.75;26.65,15.7;26.7,15.7;26.7,15.7;26.7,15.65;26.75,15.65;26.75,15.65;26.75,15.6;26.8,15.6;26.8,15.6;26.8,15.55;26.85,15.55;26.85,15.55;26.85,15.5;26.9,15.5;26.9,15.5;26.9,15.45;26.95,15.45;26.95,15.45;26.95,15.4;27.0,15.4;27.0,15.4;27.0,15.35;27.05,15.35;27.05,15.35;27.05,15.3;27.1,15.3;27.1,15.3;27.1,15.25;27.15,15.25;27.15,15.25;27.15,15.2;27.2,15.2;27.2,15.2;27.2,15.15;27.25,15.15;27.25,15.15;27.25,15.1;27.3,15.1;27.3,15.1;27.3,15.05;27.35,15.05;27.35,15.05;27.35,15.0;27.4,15.0;27.4,15.0;27.4,14.95;27.45,14.95;27.45,14.95;27.45,14.9;27.5,14.9;27.5,14.9;27.5,14.85;27.55,14.85;27.55,14.85;27.55,14.8;27.6,14.8;27.6,14.8;27.6,14.75;27.65,14.75;27.65,14.75;27.65,14.7;27.7,14.7;27.7,14.7;27.7,14.65;27.75,14.65;27.75,14.65;27.75,14.6;27.8,14.6;27.8,14.6;27.8,14.55;27.85,14.55;27.85,14.55;27.85,14.5;27.9,14.5;27.9,14.5;27.9,14.45;27.95,14.45;27.95,14.45;27.95,14.4;28.0,14.4;28.0,14.4;28.0,14.35;28.05,14.35;28.05,14.35;28.05,14.3;28.1,14.3;28.1,14.3;28.1,14.25;28.15,14.25;28.15,14.25;28.15,14.2;28.2,14.2;28.2,14.2;28.2,14.15;28.25,14.15;28.25,14.15;28.25,14.1;28.3,14.1;28.3,14.1;28.3,14.05;28.35,14.05;28.35,14.05;28.35,14.0;28.4,14.0;28.4,14.0;28.4,13.95;28.45,13.95;28.45,13.95;28.45,13.9;28.5,13.9;28.5,13.9;28.5,13.85;28.55,13.85;28.55,13.85;28.55,13.8;28.6,13.8;28.6,13.8;28.6,13.75;28.65,13.75;28.65,13.75;28.65,13.7;28.7,13.7;28.7,13.7;28.7,13.65;28.75,13.65;28.75,13.65;28.75,11.35;28.75,11.35;28.7,11.35;28.7,11.3;28.7,11.3;28.65,11.3;28.65,11.25;28.65,11.25;28.6,11.25;28.6,11.2;28.6,11.2;28.55,11.2;28.55,11.15;28.55,11.15;28.5,11.15;28.5,11.1;28.5,11.1;28.45,11.1;28.45,11.05;28.45,11.05;28.4,11.05;28.4,11.0;28.4,11.0;28.35,11.0;28.35,10.95;28.35,10.95;28.3,10.95;28.3,10.9;28.3,10.9;28.25,10.9;28.25,10.85;28.25,10.85;28.2,10.85;28.2,10.8;28.2,10.8;28.15,10.8;28.15,10.75;28.15,10.75;28.1,10.75;28.1,10.7;28.1,10.7;28.05,10.7;28.05,10.65;28.05,10.65;28.0,10.65;28.0,10.6;28.0,10.6;27.95,10.6;27.95,10.55;27.95,10.55;27.9,10.55;27.9,10.5;27.9,10.5;27.85,10.5;27.85,10.45;27.85,10.45;27.8,10.45;27.8,10.4;27.8,10.4;27.75,10.4;27.75,10.35;27.75,10.35;27.7,10.35;27.7,10.3;27.7,10.3;27.65,10.3;27.65,10.25;27.65,10.25;27.6,10.25;27.6,10.2;27.6,10.2;27.55,10.2;27.55,10.15;27.55,10.15;27.5,10.15;27.5,10.1;27.5,10.1;27.45,10.1;27.45,10.05;27.45,10.05;27.4,10.05;27.4,10.0;27.4,10.0;27.35,10.0;27.35,9.95;27.35,9.95;27.3,9.95;27.3,9.9;27.3,9.9;27.25,9.9;27.25,9.85;27.25,9.85;27.2,9.85;27.2,9.8;27.2,9.8;27.15,9.8;27.15,9.75;27.15,9.75;27.1,9.75;27.1,9.7;27.1,9.7;27.05,9.7;27.05,9.65;27.05,9.65;27.0,9.65;27.0,9.6;27.0,9.6;26.95,9.6;26.95,9.55;26.95,9.55;26.9,9.55;26.9,9.5;26.9,9.5;26.85,9.5;26.85,9.45;26.85,9.45;26.8,9.45;26.8,9.4;26.8,9.4;26.75,9.4;26.75,9.35;26.75,9.35;26.7,9.35;26.7,9.3;26.7,9.3;26.65,9.3;26.65,9.25;26.65,9.25;26.6,9.25;26.6,9.2;26.6,9.2;26.55,9.2;26.55,9.15;26.55,9.15;26.5,9.15;26.5,9.1;26.5,9.1;26.45,9.1;26.45,9.05;26.45,9.05;26.4,9.05;26.4,9.0;26.4,9.0;26.35,9.0;26.35,8.95;26.35,8.95;26.3,8.95;26.3,8.9;26.3,8.9;26.25,8.9;26.25,8.9",TRANSFERIDO
L1,L1_P_RB_c3_r1,L1_P_RB_c3_r1_T080,WALL,M005..M008,,,11.875,6.22935,73.973531,"28.75,13.65;28.75,13.65;28.8,13.65;28.8,13.7;28.8,13.7;28.85,13.7;28.85,13.75;28.85,13.75;28.9,13.75;28.9,13.8;28.9,13.8;28.95,13.8;28.95,13.85;28.95,13.85;29.0,13.85;29.0,13.9;29.0,13.9;29.05,13.9;29.05,13.95;29.05,13.95;29.1,13.95;29.1,14.0;29.1,14.0;29.15,14.0;29.15,14.05;29.15,14.05;29.2,14.05;29.2,14.1;29.2,14.1;29.25,14.1;29.25,14.15;29.25,14.15;29.3,14.15;29.3,14.2;29.3,14.2;29.35,14.2;29.35,14.25;29.35,14.25;29.4,14.25;29.4,14.3;29.4,14.3;29.45,14.3;29.45,14.35;29.45,14.35;29.5,14.35;29.5,14.4;29.5,14.4;29.55,14.4;29.55,14.45;29.55,14.45;29.6,14.45;29.6,14.5;29.6,14.5;29.65,14.5;29.65,14.55;29.65,14.55;29.7,14.55;29.7,14.6;29.7,14.6;29.75,14.6;29.75,14.65;29.75,14.65;29.8,14.65;29.8,14.7;29.8,14.7;29.85,14.7;29.85,14.75;29.85,14.75;29.9,14.75;29.9,14.8;29.9,14.8;29.95,14.8;29.95,14.85;29.95,14.85;30.0,14.85;30.0,14.9;30.0,14.9;30.05,14.9;30.05,14.95;30.05,14.95;30.1,14.95;30.1,15.0;30.1,15.0;30.15,15.0;30.15,15.05;30.15,15.05;30.2,15.05;30.2,15.1;30.2,15.1;30.25,15.1;30.25,15.15;30.25,15.15;30.3,15.15;30.3,15.2;30.3,15.2;30.35,15.2;30.35,15.25;30.35,15.25;30.4,15.25;30.4,15.3;30.4,15.3;30.45,15.3;30.45,15.35;30.45,15.35;30.5,15.35;30.5,15.4;30.5,15.4;30.55,15.4;30.55,15.45;30.55,15.45;30.6,15.45;30.6,15.5;30.6,15.5;30.65,15.5;30.65,15.55;30.65,15.55;30.7,15.55;30.7,15.6;30.7,15.6;30.75,15.6;30.75,15.65;30.75,15.65;30.8,15.65;30.8,15.7;30.8,15.7;30.85,15.7;30.85,15.75;30.85,15.75;30.9,15.75;30.9,15.8;30.9,15.8;30.95,15.8;30.95,15.85;30.95,15.85;31.0,15.85;31.0,15.9;31.0,15.9;31.05,15.9;31.05,15.95;31.05,15.95;31.1,15.95;31.1,16.0;31.1,16.0;31.15,16.0;31.15,16.05;31.15,16.05;31.2,16.05;31.2,16.1;31.2,16.1;31.25,16.1;31.25,16.1;31.25,16.05;31.25,16.0;31.25,8.9;31.25,8.9;31.2,8.9;31.2,8.9;31.2,8.95;31.15,8.95;31.15,8.95;31.15,9.0;31.1,9.0;31.1,9.0;31.1,9.05;31.05,9.05;31.05,9.05;31.05,9.1;31.0,9.1;31.0,9.1;31.0,9.15;30.95,9.15;30.95,9.15;30.95,9.2;30.9,9.2;30.9,9.2;30.9,9.25;30.85,9.25;30.85,9.25;30.85,9.3;30.8,9.3;30.8,9.3;30.8,9.35;30.75,9.35;30.75,9.35;30.75,9.4;30.7,9.4;30.7,9.4;30.7,9.45;30.65,9.45;30.65,9.45;30.65,9.5;30.6,9.5;30.6,9.5;30.6,9.55;30.55,9.55;30.55,9.55;30.55,9.6;30.5,9.6;30.5,9.6;30.5,9.65;30.45,9.65;30.45,9.65;30.45,9.7;30.4,9.7;30.4,9.7;30.4,9.75;30.35,9.75;30.35,9.75;30.35,9.8;30.3,9.8;30.3,9.8;30.3,9.85;30.25,9.85;30.25,9.85;30.25,9.9;30.2,9.9;30.2,9.9;30.2,9.95;30.15,9.95;30.15,9.95;30.15,10.0;30.1,10.0;30.1,10.0;30.1,10.05;30.05,10.05;30.05,10.05;30.05,10.1;30.0,10.1;30.0,10.1;30.0,10.15;29.95,10.15;29.95,10.15;29.95,10.2;29.9,10.2;29.9,10.2;29.9,10.25;29.85,10.25;29.85,10.25;29.85,10.3;29.8,10.3;29.8,10.3;29.8,10.35;29.75,10.35;29.75,10.35;29.75,10.4;29.7,10.4;29.7,10.4;29.7,10.45;29.65,10.45;29.65,10.45;29.65,10.5;29.6,10.5;29.6,10.5;29.6,10.55;29.55,10.55;29.55,10.55;29.55,10.6;29.5,10.6;29.5,10.6;29.5,10.65;29.45,10.65;29.45,10.65;29.45,10.7;29.4,10.7;29.4,10.7;29.4,10.75;29.35,10.75;29.35,10.75;29.35,10.8;29.3,10.8;29.3,10.8;29.3,10.85;29.25,10.85;29.25,10.85;29.25,10.9;29.2,10.9;29.2,10.9;29.2,10.95;29.15,10.95;29.15,10.95;29.15,11.0;29.1,11.0;29.1,11.0;29.1,11.05;29.05,11.05;29.05,11.05;29.05,11.1;29.0,11.1;29.0,11.1;29.0,11.15;28.95,11.15;28.95,11.15;28.95,11.2;28.9,11.2;28.9,11.2;28.9,11.25;28.85,11.25;28.85,11.25;28.85,11.3;28.8,11.3;28.8,11.3;28.8,11.35;28.75,11.35;28.75,11.35",WALL_EDGE_PENDING
L2,L2_P_LB_c0_r0,L2_P_LB_c0_r0_T081,BEAM,L2_V001,L2_V001,2021.0,1.793809,6.22935,11.174263,"1.85,0.05;1.85,0.1;1.85,0.2;1.85,1.05;1.85,1.1;1.85,1.2;1.85,1.25;1.85,1.3;1.85,1.35;1.85,1.4;1.85,1.45;1.85,1.45;1.9,1.45;1.9,1.5;1.9,1.5;1.95,1.5;1.95,1.55;1.95,1.55;2.0,1.55;2.0,1.6;2.0,1.6;2.05,1.6;2.05,1.65;2.05,1.65;2.1,1.65;2.1,1.65;2.1,1.6;2.2,1.6;2.2,1.6;2.2,1.55;2.25,1.55;2.25,1.55;2.25,1.5;2.3,1.5;2.3,1.5;2.3,1.45;2.35,1.45;2.35,1.45;2.35,1.4;2.4,1.4;2.4,1.4;2.4,1.35;2.45,1.35;2.45,1.35;2.45,1.3;2.5,1.3;2.5,1.3;2.5,1.25;2.55,1.25;2.55,1.25;2.55,1.2;2.6,1.2;2.6,1.2;2.6,1.15;2.65,1.15;2.65,1.15;2.65,1.1;2.7,1.1;2.7,1.1;2.7,1.05;2.75,1.05;2.75,1.05;2.75,1.0;2.8,1.0;2.8,1.0;2.8,0.95;2.85,0.95;2.85,0.95;2.85,0.9;2.9,0.9;2.9,0.9;2.9,0.85;2.95,0.85;2.95,0.85;2.95,0.8;3.0,0.8;3.0,0.8;3.0,0.75;3.05,0.75;3.05,0.75;3.05,0.7;3.1,0.7;3.1,0.7;3.1,0.65;3.15,0.65;3.15,0.65;3.15,0.6;3.2,0.6;3.2,0.6;3.2,0.55;3.25,0.55;3.25,0.55;3.25,0.5;3.3,0.5;3.3,0.5;3.3,0.45;3.35,0.45;3.35,0.45;3.35,0.4;3.4,0.4;3.4,0.4;3.4,0.35;3.45,0.35;3.45,0.35;3.45,0.3;3.5,0.3;3.5,0.3;3.5,0.25;3.55,0.25;3.55,0.25;3.55,0.2;3.6,0.2;3.6,0.2;3.6,0.15;3.65,0.15;3.65,0.15;3.65,0.1;3.7,0.1;3.7,0.1;3.7,0.05;3.75,0.05;3.75,0.05;3.75,0.0;3.75,-0.0;3.7,-0.0;3.45,-0.0;3.15,-0.0;2.9,-0.0;2.65,-0.0;2.4,-0.0;2.35,-0.0;2.1,-0.0;2.05,-0.0;1.95,-0.0;1.85,-0.0;1.85,0.0",TRANSFERIDO
L2,L2_P_LB_c0_r0,L2_P_LB_c0_r0_T082,WALL,M002,,,1.0236,6.22935,6.376363,"0.45,0.05;0.45,0.1;0.45,0.1;0.55,0.1;0.55,0.15;0.6,0.15;0.6,0.2;0.65,0.2;0.65,0.25;0.65,0.25;0.7,0.25;0.7,0.3;0.7,0.3;0.75,0.3;0.75,0.35;0.75,0.35;0.8,0.35;0.8,0.4;0.8,0.4;0.85,0.4;0.85,0.45;0.85,0.45;0.9,0.45;0.9,0.5;0.95,0.5;0.95,0.55;1.0,0.55;1.0,0.6;1.05,0.6;1.05,0.65;1.05,0.65;1.1,0.65;1.1,0.7;1.1,0.7;1.15,0.7;1.15,0.75;1.15,0.75;1.2,0.75;1.2,0.8;1.2,0.8;1.25,0.8;1.25,0.85;1.25,0.85;1.3,0.85;1.3,0.9;1.3,0.9;1.35,0.9;1.35,0.95;1.35,0.95;1.4,0.95;1.4,1.0;1.4,1.0;1.45,1.0;1.45,1.05;1.45,1.05;1.5,1.05;1.5,1.1;1.5,1.1;1.55,1.1;1.55,1.15;1.55,1.15;1.6,1.15;1.6,1.2;1.6,1.2;1.65,1.2;1.65,1.25;1.65,1.25;1.7,1.25;1.7,1.3;1.7,1.3;1.75,1.3;1.75,1.35;1.75,1.35;1.8,1.35;1.8,1.4;1.8,1.4;1.85,1.4;1.85,1.4;1.85,1.35;1.85,1.3;1.85,1.25;1.85,1.2;1.85,1.1;1.85,1.05;1.85,0.2;1.85,0.1;1.85,0.05;1.85,0.0;1.85,-0.0;1.8,-0.0;1.7,-0.0;1.65,-0.0;1.6,-0.0;1.55,-0.0;1.45,-0.0;1.4,-0.0;1.35,-0.0;1.25,-0.0;1.2,-0.0;1.1,-0.0;1.05,-0.0;0.4,-0.0;0.4,0.0;0.4,0.05;0.4,0.05",WALL_EDGE_PENDING
L2,L2_P_LB_c0_r0,L2_P_LB_c0_r0_T083,BEAM,L2_V30_01,L2_V30_01,2085.0,1.640771,6.22935,10.220934,"1.9,2.8;1.9,2.95;1.9,3.05;1.9,3.15;1.9,3.3;1.9,3.4;1.9,3.5;1.9,3.65;1.9,3.75;1.9,3.9;1.9,4.25;1.9,4.25;1.95,4.25;2.05,4.25;2.1,4.25;2.35,4.25;2.4,4.25;2.65,4.25;2.9,4.25;3.15,4.25;3.45,4.25;3.7,4.25;3.7,4.25;3.7,4.2;3.7,4.2;3.65,4.2;3.65,4.15;3.65,4.15;3.6,4.15;3.6,4.1;3.6,4.1;3.55,4.1;3.55,4.05;3.55,4.05;3.5,4.05;3.5,4.0;3.5,4.0;3.45,4.0;3.45,3.95;3.45,3.95;3.4,3.95;3.4,3.9;3.4,3.9;3.35,3.9;3.35,3.85;3.35,3.85;3.3,3.85;3.3,3.8;3.3,3.8;3.25,3.8;3.25,3.75;3.25,3.75;3.2,3.75;3.2,3.7;3.2,3.7;3.15,3.7;3.15,3.65;3.15,3.65;3.1,3.65;3.1,3.6;3.1,3.6;3.05,3.6;3.05,3.55;3.05,3.55;3.0,3.55;3.0,3.5;3.0,3.5;2.95,3.5;2.95,3.45;2.95,3.45;2.9,3.45;2.9,3.4;2.9,3.4;2.85,3.4;2.85,3.35;2.85,3.35;2.8,3.35;2.8,3.3;2.8,3.3;2.75,3.3;2.75,3.25;2.75,3.25;2.7,3.25;2.7,3.2;2.7,3.2;2.65,3.2;2.65,3.15;2.65,3.15;2.6,3.15;2.6,3.1;2.6,3.1;2.55,3.1;2.55,3.05;2.55,3.05;2.5,3.05;2.5,3.0;2.5,3.0;2.45,3.0;2.45,2.95;2.45,2.95;2.4,2.95;2.4,2.9;2.4,2.9;2.35,2.9;2.35,2.85;2.35,2.85;2.3,2.85;2.3,2.8;2.3,2.8;2.25,2.8;2.25,2.75;2.25,2.75;2.2,2.75;2.2,2.7;2.2,2.7;2.15,2.7;2.15,2.65;2.15,2.65;2.1,2.65;2.1,2.6;2.1,2.6;2.05,2.6;2.05,2.6;2.05,2.65;2.0,2.65;2.0,2.65;2.0,2.7;1.95,2.7;1.95,2.7;1.95,2.75;1.9,2.75;1.9,2.75",TRANSFERIDO
L2,L2_P_LB_c0_r0,L2_P_LB_c0_r0_T084,BEAM,L2_V40_01,L2_V40_01,2101.0,3.863588,6.22935,24.067643,"0.4,1.85;0.4,1.9;0.4,1.95;0.4,2.1;0.4,2.2;0.4,2.35;0.4,2.45;0.4,2.55;0.4,2.7;0.4,2.8;0.4,2.95;0.4,3.05;0.4,3.15;0.4,3.3;0.4,3.4;0.4,3.5;0.4,3.65;0.4,3.75;0.4,3.9;0.4,4.25;0.4,4.25;1.05,4.25;1.1,4.25;1.2,4.25;1.25,4.25;1.35,4.25;1.4,4.25;1.45,4.25;1.55,4.25;1.6,4.25;1.65,4.25;1.7,4.25;1.8,4.25;1.85,4.25;1.9,4.25;1.9,4.25;1.9,3.9;1.9,3.75;1.9,3.65;1.9,3.5;1.9,3.4;1.9,3.3;1.9,3.15;1.9,3.05;1.9,2.95;1.9,2.8;1.9,2.75;1.95,2.75;1.95,2.75;1.95,2.7;2.0,2.7;2.0,2.7;2.0,2.65;2.05,2.65;2.05,2.65;2.05,2.6;2.1,2.6;2.1,2.6;2.1,2.55;2.1,2.45;2.1,2.35;2.1,2.2;2.1,2.1;2.1,1.95;2.1,1.9;2.1,1.85;2.1,1.8;2.1,1.8;2.05,1.8;1.95,1.8;1.85,1.8;1.8,1.8;1.7,1.8;1.65,1.8;1.6,1.8;1.55,1.8;1.45,1.8;1.4,1.8;1.35,1.8;1.25,1.8;1.2,1.8;1.1,1.8;1.05,1.8;0.4,1.8;0.4,1.8",TRANSFERIDO
L2,L2_P_LB_c0_r0,L2_P_LB_c0_r0_T085,WALL,M001,,,1.658332,6.22935,10.330333,"0.4,0.1;0.4,0.2;0.4,1.05;0.4,1.1;0.4,1.2;0.4,1.25;0.4,1.3;0.4,1.35;0.4,1.4;0.4,1.5;0.4,1.55;0.4,1.6;0.4,1.65;0.4,1.7;0.4,1.75;0.4,1.8;0.4,1.8;1.05,1.8;1.1,1.8;1.2,1.8;1.25,1.8;1.35,1.8;1.4,1.8;1.45,1.8;1.55,1.8;1.6,1.8;1.65,1.8;1.7,1.8;1.8,1.8;1.85,1.8;1.95,1.8;2.05,1.8;2.1,1.8;2.1,1.8;2.1,1.75;2.1,1.7;2.1,1.65;2.1,1.65;2.05,1.65;2.05,1.6;2.05,1.6;2.0,1.6;2.0,1.55;2.0,1.55;1.95,1.55;1.95,1.5;1.95,1.5;1.9,1.5;1.9,1.45;1.9,1.45;1.85,1.45;1.85,1.4;1.85,1.4;1.8,1.4;1.8,1.35;1.8,1.35;1.75,1.35;1.75,1.3;1.75,1.3;1.7,1.3;1.7,1.25;1.7,1.25;1.65,1.25;1.65,1.2;1.65,1.2;1.6,1.2;1.6,1.15;1.6,1.15;1.55,1.15;1.55,1.1;1.55,1.1;1.5,1.1;1.5,1.05;1.5,1.05;1.45,1.05;1.45,1.0;1.45,1.0;1.4,1.0;1.4,0.95;1.4,0.95;1.35,0.95;1.35,0.9;1.35,0.9;1.3,0.9;1.3,0.85;1.3,0.85;1.25,0.85;1.25,0.8;1.25,0.8;1.2,0.8;1.2,0.75;1.2,0.75;1.15,0.75;1.15,0.7;1.15,0.7;1.1,0.7;1.1,0.65;1.1,0.65;1.05,0.65;1.05,0.6;1.05,0.6;1.0,0.6;1.0,0.55;0.95,0.55;0.95,0.5;0.95,0.5;0.9,0.5;0.9,0.45;0.9,0.45;0.85,0.45;0.85,0.4;0.85,0.4;0.8,0.4;0.8,0.35;0.8,0.35;0.75,0.35;0.75,0.3;0.75,0.3;0.7,0.3;0.7,0.25;0.65,0.25;0.65,0.2;0.6,0.2;0.6,0.15;0.55,0.15;0.55,0.1;0.45,0.1;0.45,0.05;0.45,0.05;0.4,0.05;0.4,0.05;0.4,0.1",WALL_EDGE_PENDING
L2,L2_P_LB_c0_r0,L2_P_LB_c0_r0_T086,BEAM,L2_V009,L2_V009,2029.0,4.30765,6.22935,26.83386,"2.1,1.65;2.1,1.7;2.1,1.75;2.1,1.85;2.1,1.9;2.1,1.95;2.1,2.1;2.1,2.2;2.1,2.35;2.1,2.45;2.1,2.55;2.1,2.65;2.1,2.65;2.15,2.65;2.15,2.7;2.15,2.7;2.2,2.7;2.2,2.75;2.2,2.75;2.25,2.75;2.25,2.8;2.25,2.8;2.3,2.8;2.3,2.85;2.3,2.85;2.35,2.85;2.35,2.9;2.35,2.9;2.4,2.9;2.4,2.95;2.4,2.95;2.45,2.95;2.45,3.0;2.45,3.0;2.5,3.0;2.5,3.05;2.5,3.05;2.55,3.05;2.55,3.1;2.55,3.1;2.6,3.1;2.6,3.15;2.6,3.15;2.65,3.15;2.65,3.2;2.65,3.2;2.7,3.2;2.7,3.25;2.7,3.25;2.75,3.25;2.75,3.3;2.75,3.3;2.8,3.3;2.8,3.35;2.8,3.35;2.85,3.35;2.85,3.4;2.85,3.4;2.9,3.4;2.9,3.45;2.9,3.45;2.95,3.45;2.95,3.5;2.95,3.5;3.0,3.5;3.0,3.55;3.0,3.55;3.05,3.55;3.05,3.6;3.05,3.6;3.1,3.6;3.1,3.65;3.1,3.65;3.15,3.65;3.15,3.7;3.15,3.7;3.2,3.7;3.2,3.75;3.2,3.75;3.25,3.75;3.25,3.8;3.25,3.8;3.3,3.8;3.3,3.85;3.3,3.85;3.35,3.85;3.35,3.9;3.35,3.9;3.4,3.9;3.4,3.95;3.4,3.95;3.45,3.95;3.45,4.0;3.45,4.0;3.5,4.0;3.5,4.05;3.5,4.05;3.55,4.05;3.55,4.1;3.55,4.1;3.6,4.1;3.6,4.15;3.6,4.15;3.65,4.15;3.65,4.2;3.65,4.2;3.7,4.2;3.7,4.25;3.7,4.25;3.75,4.25;3.75,4.25;3.75,3.9;3.75,3.75;3.75,3.65;3.75,3.5;3.75,3.4;3.75,3.3;3.75,3.15;3.75,3.05;3.75,2.95;3.75,2.8;3.75,2.7;3.75,2.55;3.75,2.45;3.75,2.35;3.75,2.2;3.75,2.1;3.75,1.95;3.75,1.9;3.75,1.85;3.75,1.75;3.75,1.7;3.75,1.65;3.75,1.6;3.75,1.55;3.75,1.5;3.75,1.4;3.75,1.35;3.75,1.3;3.75,1.25;3.75,1.2;3.75,1.1;3.75,1.05;3.75,0.2;3.75,0.1;3.75,0.05;3.75,0.05;3.7,0.05;3.7,0.05;3.7,0.1;3.65,0.1;3.65,0.1;3.65,0.15;3.6,0.15;3.6,0.15;3.6,0.2;3.55,0.2;3.55,0.2;3.55,0.25;3.5,0.25;3.5,0.25;3.5,0.3;3.45,0.3;3.45,0.3;3.45,0.35;3.4,0.35;3.4,0.35;3.4,0.4;3.35,0.4;3.35,0.4;3.35,0.45;3.3,0.45;3.3,0.45;3.3,0.5;3.25,0.5;3.25,0.5;3.25,0.55;3.2,0.55;3.2,0.55;3.2,0.6;3.15,0.6;3.15,0.6;3.15,0.65;3.1,0.65;3.1,0.65;3.1,0.7;3.05,0.7;3.05,0.7;3.05,0.75;3.0,0.75;3.0,0.75;3.0,0.8;2.95,0.8;2.95,0.8;2.95,0.85;2.9,0.85;2.9,0.85;2.9,0.9;2.85,0.9;2.85,0.9;2.85,0.95;2.8,0.95;2.8,0.95;2.8,1.0;2.75,1.0;2.75,1.0;2.75,1.05;2.7,1.05;2.7,1.05;2.7,1.1;2.65,1.1;2.65,1.1;2.65,1.15;2.6,1.15;2.6,1.15;2.6,1.2;2.55,1.2;2.55,1.2;2.55,1.25;2.5,1.25;2.5,1.25;2.5,1.3;2.45,1.3;2.45,1.3;2.45,1.35;2.4,1.35;2.4,1.35;2.4,1.4;2.35,1.4;2.35,1.4;2.35,1.45;2.3,1.45;2.3,1.45;2.3,1.5;2.25,1.5;2.25,1.5;2.25,1.55;2.2,1.55;2.2,1.55;2.2,1.6;2.1,1.6;2.1,1.6;2.1,1.65",TRANSFERIDO
L2,L2_P_LB_c0_r1,L2_P_LB_c0_r1_T087,BEAM,L2_V30_01,L2_V30_01,2085.0,1.721927,6.22935,10.726489,"1.9,5.815;1.9,5.815;1.95,5.815;1.95,5.865;1.95,5.865;2.0,5.865;2.0,5.915;2.0,5.915;2.05,5.915;2.05,5.965;2.05,5.965;2.1,5.965;2.1,5.965;2.1,5.915;2.15,5.915;2.15,5.915;2.15,5.865;2.2,5.865;2.2,5.865;2.2,5.815;2.25,5.815;2.25,5.815;2.25,5.765;2.3,5.765;2.3,5.765;2.3,5.715;2.35,5.715;2.35,5.715;2.35,5.665;2.4,5.665;2.4,5.665;2.4,5.615;2.45,5.615;2.45,5.615;2.45,5.565;2.5,5.565;2.5,5.565;2.5,5.515;2.55,5.515;2.55,5.515;2.55,5.465;2.6,5.465;2.6,5.465;2.6,5.415;2.65,5.415;2.65,5.415;2.65,5.365;2.7,5.365;2.7,5.365;2.7,5.315;2.75,5.315;2.75,5.315;2.75,5.265;2.8,5.265;2.8,5.265;2.8,5.215;2.85,5.215;2.85,5.215;2.85,5.165;2.9,5.165;2.9,5.165;2.9,5.115;2.95,5.115;2.95,5.115;2.95,5.065;3.0,5.065;3.0,5.065;3.0,5.015;3.05,5.015;3.05,5.015;3.05,4.965;3.1,4.965;3.1,4.965;3.1,4.915;3.15,4.915;3.15,4.915;3.15,4.865;3.2,4.865;3.2,4.865;3.2,4.815;3.25,4.815;3.25,4.815;3.25,4.765;3.3,4.765;3.3,4.765;3.3,4.715;3.35,4.715;3.35,4.715;3.35,4.665;3.4,4.665;3.4,4.665;3.4,4.615;3.45,4.615;3.45,4.615;3.45,4.565;3.5,4.565;3.5,4.565;3.5,4.515;3.55,4.515;3.55,4.515;3.55,4.465;3.6,4.465;3.6,4.465;3.6,4.415;3.65,4.415;3.65,4.415;3.65,4.365;3.7,4.365;3.7,4.365;3.7,4.315;3.75,4.315;3.75,4.315;3.75,4.265;3.75,4.265;3.7,4.265;3.45,4.265;3.15,4.265;2.9,4.265;2.65,4.265;2.4,4.265;2.35,4.265;2.1,4.265;2.05,4.265;1.95,4.265;1.9,4.265;1.9,4.265",TRANSFERIDO
L2,L2_P_LB_c0_r1,L2_P_LB_c0_r1_T088,BEAM,L2_V40_02,L2_V40_02,2102.0,7.555548,6.22935,47.066155,"0.4,8.915;0.4,8.915;1.05,8.915;1.1,8.915;1.2,8.915;1.25,8.915;1.35,8.915;1.4,8.915;1.45,8.915;1.55,8.915;1.6,8.915;1.65,8.915;1.7,8.915;1.8,8.915;1.85,8.915;1.95,8.915;2.05,8.915;2.1,8.915;2.1,8.915;2.1,5.965;2.1,5.965;2.05,5.965;2.05,5.915;2.05,5.915;2.0,5.915;2.0,5.865;2.0,5.865;1.95,5.865;1.95,5.815;1.95,5.815;1.9,5.815;1.9,4.265;1.9,4.265;1.85,4.265;1.8,4.265;1.7,4.265;1.65,4.265;1.6,4.265;1.55,4.265;1.45,4.265;1.4,4.265;1.35,4.265;1.25,4.265;1.2,4.265;1.1,4.265;1.05,4.265;0.4,4.265;0.4,4.265",TRANSFERIDO
L2,L2_P_LB_c0_r1,L2_P_LB_c0_r1_T089,BEAM,L2_V010,L2_V010,2030.0,6.249774,6.22935,38.932031,"2.1,8.915;2.1,8.915;2.35,8.915;2.4,8.915;2.65,8.915;2.9,8.915;3.15,8.915;3.45,8.915;3.7,8.915;3.75,8.915;3.75,8.915;3.75,4.315;3.75,4.315;3.7,4.315;3.7,4.315;3.7,4.365;3.65,4.365;3.65,4.365;3.65,4.415;3.6,4.415;3.6,4.415;3.6,4.465;3.55,4.465;3.55,4.465;3.55,4.515;3.5,4.515;3.5,4.515;3.5,4.565;3.45,4.565;3.45,4.565;3.45,4.615;3.4,4.615;3.4,4.615;3.4,4.665;3.35,4.665;3.35,4.665;3.35,4.715;3.3,4.715;3.3,4.715;3.3,4.765;3.25,4.765;3.25,4.765;3.25,4.815;3.2,4.815;3.2,4.815;3.2,4.865;3.15,4.865;3.15,4.865;3.15,4.915;3.1,4.915;3.1,4.915;3.1,4.965;3.05,4.965;3.05,4.965;3.05,5.015;3.0,5.015;3.0,5.015;3.0,5.065;2.95,5.065;2.95,5.065;2.95,5.115;2.9,5.115;2.9,5.115;2.9,5.165;2.85,5.165;2.85,5.165;2.85,5.215;2.8,5.215;2.8,5.215;2.8,5.265;2.75,5.265;2.75,5.265;2.75,5.315;2.7,5.315;2.7,5.315;2.7,5.365;2.65,5.365;2.65,5.365;2.65,5.415;2.6,5.415;2.6,5.415;2.6,5.465;2.55,5.465;2.55,5.465;2.55,5.515;2.5,5.515;2.5,5.515;2.5,5.565;2.45,5.565;2.45,5.565;2.45,5.615;2.4,5.615;2.4,5.615;2.4,5.665;2.35,5.665;2.35,5.665;2.35,5.715;2.3,5.715;2.3,5.715;2.3,5.765;2.25,5.765;2.25,5.765;2.25,5.815;2.2,5.815;2.2,5.815;2.2,5.865;2.15,5.865;2.15,5.865;2.15,5.915;2.1,5.915;2.1,5.915",TRANSFERIDO
L2,L2_P_LB_c0_r2,L2_P_LB_c0_r2_T090,BEAM,L2_V30_03,L2_V30_03,2087.0,1.718862,6.22935,10.707396,"1.9,11.9;1.9,11.9;1.95,11.9;2.05,11.9;2.1,11.9;2.35,11.9;2.4,11.9;2.65,11.9;2.9,11.9;3.15,11.9;3.45,11.9;3.7,11.9;3.75,11.9;3.75,11.9;3.75,11.85;3.75,11.85;3.7,11.85;3.7,11.8;3.7,11.8;3.65,11.8;3.65,11.75;3.65,11.75;3.6,11.75;3.6,11.7;3.6,11.7;3.55,11.7;3.55,11.65;3.55,11.65;3.5,11.65;3.5,11.6;3.5,11.6;3.45,11.6;3.45,11.55;3.45,11.55;3.4,11.55;3.4,11.5;3.4,11.5;3.35,11.5;3.35,11.45;3.35,11.45;3.3,11.45;3.3,11.4;3.3,11.4;3.25,11.4;3.25,11.35;3.25,11.35;3.2,11.35;3.2,11.3;3.2,11.3;3.15,11.3;3.15,11.25;3.15,11.25;3.1,11.25;3.1,11.2;3.1,11.2;3.05,11.2;3.05,11.15;3.05,11.15;3.0,11.15;3.0,11.1;3.0,11.1;2.95,11.1;2.95,11.05;2.95,11.05;2.9,11.05;2.9,11.0;2.9,11.0;2.85,11.0;2.85,10.95;2.85,10.95;2.8,10.95;2.8,10.9;2.8,10.9;2.75,10.9;2.75,10.85;2.75,10.85;2.7,10.85;2.7,10.8;2.7,10.8;2.65,10.8;2.65,10.75;2.65,10.75;2.6,10.75;2.6,10.7;2.6,10.7;2.55,10.7;2.55,10.65;2.55,10.65;2.5,10.65;2.5,10.6;2.5,10.6;2.45,10.6;2.45,10.55;2.45,10.55;2.4,10.55;2.4,10.5;2.4,10.5;2.35,10.5;2.35,10.45;2.35,10.45;2.3,10.45;2.3,10.4;2.3,10.4;2.25,10.4;2.25,10.35;2.25,10.35;2.2,10.35;2.2,10.3;2.2,10.3;2.15,10.3;2.15,10.25;2.15,10.25;2.1,10.25;2.1,10.2;2.1,10.2;2.05,10.2;2.05,10.2;2.05,10.25;2.0,10.25;2.0,10.25;2.0,10.3;1.95,10.3;1.95,10.3;1.95,10.35;1.9,10.35;1.9,10.35",TRANSFERIDO
L2,L2_P_LB_c0_r2,L2_P_LB_c0_r2_T091,BEAM,L2_V40_03,L2_V40_03,2103.0,4.751125,6.22935,29.596421,"0.4,11.9;0.4,11.9;1.05,11.9;1.1,11.9;1.2,11.9;1.25,11.9;1.35,11.9;1.4,11.9;1.45,11.9;1.55,11.9;1.6,11.9;1.65,11.9;1.7,11.9;1.8,11.9;1.85,11.9;1.9,11.9;1.9,11.9;1.9,10.35;1.95,10.35;1.95,10.35;1.95,10.3;2.0,10.3;2.0,10.3;2.0,10.25;2.05,10.25;2.05,10.25;2.05,10.2;2.1,10.2;2.1,10.2;2.1,8.9;2.1,8.9;2.05,8.9;1.95,8.9;1.85,8.9;1.8,8.9;1.7,8.9;1.65,8.9;1.6,8.9;1.55,8.9;1.45,8.9;1.4,8.9;1.35,8.9;1.25,8.9;1.2,8.9;1.1,8.9;1.05,8.9;0.4,8.9;0.4,8.9",TRANSFERIDO
L2,L2_P_LB_c0_r2,L2_P_LB_c0_r2_T092,BEAM,L2_V011,L2_V011,2031.0,3.529762,6.22935,21.988126,"2.1,10.25;2.1,10.25;2.15,10.25;2.15,10.3;2.15,10.3;2.2,10.3;2.2,10.35;2.2,10.35;2.25,10.35;2.25,10.4;2.25,10.4;2.3,10.4;2.3,10.45;2.3,10.45;2.35,10.45;2.35,10.5;2.35,10.5;2.4,10.5;2.4,10.55;2.4,10.55;2.45,10.55;2.45,10.6;2.45,10.6;2.5,10.6;2.5,10.65;2.5,10.65;2.55,10.65;2.55,10.7;2.55,10.7;2.6,10.7;2.6,10.75;2.6,10.75;2.65,10.75;2.65,10.8;2.65,10.8;2.7,10.8;2.7,10.85;2.7,10.85;2.75,10.85;2.75,10.9;2.75,10.9;2.8,10.9;2.8,10.95;2.8,10.95;2.85,10.95;2.85,11.0;2.85,11.0;2.9,11.0;2.9,11.05;2.9,11.05;2.95,11.05;2.95,11.1;2.95,11.1;3.0,11.1;3.0,11.15;3.0,11.15;3.05,11.15;3.05,11.2;3.05,11.2;3.1,11.2;3.1,11.25;3.1,11.25;3.15,11.25;3.15,11.3;3.15,11.3;3.2,11.3;3.2,11.35;3.2,11.35;3.25,11.35;3.25,11.4;3.25,11.4;3.3,11.4;3.3,11.45;3.3,11.45;3.35,11.45;3.35,11.5;3.35,11.5;3.4,11.5;3.4,11.55;3.4,11.55;3.45,11.55;3.45,11.6;3.45,11.6;3.5,11.6;3.5,11.65;3.5,11.65;3.55,11.65;3.55,11.7;3.55,11.7;3.6,11.7;3.6,11.75;3.6,11.75;3.65,11.75;3.65,11.8;3.65,11.8;3.7,11.8;3.7,11.85;3.7,11.85;3.75,11.85;3.75,11.85;3.75,8.9;3.75,8.9;3.7,8.9;3.45,8.9;3.15,8.9;2.9,8.9;2.65,8.9;2.4,8.9;2.35,8.9;2.1,8.9;2.1,8.9",TRANSFERIDO
L2,L2_P_LB_c0_r3,L2_P_LB_c0_r3_T093,BEAM,L2_V30_03,L2_V30_03,2087.0,1.645788,6.22935,10.252191,"1.9,13.385;1.9,13.385;1.95,13.385;1.95,13.435;1.95,13.435;2.0,13.435;2.0,13.485;2.0,13.485;2.05,13.485;2.05,13.535;2.05,13.535;2.1,13.535;2.1,13.535;2.1,13.485;2.15,13.485;2.15,13.485;2.15,13.435;2.2,13.435;2.2,13.435;2.2,13.385;2.25,13.385;2.25,13.385;2.25,13.335;2.3,13.335;2.3,13.335;2.3,13.285;2.35,13.285;2.35,13.285;2.35,13.235;2.4,13.235;2.4,13.235;2.4,13.185;2.45,13.185;2.45,13.185;2.45,13.135;2.5,13.135;2.5,13.135;2.5,13.085;2.55,13.085;2.55,13.085;2.55,13.035;2.6,13.035;2.6,13.035;2.6,12.985;2.65,12.985;2.65,12.985;2.65,12.935;2.7,12.935;2.7,12.935;2.7,12.885;2.75,12.885;2.75,12.885;2.75,12.835;2.8,12.835;2.8,12.835;2.8,12.785;2.85,12.785;2.85,12.785;2.85,12.735;2.9,12.735;2.9,12.735;2.9,12.685;2.95,12.685;2.95,12.685;2.95,12.635;3.0,12.635;3.0,12.635;3.0,12.585;3.05,12.585;3.05,12.585;3.05,12.535;3.1,12.535;3.1,12.535;3.1,12.485;3.15,12.485;3.15,12.485;3.15,12.435;3.2,12.435;3.2,12.435;3.2,12.385;3.25,12.385;3.25,12.385;3.25,12.335;3.3,12.335;3.3,12.335;3.3,12.285;3.35,12.285;3.35,12.285;3.35,12.235;3.4,12.235;3.4,12.235;3.4,12.185;3.45,12.185;3.45,12.185;3.45,12.135;3.5,12.135;3.5,12.135;3.5,12.085;3.55,12.085;3.55,12.085;3.55,12.035;3.6,12.035;3.6,12.035;3.6,11.985;3.7,11.985;3.7,11.985;3.7,11.935;3.75,11.935;3.75,11.935;3.75,11.885;3.75,11.885;3.7,11.885;3.45,11.885;3.15,11.885;2.9,11.885;2.65,11.885;2.4,11.885;2.35,11.885;2.1,11.885;2.05,11.885;1.95,11.885;1.9,11.885;1.9,11.885",TRANSFERIDO
L2,L2_P_LB_c0_r3,L2_P_LB_c0_r3_T094,BEAM,L2_V006,L2_V006,2026.0,1.713526,6.22935,10.674156,"1.85,16.035;1.85,16.085;1.85,16.135;1.85,16.135;1.95,16.135;2.05,16.135;2.1,16.135;2.35,16.135;2.4,16.135;2.65,16.135;2.9,16.135;3.15,16.135;3.45,16.135;3.7,16.135;3.7,16.135;3.7,16.085;3.7,16.085;3.65,16.085;3.65,16.035;3.65,16.035;3.6,16.035;3.6,15.985;3.6,15.985;3.55,15.985;3.55,15.935;3.55,15.935;3.5,15.935;3.5,15.885;3.5,15.885;3.45,15.885;3.45,15.835;3.45,15.835;3.4,15.835;3.4,15.785;3.4,15.785;3.35,15.785;3.35,15.735;3.35,15.735;3.3,15.735;3.3,15.685;3.3,15.685;3.25,15.685;3.25,15.635;3.25,15.635;3.2,15.635;3.2,15.585;3.2,15.585;3.15,15.585;3.15,15.535;3.15,15.535;3.1,15.535;3.1,15.485;3.1,15.485;3.05,15.485;3.05,15.435;3.05,15.435;3.0,15.435;3.0,15.385;3.0,15.385;2.95,15.385;2.95,15.335;2.95,15.335;2.9,15.335;2.9,15.285;2.9,15.285;2.85,15.285;2.85,15.235;2.85,15.235;2.8,15.235;2.8,15.185;2.8,15.185;2.75,15.185;2.75,15.135;2.75,15.135;2.7,15.135;2.7,15.085;2.7,15.085;2.65,15.085;2.65,15.035;2.65,15.035;2.6,15.035;2.6,14.985;2.6,14.985;2.55,14.985;2.55,14.935;2.55,14.935;2.5,14.935;2.5,14.885;2.5,14.885;2.45,14.885;2.45,14.835;2.45,14.835;2.4,14.835;2.4,14.785;2.4,14.785;2.35,14.785;2.35,14.735;2.35,14.735;2.3,14.735;2.3,14.685;2.3,14.685;2.25,14.685;2.25,14.635;2.25,14.635;2.2,14.635;2.2,14.585;2.2,14.585;2.15,14.585;2.15,14.535;2.15,14.535;2.1,14.535;2.1,14.485;2.1,14.485;2.05,14.485;2.05,14.485;2.05,14.535;2.0,14.535;2.0,14.535;2.0,14.585;1.95,14.585;1.95,14.585;1.95,14.635;1.9,14.635;1.9,14.635;1.9,14.685;1.85,14.685;1.85,14.685",TRANSFERIDO
L2,L2_P_LB_c0_r3,L2_P_LB_c0_r3_T095,WALL,M004,,,1.018582,6.22935,6.345106,"0.5,16.085;0.45,16.085;0.45,16.085;0.45,16.135;0.45,16.135;1.05,16.135;1.1,16.135;1.2,16.135;1.25,16.135;1.35,16.135;1.4,16.135;1.45,16.135;1.55,16.135;1.6,16.135;1.65,16.135;1.7,16.135;1.8,16.135;1.85,16.135;1.85,16.135;1.85,16.085;1.85,16.035;1.85,14.735;1.85,14.735;1.8,14.735;1.8,14.735;1.8,14.785;1.75,14.785;1.75,14.785;1.75,14.835;1.7,14.835;1.7,14.835;1.7,14.885;1.65,14.885;1.65,14.885;1.65,14.935;1.6,14.935;1.6,14.935;1.6,14.985;1.55,14.985;1.55,14.985;1.55,15.035;1.5,15.035;1.5,15.035;1.5,15.085;1.45,15.085;1.45,15.085;1.45,15.135;1.4,15.135;1.4,15.135;1.4,15.185;1.35,15.185;1.35,15.185;1.35,15.235;1.3,15.235;1.3,15.235;1.3,15.285;1.25,15.285;1.25,15.285;1.25,15.335;1.2,15.335;1.2,15.335;1.2,15.385;1.15,15.385;1.15,15.385;1.15,15.435;1.1,15.435;1.1,15.435;1.1,15.485;1.05,15.485;1.05,15.485;1.05,15.535;1.0,15.535;1.0,15.535;1.0,15.585;0.95,15.585;0.95,15.585;0.95,15.635;0.9,15.635;0.9,15.635;0.9,15.685;0.85,15.685;0.85,15.685;0.85,15.735;0.8,15.735;0.8,15.735;0.8,15.785;0.75,15.785;0.75,15.785;0.75,15.835;0.7,15.835;0.7,15.835;0.7,15.885;0.65,15.885;0.65,15.885;0.65,15.935;0.6,15.935;0.6,15.935;0.6,15.985;0.55,15.985;0.55,15.985;0.55,16.035;0.5,16.035;0.5,16.035",WALL_EDGE_PENDING
L2,L2_P_LB_c0_r3,L2_P_LB_c0_r3_T096,BEAM,L2_V40_04,L2_V40_04,2104.0,3.863588,6.22935,24.067643,"0.4,14.335;0.4,14.335;1.05,14.335;1.1,14.335;1.2,14.335;1.25,14.335;1.35,14.335;1.4,14.335;1.45,14.335;1.55,14.335;1.6,14.335;1.65,14.335;1.7,14.335;1.8,14.335;1.85,14.335;1.95,14.335;2.05,14.335;2.1,14.335;2.1,14.335;2.1,13.535;2.1,13.535;2.05,13.535;2.05,13.485;2.05,13.485;2.0,13.485;2.0,13.435;2.0,13.435;1.95,13.435;1.95,13.385;1.95,13.385;1.9,13.385;1.9,11.885;1.9,11.885;1.85,11.885;1.8,11.885;1.7,11.885;1.65,11.885;1.6,11.885;1.55,11.885;1.45,11.885;1.4,11.885;1.35,11.885;1.25,11.885;1.2,11.885;1.1,11.885;1.05,11.885;0.4,11.885;0.4,11.885",TRANSFERIDO
L2,L2_P_LB_c0_r3,L2_P_LB_c0_r3_T097,WALL,M003,,,1.66335,6.22935,10.361589,"0.4,16.035;0.4,16.085;0.4,16.135;0.4,16.135;0.45,16.135;0.45,16.135;0.45,16.085;0.5,16.085;0.5,16.085;0.5,16.035;0.55,16.035;0.55,16.035;0.55,15.985;0.6,15.985;0.6,15.985;0.6,15.935;0.65,15.935;0.65,15.935;0.65,15.885;0.7,15.885;0.7,15.885;0.7,15.835;0.75,15.835;0.75,15.835;0.75,15.785;0.8,15.785;0.8,15.785;0.8,15.735;0.85,15.735;0.85,15.735;0.85,15.685;0.9,15.685;0.9,15.685;0.9,15.635;0.95,15.635;0.95,15.635;0.95,15.585;1.0,15.585;1.0,15.585;1.0,15.535;1.05,15.535;1.05,15.535;1.05,15.485;1.1,15.485;1.1,15.485;1.1,15.435;1.15,15.435;1.15,15.435;1.15,15.385;1.2,15.385;1.2,15.385;1.2,15.335;1.25,15.335;1.25,15.335;1.25,15.285;1.3,15.285;1.3,15.285;1.3,15.235;1.35,15.235;1.35,15.235;1.35,15.185;1.4,15.185;1.4,15.185;1.4,15.135;1.45,15.135;1.45,15.135;1.45,15.085;1.5,15.085;1.5,15.085;1.5,15.035;1.55,15.035;1.55,15.035;1.55,14.985;1.6,14.985;1.6,14.985;1.6,14.935;1.65,14.935;1.65,14.935;1.65,14.885;1.7,14.885;1.7,14.885;1.7,14.835;1.75,14.835;1.75,14.835;1.75,14.785;1.8,14.785;1.8,14.785;1.8,14.735;1.85,14.735;1.85,14.735;1.85,14.685;1.9,14.685;1.9,14.685;1.9,14.635;1.95,14.635;1.95,14.635;1.95,14.585;2.0,14.585;2.0,14.585;2.0,14.535;2.05,14.535;2.05,14.535;2.05,14.485;2.1,14.485;2.1,14.485;2.1,14.335;2.1,14.335;2.05,14.335;1.95,14.335;1.85,14.335;1.8,14.335;1.7,14.335;1.65,14.335;1.6,14.335;1.55,14.335;1.45,14.335;1.4,14.335;1.35,14.335;1.25,14.335;1.2,14.335;1.1,14.335;1.05,14.335;0.4,14.335;0.4,14.335",WALL_EDGE_PENDING
L2,L2_P_LB_c0_r3,L2_P_LB_c0_r3_T098,BEAM,L2_V012,L2_V012,2032.0,4.382915,6.22935,27.30271,"2.1,13.485;2.1,13.485;2.1,14.535;2.1,14.535;2.15,14.535;2.15,14.585;2.15,14.585;2.2,14.585;2.2,14.635;2.2,14.635;2.25,14.635;2.25,14.685;2.25,14.685;2.3,14.685;2.3,14.735;2.3,14.735;2.35,14.735;2.35,14.785;2.35,14.785;2.4,14.785;2.4,14.835;2.4,14.835;2.45,14.835;2.45,14.885;2.45,14.885;2.5,14.885;2.5,14.935;2.5,14.935;2.55,14.935;2.55,14.985;2.55,14.985;2.6,14.985;2.6,15.035;2.6,15.035;2.65,15.035;2.65,15.085;2.65,15.085;2.7,15.085;2.7,15.135;2.7,15.135;2.75,15.135;2.75,15.185;2.75,15.185;2.8,15.185;2.8,15.235;2.8,15.235;2.85,15.235;2.85,15.285;2.85,15.285;2.9,15.285;2.9,15.335;2.9,15.335;2.95,15.335;2.95,15.385;2.95,15.385;3.0,15.385;3.0,15.435;3.0,15.435;3.05,15.435;3.05,15.485;3.05,15.485;3.1,15.485;3.1,15.535;3.1,15.535;3.15,15.535;3.15,15.585;3.15,15.585;3.2,15.585;3.2,15.635;3.2,15.635;3.25,15.635;3.25,15.685;3.25,15.685;3.3,15.685;3.3,15.735;3.3,15.735;3.35,15.735;3.35,15.785;3.35,15.785;3.4,15.785;3.4,15.835;3.4,15.835;3.45,15.835;3.45,15.885;3.45,15.885;3.5,15.885;3.5,15.935;3.5,15.935;3.55,15.935;3.55,15.985;3.55,15.985;3.6,15.985;3.6,16.035;3.6,16.035;3.65,16.035;3.65,16.085;3.65,16.085;3.7,16.085;3.7,16.135;3.7,16.135;3.75,16.135;3.75,16.135;3.75,16.085;3.75,16.035;3.75,11.935;3.75,11.935;3.7,11.935;3.7,11.935;3.7,11.985;3.6,11.985;3.6,11.985;3.6,12.035;3.55,12.035;3.55,12.035;3.55,12.085;3.5,12.085;3.5,12.085;3.5,12.135;3.45,12.135;3.45,12.135;3.45,12.185;3.4,12.185;3.4,12.185;3.4,12.235;3.35,12.235;3.35,12.235;3.35,12.285;3.3,12.285;3.3,12.285;3.3,12.335;3.25,12.335;3.25,12.335;3.25,12.385;3.2,12.385;3.2,12.385;3.2,12.435;3.15,12.435;3.15,12.435;3.15,12.485;3.1,12.485;3.1,12.485;3.1,12.535;3.05,12.535;3.05,12.535;3.05,12.585;3.0,12.585;3.0,12.585;3.0,12.635;2.95,12.635;2.95,12.635;2.95,12.685;2.9,12.685;2.9,12.685;2.9,12.735;2.85,12.735;2.85,12.735;2.85,12.785;2.8,12.785;2.8,12.785;2.8,12.835;2.75,12.835;2.75,12.835;2.75,12.885;2.7,12.885;2.7,12.885;2.7,12.935;2.65,12.935;2.65,12.935;2.65,12.985;2.6,12.985;2.6,12.985;2.6,13.035;2.55,13.035;2.55,13.035;2.55,13.085;2.5,13.085;2.5,13.085;2.5,13.135;2.45,13.135;2.45,13.135;2.45,13.185;2.4,13.185;2.4,13.185;2.4,13.235;2.35,13.235;2.35,13.235;2.35,13.285;2.3,13.285;2.3,13.285;2.3,13.335;2.25,13.335;2.25,13.335;2.25,13.385;2.2,13.385;2.2,13.385;2.2,13.435;2.15,13.435;2.15,13.435;2.15,13.485",TRANSFERIDO
L2,L2_P_LB_c1_r0,L2_P_LB_c1_r0_T099,BEAM,L2_V002,L2_V002,2022.0,3.527406,6.22935,21.973446,"3.85,0.05;3.85,0.1;3.85,0.1;3.9,0.1;3.9,0.15;3.9,0.15;3.95,0.15;3.95,0.2;3.95,0.2;4.0,0.2;4.0,0.25;4.0,0.25;4.05,0.25;4.05,0.3;4.05,0.3;4.1,0.3;4.1,0.35;4.1,0.35;4.15,0.35;4.15,0.4;4.15,0.4;4.2,0.4;4.2,0.45;4.2,0.45;4.25,0.45;4.25,0.5;4.25,0.5;4.3,0.5;4.3,0.55;4.3,0.55;4.35,0.55;4.35,0.6;4.35,0.6;4.4,0.6;4.4,0.65;4.4,0.65;4.45,0.65;4.45,0.7;4.45,0.7;4.5,0.7;4.5,0.75;4.5,0.75;4.55,0.75;4.55,0.8;4.55,0.8;4.6,0.8;4.6,0.85;4.6,0.85;4.65,0.85;4.65,0.9;4.65,0.9;4.7,0.9;4.7,0.95;4.7,0.95;4.75,0.95;4.75,1.0;4.75,1.0;4.8,1.0;4.8,1.05;4.8,1.05;4.85,1.05;4.85,1.1;4.85,1.1;4.9,1.1;4.9,1.15;4.9,1.15;4.95,1.15;4.95,1.2;4.95,1.2;5.0,1.2;5.0,1.25;5.0,1.25;5.05,1.25;5.05,1.3;5.05,1.3;5.1,1.3;5.1,1.35;5.1,1.35;5.15,1.35;5.15,1.4;5.15,1.4;5.2,1.4;5.2,1.45;5.2,1.45;5.25,1.45;5.25,1.5;5.25,1.5;5.3,1.5;5.3,1.55;5.3,1.55;5.35,1.55;5.35,1.6;5.35,1.6;5.4,1.6;5.4,1.65;5.4,1.65;5.45,1.65;5.45,1.7;5.45,1.7;5.5,1.7;5.5,1.75;5.5,1.75;5.55,1.75;5.55,1.8;5.55,1.8;5.6,1.8;5.6,1.85;5.6,1.85;5.7,1.85;5.7,1.85;5.7,1.8;5.75,1.8;5.75,1.8;5.75,1.75;5.8,1.75;5.8,1.75;5.8,1.7;5.85,1.7;5.85,1.7;5.85,1.65;5.9,1.65;5.9,1.65;5.9,1.6;5.95,1.6;5.95,1.6;5.95,1.55;6.0,1.55;6.0,1.55;6.0,1.5;6.05,1.5;6.05,1.5;6.05,1.45;6.1,1.45;6.1,1.45;6.1,1.4;6.15,1.4;6.15,1.4;6.15,1.35;6.2,1.35;6.2,1.35;6.2,1.3;6.25,1.3;6.25,1.3;6.25,1.25;6.3,1.25;6.3,1.25;6.3,1.2;6.35,1.2;6.35,1.2;6.35,1.15;6.4,1.15;6.4,1.15;6.4,1.1;6.45,1.1;6.45,1.1;6.45,1.05;6.5,1.05;6.5,1.05;6.5,1.0;6.55,1.0;6.55,1.0;6.55,0.95;6.6,0.95;6.6,0.95;6.6,0.9;6.65,0.9;6.65,0.9;6.65,0.85;6.7,0.85;6.7,0.85;6.7,0.8;6.75,0.8;6.75,0.8;6.75,0.75;6.8,0.75;6.8,0.75;6.8,0.7;6.85,0.7;6.85,0.7;6.85,0.65;6.9,0.65;6.9,0.65;6.9,0.6;6.95,0.6;6.95,0.6;6.95,0.55;7.0,0.55;7.0,0.55;7.0,0.5;7.05,0.5;7.05,0.5;7.05,0.45;7.1,0.45;7.1,0.45;7.1,0.4;7.15,0.4;7.15,0.4;7.15,0.35;7.2,0.35;7.2,0.35;7.2,0.3;7.25,0.3;7.25,0.3;7.25,0.25;7.3,0.25;7.3,0.25;7.3,0.2;7.35,0.2;7.35,0.2;7.35,0.15;7.4,0.15;7.4,0.15;7.4,0.1;7.45,0.1;7.45,0.1;7.45,0.05;7.5,0.05;7.5,0.05;7.5,0.0;7.5,-0.0;3.8,-0.0;3.8,0.0;3.8,0.05;3.8,0.05",TRANSFERIDO
L2,L2_P_LB_c1_r0,L2_P_LB_c1_r0_T100,BEAM,L2_V30_02,L2_V30_02,2086.0,3.434579,6.22935,21.395197,"4.1,3.9;4.1,3.9;4.1,3.95;4.05,3.95;4.05,3.95;4.05,4.0;4.0,4.0;4.0,4.0;4.0,4.05;3.95,4.05;3.95,4.05;3.95,4.1;3.9,4.1;3.9,4.1;3.9,4.15;3.85,4.15;3.85,4.15;3.85,4.2;3.8,4.2;3.8,4.2;3.8,4.25;3.8,4.25;7.45,4.25;7.45,4.25;7.45,4.2;7.45,4.2;7.4,4.2;7.4,4.15;7.4,4.15;7.35,4.15;7.35,4.1;7.35,4.1;7.3,4.1;7.3,4.05;7.3,4.05;7.25,4.05;7.25,4.0;7.25,4.0;7.2,4.0;7.2,3.95;7.2,3.95;7.15,3.95;7.15,3.9;7.15,3.9;7.1,3.9;7.1,3.85;7.1,3.85;7.05,3.85;7.05,3.8;7.05,3.8;7.0,3.8;7.0,3.75;7.0,3.75;6.95,3.75;6.95,3.7;6.95,3.7;6.9,3.7;6.9,3.65;6.9,3.65;6.85,3.65;6.85,3.6;6.85,3.6;6.8,3.6;6.8,3.55;6.8,3.55;6.75,3.55;6.75,3.5;6.75,3.5;6.7,3.5;6.7,3.45;6.7,3.45;6.65,3.45;6.65,3.4;6.65,3.4;6.6,3.4;6.6,3.35;6.6,3.35;6.55,3.35;6.55,3.3;6.55,3.3;6.5,3.3;6.5,3.25;6.5,3.25;6.45,3.25;6.45,3.2;6.45,3.2;6.4,3.2;6.4,3.15;6.4,3.15;6.35,3.15;6.35,3.1;6.35,3.1;6.3,3.1;6.3,3.05;6.3,3.05;6.25,3.05;6.25,3.0;6.25,3.0;6.2,3.0;6.2,2.95;6.2,2.95;6.15,2.95;6.15,2.9;6.15,2.9;6.1,2.9;6.1,2.85;6.1,2.85;6.05,2.85;6.05,2.8;6.05,2.8;6.0,2.8;6.0,2.75;6.0,2.75;5.95,2.75;5.95,2.7;5.95,2.7;5.9,2.7;5.9,2.65;5.9,2.65;5.85,2.65;5.85,2.6;5.85,2.6;5.8,2.6;5.8,2.55;5.8,2.55;5.75,2.55;5.75,2.5;5.75,2.5;5.7,2.5;5.7,2.45;5.7,2.45;5.65,2.45;5.65,2.4;5.65,2.4;5.6,2.4;5.6,2.4;5.6,2.45;5.55,2.45;5.55,2.45;5.55,2.5;5.5,2.5;5.5,2.5;5.5,2.55;5.45,2.55;5.45,2.55;5.45,2.6;5.4,2.6;5.4,2.6;5.4,2.65;5.35,2.65;5.35,2.65;5.35,2.7;5.3,2.7;5.3,2.7;5.3,2.75;5.25,2.75;5.25,2.75;5.25,2.8;5.2,2.8;5.2,2.8;5.2,2.85;5.15,2.85;5.15,2.85;5.15,2.9;5.1,2.9;5.1,2.9;5.1,2.95;5.05,2.95;5.05,2.95;5.05,3.0;5.0,3.0;5.0,3.0;5.0,3.05;4.95,3.05;4.95,3.05;4.95,3.1;4.9,3.1;4.9,3.1;4.9,3.15;4.85,3.15;4.85,3.15;4.85,3.2;4.8,3.2;4.8,3.2;4.8,3.25;4.75,3.25;4.75,3.25;4.75,3.3;4.7,3.3;4.7,3.3;4.7,3.35;4.65,3.35;4.65,3.35;4.65,3.4;4.6,3.4;4.6,3.4;4.6,3.45;4.55,3.45;4.55,3.45;4.55,3.5;4.5,3.5;4.5,3.5;4.5,3.55;4.45,3.55;4.45,3.55;4.45,3.6;4.4,3.6;4.4,3.6;4.4,3.65;4.35,3.65;4.35,3.65;4.35,3.7;4.3,3.7;4.3,3.7;4.3,3.75;4.25,3.75;4.25,3.75;4.25,3.8;4.2,3.8;4.2,3.8;4.2,3.85;4.15,3.85;4.15,3.85;4.15,3.9",TRANSFERIDO
L2,L2_P_LB_c1_r0,L2_P_LB_c1_r0_T101,BEAM,L2_V009,L2_V009,2029.0,4.576094,6.22935,28.506092,"3.75,0.05;3.75,0.1;3.75,0.2;3.75,1.05;3.75,1.1;3.75,1.2;3.75,1.25;3.75,1.3;3.75,1.35;3.75,1.4;3.75,1.5;3.75,1.55;3.75,1.6;3.75,1.65;3.75,1.7;3.75,1.75;3.75,1.85;3.75,1.9;3.75,1.95;3.75,2.1;3.75,2.2;3.75,2.35;3.75,2.45;3.75,2.55;3.75,2.7;3.75,2.8;3.75,2.95;3.75,3.05;3.75,3.15;3.75,3.3;3.75,3.4;3.75,3.5;3.75,3.65;3.75,3.75;3.75,3.9;3.75,4.25;3.75,4.25;3.8,4.25;3.8,4.25;3.8,4.2;3.85,4.2;3.85,4.2;3.85,4.15;3.9,4.15;3.9,4.15;3.9,4.1;3.95,4.1;3.95,4.1;3.95,4.05;4.0,4.05;4.0,4.05;4.0,4.0;4.05,4.0;4.05,4.0;4.05,3.95;4.1,3.95;4.1,3.95;4.1,3.9;4.15,3.9;4.15,3.9;4.15,3.85;4.2,3.85;4.2,3.85;4.2,3.8;4.25,3.8;4.25,3.8;4.25,3.75;4.3,3.75;4.3,3.75;4.3,3.7;4.35,3.7;4.35,3.7;4.35,3.65;4.4,3.65;4.4,3.65;4.4,3.6;4.45,3.6;4.45,3.6;4.45,3.55;4.5,3.55;4.5,3.55;4.5,3.5;4.55,3.5;4.55,3.5;4.55,3.45;4.6,3.45;4.6,3.45;4.6,3.4;4.65,3.4;4.65,3.4;4.65,3.35;4.7,3.35;4.7,3.35;4.7,3.3;4.75,3.3;4.75,3.3;4.75,3.25;4.8,3.25;4.8,3.25;4.8,3.2;4.85,3.2;4.85,3.2;4.85,3.15;4.9,3.15;4.9,3.15;4.9,3.1;4.95,3.1;4.95,3.1;4.95,3.05;5.0,3.05;5.0,3.05;5.0,3.0;5.05,3.0;5.05,3.0;5.05,2.95;5.1,2.95;5.1,2.95;5.1,2.9;5.15,2.9;5.15,2.9;5.15,2.85;5.2,2.85;5.2,2.85;5.2,2.8;5.25,2.8;5.25,2.8;5.25,2.75;5.3,2.75;5.3,2.75;5.3,2.7;5.35,2.7;5.35,2.7;5.35,2.65;5.4,2.65;5.4,2.65;5.4,2.6;5.45,2.6;5.45,2.6;5.45,2.55;5.5,2.55;5.5,2.55;5.5,2.5;5.55,2.5;5.55,2.5;5.55,2.45;5.6,2.45;5.6,2.45;5.6,2.4;5.65,2.4;5.65,2.4;5.65,2.35;5.65,2.2;5.65,2.1;5.65,1.95;5.65,1.9;5.65,1.85;5.65,1.85;5.6,1.85;5.6,1.8;5.6,1.8;5.55,1.8;5.55,1.75;5.55,1.75;5.5,1.75;5.5,1.7;5.5,1.7;5.45,1.7;5.45,1.65;5.45,1.65;5.4,1.65;5.4,1.6;5.4,1.6;5.35,1.6;5.35,1.55;5.35,1.55;5.3,1.55;5.3,1.5;5.3,1.5;5.25,1.5;5.25,1.45;5.25,1.45;5.2,1.45;5.2,1.4;5.2,1.4;5.15,1.4;5.15,1.35;5.15,1.35;5.1,1.35;5.1,1.3;5.1,1.3;5.05,1.3;5.05,1.25;5.05,1.25;5.0,1.25;5.0,1.2;5.0,1.2;4.95,1.2;4.95,1.15;4.95,1.15;4.9,1.15;4.9,1.1;4.9,1.1;4.85,1.1;4.85,1.05;4.85,1.05;4.8,1.05;4.8,1.0;4.8,1.0;4.75,1.0;4.75,0.95;4.75,0.95;4.7,0.95;4.7,0.9;4.7,0.9;4.65,0.9;4.65,0.85;4.65,0.85;4.6,0.85;4.6,0.8;4.6,0.8;4.55,0.8;4.55,0.75;4.55,0.75;4.5,0.75;4.5,0.7;4.5,0.7;4.45,0.7;4.45,0.65;4.45,0.65;4.4,0.65;4.4,0.6;4.4,0.6;4.35,0.6;4.35,0.55;4.35,0.55;4.3,0.55;4.3,0.5;4.3,0.5;4.25,0.5;4.25,0.45;4.25,0.45;4.2,0.45;4.2,0.4;4.2,0.4;4.15,0.4;4.15,0.35;4.15,0.35;4.1,0.35;4.1,0.3;4.1,0.3;4.05,0.3;4.05,0.25;4.05,0.25;4.0,0.25;4.0,0.2;4.0,0.2;3.95,0.2;3.95,0.15;3.95,0.15;3.9,0.15;3.9,0.1;3.9,0.1;3.85,0.1;3.85,0.05;3.85,0.05;3.8,0.05;3.8,0.0;3.8,-0.0;3.75,-0.0;3.75,0.0",TRANSFERIDO
L2,L2_P_LB_c1_r0,L2_P_LB_c1_r0_T102,BEAM,L2_V013,L2_V013,2033.0,4.455671,6.22935,27.755932,"5.65,1.9;5.65,1.95;5.65,2.1;5.65,2.2;5.65,2.35;5.65,2.45;5.65,2.45;5.7,2.45;5.7,2.5;5.7,2.5;5.75,2.5;5.75,2.55;5.75,2.55;5.8,2.55;5.8,2.6;5.8,2.6;5.85,2.6;5.85,2.65;5.85,2.65;5.9,2.65;5.9,2.7;5.9,2.7;5.95,2.7;5.95,2.75;5.95,2.75;6.0,2.75;6.0,2.8;6.0,2.8;6.05,2.8;6.05,2.85;6.05,2.85;6.1,2.85;6.1,2.9;6.1,2.9;6.15,2.9;6.15,2.95;6.15,2.95;6.2,2.95;6.2,3.0;6.2,3.0;6.25,3.0;6.25,3.05;6.25,3.05;6.3,3.05;6.3,3.1;6.3,3.1;6.35,3.1;6.35,3.15;6.35,3.15;6.4,3.15;6.4,3.2;6.4,3.2;6.45,3.2;6.45,3.25;6.45,3.25;6.5,3.25;6.5,3.3;6.5,3.3;6.55,3.3;6.55,3.35;6.55,3.35;6.6,3.35;6.6,3.4;6.6,3.4;6.65,3.4;6.65,3.45;6.65,3.45;6.7,3.45;6.7,3.5;6.7,3.5;6.75,3.5;6.75,3.55;6.75,3.55;6.8,3.55;6.8,3.6;6.8,3.6;6.85,3.6;6.85,3.65;6.85,3.65;6.9,3.65;6.9,3.7;6.9,3.7;6.95,3.7;6.95,3.75;6.95,3.75;7.0,3.75;7.0,3.8;7.0,3.8;7.05,3.8;7.05,3.85;7.05,3.85;7.1,3.85;7.1,3.9;7.1,3.9;7.15,3.9;7.15,3.95;7.15,3.95;7.2,3.95;7.2,4.0;7.2,4.0;7.25,4.0;7.25,4.05;7.25,4.05;7.3,4.05;7.3,4.1;7.3,4.1;7.35,4.1;7.35,4.15;7.35,4.15;7.4,4.15;7.4,4.2;7.4,4.2;7.45,4.2;7.45,4.25;7.45,4.25;7.5,4.25;7.5,4.25;7.5,3.9;7.5,3.75;7.5,3.65;7.5,3.5;7.5,3.4;7.5,3.3;7.5,3.15;7.5,3.05;7.5,2.95;7.5,2.8;7.5,2.7;7.5,2.55;7.5,2.45;7.5,2.35;7.5,2.2;7.5,2.1;7.5,1.95;7.5,1.9;7.5,1.85;7.5,1.75;7.5,1.7;7.5,1.65;7.5,1.6;7.5,1.55;7.5,1.5;7.5,1.4;7.5,1.35;7.5,1.3;7.5,1.25;7.5,1.2;7.5,1.1;7.5,1.05;7.5,0.2;7.5,0.1;7.5,0.05;7.5,0.05;7.45,0.05;7.45,0.05;7.45,0.1;7.4,0.1;7.4,0.1;7.4,0.15;7.35,0.15;7.35,0.15;7.35,0.2;7.3,0.2;7.3,0.2;7.3,0.25;7.25,0.25;7.25,0.25;7.25,0.3;7.2,0.3;7.2,0.3;7.2,0.35;7.15,0.35;7.15,0.35;7.15,0.4;7.1,0.4;7.1,0.4;7.1,0.45;7.05,0.45;7.05,0.45;7.05,0.5;7.0,0.5;7.0,0.5;7.0,0.55;6.95,0.55;6.95,0.55;6.95,0.6;6.9,0.6;6.9,0.6;6.9,0.65;6.85,0.65;6.85,0.65;6.85,0.7;6.8,0.7;6.8,0.7;6.8,0.75;6.75,0.75;6.75,0.75;6.75,0.8;6.7,0.8;6.7,0.8;6.7,0.85;6.65,0.85;6.65,0.85;6.65,0.9;6.6,0.9;6.6,0.9;6.6,0.95;6.55,0.95;6.55,0.95;6.55,1.0;6.5,1.0;6.5,1.0;6.5,1.05;6.45,1.05;6.45,1.05;6.45,1.1;6.4,1.1;6.4,1.1;6.4,1.15;6.35,1.15;6.35,1.15;6.35,1.2;6.3,1.2;6.3,1.2;6.3,1.25;6.25,1.25;6.25,1.25;6.25,1.3;6.2,1.3;6.2,1.3;6.2,1.35;6.15,1.35;6.15,1.35;6.15,1.4;6.1,1.4;6.1,1.4;6.1,1.45;6.05,1.45;6.05,1.45;6.05,1.5;6.0,1.5;6.0,1.5;6.0,1.55;5.95,1.55;5.95,1.55;5.95,1.6;5.9,1.6;5.9,1.6;5.9,1.65;5.85,1.65;5.85,1.65;5.85,1.7;5.8,1.7;5.8,1.7;5.8,1.75;5.75,1.75;5.75,1.75;5.75,1.8;5.7,1.8;5.7,1.8;5.7,1.85;5.65,1.85;5.65,1.85;5.65,1.9",TRANSFERIDO
L2,L2_P_LB_c1_r1,L2_P_LB_c1_r1_T103,BEAM,L2_V30_02,L2_V30_02,2086.0,3.543532,6.22935,22.073903,"4.4,4.265;4.35,4.265;4.3,4.265;4.25,4.265;4.2,4.265;4.15,4.265;4.1,4.265;4.05,4.265;4.0,4.265;3.95,4.265;3.9,4.265;3.85,4.265;3.8,4.265;3.8,4.315;3.85,4.315;3.85,4.365;3.9,4.365;3.9,4.415;3.95,4.415;3.95,4.465;4.0,4.465;4.0,4.515;4.05,4.515;4.05,4.565;4.05,4.615;4.1,4.615;4.15,4.615;4.15,4.665;4.15,4.715;4.2,4.715;4.25,4.715;4.25,4.765;4.25,4.815;4.3,4.815;4.35,4.815;4.35,4.865;4.35,4.915;4.4,4.915;4.45,4.915;4.45,4.965;4.45,5.015;4.5,5.015;4.55,5.015;4.55,5.065;4.55,5.115;4.6,5.115;4.65,5.115;4.65,5.165;4.65,5.215;4.7,5.215;4.75,5.215;4.75,5.265;4.75,5.315;4.8,5.315;4.85,5.315;4.85,5.365;4.85,5.415;4.9,5.415;4.95,5.415;4.95,5.465;4.95,5.515;5.0,5.515;5.05,5.515;5.05,5.565;5.05,5.615;5.1,5.615;5.15,5.615;5.15,5.665;5.15,5.715;5.2,5.715;5.25,5.715;5.25,5.765;5.25,5.815;5.3,5.815;5.35,5.815;5.35,5.865;5.35,5.915;5.4,5.915;5.45,5.915;5.45,5.965;5.45,6.015;5.5,6.015;5.55,6.015;5.55,6.065;5.55,6.115;5.6,6.115;5.65,6.115;5.7,6.115;5.7,6.065;5.75,6.065;5.75,6.015;5.8,6.015;5.8,5.965;5.85,5.965;5.85,5.915;5.9,5.915;5.9,5.865;5.95,5.865;5.95,5.815;6.0,5.815;6.0,5.765;6.05,5.765;6.05,5.715;6.1,5.715;6.1,5.665;6.15,5.665;6.15,5.615;6.2,5.615;6.2,5.565;6.25,5.565;6.25,5.515;6.3,5.515;6.3,5.465;6.35,5.465;6.35,5.415;6.4,5.415;6.4,5.365;6.45,5.365;6.45,5.315;6.5,5.315;6.5,5.265;6.55,5.265;6.55,5.215;6.6,5.215;6.6,5.165;6.65,5.165;6.65,5.115;6.7,5.115;6.7,5.065;6.75,5.065;6.75,5.015;6.8,5.015;6.8,4.965;6.85,4.965;6.85,4.915;6.9,4.915;6.9,4.865;6.95,4.865;6.95,4.815;7.0,4.815;7.0,4.765;7.05,4.765;7.05,4.715;7.1,4.715;7.1,4.665;7.15,4.665;7.15,4.615;7.2,4.615;7.2,4.565;7.25,4.565;7.25,4.515;7.3,4.515;7.3,4.465;7.35,4.465;7.35,4.415;7.4,4.415;7.4,4.365;7.45,4.365;7.45,4.315;7.5,4.315;7.5,4.265;7.45,4.265;7.4,4.265;7.35,4.265;7.3,4.265;7.25,4.265;7.2,4.265;7.15,4.265;7.1,4.265;7.05,4.265;7.0,4.265;6.95,4.265;6.9,4.265;6.85,4.265;6.8,4.265;6.75,4.265;6.7,4.265;6.65,4.265;6.6,4.265;6.55,4.265;6.5,4.265;6.45,4.265;6.4,4.265;6.35,4.265;6.3,4.265;6.25,4.265;6.2,4.265;6.15,4.265;6.1,4.265;6.05,4.265;6.0,4.265;5.95,4.265;5.9,4.265;5.85,4.265;5.8,4.265;5.75,4.265;5.7,4.265;5.65,4.265;5.6,4.265;5.55,4.265;5.5,4.265;5.45,4.265;5.4,4.265;5.35,4.265;5.3,4.265;5.25,4.265;5.2,4.265;5.15,4.265;5.1,4.265;5.05,4.265;5.0,4.265;4.95,4.265;4.9,4.265;4.85,4.265;4.8,4.265;4.75,4.265;4.7,4.265;4.65,4.265;4.6,4.265;4.55,4.265;4.5,4.265;4.45,4.265",TRANSFERIDO
L2,L2_P_LB_c1_r1,L2_P_LB_c1_r1_T104,BEAM,L2_V004,L2_V004,2024.0,3.598355,6.22935,22.415412,"4.3,8.365;4.25,8.365;4.25,8.415;4.2,8.415;4.2,8.465;4.15,8.465;4.15,8.515;4.1,8.515;4.1,8.565;4.05,8.565;4.05,8.615;4.0,8.615;4.0,8.665;3.95,8.665;3.95,8.715;3.9,8.715;3.9,8.765;3.85,8.765;3.85,8.815;3.8,8.815;3.8,8.865;3.75,8.865;3.75,8.915;3.8,8.915;3.85,8.915;3.9,8.915;3.95,8.915;4.0,8.915;4.05,8.915;4.1,8.915;4.15,8.915;4.2,8.915;4.25,8.915;4.3,8.915;4.35,8.915;4.4,8.915;4.45,8.915;4.5,8.915;4.55,8.915;4.6,8.915;4.65,8.915;4.7,8.915;4.75,8.915;4.8,8.915;4.85,8.915;4.9,8.915;4.95,8.915;5.0,8.915;5.05,8.915;5.1,8.915;5.15,8.915;5.2,8.915;5.25,8.915;5.3,8.915;5.35,8.915;5.4,8.915;5.45,8.915;5.5,8.915;5.55,8.915;5.6,8.915;5.65,8.915;5.7,8.915;5.75,8.915;5.8,8.915;5.85,8.915;5.9,8.915;5.95,8.915;6.0,8.915;6.05,8.915;6.1,8.915;6.15,8.915;6.2,8.915;6.25,8.915;6.3,8.915;6.35,8.915;6.4,8.915;6.45,8.915;6.5,8.915;6.55,8.915;6.6,8.915;6.65,8.915;6.7,8.915;6.75,8.915;6.8,8.915;6.85,8.915;6.9,8.915;6.95,8.915;7.0,8.915;7.05,8.915;7.1,8.915;7.15,8.915;7.2,8.915;7.25,8.915;7.3,8.915;7.35,8.915;7.4,8.915;7.45,8.915;7.5,8.915;7.5,8.865;7.45,8.865;7.45,8.815;7.4,8.815;7.4,8.765;7.35,8.765;7.35,8.715;7.3,8.715;7.3,8.665;7.25,8.665;7.25,8.615;7.2,8.615;7.2,8.565;7.15,8.565;7.15,8.515;7.1,8.515;7.1,8.465;7.05,8.465;7.05,8.415;7.0,8.415;7.0,8.365;6.95,8.365;6.95,8.315;6.9,8.315;6.9,8.265;6.85,8.265;6.85,8.215;6.8,8.215;6.8,8.165;6.75,8.165;6.75,8.115;6.7,8.115;6.7,8.065;6.65,8.065;6.65,8.015;6.6,8.015;6.6,7.965;6.55,7.965;6.55,7.915;6.5,7.915;6.5,7.865;6.45,7.865;6.45,7.815;6.4,7.815;6.4,7.765;6.35,7.765;6.35,7.715;6.3,7.715;6.3,7.665;6.25,7.665;6.25,7.615;6.2,7.615;6.2,7.565;6.15,7.565;6.15,7.515;6.1,7.515;6.1,7.465;6.05,7.465;6.05,7.415;6.0,7.415;6.0,7.365;5.95,7.365;5.95,7.315;5.9,7.315;5.9,7.265;5.85,7.265;5.85,7.215;5.8,7.215;5.8,7.165;5.75,7.165;5.75,7.115;5.7,7.115;5.7,7.065;5.65,7.065;5.65,7.015;5.6,7.015;5.6,7.065;5.55,7.065;5.55,7.115;5.5,7.115;5.5,7.165;5.45,7.165;5.45,7.215;5.4,7.215;5.4,7.265;5.35,7.265;5.35,7.315;5.3,7.315;5.3,7.365;5.25,7.365;5.25,7.415;5.2,7.415;5.2,7.465;5.15,7.465;5.15,7.515;5.1,7.515;5.1,7.565;5.05,7.565;5.05,7.615;5.0,7.615;5.0,7.665;4.95,7.665;4.95,7.715;4.9,7.715;4.9,7.765;4.85,7.765;4.85,7.815;4.8,7.815;4.8,7.865;4.75,7.865;4.75,7.915;4.7,7.915;4.7,7.965;4.65,7.965;4.65,8.015;4.6,8.015;4.6,8.065;4.55,8.065;4.55,8.115;4.5,8.115;4.5,8.165;4.45,8.165;4.45,8.215;4.4,8.215;4.4,8.265;4.35,8.265;4.35,8.315;4.3,8.315",TRANSFERIDO
L2,L2_P_LB_c1_r1,L2_P_LB_c1_r1_T105,BEAM,L2_V010,L2_V010,2030.0,5.168274,6.22935,32.194989,"3.75,4.515;3.75,4.565;3.75,4.615;3.75,4.665;3.75,4.715;3.75,4.765;3.75,4.815;3.75,4.865;3.75,4.915;3.75,4.965;3.75,5.015;3.75,5.065;3.75,5.115;3.75,5.165;3.75,5.215;3.75,5.265;3.75,5.315;3.75,5.365;3.75,5.415;3.75,5.465;3.75,5.515;3.75,5.565;3.75,5.615;3.75,5.665;3.75,5.715;3.75,5.765;3.75,5.815;3.75,5.865;3.75,5.915;3.75,5.965;3.75,6.015;3.75,6.065;3.75,6.115;3.75,6.165;3.75,6.215;3.75,6.265;3.75,6.315;3.75,6.365;3.75,6.415;3.75,6.465;3.75,6.515;3.75,6.565;3.75,6.615;3.75,6.665;3.75,6.715;3.75,6.765;3.75,6.815;3.75,6.865;3.75,6.915;3.75,6.965;3.75,7.015;3.75,7.065;3.75,7.115;3.75,7.165;3.75,7.215;3.75,7.265;3.75,7.315;3.75,7.365;3.75,7.415;3.75,7.465;3.75,7.515;3.75,7.565;3.75,7.615;3.75,7.665;3.75,7.715;3.75,7.765;3.75,7.815;3.75,7.865;3.75,7.915;3.75,7.965;3.75,8.015;3.75,8.065;3.75,8.115;3.75,8.165;3.75,8.215;3.75,8.265;3.75,8.315;3.75,8.365;3.75,8.415;3.75,8.465;3.75,8.515;3.75,8.565;3.75,8.615;3.75,8.665;3.75,8.715;3.75,8.765;3.75,8.815;3.75,8.865;3.8,8.865;3.8,8.815;3.85,8.815;3.85,8.765;3.9,8.765;3.9,8.715;3.95,8.715;3.95,8.665;4.0,8.665;4.0,8.615;4.05,8.615;4.05,8.565;4.1,8.565;4.1,8.515;4.15,8.515;4.15,8.465;4.2,8.465;4.2,8.415;4.25,8.415;4.25,8.365;4.3,8.365;4.3,8.315;4.35,8.315;4.35,8.265;4.4,8.265;4.4,8.215;4.45,8.215;4.45,8.165;4.5,8.165;4.5,8.115;4.55,8.115;4.55,8.065;4.6,8.065;4.6,8.015;4.65,8.015;4.65,7.965;4.7,7.965;4.7,7.915;4.75,7.915;4.75,7.865;4.8,7.865;4.8,7.815;4.85,7.815;4.85,7.765;4.9,7.765;4.9,7.715;4.95,7.715;4.95,7.665;5.0,7.665;5.0,7.615;5.05,7.615;5.05,7.565;5.1,7.565;5.1,7.515;5.15,7.515;5.15,7.465;5.2,7.465;5.2,7.415;5.25,7.415;5.25,7.365;5.3,7.365;5.3,7.315;5.35,7.315;5.35,7.265;5.4,7.265;5.4,7.215;5.45,7.215;5.45,7.165;5.5,7.165;5.5,7.115;5.55,7.115;5.55,7.065;5.6,7.065;5.6,7.015;5.65,7.015;5.65,6.965;5.65,6.915;5.65,6.865;5.65,6.815;5.65,6.765;5.65,6.715;5.65,6.665;5.65,6.615;5.65,6.565;5.65,6.515;5.65,6.465;5.65,6.415;5.65,6.365;5.65,6.315;5.65,6.265;5.65,6.215;5.65,6.165;5.65,6.115;5.6,6.115;5.55,6.115;5.55,6.065;5.55,6.015;5.5,6.015;5.45,6.015;5.45,5.965;5.45,5.915;5.4,5.915;5.35,5.915;5.35,5.865;5.35,5.815;5.3,5.815;5.25,5.815;5.25,5.765;5.25,5.715;5.2,5.715;5.15,5.715;5.15,5.665;5.15,5.615;5.1,5.615;5.05,5.615;5.05,5.565;5.05,5.515;5.0,5.515;4.95,5.515;4.95,5.465;4.95,5.415;4.9,5.415;4.85,5.415;4.85,5.365;4.85,5.315;4.8,5.315;4.75,5.315;4.75,5.265;4.75,5.215;4.7,5.215;4.65,5.215;4.65,5.165;4.65,5.115;4.6,5.115;4.55,5.115;4.55,5.065;4.55,5.015;4.5,5.015;4.45,5.015;4.45,4.965;4.45,4.915;4.4,4.915;4.35,4.915;4.35,4.865;4.35,4.815;4.3,4.815;4.25,4.815;4.25,4.765;4.25,4.715;4.2,4.715;4.15,4.715;4.15,4.665;4.15,4.615;4.1,4.615;4.05,4.615;4.05,4.565;4.05,4.515;4.0,4.515;4.0,4.465;3.95,4.465;3.95,4.415;3.9,4.415;3.9,4.365;3.85,4.365;3.85,4.315;3.8,4.315;3.8,4.265;3.75,4.265;3.75,4.315;3.75,4.365;3.75,4.415;3.75,4.465",TRANSFERIDO
L2,L2_P_LB_c1_r1,L2_P_LB_c1_r1_T106,BEAM,L2_V014,L2_V014,2034.0,5.071089,6.22935,31.589586,"5.75,6.065;5.7,6.065;5.7,6.115;5.65,6.115;5.65,6.165;5.65,6.215;5.65,6.265;5.65,6.315;5.65,6.365;5.65,6.415;5.65,6.465;5.65,6.515;5.65,6.565;5.65,6.615;5.65,6.665;5.65,6.715;5.65,6.765;5.65,6.815;5.65,6.865;5.65,6.915;5.65,6.965;5.65,7.015;5.65,7.065;5.7,7.065;5.7,7.115;5.75,7.115;5.75,7.165;5.8,7.165;5.8,7.215;5.85,7.215;5.85,7.265;5.9,7.265;5.9,7.315;5.95,7.315;5.95,7.365;6.0,7.365;6.0,7.415;6.05,7.415;6.05,7.465;6.1,7.465;6.1,7.515;6.15,7.515;6.15,7.565;6.2,7.565;6.2,7.615;6.25,7.615;6.25,7.665;6.3,7.665;6.3,7.715;6.35,7.715;6.35,7.765;6.4,7.765;6.4,7.815;6.45,7.815;6.45,7.865;6.5,7.865;6.5,7.915;6.55,7.915;6.55,7.965;6.6,7.965;6.6,8.015;6.65,8.015;6.65,8.065;6.7,8.065;6.7,8.115;6.75,8.115;6.75,8.165;6.8,8.165;6.8,8.215;6.85,8.215;6.85,8.265;6.9,8.265;6.9,8.315;6.95,8.315;6.95,8.365;7.0,8.365;7.0,8.415;7.05,8.415;7.05,8.465;7.1,8.465;7.1,8.515;7.15,8.515;7.15,8.565;7.2,8.565;7.2,8.615;7.25,8.615;7.25,8.665;7.3,8.665;7.3,8.715;7.35,8.715;7.35,8.765;7.4,8.765;7.4,8.815;7.45,8.815;7.45,8.865;7.5,8.865;7.5,8.815;7.5,8.765;7.5,8.715;7.5,8.665;7.5,8.615;7.5,8.565;7.5,8.515;7.5,8.465;7.5,8.415;7.5,8.365;7.5,8.315;7.5,8.265;7.5,8.215;7.5,8.165;7.5,8.115;7.5,8.065;7.5,8.015;7.5,7.965;7.5,7.915;7.5,7.865;7.5,7.815;7.5,7.765;7.5,7.715;7.5,7.665;7.5,7.615;7.5,7.565;7.5,7.515;7.5,7.465;7.5,7.415;7.5,7.365;7.5,7.315;7.5,7.265;7.5,7.215;7.5,7.165;7.5,7.115;7.5,7.065;7.5,7.015;7.5,6.965;7.5,6.915;7.5,6.865;7.5,6.815;7.5,6.765;7.5,6.715;7.5,6.665;7.5,6.615;7.5,6.565;7.5,6.515;7.5,6.465;7.5,6.415;7.5,6.365;7.5,6.315;7.5,6.265;7.5,6.215;7.5,6.165;7.5,6.115;7.5,6.065;7.5,6.015;7.5,5.965;7.5,5.915;7.5,5.865;7.5,5.815;7.5,5.765;7.5,5.715;7.5,5.665;7.5,5.615;7.5,5.565;7.5,5.515;7.5,5.465;7.5,5.415;7.5,5.365;7.5,5.315;7.5,5.265;7.5,5.215;7.5,5.165;7.5,5.115;7.5,5.065;7.5,5.015;7.5,4.965;7.5,4.915;7.5,4.865;7.5,4.815;7.5,4.765;7.5,4.715;7.5,4.665;7.5,4.615;7.5,4.565;7.5,4.515;7.5,4.465;7.5,4.415;7.5,4.365;7.5,4.315;7.45,4.315;7.45,4.365;7.4,4.365;7.4,4.415;7.35,4.415;7.35,4.465;7.3,4.465;7.3,4.515;7.25,4.515;7.25,4.565;7.2,4.565;7.2,4.615;7.15,4.615;7.15,4.665;7.1,4.665;7.1,4.715;7.05,4.715;7.05,4.765;7.0,4.765;7.0,4.815;6.95,4.815;6.95,4.865;6.9,4.865;6.9,4.915;6.85,4.915;6.85,4.965;6.8,4.965;6.8,5.015;6.75,5.015;6.75,5.065;6.7,5.065;6.7,5.115;6.65,5.115;6.65,5.165;6.6,5.165;6.6,5.215;6.55,5.215;6.55,5.265;6.5,5.265;6.5,5.315;6.45,5.315;6.45,5.365;6.4,5.365;6.4,5.415;6.35,5.415;6.35,5.465;6.3,5.465;6.3,5.515;6.25,5.515;6.25,5.565;6.2,5.565;6.2,5.615;6.15,5.615;6.15,5.665;6.1,5.665;6.1,5.715;6.05,5.715;6.05,5.765;6.0,5.765;6.0,5.815;5.95,5.815;5.95,5.865;5.9,5.865;5.9,5.915;5.85,5.915;5.85,5.965;5.8,5.965;5.8,6.015;5.75,6.015",TRANSFERIDO
L2,L2_P_LB_c1_r2,L2_P_LB_c1_r2_T107,BEAM,L2_V004,L2_V004,2024.0,3.3233,6.22935,20.701999,"3.85,8.95;3.85,9.0;3.9,9.0;3.9,9.05;3.95,9.05;3.95,9.1;4.0,9.1;4.0,9.15;4.05,9.15;4.05,9.2;4.1,9.2;4.1,9.25;4.15,9.25;4.15,9.3;4.2,9.3;4.2,9.35;4.25,9.35;4.25,9.4;4.3,9.4;4.3,9.45;4.35,9.45;4.35,9.5;4.4,9.5;4.4,9.55;4.45,9.55;4.45,9.6;4.5,9.6;4.5,9.65;4.55,9.65;4.55,9.7;4.6,9.7;4.6,9.75;4.65,9.75;4.65,9.8;4.7,9.8;4.7,9.85;4.75,9.85;4.75,9.9;4.8,9.9;4.8,9.95;4.85,9.95;4.85,10.0;4.9,10.0;4.9,10.05;4.95,10.05;4.95,10.1;5.0,10.1;5.0,10.15;5.05,10.15;5.05,10.2;5.1,10.2;5.1,10.25;5.15,10.25;5.15,10.3;5.2,10.3;5.2,10.35;5.25,10.35;5.25,10.4;5.3,10.4;5.35,10.4;5.4,10.4;5.45,10.4;5.5,10.4;5.55,10.4;5.6,10.4;5.65,10.4;5.7,10.4;5.75,10.4;5.8,10.4;5.85,10.4;5.9,10.4;5.95,10.4;6.0,10.4;6.0,10.35;6.05,10.35;6.05,10.3;6.1,10.3;6.1,10.25;6.15,10.25;6.15,10.2;6.2,10.2;6.2,10.15;6.25,10.15;6.25,10.1;6.3,10.1;6.3,10.05;6.35,10.05;6.35,10.0;6.4,10.0;6.4,9.95;6.45,9.95;6.45,9.9;6.5,9.9;6.5,9.85;6.55,9.85;6.55,9.8;6.6,9.8;6.6,9.75;6.65,9.75;6.65,9.7;6.7,9.7;6.75,9.7;6.75,9.65;6.8,9.65;6.8,9.6;6.85,9.6;6.85,9.55;6.9,9.55;6.9,9.5;6.95,9.5;6.95,9.45;7.0,9.45;7.0,9.4;7.05,9.4;7.05,9.35;7.1,9.35;7.1,9.3;7.15,9.3;7.15,9.25;7.2,9.25;7.2,9.2;7.25,9.2;7.25,9.15;7.3,9.15;7.3,9.1;7.35,9.1;7.35,9.05;7.4,9.05;7.4,9.0;7.45,9.0;7.45,8.95;7.5,8.95;7.5,8.9;7.45,8.9;7.4,8.9;7.35,8.9;7.3,8.9;7.25,8.9;7.2,8.9;7.15,8.9;7.1,8.9;7.05,8.9;7.0,8.9;6.95,8.9;6.9,8.9;6.85,8.9;6.8,8.9;6.75,8.9;6.7,8.9;6.65,8.9;6.6,8.9;6.55,8.9;6.5,8.9;6.45,8.9;6.4,8.9;6.35,8.9;6.3,8.9;6.25,8.9;6.2,8.9;6.15,8.9;6.1,8.9;6.05,8.9;6.0,8.9;5.95,8.9;5.9,8.9;5.85,8.9;5.8,8.9;5.75,8.9;5.7,8.9;5.65,8.9;5.6,8.9;5.55,8.9;5.5,8.9;5.45,8.9;5.4,8.9;5.35,8.9;5.3,8.9;5.25,8.9;5.2,8.9;5.15,8.9;5.1,8.9;5.05,8.9;5.0,8.9;4.95,8.9;4.9,8.9;4.85,8.9;4.8,8.9;4.75,8.9;4.7,8.9;4.65,8.9;4.6,8.9;4.55,8.9;4.5,8.9;4.45,8.9;4.4,8.9;4.35,8.9;4.3,8.9;4.25,8.9;4.2,8.9;4.15,8.9;4.1,8.9;4.05,8.9;4.0,8.9;3.95,8.9;3.9,8.9;3.85,8.9;3.8,8.9;3.8,8.95",TRANSFERIDO
L2,L2_P_LB_c1_r2,L2_P_LB_c1_r2_T108,BEAM,L2_V30_04,L2_V30_04,2088.0,3.43275,6.22935,21.383801,"4.25,11.35;4.25,11.4;4.2,11.4;4.2,11.45;4.15,11.45;4.15,11.5;4.1,11.5;4.1,11.55;4.05,11.55;4.05,11.6;4.0,11.6;4.0,11.65;3.95,11.65;3.95,11.7;3.9,11.7;3.9,11.75;3.85,11.75;3.85,11.8;3.8,11.8;3.8,11.85;3.75,11.85;3.75,11.9;3.8,11.9;3.85,11.9;3.9,11.9;3.95,11.9;4.0,11.9;4.05,11.9;4.1,11.9;4.15,11.9;4.2,11.9;4.25,11.9;4.3,11.9;4.35,11.9;4.4,11.9;4.45,11.9;4.5,11.9;4.55,11.9;4.6,11.9;4.65,11.9;4.7,11.9;4.75,11.9;4.8,11.9;4.85,11.9;4.9,11.9;4.95,11.9;5.0,11.9;5.05,11.9;5.1,11.9;5.15,11.9;5.2,11.9;5.25,11.9;5.3,11.9;5.35,11.9;5.4,11.9;5.45,11.9;5.5,11.9;5.55,11.9;5.6,11.9;5.65,11.9;5.7,11.9;5.75,11.9;5.8,11.9;5.85,11.9;5.9,11.9;5.95,11.9;6.0,11.9;6.05,11.9;6.1,11.9;6.15,11.9;6.2,11.9;6.25,11.9;6.3,11.9;6.35,11.9;6.4,11.9;6.45,11.9;6.5,11.9;6.55,11.9;6.6,11.9;6.65,11.9;6.7,11.9;6.75,11.9;6.8,11.9;6.85,11.9;6.9,11.9;6.95,11.9;7.0,11.9;7.05,11.9;7.1,11.9;7.15,11.9;7.2,11.9;7.25,11.9;7.3,11.9;7.35,11.9;7.4,11.9;7.45,11.9;7.5,11.9;7.5,11.85;7.45,11.85;7.45,11.8;7.4,11.8;7.4,11.75;7.35,11.75;7.35,11.7;7.3,11.7;7.3,11.65;7.25,11.65;7.25,11.6;7.2,11.6;7.2,11.55;7.15,11.55;7.15,11.5;7.1,11.5;7.1,11.45;7.05,11.45;7.05,11.4;7.0,11.4;7.0,11.35;6.95,11.35;6.95,11.3;6.9,11.3;6.9,11.25;6.85,11.25;6.85,11.2;6.8,11.2;6.8,11.15;6.75,11.15;6.75,11.1;6.7,11.1;6.7,11.05;6.65,11.05;6.65,11.0;6.6,11.0;6.6,10.95;6.55,10.95;6.55,10.9;6.5,10.9;6.5,10.85;6.45,10.85;6.45,10.8;6.4,10.8;6.4,10.75;6.35,10.75;6.35,10.7;6.3,10.7;6.3,10.65;6.25,10.65;6.25,10.6;6.2,10.6;6.2,10.55;6.15,10.55;6.15,10.5;6.1,10.5;6.1,10.45;6.05,10.45;6.05,10.4;6.0,10.4;5.95,10.4;5.9,10.4;5.85,10.4;5.8,10.4;5.75,10.4;5.7,10.4;5.65,10.4;5.6,10.4;5.55,10.4;5.5,10.4;5.45,10.4;5.4,10.4;5.35,10.4;5.3,10.4;5.25,10.4;5.2,10.4;5.2,10.45;5.15,10.45;5.15,10.5;5.1,10.5;5.1,10.55;5.05,10.55;5.05,10.6;5.0,10.6;5.0,10.65;4.95,10.65;4.95,10.7;4.9,10.7;4.9,10.75;4.85,10.75;4.85,10.8;4.8,10.8;4.8,10.85;4.75,10.85;4.75,10.9;4.7,10.9;4.7,10.95;4.65,10.95;4.65,11.0;4.6,11.0;4.6,11.05;4.55,11.05;4.55,11.1;4.5,11.1;4.5,11.15;4.45,11.15;4.45,11.2;4.4,11.2;4.4,11.25;4.35,11.25;4.35,11.3;4.3,11.3;4.3,11.35",TRANSFERIDO
L2,L2_P_LB_c1_r2,L2_P_LB_c1_r2_T109,BEAM,L2_V011,L2_V011,2031.0,2.23875,6.22935,13.945957,"3.75,9.25;3.75,9.3;3.75,9.35;3.75,9.4;3.75,9.45;3.75,9.5;3.75,9.55;3.75,9.6;3.75,9.65;3.75,9.7;3.75,9.75;3.75,9.8;3.75,9.85;3.75,9.9;3.75,9.95;3.75,10.0;3.75,10.05;3.75,10.1;3.75,10.15;3.75,10.2;3.75,10.25;3.75,10.3;3.75,10.35;3.75,10.4;3.75,10.45;3.75,10.5;3.75,10.55;3.75,10.6;3.75,10.65;3.75,10.7;3.75,10.75;3.75,10.8;3.75,10.85;3.75,10.9;3.75,10.95;3.75,11.0;3.75,11.05;3.75,11.1;3.75,11.15;3.75,11.2;3.75,11.25;3.75,11.3;3.75,11.35;3.75,11.4;3.75,11.45;3.75,11.5;3.75,11.55;3.75,11.6;3.75,11.65;3.75,11.7;3.75,11.75;3.75,11.8;3.75,11.85;3.8,11.85;3.8,11.8;3.85,11.8;3.85,11.75;3.9,11.75;3.9,11.7;3.95,11.7;3.95,11.65;4.0,11.65;4.0,11.6;4.05,11.6;4.05,11.55;4.1,11.55;4.1,11.5;4.15,11.5;4.15,11.45;4.2,11.45;4.2,11.4;4.25,11.4;4.25,11.35;4.3,11.35;4.3,11.3;4.35,11.3;4.35,11.25;4.4,11.25;4.4,11.2;4.45,11.2;4.45,11.15;4.5,11.15;4.5,11.1;4.55,11.1;4.55,11.05;4.6,11.05;4.6,11.0;4.65,11.0;4.65,10.95;4.7,10.95;4.7,10.9;4.75,10.9;4.75,10.85;4.8,10.85;4.8,10.8;4.85,10.8;4.85,10.75;4.9,10.75;4.9,10.7;4.95,10.7;4.95,10.65;5.0,10.65;5.0,10.6;5.05,10.6;5.05,10.55;5.1,10.55;5.1,10.5;5.15,10.5;5.15,10.45;5.2,10.45;5.2,10.4;5.25,10.4;5.25,10.35;5.2,10.35;5.2,10.3;5.15,10.3;5.15,10.25;5.1,10.25;5.1,10.2;5.05,10.2;5.05,10.15;5.0,10.15;5.0,10.1;4.95,10.1;4.95,10.05;4.9,10.05;4.9,10.0;4.85,10.0;4.85,9.95;4.8,9.95;4.8,9.9;4.75,9.9;4.75,9.85;4.7,9.85;4.7,9.8;4.65,9.8;4.65,9.75;4.6,9.75;4.6,9.7;4.55,9.7;4.55,9.65;4.5,9.65;4.5,9.6;4.45,9.6;4.45,9.55;4.4,9.55;4.4,9.5;4.35,9.5;4.35,9.45;4.3,9.45;4.3,9.4;4.25,9.4;4.25,9.35;4.2,9.35;4.2,9.3;4.15,9.3;4.15,9.25;4.1,9.25;4.1,9.2;4.05,9.2;4.05,9.15;4.0,9.15;4.0,9.1;3.95,9.1;3.95,9.05;3.9,9.05;3.9,9.0;3.85,9.0;3.85,8.95;3.8,8.95;3.8,8.9;3.75,8.9;3.75,8.95;3.75,9.0;3.75,9.05;3.75,9.1;3.75,9.15;3.75,9.2",TRANSFERIDO
L2,L2_P_LB_c1_r2,L2_P_LB_c1_r2_T110,BEAM,L2_V015,L2_V015,2035.0,2.19895,6.22935,13.698029,"6.3,10.1;6.25,10.1;6.25,10.15;6.2,10.15;6.2,10.2;6.15,10.2;6.15,10.25;6.1,10.25;6.1,10.3;6.05,10.3;6.05,10.35;6.0,10.35;6.0,10.4;6.05,10.4;6.05,10.45;6.1,10.45;6.1,10.5;6.15,10.5;6.15,10.55;6.2,10.55;6.2,10.6;6.25,10.6;6.25,10.65;6.3,10.65;6.3,10.7;6.35,10.7;6.35,10.75;6.4,10.75;6.4,10.8;6.45,10.8;6.45,10.85;6.5,10.85;6.5,10.9;6.55,10.9;6.55,10.95;6.6,10.95;6.6,11.0;6.65,11.0;6.65,11.05;6.7,11.05;6.7,11.1;6.75,11.1;6.75,11.15;6.8,11.15;6.8,11.2;6.85,11.2;6.85,11.25;6.9,11.25;6.9,11.3;6.95,11.3;6.95,11.35;7.0,11.35;7.0,11.4;7.05,11.4;7.05,11.45;7.1,11.45;7.1,11.5;7.15,11.5;7.15,11.55;7.2,11.55;7.2,11.6;7.25,11.6;7.25,11.65;7.3,11.65;7.3,11.7;7.35,11.7;7.35,11.75;7.4,11.75;7.4,11.8;7.45,11.8;7.45,11.85;7.5,11.85;7.5,11.8;7.5,11.75;7.5,11.7;7.5,11.65;7.5,11.6;7.5,11.55;7.5,11.5;7.5,11.45;7.5,11.4;7.5,11.35;7.5,11.3;7.5,11.25;7.5,11.2;7.5,11.15;7.5,11.1;7.5,11.05;7.5,11.0;7.5,10.95;7.5,10.9;7.5,10.85;7.5,10.8;7.5,10.75;7.5,10.7;7.5,10.65;7.5,10.6;7.5,10.55;7.5,10.5;7.5,10.45;7.5,10.4;7.5,10.35;7.5,10.3;7.5,10.25;7.5,10.2;7.5,10.15;7.5,10.1;7.5,10.05;7.5,10.0;7.5,9.95;7.5,9.9;7.5,9.85;7.5,9.8;7.5,9.75;7.5,9.7;7.5,9.65;7.5,9.6;7.5,9.55;7.5,9.5;7.5,9.45;7.5,9.4;7.5,9.35;7.5,9.3;7.5,9.25;7.5,9.2;7.5,9.15;7.5,9.1;7.5,9.05;7.5,9.0;7.5,8.95;7.45,8.95;7.45,9.0;7.4,9.0;7.4,9.05;7.35,9.05;7.35,9.1;7.3,9.1;7.3,9.15;7.25,9.15;7.25,9.2;7.2,9.2;7.2,9.25;7.15,9.25;7.15,9.3;7.1,9.3;7.1,9.35;7.05,9.35;7.05,9.4;7.0,9.4;7.0,9.45;6.95,9.45;6.95,9.5;6.9,9.5;6.9,9.55;6.85,9.55;6.85,9.6;6.8,9.6;6.8,9.65;6.75,9.65;6.75,9.7;6.7,9.7;6.65,9.7;6.65,9.75;6.6,9.75;6.6,9.8;6.55,9.8;6.55,9.85;6.5,9.85;6.5,9.9;6.45,9.9;6.45,9.95;6.4,9.95;6.4,10.0;6.35,10.0;6.35,10.05;6.3,10.05",TRANSFERIDO
L2,L2_P_LB_c1_r3,L2_P_LB_c1_r3_T111,BEAM,L2_V30_04,L2_V30_04,2088.0,3.474721,6.22935,21.645251,"3.85,11.935;3.85,11.985;3.9,11.985;3.9,12.035;3.95,12.035;3.95,12.085;4.0,12.085;4.0,12.135;4.05,12.135;4.05,12.185;4.1,12.185;4.1,12.235;4.15,12.235;4.15,12.285;4.2,12.285;4.2,12.335;4.25,12.335;4.25,12.385;4.3,12.385;4.3,12.435;4.35,12.435;4.35,12.485;4.4,12.485;4.4,12.535;4.45,12.535;4.45,12.585;4.5,12.585;4.5,12.635;4.55,12.635;4.55,12.685;4.6,12.685;4.6,12.735;4.65,12.735;4.65,12.785;4.7,12.785;4.7,12.835;4.75,12.835;4.75,12.885;4.8,12.885;4.8,12.935;4.85,12.935;4.85,12.985;4.9,12.985;4.9,13.035;4.95,13.035;4.95,13.085;5.0,13.085;5.0,13.135;5.05,13.135;5.05,13.185;5.1,13.185;5.1,13.235;5.15,13.235;5.15,13.285;5.2,13.285;5.2,13.335;5.25,13.335;5.25,13.385;5.3,13.385;5.3,13.435;5.35,13.435;5.35,13.485;5.4,13.485;5.4,13.535;5.45,13.535;5.45,13.585;5.5,13.585;5.5,13.635;5.55,13.635;5.55,13.685;5.6,13.685;5.6,13.735;5.65,13.735;5.65,13.685;5.7,13.685;5.7,13.635;5.75,13.635;5.75,13.585;5.8,13.585;5.8,13.535;5.85,13.535;5.85,13.485;5.9,13.485;5.9,13.435;5.95,13.435;5.95,13.385;6.0,13.385;6.0,13.335;6.05,13.335;6.05,13.285;6.1,13.285;6.1,13.235;6.15,13.235;6.15,13.185;6.2,13.185;6.2,13.135;6.25,13.135;6.25,13.085;6.3,13.085;6.3,13.035;6.35,13.035;6.35,12.985;6.4,12.985;6.4,12.935;6.45,12.935;6.45,12.885;6.5,12.885;6.5,12.835;6.55,12.835;6.55,12.785;6.6,12.785;6.6,12.735;6.65,12.735;6.65,12.685;6.7,12.685;6.75,12.685;6.75,12.635;6.8,12.635;6.8,12.585;6.85,12.585;6.85,12.535;6.9,12.535;6.9,12.485;6.95,12.485;6.95,12.435;7.0,12.435;7.0,12.385;7.05,12.385;7.05,12.335;7.1,12.335;7.1,12.285;7.15,12.285;7.15,12.235;7.2,12.235;7.2,12.185;7.25,12.185;7.25,12.135;7.3,12.135;7.3,12.085;7.35,12.085;7.35,12.035;7.4,12.035;7.4,11.985;7.45,11.985;7.45,11.935;7.5,11.935;7.5,11.885;7.45,11.885;7.4,11.885;7.35,11.885;7.3,11.885;7.25,11.885;7.2,11.885;7.15,11.885;7.1,11.885;7.05,11.885;7.0,11.885;6.95,11.885;6.9,11.885;6.85,11.885;6.8,11.885;6.75,11.885;6.7,11.885;6.65,11.885;6.6,11.885;6.55,11.885;6.5,11.885;6.45,11.885;6.4,11.885;6.35,11.885;6.3,11.885;6.25,11.885;6.2,11.885;6.15,11.885;6.1,11.885;6.05,11.885;6.0,11.885;5.95,11.885;5.9,11.885;5.85,11.885;5.8,11.885;5.75,11.885;5.7,11.885;5.65,11.885;5.6,11.885;5.55,11.885;5.5,11.885;5.45,11.885;5.4,11.885;5.35,11.885;5.3,11.885;5.25,11.885;5.2,11.885;5.15,11.885;5.1,11.885;5.05,11.885;5.0,11.885;4.95,11.885;4.9,11.885;4.85,11.885;4.8,11.885;4.75,11.885;4.7,11.885;4.65,11.885;4.6,11.885;4.55,11.885;4.5,11.885;4.45,11.885;4.4,11.885;4.35,11.885;4.3,11.885;4.25,11.885;4.2,11.885;4.15,11.885;4.1,11.885;4.05,11.885;4.0,11.885;3.95,11.885;3.9,11.885;3.85,11.885;3.8,11.885;3.8,11.935",TRANSFERIDO
L2,L2_P_LB_c1_r3,L2_P_LB_c1_r3_T112,BEAM,L2_V007,L2_V007,2027.0,3.434579,6.22935,21.395197,"3.85,16.085;3.8,16.085;3.8,16.085;3.8,16.135;3.8,16.135;7.45,16.135;7.45,16.135;7.45,16.085;7.45,16.085;7.4,16.085;7.4,16.035;7.4,16.035;7.35,16.035;7.35,15.985;7.35,15.985;7.3,15.985;7.3,15.935;7.3,15.935;7.25,15.935;7.25,15.885;7.25,15.885;7.2,15.885;7.2,15.835;7.2,15.835;7.15,15.835;7.15,15.785;7.15,15.785;7.1,15.785;7.1,15.735;7.1,15.735;7.05,15.735;7.05,15.685;7.05,15.685;7.0,15.685;7.0,15.635;7.0,15.635;6.95,15.635;6.95,15.585;6.95,15.585;6.9,15.585;6.9,15.535;6.9,15.535;6.85,15.535;6.85,15.485;6.85,15.485;6.8,15.485;6.8,15.435;6.8,15.435;6.75,15.435;6.75,15.385;6.75,15.385;6.7,15.385;6.7,15.335;6.7,15.335;6.65,15.335;6.65,15.285;6.65,15.285;6.6,15.285;6.6,15.235;6.6,15.235;6.55,15.235;6.55,15.185;6.55,15.185;6.5,15.185;6.5,15.135;6.5,15.135;6.45,15.135;6.45,15.085;6.45,15.085;6.4,15.085;6.4,15.035;6.4,15.035;6.35,15.035;6.35,14.985;6.35,14.985;6.3,14.985;6.3,14.935;6.3,14.935;6.25,14.935;6.25,14.885;6.25,14.885;6.2,14.885;6.2,14.835;6.2,14.835;6.15,14.835;6.15,14.785;6.15,14.785;6.1,14.785;6.1,14.735;6.1,14.735;6.05,14.735;6.05,14.685;6.05,14.685;6.0,14.685;6.0,14.635;6.0,14.635;5.95,14.635;5.95,14.585;5.95,14.585;5.9,14.585;5.9,14.535;5.9,14.535;5.85,14.535;5.85,14.485;5.85,14.485;5.8,14.485;5.8,14.435;5.8,14.435;5.75,14.435;5.75,14.385;5.75,14.385;5.7,14.385;5.7,14.335;5.7,14.335;5.65,14.335;5.65,14.285;5.65,14.285;5.6,14.285;5.6,14.285;5.6,14.335;5.55,14.335;5.55,14.335;5.55,14.385;5.5,14.385;5.5,14.385;5.5,14.435;5.45,14.435;5.45,14.435;5.45,14.485;5.4,14.485;5.4,14.485;5.4,14.535;5.35,14.535;5.35,14.535;5.35,14.585;5.3,14.585;5.3,14.585;5.3,14.635;5.25,14.635;5.25,14.635;5.25,14.685;5.2,14.685;5.2,14.685;5.2,14.735;5.15,14.735;5.15,14.735;5.15,14.785;5.1,14.785;5.1,14.785;5.1,14.835;5.05,14.835;5.05,14.835;5.05,14.885;5.0,14.885;5.0,14.885;5.0,14.935;4.95,14.935;4.95,14.935;4.95,14.985;4.9,14.985;4.9,14.985;4.9,15.035;4.85,15.035;4.85,15.035;4.85,15.085;4.8,15.085;4.8,15.085;4.8,15.135;4.75,15.135;4.75,15.135;4.75,15.185;4.7,15.185;4.7,15.185;4.7,15.235;4.65,15.235;4.65,15.235;4.65,15.285;4.6,15.285;4.6,15.285;4.6,15.335;4.55,15.335;4.55,15.335;4.55,15.385;4.5,15.385;4.5,15.385;4.5,15.435;4.45,15.435;4.45,15.435;4.45,15.485;4.4,15.485;4.4,15.485;4.4,15.535;4.35,15.535;4.35,15.535;4.35,15.585;4.3,15.585;4.3,15.585;4.3,15.635;4.25,15.635;4.25,15.635;4.25,15.685;4.2,15.685;4.2,15.685;4.2,15.735;4.15,15.735;4.15,15.735;4.15,15.785;4.1,15.785;4.1,15.785;4.1,15.835;4.05,15.835;4.05,15.835;4.05,15.885;4.0,15.885;4.0,15.885;4.0,15.935;3.95,15.935;3.95,15.935;3.95,15.985;3.9,15.985;3.9,15.985;3.9,16.035;3.85,16.035;3.85,16.035",TRANSFERIDO
L2,L2_P_LB_c1_r3,L2_P_LB_c1_r3_T113,BEAM,L2_V012,L2_V012,2032.0,4.576094,6.22935,28.506092,"3.75,16.035;3.75,16.085;3.75,16.135;3.75,16.135;3.8,16.135;3.8,16.135;3.8,16.085;3.85,16.085;3.85,16.085;3.85,16.035;3.9,16.035;3.9,16.035;3.9,15.985;3.95,15.985;3.95,15.985;3.95,15.935;4.0,15.935;4.0,15.935;4.0,15.885;4.05,15.885;4.05,15.885;4.05,15.835;4.1,15.835;4.1,15.835;4.1,15.785;4.15,15.785;4.15,15.785;4.15,15.735;4.2,15.735;4.2,15.735;4.2,15.685;4.25,15.685;4.25,15.685;4.25,15.635;4.3,15.635;4.3,15.635;4.3,15.585;4.35,15.585;4.35,15.585;4.35,15.535;4.4,15.535;4.4,15.535;4.4,15.485;4.45,15.485;4.45,15.485;4.45,15.435;4.5,15.435;4.5,15.435;4.5,15.385;4.55,15.385;4.55,15.385;4.55,15.335;4.6,15.335;4.6,15.335;4.6,15.285;4.65,15.285;4.65,15.285;4.65,15.235;4.7,15.235;4.7,15.235;4.7,15.185;4.75,15.185;4.75,15.185;4.75,15.135;4.8,15.135;4.8,15.135;4.8,15.085;4.85,15.085;4.85,15.085;4.85,15.035;4.9,15.035;4.9,15.035;4.9,14.985;4.95,14.985;4.95,14.985;4.95,14.935;5.0,14.935;5.0,14.935;5.0,14.885;5.05,14.885;5.05,14.885;5.05,14.835;5.1,14.835;5.1,14.835;5.1,14.785;5.15,14.785;5.15,14.785;5.15,14.735;5.2,14.735;5.2,14.735;5.2,14.685;5.25,14.685;5.25,14.685;5.25,14.635;5.3,14.635;5.3,14.635;5.3,14.585;5.35,14.585;5.35,14.585;5.35,14.535;5.4,14.535;5.4,14.535;5.4,14.485;5.45,14.485;5.45,14.485;5.45,14.435;5.5,14.435;5.5,14.435;5.5,14.385;5.55,14.385;5.55,14.385;5.55,14.335;5.6,14.335;5.6,14.335;5.6,14.285;5.65,14.285;5.65,14.285;5.65,13.735;5.65,13.735;5.6,13.735;5.6,13.685;5.6,13.685;5.55,13.685;5.55,13.635;5.55,13.635;5.5,13.635;5.5,13.585;5.5,13.585;5.45,13.585;5.45,13.535;5.45,13.535;5.4,13.535;5.4,13.485;5.4,13.485;5.35,13.485;5.35,13.435;5.35,13.435;5.3,13.435;5.3,13.385;5.3,13.385;5.25,13.385;5.25,13.335;5.25,13.335;5.2,13.335;5.2,13.285;5.2,13.285;5.15,13.285;5.15,13.235;5.15,13.235;5.1,13.235;5.1,13.185;5.1,13.185;5.05,13.185;5.05,13.135;5.05,13.135;5.0,13.135;5.0,13.085;5.0,13.085;4.95,13.085;4.95,13.035;4.95,13.035;4.9,13.035;4.9,12.985;4.9,12.985;4.85,12.985;4.85,12.935;4.85,12.935;4.8,12.935;4.8,12.885;4.8,12.885;4.75,12.885;4.75,12.835;4.75,12.835;4.7,12.835;4.7,12.785;4.7,12.785;4.65,12.785;4.65,12.735;4.65,12.735;4.6,12.735;4.6,12.685;4.6,12.685;4.55,12.685;4.55,12.635;4.55,12.635;4.5,12.635;4.5,12.585;4.5,12.585;4.45,12.585;4.45,12.535;4.45,12.535;4.4,12.535;4.4,12.485;4.4,12.485;4.35,12.485;4.35,12.435;4.35,12.435;4.3,12.435;4.3,12.385;4.3,12.385;4.25,12.385;4.25,12.335;4.25,12.335;4.2,12.335;4.2,12.285;4.2,12.285;4.15,12.285;4.15,12.235;4.15,12.235;4.1,12.235;4.1,12.185;4.1,12.185;4.05,12.185;4.05,12.135;4.05,12.135;4.0,12.135;4.0,12.085;4.0,12.085;3.95,12.085;3.95,12.035;3.95,12.035;3.9,12.035;3.9,11.985;3.9,11.985;3.85,11.985;3.85,11.935;3.85,11.935;3.8,11.935;3.8,11.885;3.8,11.885;3.75,11.885;3.75,11.885",TRANSFERIDO
L2,L2_P_LB_c1_r3,L2_P_LB_c1_r3_T114,BEAM,L2_V016,L2_V016,2036.0,4.508356,6.22935,28.084127,"5.75,13.635;5.7,13.635;5.7,13.635;5.7,13.685;5.65,13.685;5.65,13.685;5.65,14.335;5.65,14.335;5.7,14.335;5.7,14.385;5.7,14.385;5.75,14.385;5.75,14.435;5.75,14.435;5.8,14.435;5.8,14.485;5.8,14.485;5.85,14.485;5.85,14.535;5.85,14.535;5.9,14.535;5.9,14.585;5.9,14.585;5.95,14.585;5.95,14.635;5.95,14.635;6.0,14.635;6.0,14.685;6.0,14.685;6.05,14.685;6.05,14.735;6.05,14.735;6.1,14.735;6.1,14.785;6.1,14.785;6.15,14.785;6.15,14.835;6.15,14.835;6.2,14.835;6.2,14.885;6.2,14.885;6.25,14.885;6.25,14.935;6.25,14.935;6.3,14.935;6.3,14.985;6.3,14.985;6.35,14.985;6.35,15.035;6.35,15.035;6.4,15.035;6.4,15.085;6.4,15.085;6.45,15.085;6.45,15.135;6.45,15.135;6.5,15.135;6.5,15.185;6.5,15.185;6.55,15.185;6.55,15.235;6.55,15.235;6.6,15.235;6.6,15.285;6.6,15.285;6.65,15.285;6.65,15.335;6.65,15.335;6.7,15.335;6.7,15.385;6.7,15.385;6.75,15.385;6.75,15.435;6.75,15.435;6.8,15.435;6.8,15.485;6.8,15.485;6.85,15.485;6.85,15.535;6.85,15.535;6.9,15.535;6.9,15.585;6.9,15.585;6.95,15.585;6.95,15.635;6.95,15.635;7.0,15.635;7.0,15.685;7.0,15.685;7.05,15.685;7.05,15.735;7.05,15.735;7.1,15.735;7.1,15.785;7.1,15.785;7.15,15.785;7.15,15.835;7.15,15.835;7.2,15.835;7.2,15.885;7.2,15.885;7.25,15.885;7.25,15.935;7.25,15.935;7.3,15.935;7.3,15.985;7.3,15.985;7.35,15.985;7.35,16.035;7.35,16.035;7.4,16.035;7.4,16.085;7.4,16.085;7.45,16.085;7.45,16.135;7.45,16.135;7.5,16.135;7.5,16.135;7.5,16.085;7.5,16.035;7.5,11.935;7.5,11.935;7.45,11.935;7.45,11.935;7.45,11.985;7.4,11.985;7.4,11.985;7.4,12.035;7.35,12.035;7.35,12.035;7.35,12.085;7.3,12.085;7.3,12.085;7.3,12.135;7.25,12.135;7.25,12.135;7.25,12.185;7.2,12.185;7.2,12.185;7.2,12.235;7.15,12.235;7.15,12.235;7.15,12.285;7.1,12.285;7.1,12.285;7.1,12.335;7.05,12.335;7.05,12.335;7.05,12.385;7.0,12.385;7.0,12.385;7.0,12.435;6.95,12.435;6.95,12.435;6.95,12.485;6.9,12.485;6.9,12.485;6.9,12.535;6.85,12.535;6.85,12.535;6.85,12.585;6.8,12.585;6.8,12.585;6.8,12.635;6.75,12.635;6.75,12.635;6.75,12.685;6.65,12.685;6.65,12.685;6.65,12.735;6.6,12.735;6.6,12.735;6.6,12.785;6.55,12.785;6.55,12.785;6.55,12.835;6.5,12.835;6.5,12.835;6.5,12.885;6.45,12.885;6.45,12.885;6.45,12.935;6.4,12.935;6.4,12.935;6.4,12.985;6.35,12.985;6.35,12.985;6.35,13.035;6.3,13.035;6.3,13.035;6.3,13.085;6.25,13.085;6.25,13.085;6.25,13.135;6.2,13.135;6.2,13.135;6.2,13.185;6.15,13.185;6.15,13.185;6.15,13.235;6.1,13.235;6.1,13.235;6.1,13.285;6.05,13.285;6.05,13.285;6.05,13.335;6.0,13.335;6.0,13.335;6.0,13.385;5.95,13.385;5.95,13.385;5.95,13.435;5.9,13.435;5.9,13.435;5.9,13.485;5.85,13.485;5.85,13.485;5.85,13.535;5.8,13.535;5.8,13.535;5.8,13.585;5.75,13.585;5.75,13.585",TRANSFERIDO
L2,L2_P_LB_c2_r0,L2_P_LB_c2_r0_T115,BEAM,L2_V003,L2_V003,2023.0,3.532424,6.22935,22.004703,"7.55,0.05;7.55,0.1;7.55,0.1;7.65,0.1;7.65,0.15;7.65,0.15;7.7,0.15;7.7,0.2;7.7,0.2;7.75,0.2;7.75,0.25;7.75,0.25;7.8,0.25;7.8,0.3;7.8,0.3;7.85,0.3;7.85,0.35;7.85,0.35;7.9,0.35;7.9,0.4;7.9,0.4;7.95,0.4;7.95,0.45;7.95,0.45;8.0,0.45;8.0,0.5;8.0,0.5;8.05,0.5;8.05,0.55;8.05,0.55;8.1,0.55;8.1,0.6;8.1,0.6;8.15,0.6;8.15,0.65;8.15,0.65;8.2,0.65;8.2,0.7;8.2,0.7;8.25,0.7;8.25,0.75;8.25,0.75;8.3,0.75;8.3,0.8;8.3,0.8;8.35,0.8;8.35,0.85;8.35,0.85;8.4,0.85;8.4,0.9;8.4,0.9;8.45,0.9;8.45,0.95;8.45,0.95;8.5,0.95;8.5,1.0;8.5,1.0;8.55,1.0;8.55,1.05;8.55,1.05;8.6,1.05;8.6,1.1;8.6,1.1;8.65,1.1;8.65,1.15;8.65,1.15;8.7,1.15;8.7,1.2;8.7,1.2;8.75,1.2;8.75,1.25;8.75,1.25;8.8,1.25;8.8,1.3;8.8,1.3;8.85,1.3;8.85,1.35;8.85,1.35;8.9,1.35;8.9,1.4;8.9,1.4;8.95,1.4;8.95,1.45;8.95,1.45;9.0,1.45;9.0,1.5;9.0,1.5;9.05,1.5;9.05,1.55;9.05,1.55;9.1,1.55;9.1,1.6;9.1,1.6;9.15,1.6;9.15,1.65;9.15,1.65;9.2,1.65;9.2,1.7;9.2,1.7;9.25,1.7;9.25,1.75;9.25,1.75;9.3,1.75;9.3,1.8;9.3,1.8;9.35,1.8;9.35,1.85;9.35,1.85;9.45,1.85;9.45,1.85;9.45,1.8;9.5,1.8;9.5,1.8;9.5,1.75;9.55,1.75;9.55,1.75;9.55,1.7;9.6,1.7;9.6,1.7;9.6,1.65;9.65,1.65;9.65,1.65;9.65,1.6;9.7,1.6;9.7,1.6;9.7,1.55;9.75,1.55;9.75,1.55;9.75,1.5;9.8,1.5;9.8,1.5;9.8,1.45;9.85,1.45;9.85,1.45;9.85,1.4;9.9,1.4;9.9,1.4;9.9,1.35;9.95,1.35;9.95,1.35;9.95,1.3;10.0,1.3;10.0,1.3;10.0,1.25;10.05,1.25;10.05,1.25;10.05,1.2;10.1,1.2;10.1,1.2;10.1,1.15;10.15,1.15;10.15,1.15;10.15,1.1;10.2,1.1;10.2,1.1;10.2,1.05;10.25,1.05;10.25,1.05;10.25,1.0;10.3,1.0;10.3,1.0;10.3,0.95;10.35,0.95;10.35,0.95;10.35,0.9;10.4,0.9;10.4,0.9;10.4,0.85;10.45,0.85;10.45,0.85;10.45,0.8;10.5,0.8;10.5,0.8;10.5,0.75;10.55,0.75;10.55,0.75;10.55,0.7;10.6,0.7;10.6,0.7;10.6,0.65;10.65,0.65;10.65,0.65;10.65,0.6;10.7,0.6;10.7,0.6;10.7,0.55;10.75,0.55;10.75,0.55;10.75,0.5;10.8,0.5;10.8,0.5;10.8,0.45;10.85,0.45;10.85,0.45;10.85,0.4;10.9,0.4;10.9,0.4;10.9,0.35;10.95,0.35;10.95,0.35;10.95,0.3;11.0,0.3;11.0,0.3;11.0,0.25;11.05,0.25;11.05,0.25;11.05,0.2;11.1,0.2;11.1,0.2;11.1,0.15;11.15,0.15;11.15,0.15;11.15,0.1;11.2,0.1;11.2,0.1;11.2,0.05;11.25,0.05;11.25,0.05;11.25,0.0;11.25,-0.0;7.5,-0.0;7.5,0.0;7.5,0.05;7.5,0.05",TRANSFERIDO
L2,L2_P_LB_c2_r0,L2_P_LB_c2_r0_T116,BEAM,L2_V013,L2_V013,2033.0,6.334779,6.22935,39.461558,"7.5,0.1;7.5,0.2;7.5,1.05;7.5,1.1;7.5,1.2;7.5,1.25;7.5,1.3;7.5,1.35;7.5,1.4;7.5,1.5;7.5,1.55;7.5,1.6;7.5,1.65;7.5,1.7;7.5,1.75;7.5,1.85;7.5,1.9;7.5,1.95;7.5,2.1;7.5,2.2;7.5,2.35;7.5,2.45;7.5,2.55;7.5,2.7;7.5,2.8;7.5,2.95;7.5,3.05;7.5,3.15;7.5,3.3;7.5,3.4;7.5,3.5;7.5,3.65;7.5,3.75;7.5,3.9;7.5,4.25;7.5,4.25;9.4,4.25;9.4,4.25;9.4,3.9;9.4,3.75;9.4,3.65;9.4,3.5;9.4,3.4;9.4,3.3;9.4,3.15;9.4,3.05;9.4,2.95;9.4,2.8;9.4,2.7;9.4,2.55;9.4,2.45;9.4,2.35;9.4,2.2;9.4,2.1;9.4,1.95;9.4,1.9;9.4,1.85;9.4,1.85;9.35,1.85;9.35,1.8;9.35,1.8;9.3,1.8;9.3,1.75;9.3,1.75;9.25,1.75;9.25,1.7;9.25,1.7;9.2,1.7;9.2,1.65;9.2,1.65;9.15,1.65;9.15,1.6;9.15,1.6;9.1,1.6;9.1,1.55;9.1,1.55;9.05,1.55;9.05,1.5;9.05,1.5;9.0,1.5;9.0,1.45;9.0,1.45;8.95,1.45;8.95,1.4;8.95,1.4;8.9,1.4;8.9,1.35;8.9,1.35;8.85,1.35;8.85,1.3;8.85,1.3;8.8,1.3;8.8,1.25;8.8,1.25;8.75,1.25;8.75,1.2;8.75,1.2;8.7,1.2;8.7,1.15;8.7,1.15;8.65,1.15;8.65,1.1;8.65,1.1;8.6,1.1;8.6,1.05;8.6,1.05;8.55,1.05;8.55,1.0;8.55,1.0;8.5,1.0;8.5,0.95;8.5,0.95;8.45,0.95;8.45,0.9;8.45,0.9;8.4,0.9;8.4,0.85;8.4,0.85;8.35,0.85;8.35,0.8;8.35,0.8;8.3,0.8;8.3,0.75;8.3,0.75;8.25,0.75;8.25,0.7;8.25,0.7;8.2,0.7;8.2,0.65;8.2,0.65;8.15,0.65;8.15,0.6;8.15,0.6;8.1,0.6;8.1,0.55;8.1,0.55;8.05,0.55;8.05,0.5;8.05,0.5;8.0,0.5;8.0,0.45;8.0,0.45;7.95,0.45;7.95,0.4;7.95,0.4;7.9,0.4;7.9,0.35;7.9,0.35;7.85,0.35;7.85,0.3;7.85,0.3;7.8,0.3;7.8,0.25;7.8,0.25;7.75,0.25;7.75,0.2;7.75,0.2;7.7,0.2;7.7,0.15;7.7,0.15;7.65,0.15;7.65,0.1;7.65,0.1;7.55,0.1;7.55,0.05;7.55,0.05;7.5,0.05;7.5,0.05;7.5,0.1",TRANSFERIDO
L2,L2_P_LB_c2_r0,L2_P_LB_c2_r0_T117,BEAM,L2_V017,L2_V017,2037.0,6.126547,6.22935,38.164406,"9.4,1.9;9.4,1.95;9.4,2.1;9.4,2.2;9.4,2.35;9.4,2.45;9.4,2.55;9.4,2.7;9.4,2.8;9.4,2.95;9.4,3.05;9.4,3.15;9.4,3.3;9.4,3.4;9.4,3.5;9.4,3.65;9.4,3.75;9.4,3.9;9.4,4.25;9.4,4.25;11.25,4.25;11.25,4.25;11.25,3.9;11.25,3.75;11.25,3.65;11.25,3.5;11.25,3.4;11.25,3.3;11.25,3.15;11.25,3.05;11.25,2.95;11.25,2.8;11.25,2.7;11.25,2.55;11.25,2.45;11.25,2.35;11.25,2.2;11.25,2.1;11.25,1.95;11.25,1.9;11.25,1.85;11.25,1.75;11.25,1.7;11.25,1.65;11.25,1.6;11.25,1.55;11.25,1.5;11.25,1.4;11.25,1.35;11.25,1.3;11.25,1.25;11.25,1.2;11.25,1.1;11.25,1.05;11.25,0.2;11.25,0.1;11.25,0.05;11.25,0.05;11.2,0.05;11.2,0.05;11.2,0.1;11.15,0.1;11.15,0.1;11.15,0.15;11.1,0.15;11.1,0.15;11.1,0.2;11.05,0.2;11.05,0.2;11.05,0.25;11.0,0.25;11.0,0.25;11.0,0.3;10.95,0.3;10.95,0.3;10.95,0.35;10.9,0.35;10.9,0.35;10.9,0.4;10.85,0.4;10.85,0.4;10.85,0.45;10.8,0.45;10.8,0.45;10.8,0.5;10.75,0.5;10.75,0.5;10.75,0.55;10.7,0.55;10.7,0.55;10.7,0.6;10.65,0.6;10.65,0.6;10.65,0.65;10.6,0.65;10.6,0.65;10.6,0.7;10.55,0.7;10.55,0.7;10.55,0.75;10.5,0.75;10.5,0.75;10.5,0.8;10.45,0.8;10.45,0.8;10.45,0.85;10.4,0.85;10.4,0.85;10.4,0.9;10.35,0.9;10.35,0.9;10.35,0.95;10.3,0.95;10.3,0.95;10.3,1.0;10.25,1.0;10.25,1.0;10.25,1.05;10.2,1.05;10.2,1.05;10.2,1.1;10.15,1.1;10.15,1.1;10.15,1.15;10.1,1.15;10.1,1.15;10.1,1.2;10.05,1.2;10.05,1.2;10.05,1.25;10.0,1.25;10.0,1.25;10.0,1.3;9.95,1.3;9.95,1.3;9.95,1.35;9.9,1.35;9.9,1.35;9.9,1.4;9.85,1.4;9.85,1.4;9.85,1.45;9.8,1.45;9.8,1.45;9.8,1.5;9.75,1.5;9.75,1.5;9.75,1.55;9.7,1.55;9.7,1.55;9.7,1.6;9.65,1.6;9.65,1.6;9.65,1.65;9.6,1.65;9.6,1.65;9.6,1.7;9.55,1.7;9.55,1.7;9.55,1.75;9.5,1.75;9.5,1.75;9.5,1.8;9.45,1.8;9.45,1.8;9.45,1.85;9.4,1.85;9.4,1.85",TRANSFERIDO
L2,L2_P_LB_c2_r1,L2_P_LB_c2_r1_T118,BEAM,L2_V005,L2_V005,2025.0,3.598355,6.22935,22.415412,"8.05,8.365;8.0,8.365;8.0,8.415;7.95,8.415;7.95,8.465;7.9,8.465;7.9,8.515;7.85,8.515;7.85,8.565;7.8,8.565;7.8,8.615;7.75,8.615;7.75,8.665;7.7,8.665;7.7,8.715;7.65,8.715;7.65,8.765;7.6,8.765;7.6,8.815;7.55,8.815;7.55,8.865;7.5,8.865;7.5,8.915;7.55,8.915;7.6,8.915;7.65,8.915;7.7,8.915;7.75,8.915;7.8,8.915;7.85,8.915;7.9,8.915;7.95,8.915;8.0,8.915;8.05,8.915;8.1,8.915;8.15,8.915;8.2,8.915;8.25,8.915;8.3,8.915;8.35,8.915;8.4,8.915;8.45,8.915;8.5,8.915;8.55,8.915;8.6,8.915;8.65,8.915;8.7,8.915;8.75,8.915;8.8,8.915;8.85,8.915;8.9,8.915;8.95,8.915;9.0,8.915;9.05,8.915;9.1,8.915;9.15,8.915;9.2,8.915;9.25,8.915;9.3,8.915;9.35,8.915;9.4,8.915;9.45,8.915;9.5,8.915;9.55,8.915;9.6,8.915;9.65,8.915;9.7,8.915;9.75,8.915;9.8,8.915;9.85,8.915;9.9,8.915;9.95,8.915;10.0,8.915;10.05,8.915;10.1,8.915;10.15,8.915;10.2,8.915;10.25,8.915;10.3,8.915;10.35,8.915;10.4,8.915;10.45,8.915;10.5,8.915;10.55,8.915;10.6,8.915;10.65,8.915;10.7,8.915;10.75,8.915;10.8,8.915;10.85,8.915;10.9,8.915;10.95,8.915;11.0,8.915;11.05,8.915;11.1,8.915;11.15,8.915;11.2,8.915;11.25,8.915;11.25,8.865;11.2,8.865;11.2,8.815;11.15,8.815;11.15,8.765;11.1,8.765;11.1,8.715;11.05,8.715;11.05,8.665;11.0,8.665;11.0,8.615;10.95,8.615;10.95,8.565;10.9,8.565;10.9,8.515;10.85,8.515;10.85,8.465;10.8,8.465;10.8,8.415;10.75,8.415;10.75,8.365;10.7,8.365;10.7,8.315;10.65,8.315;10.65,8.265;10.6,8.265;10.6,8.215;10.55,8.215;10.55,8.165;10.5,8.165;10.5,8.115;10.45,8.115;10.45,8.065;10.4,8.065;10.4,8.015;10.35,8.015;10.35,7.965;10.3,7.965;10.3,7.915;10.25,7.915;10.25,7.865;10.2,7.865;10.2,7.815;10.15,7.815;10.15,7.765;10.1,7.765;10.1,7.715;10.05,7.715;10.05,7.665;10.0,7.665;10.0,7.615;9.95,7.615;9.95,7.565;9.9,7.565;9.9,7.515;9.85,7.515;9.85,7.465;9.8,7.465;9.8,7.415;9.75,7.415;9.75,7.365;9.7,7.365;9.7,7.315;9.65,7.315;9.65,7.265;9.6,7.265;9.6,7.215;9.55,7.215;9.55,7.165;9.5,7.165;9.5,7.115;9.45,7.115;9.45,7.065;9.4,7.065;9.4,7.015;9.35,7.015;9.35,7.065;9.3,7.065;9.3,7.115;9.25,7.115;9.25,7.165;9.2,7.165;9.2,7.215;9.15,7.215;9.15,7.265;9.1,7.265;9.1,7.315;9.05,7.315;9.05,7.365;9.0,7.365;9.0,7.415;8.95,7.415;8.95,7.465;8.9,7.465;8.9,7.515;8.85,7.515;8.85,7.565;8.8,7.565;8.8,7.615;8.75,7.615;8.75,7.665;8.7,7.665;8.7,7.715;8.65,7.715;8.65,7.765;8.6,7.765;8.6,7.815;8.55,7.815;8.55,7.865;8.5,7.865;8.5,7.915;8.45,7.915;8.45,7.965;8.4,7.965;8.4,8.015;8.35,8.015;8.35,8.065;8.3,8.065;8.3,8.115;8.25,8.115;8.25,8.165;8.2,8.165;8.2,8.215;8.15,8.215;8.15,8.265;8.1,8.265;8.1,8.315;8.05,8.315",TRANSFERIDO
L2,L2_P_LB_c2_r1,L2_P_LB_c2_r1_T119,BEAM,L2_V014,L2_V014,2034.0,6.959976,6.22935,43.356125,"7.5,4.415;7.5,4.465;7.5,4.515;7.5,4.565;7.5,4.615;7.5,4.665;7.5,4.715;7.5,4.765;7.5,4.815;7.5,4.865;7.5,4.915;7.5,4.965;7.5,5.015;7.5,5.065;7.5,5.115;7.5,5.165;7.5,5.215;7.5,5.265;7.5,5.315;7.5,5.365;7.5,5.415;7.5,5.465;7.5,5.515;7.5,5.565;7.5,5.615;7.5,5.665;7.5,5.715;7.5,5.765;7.5,5.815;7.5,5.865;7.5,5.915;7.5,5.965;7.5,6.015;7.5,6.065;7.5,6.115;7.5,6.165;7.5,6.215;7.5,6.265;7.5,6.315;7.5,6.365;7.5,6.415;7.5,6.465;7.5,6.515;7.5,6.565;7.5,6.615;7.5,6.665;7.5,6.715;7.5,6.765;7.5,6.815;7.5,6.865;7.5,6.915;7.5,6.965;7.5,7.015;7.5,7.065;7.5,7.115;7.5,7.165;7.5,7.215;7.5,7.265;7.5,7.315;7.5,7.365;7.5,7.415;7.5,7.465;7.5,7.515;7.5,7.565;7.5,7.615;7.5,7.665;7.5,7.715;7.5,7.765;7.5,7.815;7.5,7.865;7.5,7.915;7.5,7.965;7.5,8.015;7.5,8.065;7.5,8.115;7.5,8.165;7.5,8.215;7.5,8.265;7.5,8.315;7.5,8.365;7.5,8.415;7.5,8.465;7.5,8.515;7.5,8.565;7.5,8.615;7.5,8.665;7.5,8.715;7.5,8.765;7.5,8.815;7.5,8.865;7.55,8.865;7.55,8.815;7.6,8.815;7.6,8.765;7.65,8.765;7.65,8.715;7.7,8.715;7.7,8.665;7.75,8.665;7.75,8.615;7.8,8.615;7.8,8.565;7.85,8.565;7.85,8.515;7.9,8.515;7.9,8.465;7.95,8.465;7.95,8.415;8.0,8.415;8.0,8.365;8.05,8.365;8.05,8.315;8.1,8.315;8.1,8.265;8.15,8.265;8.15,8.215;8.2,8.215;8.2,8.165;8.25,8.165;8.25,8.115;8.3,8.115;8.3,8.065;8.35,8.065;8.35,8.015;8.4,8.015;8.4,7.965;8.45,7.965;8.45,7.915;8.5,7.915;8.5,7.865;8.55,7.865;8.55,7.815;8.6,7.815;8.6,7.765;8.65,7.765;8.65,7.715;8.7,7.715;8.7,7.665;8.75,7.665;8.75,7.615;8.8,7.615;8.8,7.565;8.85,7.565;8.85,7.515;8.9,7.515;8.9,7.465;8.95,7.465;8.95,7.415;9.0,7.415;9.0,7.365;9.05,7.365;9.05,7.315;9.1,7.315;9.1,7.265;9.15,7.265;9.15,7.215;9.2,7.215;9.2,7.165;9.25,7.165;9.25,7.115;9.3,7.115;9.3,7.065;9.35,7.065;9.35,7.015;9.4,7.015;9.4,6.965;9.4,6.915;9.4,6.865;9.4,6.815;9.4,6.765;9.4,6.715;9.4,6.665;9.4,6.615;9.4,6.565;9.4,6.515;9.4,6.465;9.4,6.415;9.4,6.365;9.4,6.315;9.4,6.265;9.4,6.215;9.4,6.165;9.4,6.115;9.4,6.065;9.4,6.015;9.4,5.965;9.4,5.915;9.4,5.865;9.4,5.815;9.4,5.765;9.4,5.715;9.4,5.665;9.4,5.615;9.4,5.565;9.4,5.515;9.4,5.465;9.4,5.415;9.4,5.365;9.4,5.315;9.4,5.265;9.4,5.215;9.4,5.165;9.4,5.115;9.4,5.065;9.4,5.015;9.4,4.965;9.4,4.915;9.4,4.865;9.4,4.815;9.4,4.765;9.4,4.715;9.4,4.665;9.4,4.615;9.4,4.565;9.4,4.515;9.4,4.465;9.4,4.415;9.4,4.365;9.4,4.315;9.4,4.265;9.35,4.265;9.3,4.265;9.25,4.265;9.2,4.265;9.15,4.265;9.1,4.265;9.05,4.265;9.0,4.265;8.95,4.265;8.9,4.265;8.85,4.265;8.8,4.265;8.75,4.265;8.7,4.265;8.65,4.265;8.6,4.265;8.55,4.265;8.5,4.265;8.45,4.265;8.4,4.265;8.35,4.265;8.3,4.265;8.25,4.265;8.2,4.265;8.15,4.265;8.1,4.265;8.05,4.265;8.0,4.265;7.95,4.265;7.9,4.265;7.85,4.265;7.8,4.265;7.75,4.265;7.7,4.265;7.65,4.265;7.6,4.265;7.55,4.265;7.5,4.265;7.5,4.315;7.5,4.365",TRANSFERIDO
L2,L2_P_LB_c2_r1,L2_P_LB_c2_r1_T120,BEAM,L2_V018,L2_V018,2038.0,6.822919,6.22935,42.502353,"9.4,4.515;9.4,4.565;9.4,4.615;9.4,4.665;9.4,4.715;9.4,4.765;9.4,4.815;9.4,4.865;9.4,4.915;9.4,4.965;9.4,5.015;9.4,5.065;9.4,5.115;9.4,5.165;9.4,5.215;9.4,5.265;9.4,5.315;9.4,5.365;9.4,5.415;9.4,5.465;9.4,5.515;9.4,5.565;9.4,5.615;9.4,5.665;9.4,5.715;9.4,5.765;9.4,5.815;9.4,5.865;9.4,5.915;9.4,5.965;9.4,6.015;9.4,6.065;9.4,6.115;9.4,6.165;9.4,6.215;9.4,6.265;9.4,6.315;9.4,6.365;9.4,6.415;9.4,6.465;9.4,6.515;9.4,6.565;9.4,6.615;9.4,6.665;9.4,6.715;9.4,6.765;9.4,6.815;9.4,6.865;9.4,6.915;9.4,6.965;9.4,7.015;9.4,7.065;9.45,7.065;9.45,7.115;9.5,7.115;9.5,7.165;9.55,7.165;9.55,7.215;9.6,7.215;9.6,7.265;9.65,7.265;9.65,7.315;9.7,7.315;9.7,7.365;9.75,7.365;9.75,7.415;9.8,7.415;9.8,7.465;9.85,7.465;9.85,7.515;9.9,7.515;9.9,7.565;9.95,7.565;9.95,7.615;10.0,7.615;10.0,7.665;10.05,7.665;10.05,7.715;10.1,7.715;10.1,7.765;10.15,7.765;10.15,7.815;10.2,7.815;10.2,7.865;10.25,7.865;10.25,7.915;10.3,7.915;10.3,7.965;10.35,7.965;10.35,8.015;10.4,8.015;10.4,8.065;10.45,8.065;10.45,8.115;10.5,8.115;10.5,8.165;10.55,8.165;10.55,8.215;10.6,8.215;10.6,8.265;10.65,8.265;10.65,8.315;10.7,8.315;10.7,8.365;10.75,8.365;10.75,8.415;10.8,8.415;10.8,8.465;10.85,8.465;10.85,8.515;10.9,8.515;10.9,8.565;10.95,8.565;10.95,8.615;11.0,8.615;11.0,8.665;11.05,8.665;11.05,8.715;11.1,8.715;11.1,8.765;11.15,8.765;11.15,8.815;11.2,8.815;11.2,8.865;11.25,8.865;11.25,8.815;11.25,8.765;11.25,8.715;11.25,8.665;11.25,8.615;11.25,8.565;11.25,8.515;11.25,8.465;11.25,8.415;11.25,8.365;11.25,8.315;11.25,8.265;11.25,8.215;11.25,8.165;11.25,8.115;11.25,8.065;11.25,8.015;11.25,7.965;11.25,7.915;11.25,7.865;11.25,7.815;11.25,7.765;11.25,7.715;11.25,7.665;11.25,7.615;11.25,7.565;11.25,7.515;11.25,7.465;11.25,7.415;11.25,7.365;11.25,7.315;11.25,7.265;11.25,7.215;11.25,7.165;11.25,7.115;11.25,7.065;11.25,7.015;11.25,6.965;11.25,6.915;11.25,6.865;11.25,6.815;11.25,6.765;11.25,6.715;11.25,6.665;11.25,6.615;11.25,6.565;11.25,6.515;11.25,6.465;11.25,6.415;11.25,6.365;11.25,6.315;11.25,6.265;11.25,6.215;11.25,6.165;11.25,6.115;11.25,6.065;11.25,6.015;11.25,5.965;11.25,5.915;11.25,5.865;11.25,5.815;11.25,5.765;11.25,5.715;11.25,5.665;11.25,5.615;11.25,5.565;11.25,5.515;11.25,5.465;11.25,5.415;11.25,5.365;11.25,5.315;11.25,5.265;11.25,5.215;11.25,5.165;11.25,5.115;11.25,5.065;11.25,5.015;11.25,4.965;11.25,4.915;11.25,4.865;11.25,4.815;11.25,4.765;11.25,4.715;11.25,4.665;11.25,4.615;11.25,4.565;11.25,4.515;11.25,4.465;11.25,4.415;11.25,4.365;11.25,4.315;11.25,4.265;11.2,4.265;11.15,4.265;11.1,4.265;11.05,4.265;11.0,4.265;10.95,4.265;10.9,4.265;10.85,4.265;10.8,4.265;10.75,4.265;10.7,4.265;10.65,4.265;10.6,4.265;10.55,4.265;10.5,4.265;10.45,4.265;10.4,4.265;10.35,4.265;10.3,4.265;10.25,4.265;10.2,4.265;10.15,4.265;10.1,4.265;10.05,4.265;10.0,4.265;9.95,4.265;9.9,4.265;9.85,4.265;9.8,4.265;9.75,4.265;9.7,4.265;9.65,4.265;9.6,4.265;9.55,4.265;9.5,4.265;9.45,4.265;9.4,4.265;9.4,4.315;9.4,4.365;9.4,4.415;9.4,4.465;9.4,4.515",TRANSFERIDO
L2,L2_P_LB_c2_r2,L2_P_LB_c2_r2_T121,BEAM,L2_V005,L2_V005,2025.0,3.445188,6.22935,21.461279,"8.1,8.9;8.05,8.9;8.0,8.9;7.95,8.9;7.9,8.9;7.85,8.9;7.8,8.9;7.75,8.9;7.7,8.9;7.65,8.9;7.6,8.9;7.55,8.9;7.5,8.9;7.5,8.95;7.55,8.95;7.6,8.95;7.6,9.0;7.65,9.0;7.65,9.05;7.7,9.05;7.7,9.1;7.75,9.1;7.75,9.15;7.8,9.15;7.8,9.2;7.85,9.2;7.85,9.25;7.9,9.25;7.9,9.3;7.95,9.3;7.95,9.35;8.0,9.35;8.0,9.4;8.05,9.4;8.05,9.45;8.1,9.45;8.1,9.5;8.15,9.5;8.15,9.55;8.2,9.55;8.2,9.6;8.25,9.6;8.25,9.65;8.3,9.65;8.3,9.7;8.35,9.7;8.35,9.75;8.4,9.75;8.4,9.8;8.45,9.8;8.45,9.85;8.5,9.85;8.5,9.9;8.55,9.9;8.55,9.95;8.6,9.95;8.6,10.0;8.65,10.0;8.65,10.05;8.7,10.05;8.7,10.1;8.75,10.1;8.75,10.15;8.8,10.15;8.8,10.2;8.85,10.2;8.85,10.25;8.9,10.25;8.9,10.3;8.95,10.3;8.95,10.35;9.0,10.35;9.0,10.4;9.05,10.4;9.05,10.45;9.1,10.45;9.1,10.5;9.15,10.5;9.15,10.55;9.2,10.55;9.2,10.6;9.25,10.6;9.25,10.65;9.3,10.65;9.3,10.7;9.35,10.7;9.35,10.75;9.4,10.75;9.4,10.7;9.45,10.7;9.45,10.65;9.5,10.65;9.5,10.6;9.55,10.6;9.55,10.55;9.6,10.55;9.6,10.5;9.65,10.5;9.65,10.45;9.7,10.45;9.7,10.4;9.75,10.4;9.75,10.35;9.8,10.35;9.8,10.3;9.85,10.3;9.85,10.25;9.9,10.25;9.9,10.2;9.95,10.2;9.95,10.15;10.0,10.15;10.0,10.1;10.05,10.1;10.05,10.05;10.1,10.05;10.1,10.0;10.15,10.0;10.15,9.95;10.2,9.95;10.2,9.9;10.25,9.9;10.25,9.85;10.3,9.85;10.3,9.8;10.35,9.8;10.35,9.75;10.4,9.75;10.4,9.7;10.45,9.7;10.45,9.65;10.5,9.65;10.55,9.65;10.55,9.6;10.6,9.6;10.6,9.55;10.65,9.55;10.65,9.5;10.7,9.5;10.7,9.45;10.75,9.45;10.75,9.4;10.8,9.4;10.8,9.35;10.85,9.35;10.85,9.3;10.9,9.3;10.9,9.25;10.95,9.25;10.95,9.2;11.0,9.2;11.0,9.15;11.05,9.15;11.05,9.1;11.1,9.1;11.1,9.05;11.15,9.05;11.15,9.0;11.2,9.0;11.2,8.95;11.25,8.95;11.25,8.9;11.2,8.9;11.15,8.9;11.1,8.9;11.05,8.9;11.0,8.9;10.95,8.9;10.9,8.9;10.85,8.9;10.8,8.9;10.75,8.9;10.7,8.9;10.65,8.9;10.6,8.9;10.55,8.9;10.5,8.9;10.45,8.9;10.4,8.9;10.35,8.9;10.3,8.9;10.25,8.9;10.2,8.9;10.15,8.9;10.1,8.9;10.05,8.9;10.0,8.9;9.95,8.9;9.9,8.9;9.85,8.9;9.8,8.9;9.75,8.9;9.7,8.9;9.65,8.9;9.6,8.9;9.55,8.9;9.5,8.9;9.45,8.9;9.4,8.9;9.35,8.9;9.3,8.9;9.25,8.9;9.2,8.9;9.15,8.9;9.1,8.9;9.05,8.9;9.0,8.9;8.95,8.9;8.9,8.9;8.85,8.9;8.8,8.9;8.75,8.9;8.7,8.9;8.65,8.9;8.6,8.9;8.55,8.9;8.5,8.9;8.45,8.9;8.4,8.9;8.35,8.9;8.3,8.9;8.25,8.9;8.2,8.9;8.15,8.9",TRANSFERIDO
L2,L2_P_LB_c2_r2,L2_P_LB_c2_r2_T122,BEAM,L2_V015,L2_V015,2035.0,3.9203,6.22935,24.420921,"7.5,9.4;7.5,9.45;7.5,9.5;7.5,9.55;7.5,9.6;7.5,9.65;7.5,9.7;7.5,9.75;7.5,9.8;7.5,9.85;7.5,9.9;7.5,9.95;7.5,10.0;7.5,10.05;7.5,10.1;7.5,10.15;7.5,10.2;7.5,10.25;7.5,10.3;7.5,10.35;7.5,10.4;7.5,10.45;7.5,10.5;7.5,10.55;7.5,10.6;7.5,10.65;7.5,10.7;7.5,10.75;7.5,10.8;7.5,10.85;7.5,10.9;7.5,10.95;7.5,11.0;7.5,11.05;7.5,11.1;7.5,11.15;7.5,11.2;7.5,11.25;7.5,11.3;7.5,11.35;7.5,11.4;7.5,11.45;7.5,11.5;7.5,11.55;7.5,11.6;7.5,11.65;7.5,11.7;7.5,11.75;7.5,11.8;7.5,11.85;7.5,11.9;7.55,11.9;7.6,11.9;7.65,11.9;7.7,11.9;7.75,11.9;7.8,11.9;7.85,11.9;7.9,11.9;7.95,11.9;8.0,11.9;8.05,11.9;8.1,11.9;8.15,11.9;8.2,11.9;8.25,11.9;8.3,11.9;8.35,11.9;8.4,11.9;8.45,11.9;8.5,11.9;8.55,11.9;8.6,11.9;8.65,11.9;8.7,11.9;8.75,11.9;8.8,11.9;8.85,11.9;8.9,11.9;8.95,11.9;9.0,11.9;9.05,11.9;9.1,11.9;9.15,11.9;9.2,11.9;9.25,11.9;9.3,11.9;9.35,11.9;9.4,11.9;9.4,11.85;9.4,11.8;9.4,11.75;9.4,11.7;9.4,11.65;9.4,11.6;9.4,11.55;9.4,11.5;9.4,11.45;9.4,11.4;9.4,11.35;9.4,11.3;9.4,11.25;9.4,11.2;9.4,11.15;9.4,11.1;9.4,11.05;9.4,11.0;9.4,10.95;9.4,10.9;9.4,10.85;9.4,10.8;9.4,10.75;9.35,10.75;9.35,10.7;9.3,10.7;9.3,10.65;9.25,10.65;9.25,10.6;9.2,10.6;9.2,10.55;9.15,10.55;9.15,10.5;9.1,10.5;9.1,10.45;9.05,10.45;9.05,10.4;9.0,10.4;9.0,10.35;8.95,10.35;8.95,10.3;8.9,10.3;8.9,10.25;8.85,10.25;8.85,10.2;8.8,10.2;8.8,10.15;8.75,10.15;8.75,10.1;8.7,10.1;8.7,10.05;8.65,10.05;8.65,10.0;8.6,10.0;8.6,9.95;8.55,9.95;8.55,9.9;8.5,9.9;8.5,9.85;8.45,9.85;8.45,9.8;8.4,9.8;8.4,9.75;8.35,9.75;8.35,9.7;8.3,9.7;8.3,9.65;8.25,9.65;8.25,9.6;8.2,9.6;8.2,9.55;8.15,9.55;8.15,9.5;8.1,9.5;8.1,9.45;8.05,9.45;8.05,9.4;8.0,9.4;8.0,9.35;7.95,9.35;7.95,9.3;7.9,9.3;7.9,9.25;7.85,9.25;7.85,9.2;7.8,9.2;7.8,9.15;7.75,9.15;7.75,9.1;7.7,9.1;7.7,9.05;7.65,9.05;7.65,9.0;7.6,9.0;7.6,8.95;7.55,8.95;7.5,8.95;7.5,9.0;7.5,9.05;7.5,9.1;7.5,9.15;7.5,9.2;7.5,9.25;7.5,9.3;7.5,9.35",TRANSFERIDO
L2,L2_P_LB_c2_r2,L2_P_LB_c2_r2_T123,BEAM,L2_V019,L2_V019,2039.0,3.828262,6.22935,23.847587,"9.4,10.8;9.4,10.85;9.4,10.9;9.4,10.95;9.4,11.0;9.4,11.05;9.4,11.1;9.4,11.15;9.4,11.2;9.4,11.25;9.4,11.3;9.4,11.35;9.4,11.4;9.4,11.45;9.4,11.5;9.4,11.55;9.4,11.6;9.4,11.65;9.4,11.7;9.4,11.75;9.4,11.8;9.4,11.85;9.4,11.9;9.45,11.9;9.5,11.9;9.55,11.9;9.6,11.9;9.65,11.9;9.7,11.9;9.75,11.9;9.8,11.9;9.85,11.9;9.9,11.9;9.95,11.9;10.0,11.9;10.05,11.9;10.1,11.9;10.15,11.9;10.2,11.9;10.25,11.9;10.3,11.9;10.35,11.9;10.4,11.9;10.45,11.9;10.5,11.9;10.55,11.9;10.6,11.9;10.65,11.9;10.7,11.9;10.75,11.9;10.8,11.9;10.85,11.9;10.9,11.9;10.95,11.9;11.0,11.9;11.05,11.9;11.1,11.9;11.15,11.9;11.2,11.9;11.25,11.9;11.25,11.85;11.25,11.8;11.25,11.75;11.25,11.7;11.25,11.65;11.25,11.6;11.25,11.55;11.25,11.5;11.25,11.45;11.25,11.4;11.25,11.35;11.25,11.3;11.25,11.25;11.25,11.2;11.25,11.15;11.25,11.1;11.25,11.05;11.25,11.0;11.25,10.95;11.25,10.9;11.25,10.85;11.25,10.8;11.25,10.75;11.25,10.7;11.25,10.65;11.25,10.6;11.25,10.55;11.25,10.5;11.25,10.45;11.25,10.4;11.25,10.35;11.25,10.3;11.25,10.25;11.25,10.2;11.25,10.15;11.25,10.1;11.25,10.05;11.25,10.0;11.25,9.95;11.25,9.9;11.25,9.85;11.25,9.8;11.25,9.75;11.25,9.7;11.25,9.65;11.25,9.6;11.25,9.55;11.25,9.5;11.25,9.45;11.25,9.4;11.25,9.35;11.25,9.3;11.25,9.25;11.25,9.2;11.25,9.15;11.25,9.1;11.25,9.05;11.25,9.0;11.25,8.95;11.2,8.95;11.2,9.0;11.15,9.0;11.15,9.05;11.1,9.05;11.1,9.1;11.05,9.1;11.05,9.15;11.0,9.15;11.0,9.2;10.95,9.2;10.95,9.25;10.9,9.25;10.9,9.3;10.85,9.3;10.85,9.35;10.8,9.35;10.8,9.4;10.75,9.4;10.75,9.45;10.7,9.45;10.7,9.5;10.65,9.5;10.65,9.55;10.6,9.55;10.6,9.6;10.55,9.6;10.55,9.65;10.5,9.65;10.45,9.65;10.45,9.7;10.4,9.7;10.4,9.75;10.35,9.75;10.35,9.8;10.3,9.8;10.3,9.85;10.25,9.85;10.25,9.9;10.2,9.9;10.2,9.95;10.15,9.95;10.15,10.0;10.1,10.0;10.1,10.05;10.05,10.05;10.05,10.1;10.0,10.1;10.0,10.15;9.95,10.15;9.95,10.2;9.9,10.2;9.9,10.25;9.85,10.25;9.85,10.3;9.8,10.3;9.8,10.35;9.75,10.35;9.75,10.4;9.7,10.4;9.7,10.45;9.65,10.45;9.65,10.5;9.6,10.5;9.6,10.55;9.55,10.55;9.55,10.6;9.5,10.6;9.5,10.65;9.45,10.65;9.45,10.7;9.4,10.7;9.4,10.75",TRANSFERIDO
L2,L2_P_LB_c2_r3,L2_P_LB_c2_r3_T124,BEAM,L2_V008,L2_V008,2028.0,3.434579,6.22935,21.395197,"7.6,16.085;7.55,16.085;7.55,16.085;7.55,16.135;7.55,16.135;11.2,16.135;11.2,16.135;11.2,16.085;11.2,16.085;11.15,16.085;11.15,16.035;11.15,16.035;11.1,16.035;11.1,15.985;11.1,15.985;11.05,15.985;11.05,15.935;11.05,15.935;11.0,15.935;11.0,15.885;11.0,15.885;10.95,15.885;10.95,15.835;10.95,15.835;10.9,15.835;10.9,15.785;10.9,15.785;10.85,15.785;10.85,15.735;10.85,15.735;10.8,15.735;10.8,15.685;10.8,15.685;10.75,15.685;10.75,15.635;10.75,15.635;10.7,15.635;10.7,15.585;10.7,15.585;10.65,15.585;10.65,15.535;10.65,15.535;10.6,15.535;10.6,15.485;10.6,15.485;10.55,15.485;10.55,15.435;10.55,15.435;10.5,15.435;10.5,15.385;10.5,15.385;10.45,15.385;10.45,15.335;10.45,15.335;10.4,15.335;10.4,15.285;10.4,15.285;10.35,15.285;10.35,15.235;10.35,15.235;10.3,15.235;10.3,15.185;10.3,15.185;10.25,15.185;10.25,15.135;10.25,15.135;10.2,15.135;10.2,15.085;10.2,15.085;10.15,15.085;10.15,15.035;10.15,15.035;10.1,15.035;10.1,14.985;10.1,14.985;10.05,14.985;10.05,14.935;10.05,14.935;10.0,14.935;10.0,14.885;10.0,14.885;9.95,14.885;9.95,14.835;9.95,14.835;9.9,14.835;9.9,14.785;9.9,14.785;9.85,14.785;9.85,14.735;9.85,14.735;9.8,14.735;9.8,14.685;9.8,14.685;9.75,14.685;9.75,14.635;9.75,14.635;9.7,14.635;9.7,14.585;9.7,14.585;9.65,14.585;9.65,14.535;9.65,14.535;9.6,14.535;9.6,14.485;9.6,14.485;9.55,14.485;9.55,14.435;9.55,14.435;9.5,14.435;9.5,14.385;9.5,14.385;9.45,14.385;9.45,14.335;9.45,14.335;9.4,14.335;9.4,14.285;9.4,14.285;9.35,14.285;9.35,14.285;9.35,14.335;9.3,14.335;9.3,14.335;9.3,14.385;9.25,14.385;9.25,14.385;9.25,14.435;9.2,14.435;9.2,14.435;9.2,14.485;9.15,14.485;9.15,14.485;9.15,14.535;9.1,14.535;9.1,14.535;9.1,14.585;9.05,14.585;9.05,14.585;9.05,14.635;9.0,14.635;9.0,14.635;9.0,14.685;8.95,14.685;8.95,14.685;8.95,14.735;8.9,14.735;8.9,14.735;8.9,14.785;8.85,14.785;8.85,14.785;8.85,14.835;8.8,14.835;8.8,14.835;8.8,14.885;8.75,14.885;8.75,14.885;8.75,14.935;8.7,14.935;8.7,14.935;8.7,14.985;8.65,14.985;8.65,14.985;8.65,15.035;8.6,15.035;8.6,15.035;8.6,15.085;8.55,15.085;8.55,15.085;8.55,15.135;8.5,15.135;8.5,15.135;8.5,15.185;8.45,15.185;8.45,15.185;8.45,15.235;8.4,15.235;8.4,15.235;8.4,15.285;8.35,15.285;8.35,15.285;8.35,15.335;8.3,15.335;8.3,15.335;8.3,15.385;8.25,15.385;8.25,15.385;8.25,15.435;8.2,15.435;8.2,15.435;8.2,15.485;8.15,15.485;8.15,15.485;8.15,15.535;8.1,15.535;8.1,15.535;8.1,15.585;8.05,15.585;8.05,15.585;8.05,15.635;8.0,15.635;8.0,15.635;8.0,15.685;7.95,15.685;7.95,15.685;7.95,15.735;7.9,15.735;7.9,15.735;7.9,15.785;7.85,15.785;7.85,15.785;7.85,15.835;7.8,15.835;7.8,15.835;7.8,15.885;7.75,15.885;7.75,15.885;7.75,15.935;7.7,15.935;7.7,15.935;7.7,15.985;7.65,15.985;7.65,15.985;7.65,16.035;7.6,16.035;7.6,16.035",TRANSFERIDO
L2,L2_P_LB_c2_r3,L2_P_LB_c2_r3_T125,BEAM,L2_V016,L2_V016,2036.0,6.339797,6.22935,39.492815,"7.5,16.035;7.5,16.085;7.5,16.135;7.5,16.135;7.55,16.135;7.55,16.135;7.55,16.085;7.6,16.085;7.6,16.085;7.6,16.035;7.65,16.035;7.65,16.035;7.65,15.985;7.7,15.985;7.7,15.985;7.7,15.935;7.75,15.935;7.75,15.935;7.75,15.885;7.8,15.885;7.8,15.885;7.8,15.835;7.85,15.835;7.85,15.835;7.85,15.785;7.9,15.785;7.9,15.785;7.9,15.735;7.95,15.735;7.95,15.735;7.95,15.685;8.0,15.685;8.0,15.685;8.0,15.635;8.05,15.635;8.05,15.635;8.05,15.585;8.1,15.585;8.1,15.585;8.1,15.535;8.15,15.535;8.15,15.535;8.15,15.485;8.2,15.485;8.2,15.485;8.2,15.435;8.25,15.435;8.25,15.435;8.25,15.385;8.3,15.385;8.3,15.385;8.3,15.335;8.35,15.335;8.35,15.335;8.35,15.285;8.4,15.285;8.4,15.285;8.4,15.235;8.45,15.235;8.45,15.235;8.45,15.185;8.5,15.185;8.5,15.185;8.5,15.135;8.55,15.135;8.55,15.135;8.55,15.085;8.6,15.085;8.6,15.085;8.6,15.035;8.65,15.035;8.65,15.035;8.65,14.985;8.7,14.985;8.7,14.985;8.7,14.935;8.75,14.935;8.75,14.935;8.75,14.885;8.8,14.885;8.8,14.885;8.8,14.835;8.85,14.835;8.85,14.835;8.85,14.785;8.9,14.785;8.9,14.785;8.9,14.735;8.95,14.735;8.95,14.735;8.95,14.685;9.0,14.685;9.0,14.685;9.0,14.635;9.05,14.635;9.05,14.635;9.05,14.585;9.1,14.585;9.1,14.585;9.1,14.535;9.15,14.535;9.15,14.535;9.15,14.485;9.2,14.485;9.2,14.485;9.2,14.435;9.25,14.435;9.25,14.435;9.25,14.385;9.3,14.385;9.3,14.385;9.3,14.335;9.35,14.335;9.35,14.335;9.35,14.285;9.4,14.285;9.4,14.285;9.4,11.885;9.4,11.885;7.5,11.885;7.5,11.885",TRANSFERIDO
L2,L2_P_LB_c2_r3,L2_P_LB_c2_r3_T126,BEAM,L2_V020,L2_V020,2040.0,6.219374,6.22935,38.742654,"9.4,14.335;9.4,14.335;9.45,14.335;9.45,14.385;9.45,14.385;9.5,14.385;9.5,14.435;9.5,14.435;9.55,14.435;9.55,14.485;9.55,14.485;9.6,14.485;9.6,14.535;9.6,14.535;9.65,14.535;9.65,14.585;9.65,14.585;9.7,14.585;9.7,14.635;9.7,14.635;9.75,14.635;9.75,14.685;9.75,14.685;9.8,14.685;9.8,14.735;9.8,14.735;9.85,14.735;9.85,14.785;9.85,14.785;9.9,14.785;9.9,14.835;9.9,14.835;9.95,14.835;9.95,14.885;9.95,14.885;10.0,14.885;10.0,14.935;10.0,14.935;10.05,14.935;10.05,14.985;10.05,14.985;10.1,14.985;10.1,15.035;10.1,15.035;10.15,15.035;10.15,15.085;10.15,15.085;10.2,15.085;10.2,15.135;10.2,15.135;10.25,15.135;10.25,15.185;10.25,15.185;10.3,15.185;10.3,15.235;10.3,15.235;10.35,15.235;10.35,15.285;10.35,15.285;10.4,15.285;10.4,15.335;10.4,15.335;10.45,15.335;10.45,15.385;10.45,15.385;10.5,15.385;10.5,15.435;10.5,15.435;10.55,15.435;10.55,15.485;10.55,15.485;10.6,15.485;10.6,15.535;10.6,15.535;10.65,15.535;10.65,15.585;10.65,15.585;10.7,15.585;10.7,15.635;10.7,15.635;10.75,15.635;10.75,15.685;10.75,15.685;10.8,15.685;10.8,15.735;10.8,15.735;10.85,15.735;10.85,15.785;10.85,15.785;10.9,15.785;10.9,15.835;10.9,15.835;10.95,15.835;10.95,15.885;10.95,15.885;11.0,15.885;11.0,15.935;11.0,15.935;11.05,15.935;11.05,15.985;11.05,15.985;11.1,15.985;11.1,16.035;11.1,16.035;11.15,16.035;11.15,16.085;11.15,16.085;11.2,16.085;11.2,16.135;11.2,16.135;11.25,16.135;11.25,16.135;11.25,16.085;11.25,16.035;11.25,11.885;11.25,11.885;9.4,11.885;9.4,11.885",TRANSFERIDO
L2,L2_P_RB_c0_r0,L2_P_RB_c0_r0_T127,BEAM,L2_BD_V60_01,L2_BD_V60_01,2131.0,6.25,6.22935,38.933438,"11.3,0.05;11.3,0.1;11.3,0.1;11.35,0.1;11.35,0.15;11.35,0.15;11.4,0.15;11.4,0.2;11.4,0.2;11.45,0.2;11.45,0.25;11.45,0.25;11.5,0.25;11.5,0.3;11.5,0.3;11.55,0.3;11.55,0.35;11.55,0.35;11.6,0.35;11.6,0.4;11.6,0.4;11.65,0.4;11.65,0.45;11.65,0.45;11.7,0.45;11.7,0.5;11.7,0.5;11.75,0.5;11.75,0.55;11.75,0.55;11.8,0.55;11.8,0.6;11.8,0.6;11.85,0.6;11.85,0.65;11.85,0.65;11.9,0.65;11.9,0.7;11.9,0.7;11.95,0.7;11.95,0.75;11.95,0.75;12.0,0.75;12.0,0.8;12.0,0.8;12.05,0.8;12.05,0.85;12.05,0.85;12.1,0.85;12.1,0.9;12.1,0.9;12.15,0.9;12.15,0.95;12.15,0.95;12.2,0.95;12.2,1.0;12.2,1.0;12.25,1.0;12.25,1.05;12.25,1.05;12.3,1.05;12.3,1.1;12.3,1.1;12.35,1.1;12.35,1.15;12.35,1.15;12.4,1.15;12.4,1.2;12.4,1.2;12.45,1.2;12.45,1.25;12.45,1.25;12.5,1.25;12.5,1.3;12.5,1.3;12.55,1.3;12.55,1.35;12.55,1.35;12.6,1.35;12.6,1.4;12.6,1.4;12.65,1.4;12.65,1.45;12.65,1.45;12.7,1.45;12.7,1.5;12.7,1.5;12.75,1.5;12.75,1.55;12.75,1.55;12.8,1.55;12.8,1.6;12.8,1.6;12.85,1.6;12.85,1.65;12.85,1.65;12.9,1.65;12.9,1.7;12.9,1.7;12.95,1.7;12.95,1.75;12.95,1.75;13.0,1.75;13.0,1.8;13.0,1.8;13.05,1.8;13.05,1.85;13.05,1.85;13.1,1.85;13.1,1.9;13.1,1.9;13.15,1.9;13.15,1.95;13.15,1.95;13.2,1.95;13.2,2.0;13.2,2.0;13.25,2.0;13.25,2.05;13.25,2.05;13.3,2.05;13.3,2.1;13.3,2.1;13.35,2.1;13.35,2.15;13.35,2.15;13.4,2.15;13.4,2.2;13.4,2.2;13.45,2.2;13.45,2.25;13.45,2.25;13.5,2.25;13.5,2.3;13.5,2.3;13.55,2.3;13.55,2.35;13.55,2.35;13.6,2.35;13.6,2.4;13.6,2.4;13.65,2.4;13.65,2.45;13.65,2.45;13.7,2.45;13.7,2.5;13.7,2.5;13.75,2.5;13.75,2.5;13.75,2.45;13.8,2.45;13.8,2.45;13.8,2.4;13.85,2.4;13.85,2.4;13.85,2.35;13.9,2.35;13.9,2.35;13.9,2.3;13.95,2.3;13.95,2.3;13.95,2.25;14.0,2.25;14.0,2.25;14.0,2.2;14.05,2.2;14.05,2.2;14.05,2.15;14.1,2.15;14.1,2.15;14.1,2.1;14.15,2.1;14.15,2.1;14.15,2.05;14.2,2.05;14.2,2.05;14.2,2.0;14.25,2.0;14.25,2.0;14.25,1.95;14.3,1.95;14.3,1.95;14.3,1.9;14.35,1.9;14.35,1.9;14.35,1.85;14.4,1.85;14.4,1.85;14.4,1.8;14.45,1.8;14.45,1.8;14.45,1.75;14.5,1.75;14.5,1.75;14.5,1.7;14.55,1.7;14.55,1.7;14.55,1.65;14.6,1.65;14.6,1.65;14.6,1.6;14.65,1.6;14.65,1.6;14.65,1.55;14.7,1.55;14.7,1.55;14.7,1.5;14.75,1.5;14.75,1.5;14.75,1.45;14.8,1.45;14.8,1.45;14.8,1.4;14.85,1.4;14.85,1.4;14.85,1.35;14.9,1.35;14.9,1.35;14.9,1.3;14.95,1.3;14.95,1.3;14.95,1.25;15.0,1.25;15.0,1.25;15.0,1.2;15.05,1.2;15.05,1.2;15.05,1.15;15.1,1.15;15.1,1.15;15.1,1.1;15.15,1.1;15.15,1.1;15.15,1.05;15.2,1.05;15.2,1.05;15.2,1.0;15.25,1.0;15.25,1.0;15.25,0.95;15.3,0.95;15.3,0.95;15.3,0.9;15.35,0.9;15.35,0.9;15.35,0.85;15.4,0.85;15.4,0.85;15.4,0.8;15.45,0.8;15.45,0.8;15.45,0.75;15.5,0.75;15.5,0.75;15.5,0.7;15.55,0.7;15.55,0.7;15.55,0.65;15.6,0.65;15.6,0.65;15.6,0.6;15.65,0.6;15.65,0.6;15.65,0.55;15.7,0.55;15.7,0.55;15.7,0.5;15.75,0.5;15.75,0.5;15.75,0.45;15.8,0.45;15.8,0.45;15.8,0.4;15.85,0.4;15.85,0.4;15.85,0.35;15.9,0.35;15.9,0.35;15.9,0.3;15.95,0.3;15.95,0.3;15.95,0.25;16.0,0.25;16.0,0.25;16.0,0.2;16.05,0.2;16.05,0.2;16.05,0.15;16.1,0.15;16.1,0.15;16.1,0.1;16.15,0.1;16.15,0.1;16.15,0.05;16.2,0.05;16.2,0.05;16.2,0.0;16.2,-0.0;16.1,-0.0;16.0,-0.0;11.25,-0.0;11.25,0.0;11.25,0.05;11.25,0.05",TRANSFERIDO
L2,L2_P_RB_c0_r0,L2_P_RB_c0_r0_T128,BEAM,L2_BD_V60_05,L2_BD_V60_05,2135.0,6.25,6.22935,38.933438,"11.85,8.3;11.8,8.3;11.8,8.3;11.8,8.35;11.75,8.35;11.75,8.35;11.75,8.4;11.7,8.4;11.7,8.4;11.7,8.45;11.65,8.45;11.65,8.45;11.65,8.5;11.6,8.5;11.6,8.5;11.6,8.55;11.55,8.55;11.55,8.55;11.55,8.6;11.5,8.6;11.5,8.6;11.5,8.65;11.45,8.65;11.45,8.65;11.45,8.7;11.4,8.7;11.4,8.7;11.4,8.75;11.35,8.75;11.35,8.75;11.35,8.8;11.3,8.8;11.3,8.8;11.3,8.85;11.25,8.85;11.25,8.85;11.25,8.9;11.25,8.9;16.0,8.9;16.1,8.9;16.2,8.9;16.2,8.9;16.2,8.85;16.2,8.85;16.15,8.85;16.15,8.8;16.15,8.8;16.1,8.8;16.1,8.75;16.1,8.75;16.05,8.75;16.05,8.7;16.05,8.7;16.0,8.7;16.0,8.65;16.0,8.65;15.95,8.65;15.95,8.6;15.95,8.6;15.9,8.6;15.9,8.55;15.9,8.55;15.85,8.55;15.85,8.5;15.85,8.5;15.8,8.5;15.8,8.45;15.8,8.45;15.75,8.45;15.75,8.4;15.75,8.4;15.7,8.4;15.7,8.35;15.7,8.35;15.65,8.35;15.65,8.3;15.65,8.3;15.6,8.3;15.6,8.25;15.6,8.25;15.55,8.25;15.55,8.2;15.55,8.2;15.5,8.2;15.5,8.15;15.5,8.15;15.45,8.15;15.45,8.1;15.45,8.1;15.4,8.1;15.4,8.05;15.4,8.05;15.35,8.05;15.35,8.0;15.35,8.0;15.3,8.0;15.3,7.95;15.3,7.95;15.25,7.95;15.25,7.9;15.25,7.9;15.2,7.9;15.2,7.85;15.2,7.85;15.15,7.85;15.15,7.8;15.15,7.8;15.1,7.8;15.1,7.75;15.1,7.75;15.05,7.75;15.05,7.7;15.05,7.7;15.0,7.7;15.0,7.65;15.0,7.65;14.95,7.65;14.95,7.6;14.95,7.6;14.9,7.6;14.9,7.55;14.9,7.55;14.85,7.55;14.85,7.5;14.85,7.5;14.8,7.5;14.8,7.45;14.8,7.45;14.75,7.45;14.75,7.4;14.75,7.4;14.7,7.4;14.7,7.35;14.7,7.35;14.65,7.35;14.65,7.3;14.65,7.3;14.6,7.3;14.6,7.25;14.6,7.25;14.55,7.25;14.55,7.2;14.55,7.2;14.5,7.2;14.5,7.15;14.5,7.15;14.45,7.15;14.45,7.1;14.45,7.1;14.4,7.1;14.4,7.05;14.4,7.05;14.35,7.05;14.35,7.0;14.35,7.0;14.3,7.0;14.3,6.95;14.3,6.95;14.25,6.95;14.25,6.9;14.25,6.9;14.2,6.9;14.2,6.85;14.2,6.85;14.15,6.85;14.15,6.8;14.15,6.8;14.1,6.8;14.1,6.75;14.1,6.75;14.05,6.75;14.05,6.7;14.05,6.7;14.0,6.7;14.0,6.65;14.0,6.65;13.95,6.65;13.95,6.6;13.95,6.6;13.9,6.6;13.9,6.55;13.9,6.55;13.85,6.55;13.85,6.5;13.85,6.5;13.8,6.5;13.8,6.45;13.8,6.45;13.75,6.45;13.75,6.4;13.75,6.4;13.7,6.4;13.7,6.4;13.7,6.45;13.65,6.45;13.65,6.45;13.65,6.5;13.6,6.5;13.6,6.5;13.6,6.55;13.55,6.55;13.55,6.55;13.55,6.6;13.5,6.6;13.5,6.6;13.5,6.65;13.45,6.65;13.45,6.65;13.45,6.7;13.4,6.7;13.4,6.7;13.4,6.75;13.35,6.75;13.35,6.75;13.35,6.8;13.3,6.8;13.3,6.8;13.3,6.85;13.25,6.85;13.25,6.85;13.25,6.9;13.2,6.9;13.2,6.9;13.2,6.95;13.15,6.95;13.15,6.95;13.15,7.0;13.1,7.0;13.1,7.0;13.1,7.05;13.05,7.05;13.05,7.05;13.05,7.1;13.0,7.1;13.0,7.1;13.0,7.15;12.95,7.15;12.95,7.15;12.95,7.2;12.9,7.2;12.9,7.2;12.9,7.25;12.85,7.25;12.85,7.25;12.85,7.3;12.8,7.3;12.8,7.3;12.8,7.35;12.75,7.35;12.75,7.35;12.75,7.4;12.7,7.4;12.7,7.4;12.7,7.45;12.65,7.45;12.65,7.45;12.65,7.5;12.6,7.5;12.6,7.5;12.6,7.55;12.55,7.55;12.55,7.55;12.55,7.6;12.5,7.6;12.5,7.6;12.5,7.65;12.45,7.65;12.45,7.65;12.45,7.7;12.4,7.7;12.4,7.7;12.4,7.75;12.35,7.75;12.35,7.75;12.35,7.8;12.3,7.8;12.3,7.8;12.3,7.85;12.25,7.85;12.25,7.85;12.25,7.9;12.2,7.9;12.2,7.9;12.2,7.95;12.15,7.95;12.15,7.95;12.15,8.0;12.1,8.0;12.1,8.0;12.1,8.05;12.05,8.05;12.05,8.05;12.05,8.1;12.0,8.1;12.0,8.1;12.0,8.15;11.95,8.15;11.95,8.15;11.95,8.2;11.9,8.2;11.9,8.2;11.9,8.25;11.85,8.25;11.85,8.25",TRANSFERIDO
L2,L2_P_RB_c0_r0,L2_P_RB_c0_r0_T129,BEAM,L2_V017,L2_V017,2037.0,7.4375,6.22935,46.330791,"11.25,0.1;11.25,0.2;11.25,1.05;11.25,1.1;11.25,1.2;11.25,1.25;11.25,1.3;11.25,1.35;11.25,1.4;11.25,1.5;11.25,1.55;11.25,1.6;11.25,1.65;11.25,1.7;11.25,1.75;11.25,1.85;11.25,1.9;11.25,1.95;11.25,2.1;11.25,2.2;11.25,2.35;11.25,2.45;11.25,2.55;11.25,2.7;11.25,2.8;11.25,2.95;11.25,3.05;11.25,3.15;11.25,3.3;11.25,3.4;11.25,3.5;11.25,3.65;11.25,3.75;11.25,3.9;11.25,4.25;11.25,4.25;13.75,4.25;13.75,4.25;13.75,3.9;13.75,3.75;13.75,3.65;13.75,3.5;13.75,3.4;13.75,3.3;13.75,3.15;13.75,3.05;13.75,2.95;13.75,2.8;13.75,2.7;13.75,2.55;13.75,2.5;13.75,2.5;13.7,2.5;13.7,2.45;13.7,2.45;13.65,2.45;13.65,2.4;13.65,2.4;13.6,2.4;13.6,2.35;13.6,2.35;13.55,2.35;13.55,2.3;13.55,2.3;13.5,2.3;13.5,2.25;13.5,2.25;13.45,2.25;13.45,2.2;13.45,2.2;13.4,2.2;13.4,2.15;13.4,2.15;13.35,2.15;13.35,2.1;13.35,2.1;13.3,2.1;13.3,2.05;13.3,2.05;13.25,2.05;13.25,2.0;13.25,2.0;13.2,2.0;13.2,1.95;13.2,1.95;13.15,1.95;13.15,1.9;13.15,1.9;13.1,1.9;13.1,1.85;13.1,1.85;13.05,1.85;13.05,1.8;13.05,1.8;13.0,1.8;13.0,1.75;13.0,1.75;12.95,1.75;12.95,1.7;12.95,1.7;12.9,1.7;12.9,1.65;12.9,1.65;12.85,1.65;12.85,1.6;12.85,1.6;12.8,1.6;12.8,1.55;12.8,1.55;12.75,1.55;12.75,1.5;12.75,1.5;12.7,1.5;12.7,1.45;12.7,1.45;12.65,1.45;12.65,1.4;12.65,1.4;12.6,1.4;12.6,1.35;12.6,1.35;12.55,1.35;12.55,1.3;12.55,1.3;12.5,1.3;12.5,1.25;12.5,1.25;12.45,1.25;12.45,1.2;12.45,1.2;12.4,1.2;12.4,1.15;12.4,1.15;12.35,1.15;12.35,1.1;12.35,1.1;12.3,1.1;12.3,1.05;12.3,1.05;12.25,1.05;12.25,1.0;12.25,1.0;12.2,1.0;12.2,0.95;12.2,0.95;12.15,0.95;12.15,0.9;12.15,0.9;12.1,0.9;12.1,0.85;12.1,0.85;12.05,0.85;12.05,0.8;12.05,0.8;12.0,0.8;12.0,0.75;12.0,0.75;11.95,0.75;11.95,0.7;11.95,0.7;11.9,0.7;11.9,0.65;11.9,0.65;11.85,0.65;11.85,0.6;11.85,0.6;11.8,0.6;11.8,0.55;11.8,0.55;11.75,0.55;11.75,0.5;11.75,0.5;11.7,0.5;11.7,0.45;11.7,0.45;11.65,0.45;11.65,0.4;11.65,0.4;11.6,0.4;11.6,0.35;11.6,0.35;11.55,0.35;11.55,0.3;11.55,0.3;11.5,0.3;11.5,0.25;11.5,0.25;11.45,0.25;11.45,0.2;11.45,0.2;11.4,0.2;11.4,0.15;11.4,0.15;11.35,0.15;11.35,0.1;11.35,0.1;11.3,0.1;11.3,0.05;11.3,0.05;11.25,0.05;11.25,0.05;11.25,0.1",TRANSFERIDO
L2,L2_P_RB_c0_r0,L2_P_RB_c0_r0_T130,BEAM,L2_V018,L2_V018,2038.0,8.4375,6.22935,52.560141,"11.25,4.5;11.25,4.55;11.25,4.6;11.25,4.65;11.25,4.7;11.25,4.75;11.25,4.8;11.25,4.85;11.25,4.9;11.25,4.95;11.25,5.0;11.25,5.05;11.25,5.1;11.25,5.15;11.25,5.2;11.25,5.25;11.25,5.3;11.25,5.35;11.25,5.4;11.25,5.45;11.25,5.5;11.25,5.55;11.25,5.6;11.25,5.65;11.25,5.7;11.25,5.75;11.25,5.8;11.25,5.85;11.25,5.9;11.25,5.95;11.25,6.0;11.25,6.05;11.25,6.1;11.25,6.15;11.25,6.2;11.25,6.25;11.25,6.3;11.25,6.35;11.25,6.4;11.25,6.45;11.25,6.5;11.25,6.55;11.25,6.6;11.25,6.65;11.25,6.7;11.25,6.75;11.25,6.8;11.25,6.85;11.25,6.9;11.25,6.95;11.25,7.0;11.25,7.05;11.25,7.1;11.25,7.15;11.25,7.2;11.25,7.25;11.25,7.3;11.25,7.35;11.25,7.4;11.25,7.45;11.25,7.5;11.25,7.55;11.25,7.6;11.25,7.65;11.25,7.7;11.25,7.75;11.25,7.8;11.25,7.85;11.25,7.9;11.25,7.95;11.25,8.0;11.25,8.05;11.25,8.1;11.25,8.15;11.25,8.2;11.25,8.25;11.25,8.3;11.25,8.35;11.25,8.4;11.25,8.45;11.25,8.5;11.25,8.55;11.25,8.6;11.25,8.65;11.25,8.7;11.25,8.75;11.25,8.8;11.25,8.85;11.3,8.85;11.3,8.8;11.35,8.8;11.35,8.75;11.4,8.75;11.4,8.7;11.45,8.7;11.45,8.65;11.5,8.65;11.5,8.6;11.55,8.6;11.55,8.55;11.6,8.55;11.6,8.5;11.65,8.5;11.65,8.45;11.7,8.45;11.7,8.4;11.75,8.4;11.75,8.35;11.8,8.35;11.8,8.3;11.85,8.3;11.85,8.25;11.9,8.25;11.9,8.2;11.95,8.2;11.95,8.15;12.0,8.15;12.0,8.1;12.05,8.1;12.05,8.05;12.1,8.05;12.1,8.0;12.15,8.0;12.15,7.95;12.2,7.95;12.2,7.9;12.25,7.9;12.25,7.85;12.3,7.85;12.3,7.8;12.35,7.8;12.35,7.75;12.4,7.75;12.4,7.7;12.45,7.7;12.45,7.65;12.5,7.65;12.5,7.6;12.55,7.6;12.55,7.55;12.6,7.55;12.6,7.5;12.65,7.5;12.65,7.45;12.7,7.45;12.7,7.4;12.75,7.4;12.75,7.35;12.8,7.35;12.8,7.3;12.85,7.3;12.85,7.25;12.9,7.25;12.9,7.2;12.95,7.2;12.95,7.15;13.0,7.15;13.0,7.1;13.05,7.1;13.05,7.05;13.1,7.05;13.1,7.0;13.15,7.0;13.15,6.95;13.2,6.95;13.2,6.9;13.25,6.9;13.25,6.85;13.3,6.85;13.3,6.8;13.35,6.8;13.35,6.75;13.4,6.75;13.4,6.7;13.45,6.7;13.45,6.65;13.5,6.65;13.5,6.6;13.55,6.6;13.55,6.55;13.6,6.55;13.6,6.5;13.65,6.5;13.65,6.45;13.7,6.45;13.7,6.4;13.75,6.4;13.75,6.35;13.75,6.3;13.75,6.25;13.75,6.2;13.75,6.15;13.75,6.1;13.75,6.05;13.75,6.0;13.75,5.95;13.75,5.9;13.75,5.85;13.75,5.8;13.75,5.75;13.75,5.7;13.75,5.65;13.75,5.6;13.75,5.55;13.75,5.5;13.75,5.45;13.75,5.4;13.75,5.35;13.75,5.3;13.75,5.25;13.75,5.2;13.75,5.15;13.75,5.1;13.75,5.05;13.75,5.0;13.75,4.95;13.75,4.9;13.75,4.85;13.75,4.8;13.75,4.75;13.75,4.7;13.75,4.65;13.75,4.6;13.75,4.55;13.75,4.5;13.75,4.45;13.75,4.4;13.75,4.35;13.75,4.3;13.75,4.25;13.7,4.25;13.65,4.25;13.6,4.25;13.55,4.25;13.5,4.25;13.45,4.25;13.4,4.25;13.35,4.25;13.3,4.25;13.25,4.25;13.2,4.25;13.15,4.25;13.1,4.25;13.05,4.25;13.0,4.25;12.95,4.25;12.9,4.25;12.85,4.25;12.8,4.25;12.75,4.25;12.7,4.25;12.65,4.25;12.6,4.25;12.55,4.25;12.5,4.25;12.45,4.25;12.4,4.25;12.35,4.25;12.3,4.25;12.25,4.25;12.2,4.25;12.15,4.25;12.1,4.25;12.05,4.25;12.0,4.25;11.95,4.25;11.9,4.25;11.85,4.25;11.8,4.25;11.75,4.25;11.7,4.25;11.65,4.25;11.6,4.25;11.55,4.25;11.5,4.25;11.45,4.25;11.4,4.25;11.35,4.25;11.3,4.25;11.25,4.25;11.25,4.3;11.25,4.35;11.25,4.4;11.25,4.45;11.25,4.5",TRANSFERIDO
L2,L2_P_RB_c0_r0,L2_P_RB_c0_r0_T131,BEAM,L2_BD_V60_13,L2_BD_V60_13,2143.0,16.125,6.22935,100.448269,"13.75,2.55;13.75,2.7;13.75,2.8;13.75,2.95;13.75,3.05;13.75,3.15;13.75,3.3;13.75,3.4;13.75,3.5;13.75,3.65;13.75,3.75;13.75,3.9;13.75,6.45;13.75,6.45;13.8,6.45;13.8,6.5;13.8,6.5;13.85,6.5;13.85,6.55;13.85,6.55;13.9,6.55;13.9,6.6;13.9,6.6;13.95,6.6;13.95,6.65;13.95,6.65;14.0,6.65;14.0,6.7;14.0,6.7;14.05,6.7;14.05,6.75;14.05,6.75;14.1,6.75;14.1,6.8;14.1,6.8;14.15,6.8;14.15,6.85;14.15,6.85;14.2,6.85;14.2,6.9;14.2,6.9;14.25,6.9;14.25,6.95;14.25,6.95;14.3,6.95;14.3,7.0;14.3,7.0;14.35,7.0;14.35,7.05;14.35,7.05;14.4,7.05;14.4,7.1;14.4,7.1;14.45,7.1;14.45,7.15;14.45,7.15;14.5,7.15;14.5,7.2;14.5,7.2;14.55,7.2;14.55,7.25;14.55,7.25;14.6,7.25;14.6,7.3;14.6,7.3;14.65,7.3;14.65,7.35;14.65,7.35;14.7,7.35;14.7,7.4;14.7,7.4;14.75,7.4;14.75,7.45;14.75,7.45;14.8,7.45;14.8,7.5;14.8,7.5;14.85,7.5;14.85,7.55;14.85,7.55;14.9,7.55;14.9,7.6;14.9,7.6;14.95,7.6;14.95,7.65;14.95,7.65;15.0,7.65;15.0,7.7;15.0,7.7;15.05,7.7;15.05,7.75;15.05,7.75;15.1,7.75;15.1,7.8;15.1,7.8;15.15,7.8;15.15,7.85;15.15,7.85;15.2,7.85;15.2,7.9;15.2,7.9;15.25,7.9;15.25,7.95;15.25,7.95;15.3,7.95;15.3,8.0;15.3,8.0;15.35,8.0;15.35,8.05;15.35,8.05;15.4,8.05;15.4,8.1;15.4,8.1;15.45,8.1;15.45,8.15;15.45,8.15;15.5,8.15;15.5,8.2;15.5,8.2;15.55,8.2;15.55,8.25;15.55,8.25;15.6,8.25;15.6,8.3;15.6,8.3;15.65,8.3;15.65,8.35;15.65,8.35;15.7,8.35;15.7,8.4;15.7,8.4;15.75,8.4;15.75,8.45;15.75,8.45;15.8,8.45;15.8,8.5;15.8,8.5;15.85,8.5;15.85,8.55;15.85,8.55;15.9,8.55;15.9,8.6;15.9,8.6;15.95,8.6;15.95,8.65;15.95,8.65;16.0,8.65;16.0,8.7;16.0,8.7;16.05,8.7;16.05,8.75;16.05,8.75;16.1,8.75;16.1,8.8;16.1,8.8;16.15,8.8;16.15,8.85;16.15,8.85;16.2,8.85;16.2,8.9;16.2,8.9;16.25,8.9;16.25,8.9;16.25,3.9;16.25,3.75;16.25,3.65;16.25,3.5;16.25,3.4;16.25,3.3;16.25,3.15;16.25,3.05;16.25,2.95;16.25,2.8;16.25,2.7;16.25,2.55;16.25,2.45;16.25,2.35;16.25,2.2;16.25,2.1;16.25,1.95;16.25,1.9;16.25,1.85;16.25,1.75;16.25,1.7;16.25,1.65;16.25,1.6;16.25,1.55;16.25,1.5;16.25,1.4;16.25,1.35;16.25,1.3;16.25,1.25;16.25,1.2;16.25,1.1;16.25,1.05;16.25,0.2;16.25,0.1;16.25,0.05;16.25,0.0;16.25,-0.0;16.2,-0.0;16.2,0.0;16.2,0.05;16.15,0.05;16.15,0.05;16.15,0.1;16.1,0.1;16.1,0.1;16.1,0.15;16.05,0.15;16.05,0.15;16.05,0.2;16.0,0.2;16.0,0.2;16.0,0.25;15.95,0.25;15.95,0.25;15.95,0.3;15.9,0.3;15.9,0.3;15.9,0.35;15.85,0.35;15.85,0.35;15.85,0.4;15.8,0.4;15.8,0.4;15.8,0.45;15.75,0.45;15.75,0.45;15.75,0.5;15.7,0.5;15.7,0.5;15.7,0.55;15.65,0.55;15.65,0.55;15.65,0.6;15.6,0.6;15.6,0.6;15.6,0.65;15.55,0.65;15.55,0.65;15.55,0.7;15.5,0.7;15.5,0.7;15.5,0.75;15.45,0.75;15.45,0.75;15.45,0.8;15.4,0.8;15.4,0.8;15.4,0.85;15.35,0.85;15.35,0.85;15.35,0.9;15.3,0.9;15.3,0.9;15.3,0.95;15.25,0.95;15.25,0.95;15.25,1.0;15.2,1.0;15.2,1.0;15.2,1.05;15.15,1.05;15.15,1.05;15.15,1.1;15.1,1.1;15.1,1.1;15.1,1.15;15.05,1.15;15.05,1.15;15.05,1.2;15.0,1.2;15.0,1.2;15.0,1.25;14.95,1.25;14.95,1.25;14.95,1.3;14.9,1.3;14.9,1.3;14.9,1.35;14.85,1.35;14.85,1.35;14.85,1.4;14.8,1.4;14.8,1.4;14.8,1.45;14.75,1.45;14.75,1.45;14.75,1.5;14.7,1.5;14.7,1.5;14.7,1.55;14.65,1.55;14.65,1.55;14.65,1.6;14.6,1.6;14.6,1.6;14.6,1.65;14.55,1.65;14.55,1.65;14.55,1.7;14.5,1.7;14.5,1.7;14.5,1.75;14.45,1.75;14.45,1.75;14.45,1.8;14.4,1.8;14.4,1.8;14.4,1.85;14.35,1.85;14.35,1.85;14.35,1.9;14.3,1.9;14.3,1.9;14.3,1.95;14.25,1.95;14.25,1.95;14.25,2.0;14.2,2.0;14.2,2.0;14.2,2.05;14.15,2.05;14.15,2.05;14.15,2.1;14.1,2.1;14.1,2.1;14.1,2.15;14.05,2.15;14.05,2.15;14.05,2.2;14.0,2.2;14.0,2.2;14.0,2.25;13.95,2.25;13.95,2.25;13.95,2.3;13.9,2.3;13.9,2.3;13.9,2.35;13.85,2.35;13.85,2.35;13.85,2.4;13.8,2.4;13.8,2.4;13.8,2.45;13.75,2.45;13.75,2.45;13.75,2.55",TRANSFERIDO
L2,L2_P_RB_c0_r1,L2_P_RB_c0_r1_T132,BEAM,L2_BD_V60_05,L2_BD_V60_05,2135.0,6.25,6.22935,38.933438,"11.25,8.9;11.25,8.9;11.25,8.95;11.25,8.95;11.3,8.95;11.3,9.0;11.3,9.0;11.35,9.0;11.35,9.05;11.35,9.05;11.4,9.05;11.4,9.1;11.4,9.1;11.45,9.1;11.45,9.15;11.45,9.15;11.5,9.15;11.5,9.2;11.5,9.2;11.55,9.2;11.55,9.25;11.55,9.25;11.6,9.25;11.6,9.3;11.6,9.3;11.65,9.3;11.65,9.35;11.65,9.35;11.7,9.35;11.7,9.4;11.7,9.4;11.75,9.4;11.75,9.45;11.75,9.45;11.8,9.45;11.8,9.5;11.8,9.5;11.85,9.5;11.85,9.55;11.85,9.55;11.9,9.55;11.9,9.6;11.9,9.6;11.95,9.6;11.95,9.65;11.95,9.65;12.0,9.65;12.0,9.7;12.0,9.7;12.05,9.7;12.05,9.75;12.05,9.75;12.1,9.75;12.1,9.8;12.1,9.8;12.15,9.8;12.15,9.85;12.15,9.85;12.2,9.85;12.2,9.9;12.2,9.9;12.25,9.9;12.25,9.95;12.25,9.95;12.3,9.95;12.3,10.0;12.3,10.0;12.35,10.0;12.35,10.05;12.35,10.05;12.4,10.05;12.4,10.1;12.4,10.1;12.45,10.1;12.45,10.15;12.45,10.15;12.5,10.15;12.5,10.2;12.5,10.2;12.55,10.2;12.55,10.25;12.55,10.25;12.6,10.25;12.6,10.3;12.6,10.3;12.65,10.3;12.65,10.35;12.65,10.35;12.7,10.35;12.7,10.4;12.7,10.4;12.75,10.4;12.75,10.45;12.75,10.45;12.8,10.45;12.8,10.5;12.8,10.5;12.85,10.5;12.85,10.55;12.85,10.55;12.9,10.55;12.9,10.6;12.9,10.6;12.95,10.6;12.95,10.65;12.95,10.65;13.0,10.65;13.0,10.7;13.0,10.7;13.05,10.7;13.05,10.75;13.05,10.75;13.1,10.75;13.1,10.8;13.1,10.8;13.15,10.8;13.15,10.85;13.15,10.85;13.2,10.85;13.2,10.9;13.2,10.9;13.25,10.9;13.25,10.95;13.25,10.95;13.3,10.95;13.3,11.0;13.3,11.0;13.35,11.0;13.35,11.05;13.35,11.05;13.4,11.05;13.4,11.1;13.4,11.1;13.45,11.1;13.45,11.15;13.45,11.15;13.5,11.15;13.5,11.2;13.5,11.2;13.55,11.2;13.55,11.25;13.55,11.25;13.6,11.25;13.6,11.3;13.6,11.3;13.65,11.3;13.65,11.35;13.65,11.35;13.7,11.35;13.7,11.4;13.7,11.4;13.75,11.4;13.75,11.4;13.75,11.35;13.8,11.35;13.8,11.35;13.8,11.3;13.85,11.3;13.85,11.3;13.85,11.25;13.9,11.25;13.9,11.25;13.9,11.2;13.95,11.2;13.95,11.2;13.95,11.15;14.0,11.15;14.0,11.15;14.0,11.1;14.05,11.1;14.05,11.1;14.05,11.05;14.1,11.05;14.1,11.05;14.1,11.0;14.15,11.0;14.15,11.0;14.15,10.95;14.2,10.95;14.2,10.95;14.2,10.9;14.25,10.9;14.25,10.9;14.25,10.85;14.3,10.85;14.3,10.85;14.3,10.8;14.35,10.8;14.35,10.8;14.35,10.75;14.4,10.75;14.4,10.75;14.4,10.7;14.45,10.7;14.45,10.7;14.45,10.65;14.5,10.65;14.5,10.65;14.5,10.6;14.55,10.6;14.55,10.6;14.55,10.55;14.6,10.55;14.6,10.55;14.6,10.5;14.65,10.5;14.65,10.5;14.65,10.45;14.7,10.45;14.7,10.45;14.7,10.4;14.75,10.4;14.75,10.4;14.75,10.35;14.8,10.35;14.8,10.35;14.8,10.3;14.85,10.3;14.85,10.3;14.85,10.25;14.9,10.25;14.9,10.25;14.9,10.2;14.95,10.2;14.95,10.2;14.95,10.15;15.0,10.15;15.0,10.15;15.0,10.1;15.05,10.1;15.05,10.1;15.05,10.05;15.1,10.05;15.1,10.05;15.1,10.0;15.15,10.0;15.15,10.0;15.15,9.95;15.2,9.95;15.2,9.95;15.2,9.9;15.25,9.9;15.25,9.9;15.25,9.85;15.3,9.85;15.3,9.85;15.3,9.8;15.35,9.8;15.35,9.8;15.35,9.75;15.4,9.75;15.4,9.75;15.4,9.7;15.45,9.7;15.45,9.7;15.45,9.65;15.5,9.65;15.5,9.65;15.5,9.6;15.55,9.6;15.55,9.6;15.55,9.55;15.6,9.55;15.6,9.55;15.6,9.5;15.65,9.5;15.65,9.5;15.65,9.45;15.7,9.45;15.7,9.45;15.7,9.4;15.75,9.4;15.75,9.4;15.75,9.35;15.8,9.35;15.8,9.35;15.8,9.3;15.85,9.3;15.85,9.3;15.85,9.25;15.9,9.25;15.9,9.25;15.9,9.2;15.95,9.2;15.95,9.2;15.95,9.15;16.0,9.15;16.0,9.15;16.0,9.1;16.05,9.1;16.05,9.1;16.05,9.05;16.1,9.05;16.1,9.05;16.1,9.0;16.15,9.0;16.15,9.0;16.15,8.95;16.2,8.95;16.2,8.95;16.2,8.9;16.2,8.9;16.1,8.9;16.0,8.9",TRANSFERIDO
L2,L2_P_RB_c0_r1,L2_P_RB_c0_r1_T133,BEAM,L2_BD_V60_09,L2_BD_V60_09,2139.0,6.375,6.22935,39.712106,"11.3,16.1;11.25,16.1;11.25,16.1;11.25,16.15;11.25,16.15;16.0,16.15;16.1,16.15;16.2,16.15;16.25,16.15;16.25,16.15;16.25,16.1;16.25,16.1;16.2,16.1;16.2,16.05;16.2,16.05;16.15,16.05;16.15,16.0;16.15,16.0;16.1,16.0;16.1,15.95;16.1,15.95;16.05,15.95;16.05,15.9;16.05,15.9;16.0,15.9;16.0,15.85;16.0,15.85;15.95,15.85;15.95,15.8;15.95,15.8;15.9,15.8;15.9,15.75;15.9,15.75;15.85,15.75;15.85,15.7;15.85,15.7;15.8,15.7;15.8,15.65;15.8,15.65;15.75,15.65;15.75,15.6;15.75,15.6;15.7,15.6;15.7,15.55;15.7,15.55;15.65,15.55;15.65,15.5;15.65,15.5;15.6,15.5;15.6,15.45;15.6,15.45;15.55,15.45;15.55,15.4;15.55,15.4;15.5,15.4;15.5,15.35;15.5,15.35;15.45,15.35;15.45,15.3;15.45,15.3;15.4,15.3;15.4,15.25;15.4,15.25;15.35,15.25;15.35,15.2;15.35,15.2;15.3,15.2;15.3,15.15;15.3,15.15;15.25,15.15;15.25,15.1;15.25,15.1;15.2,15.1;15.2,15.05;15.2,15.05;15.15,15.05;15.15,15.0;15.15,15.0;15.1,15.0;15.1,14.95;15.1,14.95;15.05,14.95;15.05,14.9;15.05,14.9;15.0,14.9;15.0,14.85;15.0,14.85;14.95,14.85;14.95,14.8;14.95,14.8;14.9,14.8;14.9,14.75;14.9,14.75;14.85,14.75;14.85,14.7;14.85,14.7;14.8,14.7;14.8,14.65;14.8,14.65;14.75,14.65;14.75,14.6;14.75,14.6;14.7,14.6;14.7,14.55;14.7,14.55;14.65,14.55;14.65,14.5;14.65,14.5;14.6,14.5;14.6,14.45;14.6,14.45;14.55,14.45;14.55,14.4;14.55,14.4;14.5,14.4;14.5,14.35;14.5,14.35;14.45,14.35;14.45,14.3;14.45,14.3;14.4,14.3;14.4,14.25;14.4,14.25;14.35,14.25;14.35,14.2;14.35,14.2;14.3,14.2;14.3,14.15;14.3,14.15;14.25,14.15;14.25,14.1;14.25,14.1;14.2,14.1;14.2,14.05;14.2,14.05;14.15,14.05;14.15,14.0;14.15,14.0;14.1,14.0;14.1,13.95;14.1,13.95;14.05,13.95;14.05,13.9;14.05,13.9;14.0,13.9;14.0,13.85;14.0,13.85;13.95,13.85;13.95,13.8;13.95,13.8;13.9,13.8;13.9,13.75;13.9,13.75;13.85,13.75;13.85,13.7;13.85,13.7;13.8,13.7;13.8,13.65;13.8,13.65;13.7,13.65;13.7,13.65;13.7,13.7;13.65,13.7;13.65,13.7;13.65,13.75;13.6,13.75;13.6,13.75;13.6,13.8;13.55,13.8;13.55,13.8;13.55,13.85;13.5,13.85;13.5,13.85;13.5,13.9;13.45,13.9;13.45,13.9;13.45,13.95;13.4,13.95;13.4,13.95;13.4,14.0;13.35,14.0;13.35,14.0;13.35,14.05;13.3,14.05;13.3,14.05;13.3,14.1;13.25,14.1;13.25,14.1;13.25,14.15;13.2,14.15;13.2,14.15;13.2,14.2;13.15,14.2;13.15,14.2;13.15,14.25;13.1,14.25;13.1,14.25;13.1,14.3;13.05,14.3;13.05,14.3;13.05,14.35;13.0,14.35;13.0,14.35;13.0,14.4;12.95,14.4;12.95,14.4;12.95,14.45;12.9,14.45;12.9,14.45;12.9,14.5;12.85,14.5;12.85,14.5;12.85,14.55;12.8,14.55;12.8,14.55;12.8,14.6;12.75,14.6;12.75,14.6;12.75,14.65;12.7,14.65;12.7,14.65;12.7,14.7;12.65,14.7;12.65,14.7;12.65,14.75;12.6,14.75;12.6,14.75;12.6,14.8;12.55,14.8;12.55,14.8;12.55,14.85;12.5,14.85;12.5,14.85;12.5,14.9;12.45,14.9;12.45,14.9;12.45,14.95;12.4,14.95;12.4,14.95;12.4,15.0;12.35,15.0;12.35,15.0;12.35,15.05;12.3,15.05;12.3,15.05;12.3,15.1;12.25,15.1;12.25,15.1;12.25,15.15;12.2,15.15;12.2,15.15;12.2,15.2;12.15,15.2;12.15,15.2;12.15,15.25;12.1,15.25;12.1,15.25;12.1,15.3;12.05,15.3;12.05,15.3;12.05,15.35;12.0,15.35;12.0,15.35;12.0,15.4;11.95,15.4;11.95,15.4;11.95,15.45;11.9,15.45;11.9,15.45;11.9,15.5;11.85,15.5;11.85,15.5;11.85,15.55;11.8,15.55;11.8,15.55;11.8,15.6;11.75,15.6;11.75,15.6;11.75,15.65;11.7,15.65;11.7,15.65;11.7,15.7;11.65,15.7;11.65,15.7;11.65,15.75;11.6,15.75;11.6,15.75;11.6,15.8;11.55,15.8;11.55,15.8;11.55,15.85;11.5,15.85;11.5,15.85;11.5,15.9;11.45,15.9;11.45,15.9;11.45,15.95;11.4,15.95;11.4,15.95;11.4,16.0;11.35,16.0;11.35,16.0;11.35,16.05;11.3,16.05;11.3,16.05",TRANSFERIDO
L2,L2_P_RB_c0_r1,L2_P_RB_c0_r1_T134,BEAM,L2_V019,L2_V019,2039.0,4.3125,6.22935,26.864072,"11.25,9.35;11.25,9.4;11.25,9.45;11.25,9.5;11.25,9.55;11.25,9.6;11.25,9.65;11.25,9.7;11.25,9.75;11.25,9.8;11.25,9.85;11.25,9.9;11.25,9.95;11.25,10.0;11.25,10.05;11.25,10.1;11.25,10.15;11.25,10.2;11.25,10.25;11.25,10.3;11.25,10.35;11.25,10.4;11.25,10.45;11.25,10.5;11.25,10.55;11.25,10.6;11.25,10.65;11.25,10.7;11.25,10.75;11.25,10.8;11.25,10.85;11.25,10.9;11.25,10.95;11.25,11.0;11.25,11.05;11.25,11.1;11.25,11.15;11.25,11.2;11.25,11.25;11.25,11.3;11.25,11.35;11.25,11.4;11.25,11.45;11.25,11.5;11.25,11.55;11.25,11.6;11.25,11.65;11.25,11.7;11.25,11.75;11.25,11.8;11.25,11.85;11.25,11.9;11.3,11.9;11.35,11.9;11.4,11.9;11.45,11.9;11.5,11.9;11.55,11.9;11.6,11.9;11.65,11.9;11.7,11.9;11.75,11.9;11.8,11.9;11.85,11.9;11.9,11.9;11.95,11.9;12.0,11.9;12.05,11.9;12.1,11.9;12.15,11.9;12.2,11.9;12.25,11.9;12.3,11.9;12.35,11.9;12.4,11.9;12.45,11.9;12.5,11.9;12.55,11.9;12.6,11.9;12.65,11.9;12.7,11.9;12.75,11.9;12.8,11.9;12.85,11.9;12.9,11.9;12.95,11.9;13.0,11.9;13.05,11.9;13.1,11.9;13.15,11.9;13.2,11.9;13.25,11.9;13.3,11.9;13.35,11.9;13.4,11.9;13.45,11.9;13.5,11.9;13.55,11.9;13.6,11.9;13.65,11.9;13.7,11.9;13.75,11.9;13.75,11.85;13.75,11.8;13.75,11.75;13.75,11.7;13.75,11.65;13.75,11.6;13.75,11.55;13.75,11.5;13.75,11.45;13.75,11.4;13.7,11.4;13.7,11.35;13.65,11.35;13.65,11.3;13.6,11.3;13.6,11.25;13.55,11.25;13.55,11.2;13.5,11.2;13.5,11.15;13.45,11.15;13.45,11.1;13.4,11.1;13.4,11.05;13.35,11.05;13.35,11.0;13.3,11.0;13.3,10.95;13.25,10.95;13.25,10.9;13.2,10.9;13.2,10.85;13.15,10.85;13.15,10.8;13.1,10.8;13.1,10.75;13.05,10.75;13.05,10.7;13.0,10.7;13.0,10.65;12.95,10.65;12.95,10.6;12.9,10.6;12.9,10.55;12.85,10.55;12.85,10.5;12.8,10.5;12.8,10.45;12.75,10.45;12.75,10.4;12.7,10.4;12.7,10.35;12.65,10.35;12.65,10.3;12.6,10.3;12.6,10.25;12.55,10.25;12.55,10.2;12.5,10.2;12.5,10.15;12.45,10.15;12.45,10.1;12.4,10.1;12.4,10.05;12.35,10.05;12.35,10.0;12.3,10.0;12.3,9.95;12.25,9.95;12.25,9.9;12.2,9.9;12.2,9.85;12.15,9.85;12.15,9.8;12.1,9.8;12.1,9.75;12.05,9.75;12.05,9.7;12.0,9.7;12.0,9.65;11.95,9.65;11.95,9.6;11.9,9.6;11.9,9.55;11.85,9.55;11.85,9.5;11.8,9.5;11.8,9.45;11.75,9.45;11.75,9.4;11.7,9.4;11.7,9.35;11.65,9.35;11.65,9.3;11.6,9.3;11.6,9.25;11.55,9.25;11.55,9.2;11.5,9.2;11.5,9.15;11.45,9.15;11.45,9.1;11.4,9.1;11.4,9.05;11.35,9.05;11.35,9.0;11.3,9.0;11.3,8.95;11.25,8.95;11.25,9.0;11.25,9.05;11.25,9.1;11.25,9.15;11.25,9.2;11.25,9.25;11.25,9.3",TRANSFERIDO
L2,L2_P_RB_c0_r1,L2_P_RB_c0_r1_T135,BEAM,L2_V020,L2_V020,2040.0,7.4375,6.22935,46.330791,"11.25,16.0;11.25,16.05;11.25,16.1;11.25,16.1;11.3,16.1;11.3,16.1;11.3,16.05;11.35,16.05;11.35,16.05;11.35,16.0;11.4,16.0;11.4,16.0;11.4,15.95;11.45,15.95;11.45,15.95;11.45,15.9;11.5,15.9;11.5,15.9;11.5,15.85;11.55,15.85;11.55,15.85;11.55,15.8;11.6,15.8;11.6,15.8;11.6,15.75;11.65,15.75;11.65,15.75;11.65,15.7;11.7,15.7;11.7,15.7;11.7,15.65;11.75,15.65;11.75,15.65;11.75,15.6;11.8,15.6;11.8,15.6;11.8,15.55;11.85,15.55;11.85,15.55;11.85,15.5;11.9,15.5;11.9,15.5;11.9,15.45;11.95,15.45;11.95,15.45;11.95,15.4;12.0,15.4;12.0,15.4;12.0,15.35;12.05,15.35;12.05,15.35;12.05,15.3;12.1,15.3;12.1,15.3;12.1,15.25;12.15,15.25;12.15,15.25;12.15,15.2;12.2,15.2;12.2,15.2;12.2,15.15;12.25,15.15;12.25,15.15;12.25,15.1;12.3,15.1;12.3,15.1;12.3,15.05;12.35,15.05;12.35,15.05;12.35,15.0;12.4,15.0;12.4,15.0;12.4,14.95;12.45,14.95;12.45,14.95;12.45,14.9;12.5,14.9;12.5,14.9;12.5,14.85;12.55,14.85;12.55,14.85;12.55,14.8;12.6,14.8;12.6,14.8;12.6,14.75;12.65,14.75;12.65,14.75;12.65,14.7;12.7,14.7;12.7,14.7;12.7,14.65;12.75,14.65;12.75,14.65;12.75,14.6;12.8,14.6;12.8,14.6;12.8,14.55;12.85,14.55;12.85,14.55;12.85,14.5;12.9,14.5;12.9,14.5;12.9,14.45;12.95,14.45;12.95,14.45;12.95,14.4;13.0,14.4;13.0,14.4;13.0,14.35;13.05,14.35;13.05,14.35;13.05,14.3;13.1,14.3;13.1,14.3;13.1,14.25;13.15,14.25;13.15,14.25;13.15,14.2;13.2,14.2;13.2,14.2;13.2,14.15;13.25,14.15;13.25,14.15;13.25,14.1;13.3,14.1;13.3,14.1;13.3,14.05;13.35,14.05;13.35,14.05;13.35,14.0;13.4,14.0;13.4,14.0;13.4,13.95;13.45,13.95;13.45,13.95;13.45,13.9;13.5,13.9;13.5,13.9;13.5,13.85;13.55,13.85;13.55,13.85;13.55,13.8;13.6,13.8;13.6,13.8;13.6,13.75;13.65,13.75;13.65,13.75;13.65,13.7;13.7,13.7;13.7,13.7;13.7,13.65;13.75,13.65;13.75,13.65;13.75,11.9;13.75,11.9;11.25,11.9;11.25,11.9",TRANSFERIDO
L2,L2_P_RB_c0_r1,L2_P_RB_c0_r1_T136,BEAM,L2_BD_V60_14,L2_BD_V60_14,2144.0,11.875,6.22935,73.973531,"13.75,13.65;13.75,13.65;13.8,13.65;13.8,13.7;13.8,13.7;13.85,13.7;13.85,13.75;13.85,13.75;13.9,13.75;13.9,13.8;13.9,13.8;13.95,13.8;13.95,13.85;13.95,13.85;14.0,13.85;14.0,13.9;14.0,13.9;14.05,13.9;14.05,13.95;14.05,13.95;14.1,13.95;14.1,14.0;14.1,14.0;14.15,14.0;14.15,14.05;14.15,14.05;14.2,14.05;14.2,14.1;14.2,14.1;14.25,14.1;14.25,14.15;14.25,14.15;14.3,14.15;14.3,14.2;14.3,14.2;14.35,14.2;14.35,14.25;14.35,14.25;14.4,14.25;14.4,14.3;14.4,14.3;14.45,14.3;14.45,14.35;14.45,14.35;14.5,14.35;14.5,14.4;14.5,14.4;14.55,14.4;14.55,14.45;14.55,14.45;14.6,14.45;14.6,14.5;14.6,14.5;14.65,14.5;14.65,14.55;14.65,14.55;14.7,14.55;14.7,14.6;14.7,14.6;14.75,14.6;14.75,14.65;14.75,14.65;14.8,14.65;14.8,14.7;14.8,14.7;14.85,14.7;14.85,14.75;14.85,14.75;14.9,14.75;14.9,14.8;14.9,14.8;14.95,14.8;14.95,14.85;14.95,14.85;15.0,14.85;15.0,14.9;15.0,14.9;15.05,14.9;15.05,14.95;15.05,14.95;15.1,14.95;15.1,15.0;15.1,15.0;15.15,15.0;15.15,15.05;15.15,15.05;15.2,15.05;15.2,15.1;15.2,15.1;15.25,15.1;15.25,15.15;15.25,15.15;15.3,15.15;15.3,15.2;15.3,15.2;15.35,15.2;15.35,15.25;15.35,15.25;15.4,15.25;15.4,15.3;15.4,15.3;15.45,15.3;15.45,15.35;15.45,15.35;15.5,15.35;15.5,15.4;15.5,15.4;15.55,15.4;15.55,15.45;15.55,15.45;15.6,15.45;15.6,15.5;15.6,15.5;15.65,15.5;15.65,15.55;15.65,15.55;15.7,15.55;15.7,15.6;15.7,15.6;15.75,15.6;15.75,15.65;15.75,15.65;15.8,15.65;15.8,15.7;15.8,15.7;15.85,15.7;15.85,15.75;15.85,15.75;15.9,15.75;15.9,15.8;15.9,15.8;15.95,15.8;15.95,15.85;15.95,15.85;16.0,15.85;16.0,15.9;16.0,15.9;16.05,15.9;16.05,15.95;16.05,15.95;16.1,15.95;16.1,16.0;16.1,16.0;16.15,16.0;16.15,16.05;16.15,16.05;16.2,16.05;16.2,16.1;16.2,16.1;16.25,16.1;16.25,16.1;16.25,16.05;16.25,16.0;16.25,8.9;16.25,8.9;16.2,8.9;16.2,8.9;16.2,8.95;16.15,8.95;16.15,8.95;16.15,9.0;16.1,9.0;16.1,9.0;16.1,9.05;16.05,9.05;16.05,9.05;16.05,9.1;16.0,9.1;16.0,9.1;16.0,9.15;15.95,9.15;15.95,9.15;15.95,9.2;15.9,9.2;15.9,9.2;15.9,9.25;15.85,9.25;15.85,9.25;15.85,9.3;15.8,9.3;15.8,9.3;15.8,9.35;15.75,9.35;15.75,9.35;15.75,9.4;15.7,9.4;15.7,9.4;15.7,9.45;15.65,9.45;15.65,9.45;15.65,9.5;15.6,9.5;15.6,9.5;15.6,9.55;15.55,9.55;15.55,9.55;15.55,9.6;15.5,9.6;15.5,9.6;15.5,9.65;15.45,9.65;15.45,9.65;15.45,9.7;15.4,9.7;15.4,9.7;15.4,9.75;15.35,9.75;15.35,9.75;15.35,9.8;15.3,9.8;15.3,9.8;15.3,9.85;15.25,9.85;15.25,9.85;15.25,9.9;15.2,9.9;15.2,9.9;15.2,9.95;15.15,9.95;15.15,9.95;15.15,10.0;15.1,10.0;15.1,10.0;15.1,10.05;15.05,10.05;15.05,10.05;15.05,10.1;15.0,10.1;15.0,10.1;15.0,10.15;14.95,10.15;14.95,10.15;14.95,10.2;14.9,10.2;14.9,10.2;14.9,10.25;14.85,10.25;14.85,10.25;14.85,10.3;14.8,10.3;14.8,10.3;14.8,10.35;14.75,10.35;14.75,10.35;14.75,10.4;14.7,10.4;14.7,10.4;14.7,10.45;14.65,10.45;14.65,10.45;14.65,10.5;14.6,10.5;14.6,10.5;14.6,10.55;14.55,10.55;14.55,10.55;14.55,10.6;14.5,10.6;14.5,10.6;14.5,10.65;14.45,10.65;14.45,10.65;14.45,10.7;14.4,10.7;14.4,10.7;14.4,10.75;14.35,10.75;14.35,10.75;14.35,10.8;14.3,10.8;14.3,10.8;14.3,10.85;14.25,10.85;14.25,10.85;14.25,10.9;14.2,10.9;14.2,10.9;14.2,10.95;14.15,10.95;14.15,10.95;14.15,11.0;14.1,11.0;14.1,11.0;14.1,11.05;14.05,11.05;14.05,11.05;14.05,11.1;14.0,11.1;14.0,11.1;14.0,11.15;13.95,11.15;13.95,11.15;13.95,11.2;13.9,11.2;13.9,11.2;13.9,11.25;13.85,11.25;13.85,11.25;13.85,11.3;13.8,11.3;13.8,11.3;13.8,11.35;13.75,11.35;13.75,11.35",TRANSFERIDO
L2,L2_P_RB_c1_r0,L2_P_RB_c1_r0_T137,BEAM,L2_BD_V60_02,L2_BD_V60_02,2132.0,6.2425,6.22935,38.886717,"16.35,-0.0;16.3,-0.0;16.3,0.0;16.3,0.05;16.3,0.05;16.35,0.05;16.35,0.1;16.35,0.1;16.4,0.1;16.4,0.2;16.4,0.2;16.45,0.2;16.45,0.25;16.45,0.25;16.5,0.25;16.5,0.3;16.5,0.3;16.55,0.3;16.55,0.35;16.55,0.35;16.6,0.35;16.6,0.4;16.6,0.4;16.65,0.4;16.65,0.45;16.65,0.45;16.7,0.45;16.7,0.5;16.7,0.5;16.75,0.5;16.75,0.55;16.75,0.55;16.8,0.55;16.8,0.6;16.8,0.6;16.85,0.6;16.85,0.65;16.85,0.65;16.9,0.65;16.9,0.7;16.9,0.7;16.95,0.7;16.95,0.75;16.95,0.75;17.0,0.75;17.0,0.8;17.0,0.8;17.05,0.8;17.05,0.85;17.05,0.85;17.1,0.85;17.1,0.9;17.1,0.9;17.15,0.9;17.15,0.95;17.15,0.95;17.2,0.95;17.2,1.0;17.2,1.0;17.25,1.0;17.25,1.05;17.25,1.05;17.3,1.05;17.3,1.1;17.3,1.1;17.35,1.1;17.35,1.15;17.35,1.15;17.4,1.15;17.4,1.2;17.4,1.2;17.45,1.2;17.45,1.25;17.45,1.25;17.5,1.25;17.5,1.3;17.5,1.3;17.55,1.3;17.55,1.35;17.55,1.35;17.6,1.35;17.6,1.4;17.6,1.4;17.65,1.4;17.65,1.45;17.65,1.45;17.7,1.45;17.7,1.5;17.7,1.5;17.75,1.5;17.75,1.55;17.75,1.55;17.8,1.55;17.8,1.6;17.8,1.6;17.85,1.6;17.85,1.65;17.85,1.65;17.9,1.65;17.9,1.7;17.9,1.7;17.95,1.7;17.95,1.75;17.95,1.75;18.0,1.75;18.0,1.8;18.0,1.8;18.05,1.8;18.05,1.85;18.05,1.85;18.1,1.85;18.1,1.9;18.1,1.9;18.15,1.9;18.15,1.95;18.15,1.95;18.2,1.95;18.2,2.0;18.2,2.0;18.25,2.0;18.25,2.05;18.25,2.05;18.3,2.05;18.3,2.1;18.3,2.1;18.35,2.1;18.35,2.15;18.35,2.15;18.4,2.15;18.4,2.2;18.4,2.2;18.45,2.2;18.45,2.25;18.45,2.25;18.5,2.25;18.5,2.3;18.5,2.3;18.55,2.3;18.55,2.35;18.55,2.35;18.6,2.35;18.6,2.4;18.6,2.4;18.65,2.4;18.65,2.45;18.65,2.45;18.7,2.45;18.7,2.5;18.7,2.5;18.75,2.5;18.75,2.5;18.75,2.45;18.8,2.45;18.8,2.45;18.8,2.4;18.85,2.4;18.85,2.4;18.85,2.35;18.9,2.35;18.9,2.35;18.9,2.3;18.95,2.3;18.95,2.3;18.95,2.25;19.0,2.25;19.0,2.25;19.0,2.2;19.05,2.2;19.05,2.2;19.05,2.15;19.1,2.15;19.1,2.15;19.1,2.1;19.15,2.1;19.15,2.1;19.15,2.05;19.2,2.05;19.2,2.05;19.2,2.0;19.25,2.0;19.25,2.0;19.25,1.95;19.3,1.95;19.3,1.95;19.3,1.9;19.35,1.9;19.35,1.9;19.35,1.85;19.4,1.85;19.4,1.85;19.4,1.8;19.45,1.8;19.45,1.8;19.45,1.75;19.5,1.75;19.5,1.75;19.5,1.7;19.55,1.7;19.55,1.7;19.55,1.65;19.6,1.65;19.6,1.65;19.6,1.6;19.65,1.6;19.65,1.6;19.65,1.55;19.7,1.55;19.7,1.55;19.7,1.5;19.75,1.5;19.75,1.5;19.75,1.45;19.8,1.45;19.8,1.45;19.8,1.4;19.85,1.4;19.85,1.4;19.85,1.35;19.9,1.35;19.9,1.35;19.9,1.3;19.95,1.3;19.95,1.3;19.95,1.25;20.0,1.25;20.0,1.25;20.0,1.2;20.05,1.2;20.05,1.2;20.05,1.15;20.1,1.15;20.1,1.15;20.1,1.1;20.15,1.1;20.15,1.1;20.15,1.05;20.2,1.05;20.2,1.05;20.2,1.0;20.25,1.0;20.25,1.0;20.25,0.95;20.3,0.95;20.3,0.95;20.3,0.9;20.35,0.9;20.35,0.9;20.35,0.85;20.4,0.85;20.4,0.85;20.4,0.8;20.45,0.8;20.45,0.8;20.45,0.75;20.5,0.75;20.5,0.75;20.5,0.7;20.55,0.7;20.55,0.7;20.55,0.65;20.6,0.65;20.6,0.65;20.6,0.6;20.65,0.6;20.65,0.6;20.65,0.55;20.7,0.55;20.7,0.55;20.7,0.5;20.75,0.5;20.75,0.5;20.75,0.45;20.8,0.45;20.8,0.45;20.8,0.4;20.85,0.4;20.85,0.4;20.85,0.35;20.9,0.35;20.9,0.35;20.9,0.3;20.95,0.3;20.95,0.3;20.95,0.25;21.0,0.25;21.0,0.25;21.0,0.2;21.05,0.2;21.05,0.2;21.05,0.15;21.1,0.15;21.1,0.15;21.1,0.1;21.15,0.1;21.15,0.1;21.15,0.05;21.2,0.05;21.2,0.05;21.2,0.0;21.2,-0.0;21.15,-0.0;21.1,-0.0;21.05,-0.0;21.0,-0.0;20.95,-0.0;20.9,-0.0;20.85,-0.0;20.8,-0.0;20.75,-0.0;20.7,-0.0;20.65,-0.0;20.6,-0.0;20.55,-0.0;20.5,-0.0;20.45,-0.0;20.4,-0.0;20.35,-0.0;20.3,-0.0;20.25,-0.0;20.2,-0.0;20.15,-0.0;20.1,-0.0;20.05,-0.0;20.0,-0.0;19.95,-0.0;19.9,-0.0;19.85,-0.0;19.8,-0.0;19.75,-0.0;19.7,-0.0;19.65,-0.0;19.6,-0.0;19.55,-0.0;19.5,-0.0;19.45,-0.0;19.4,-0.0;19.35,-0.0;19.3,-0.0;19.25,-0.0;19.2,-0.0;19.15,-0.0;19.1,-0.0;19.05,-0.0;19.0,-0.0;18.95,-0.0;18.9,-0.0;18.85,-0.0;18.8,-0.0;18.75,-0.0;18.7,-0.0;18.65,-0.0;18.6,-0.0;18.55,-0.0;18.5,-0.0;18.45,-0.0;18.4,-0.0;18.35,-0.0;18.3,-0.0;18.25,-0.0;18.2,-0.0;18.15,-0.0;18.1,-0.0;18.05,-0.0;18.0,-0.0;17.95,-0.0;17.9,-0.0;17.85,-0.0;17.8,-0.0;17.75,-0.0;17.7,-0.0;17.65,-0.0;17.6,-0.0;17.55,-0.0;17.5,-0.0;17.45,-0.0;17.4,-0.0;17.35,-0.0;17.3,-0.0;17.25,-0.0;17.2,-0.0;17.15,-0.0;17.1,-0.0;17.05,-0.0;17.0,-0.0;16.95,-0.0;16.9,-0.0;16.85,-0.0;16.8,-0.0;16.75,-0.0;16.7,-0.0;16.65,-0.0;16.6,-0.0;16.55,-0.0;16.5,-0.0;16.45,-0.0;16.4,-0.0;16.35,-0.0",TRANSFERIDO
L2,L2_P_RB_c1_r0,L2_P_RB_c1_r0_T138,BEAM,L2_BD_V60_06,L2_BD_V60_06,2136.0,6.25,6.22935,38.933438,"16.3,8.85;16.25,8.85;16.25,8.85;16.25,8.9;16.25,8.9;16.3,8.9;16.35,8.9;16.4,8.9;16.45,8.9;16.5,8.9;16.55,8.9;16.6,8.9;16.65,8.9;16.7,8.9;16.75,8.9;16.8,8.9;16.85,8.9;16.9,8.9;16.95,8.9;17.0,8.9;17.05,8.9;17.1,8.9;17.15,8.9;17.2,8.9;17.25,8.9;17.3,8.9;17.35,8.9;17.4,8.9;17.45,8.9;17.5,8.9;17.55,8.9;17.6,8.9;17.65,8.9;17.7,8.9;17.75,8.9;17.8,8.9;17.85,8.9;17.9,8.9;17.95,8.9;18.0,8.9;18.05,8.9;18.1,8.9;18.15,8.9;18.2,8.9;18.25,8.9;18.3,8.9;18.35,8.9;18.4,8.9;18.45,8.9;18.5,8.9;18.55,8.9;18.6,8.9;18.65,8.9;18.7,8.9;18.75,8.9;18.8,8.9;18.85,8.9;18.9,8.9;18.95,8.9;19.0,8.9;19.05,8.9;19.1,8.9;19.15,8.9;19.2,8.9;19.25,8.9;19.3,8.9;19.35,8.9;19.4,8.9;19.45,8.9;19.5,8.9;19.55,8.9;19.6,8.9;19.65,8.9;19.7,8.9;19.75,8.9;19.8,8.9;19.85,8.9;19.9,8.9;19.95,8.9;20.0,8.9;20.05,8.9;20.1,8.9;20.15,8.9;20.2,8.9;20.25,8.9;20.3,8.9;20.35,8.9;20.4,8.9;20.45,8.9;20.5,8.9;20.55,8.9;20.6,8.9;20.65,8.9;20.7,8.9;20.75,8.9;20.8,8.9;20.85,8.9;20.9,8.9;20.95,8.9;21.0,8.9;21.05,8.9;21.1,8.9;21.15,8.9;21.2,8.9;21.2,8.9;21.2,8.85;21.2,8.85;21.15,8.85;21.15,8.8;21.15,8.8;21.1,8.8;21.1,8.75;21.1,8.75;21.05,8.75;21.05,8.7;21.05,8.7;21.0,8.7;21.0,8.65;21.0,8.65;20.95,8.65;20.95,8.6;20.95,8.6;20.9,8.6;20.9,8.55;20.9,8.55;20.85,8.55;20.85,8.5;20.85,8.5;20.8,8.5;20.8,8.45;20.8,8.45;20.75,8.45;20.75,8.4;20.75,8.4;20.7,8.4;20.7,8.35;20.7,8.35;20.65,8.35;20.65,8.3;20.65,8.3;20.6,8.3;20.6,8.25;20.6,8.25;20.55,8.25;20.55,8.2;20.55,8.2;20.5,8.2;20.5,8.15;20.5,8.15;20.45,8.15;20.45,8.1;20.45,8.1;20.4,8.1;20.4,8.05;20.4,8.05;20.35,8.05;20.35,8.0;20.35,8.0;20.3,8.0;20.3,7.95;20.3,7.95;20.25,7.95;20.25,7.9;20.25,7.9;20.2,7.9;20.2,7.85;20.2,7.85;20.15,7.85;20.15,7.8;20.15,7.8;20.1,7.8;20.1,7.75;20.1,7.75;20.05,7.75;20.05,7.7;20.05,7.7;20.0,7.7;20.0,7.65;20.0,7.65;19.95,7.65;19.95,7.6;19.95,7.6;19.9,7.6;19.9,7.55;19.9,7.55;19.85,7.55;19.85,7.5;19.85,7.5;19.8,7.5;19.8,7.45;19.8,7.45;19.75,7.45;19.75,7.4;19.75,7.4;19.7,7.4;19.7,7.35;19.7,7.35;19.65,7.35;19.65,7.3;19.65,7.3;19.6,7.3;19.6,7.25;19.6,7.25;19.55,7.25;19.55,7.2;19.55,7.2;19.5,7.2;19.5,7.15;19.5,7.15;19.45,7.15;19.45,7.1;19.45,7.1;19.4,7.1;19.4,7.05;19.4,7.05;19.35,7.05;19.35,7.0;19.35,7.0;19.3,7.0;19.3,6.95;19.3,6.95;19.25,6.95;19.25,6.9;19.25,6.9;19.2,6.9;19.2,6.85;19.2,6.85;19.15,6.85;19.15,6.8;19.15,6.8;19.1,6.8;19.1,6.75;19.1,6.75;19.05,6.75;19.05,6.7;19.05,6.7;19.0,6.7;19.0,6.65;19.0,6.65;18.95,6.65;18.95,6.6;18.95,6.6;18.9,6.6;18.9,6.55;18.9,6.55;18.85,6.55;18.85,6.5;18.85,6.5;18.8,6.5;18.8,6.45;18.8,6.45;18.75,6.45;18.75,6.4;18.75,6.4;18.7,6.4;18.7,6.4;18.7,6.45;18.65,6.45;18.65,6.45;18.65,6.5;18.6,6.5;18.6,6.5;18.6,6.55;18.55,6.55;18.55,6.55;18.55,6.6;18.5,6.6;18.5,6.6;18.5,6.65;18.45,6.65;18.45,6.65;18.45,6.7;18.4,6.7;18.4,6.7;18.4,6.75;18.35,6.75;18.35,6.75;18.35,6.8;18.3,6.8;18.3,6.8;18.3,6.85;18.25,6.85;18.25,6.85;18.25,6.9;18.2,6.9;18.2,6.9;18.2,6.95;18.15,6.95;18.15,6.95;18.15,7.0;18.1,7.0;18.1,7.0;18.1,7.05;18.05,7.05;18.05,7.05;18.05,7.1;18.0,7.1;18.0,7.1;18.0,7.15;17.95,7.15;17.95,7.15;17.95,7.2;17.9,7.2;17.9,7.2;17.9,7.25;17.85,7.25;17.85,7.25;17.85,7.3;17.8,7.3;17.8,7.3;17.8,7.35;17.75,7.35;17.75,7.35;17.75,7.4;17.7,7.4;17.7,7.4;17.7,7.45;17.65,7.45;17.65,7.45;17.65,7.5;17.6,7.5;17.6,7.5;17.6,7.55;17.55,7.55;17.55,7.55;17.55,7.6;17.5,7.6;17.5,7.6;17.5,7.65;17.45,7.65;17.45,7.65;17.45,7.7;17.4,7.7;17.4,7.7;17.4,7.75;17.35,7.75;17.35,7.75;17.35,7.8;17.3,7.8;17.3,7.8;17.3,7.85;17.25,7.85;17.25,7.85;17.25,7.9;17.2,7.9;17.2,7.9;17.2,7.95;17.15,7.95;17.15,7.95;17.15,8.0;17.1,8.0;17.1,8.0;17.1,8.05;17.05,8.05;17.05,8.05;17.05,8.1;17.0,8.1;17.0,8.1;17.0,8.15;16.95,8.15;16.95,8.15;16.95,8.2;16.9,8.2;16.9,8.2;16.9,8.25;16.85,8.25;16.85,8.25;16.85,8.3;16.8,8.3;16.8,8.3;16.8,8.35;16.75,8.35;16.75,8.35;16.75,8.4;16.7,8.4;16.7,8.4;16.7,8.45;16.65,8.45;16.65,8.45;16.65,8.5;16.6,8.5;16.6,8.5;16.6,8.55;16.55,8.55;16.55,8.55;16.55,8.6;16.5,8.6;16.5,8.6;16.5,8.65;16.45,8.65;16.45,8.65;16.45,8.7;16.4,8.7;16.4,8.7;16.4,8.75;16.35,8.75;16.35,8.75;16.35,8.8;16.3,8.8;16.3,8.8",TRANSFERIDO
L2,L2_P_RB_c1_r0,L2_P_RB_c1_r0_T139,BEAM,L2_BD_V60_13,L2_BD_V60_13,2143.0,15.8825,6.22935,98.937651,"16.25,0.05;16.25,0.1;16.25,0.2;16.25,1.05;16.25,1.1;16.25,1.2;16.25,1.25;16.25,1.3;16.25,1.35;16.25,1.4;16.25,1.5;16.25,1.55;16.25,1.6;16.25,1.65;16.25,1.7;16.25,1.75;16.25,1.85;16.25,1.9;16.25,1.95;16.25,2.1;16.25,2.2;16.25,2.35;16.25,2.45;16.25,2.55;16.25,2.7;16.25,2.8;16.25,2.95;16.25,3.05;16.25,3.15;16.25,3.3;16.25,3.4;16.25,3.5;16.25,3.65;16.25,3.75;16.25,3.9;16.25,8.85;16.25,8.85;16.3,8.85;16.3,8.85;16.3,8.8;16.35,8.8;16.35,8.8;16.35,8.75;16.4,8.75;16.4,8.75;16.4,8.7;16.45,8.7;16.45,8.7;16.45,8.65;16.5,8.65;16.5,8.65;16.5,8.6;16.55,8.6;16.55,8.6;16.55,8.55;16.6,8.55;16.6,8.55;16.6,8.5;16.65,8.5;16.65,8.5;16.65,8.45;16.7,8.45;16.7,8.45;16.7,8.4;16.75,8.4;16.75,8.4;16.75,8.35;16.8,8.35;16.8,8.35;16.8,8.3;16.85,8.3;16.85,8.3;16.85,8.25;16.9,8.25;16.9,8.25;16.9,8.2;16.95,8.2;16.95,8.2;16.95,8.15;17.0,8.15;17.0,8.15;17.0,8.1;17.05,8.1;17.05,8.1;17.05,8.05;17.1,8.05;17.1,8.05;17.1,8.0;17.15,8.0;17.15,8.0;17.15,7.95;17.2,7.95;17.2,7.95;17.2,7.9;17.25,7.9;17.25,7.9;17.25,7.85;17.3,7.85;17.3,7.85;17.3,7.8;17.35,7.8;17.35,7.8;17.35,7.75;17.4,7.75;17.4,7.75;17.4,7.7;17.45,7.7;17.45,7.7;17.45,7.65;17.5,7.65;17.5,7.65;17.5,7.6;17.55,7.6;17.55,7.6;17.55,7.55;17.6,7.55;17.6,7.55;17.6,7.5;17.65,7.5;17.65,7.5;17.65,7.45;17.7,7.45;17.7,7.45;17.7,7.4;17.75,7.4;17.75,7.4;17.75,7.35;17.8,7.35;17.8,7.35;17.8,7.3;17.85,7.3;17.85,7.3;17.85,7.25;17.9,7.25;17.9,7.25;17.9,7.2;17.95,7.2;17.95,7.2;17.95,7.15;18.0,7.15;18.0,7.15;18.0,7.1;18.05,7.1;18.05,7.1;18.05,7.05;18.1,7.05;18.1,7.05;18.1,7.0;18.15,7.0;18.15,7.0;18.15,6.95;18.2,6.95;18.2,6.95;18.2,6.9;18.25,6.9;18.25,6.9;18.25,6.85;18.3,6.85;18.3,6.85;18.3,6.8;18.35,6.8;18.35,6.8;18.35,6.75;18.4,6.75;18.4,6.75;18.4,6.7;18.45,6.7;18.45,6.7;18.45,6.65;18.5,6.65;18.5,6.65;18.5,6.6;18.55,6.6;18.55,6.6;18.55,6.55;18.6,6.55;18.6,6.55;18.6,6.5;18.65,6.5;18.65,6.5;18.65,6.45;18.7,6.45;18.7,6.45;18.7,6.4;18.75,6.4;18.75,6.4;18.75,3.9;18.75,3.75;18.75,3.65;18.75,3.5;18.75,3.4;18.75,3.3;18.75,3.15;18.75,3.05;18.75,2.95;18.75,2.8;18.75,2.7;18.75,2.55;18.75,2.5;18.75,2.5;18.7,2.5;18.7,2.45;18.7,2.45;18.65,2.45;18.65,2.4;18.65,2.4;18.6,2.4;18.6,2.35;18.6,2.35;18.55,2.35;18.55,2.3;18.55,2.3;18.5,2.3;18.5,2.25;18.5,2.25;18.45,2.25;18.45,2.2;18.45,2.2;18.4,2.2;18.4,2.15;18.4,2.15;18.35,2.15;18.35,2.1;18.35,2.1;18.3,2.1;18.3,2.05;18.3,2.05;18.25,2.05;18.25,2.0;18.25,2.0;18.2,2.0;18.2,1.95;18.2,1.95;18.15,1.95;18.15,1.9;18.15,1.9;18.1,1.9;18.1,1.85;18.1,1.85;18.05,1.85;18.05,1.8;18.05,1.8;18.0,1.8;18.0,1.75;18.0,1.75;17.95,1.75;17.95,1.7;17.95,1.7;17.9,1.7;17.9,1.65;17.9,1.65;17.85,1.65;17.85,1.6;17.85,1.6;17.8,1.6;17.8,1.55;17.8,1.55;17.75,1.55;17.75,1.5;17.75,1.5;17.7,1.5;17.7,1.45;17.7,1.45;17.65,1.45;17.65,1.4;17.65,1.4;17.6,1.4;17.6,1.35;17.6,1.35;17.55,1.35;17.55,1.3;17.55,1.3;17.5,1.3;17.5,1.25;17.5,1.25;17.45,1.25;17.45,1.2;17.45,1.2;17.4,1.2;17.4,1.15;17.4,1.15;17.35,1.15;17.35,1.1;17.35,1.1;17.3,1.1;17.3,1.05;17.3,1.05;17.25,1.05;17.25,1.0;17.25,1.0;17.2,1.0;17.2,0.95;17.2,0.95;17.15,0.95;17.15,0.9;17.15,0.9;17.1,0.9;17.1,0.85;17.1,0.85;17.05,0.85;17.05,0.8;17.05,0.8;17.0,0.8;17.0,0.75;17.0,0.75;16.95,0.75;16.95,0.7;16.95,0.7;16.9,0.7;16.9,0.65;16.9,0.65;16.85,0.65;16.85,0.6;16.85,0.6;16.8,0.6;16.8,0.55;16.8,0.55;16.75,0.55;16.75,0.5;16.75,0.5;16.7,0.5;16.7,0.45;16.7,0.45;16.65,0.45;16.65,0.4;16.65,0.4;16.6,0.4;16.6,0.35;16.6,0.35;16.55,0.35;16.55,0.3;16.55,0.3;16.5,0.3;16.5,0.25;16.5,0.25;16.45,0.25;16.45,0.2;16.45,0.2;16.4,0.2;16.4,0.1;16.4,0.1;16.35,0.1;16.35,0.05;16.35,0.05;16.3,0.05;16.3,0.0;16.3,-0.0;16.25,-0.0;16.25,0.0",TRANSFERIDO
L2,L2_P_RB_c1_r0,L2_P_RB_c1_r0_T140,BEAM,L2_BD_V60_15,L2_BD_V60_15,2145.0,16.125,6.22935,100.448269,"18.75,2.55;18.75,2.7;18.75,2.8;18.75,2.95;18.75,3.05;18.75,3.15;18.75,3.3;18.75,3.4;18.75,3.5;18.75,3.65;18.75,3.75;18.75,3.9;18.75,6.45;18.75,6.45;18.8,6.45;18.8,6.5;18.8,6.5;18.85,6.5;18.85,6.55;18.85,6.55;18.9,6.55;18.9,6.6;18.9,6.6;18.95,6.6;18.95,6.65;18.95,6.65;19.0,6.65;19.0,6.7;19.0,6.7;19.05,6.7;19.05,6.75;19.05,6.75;19.1,6.75;19.1,6.8;19.1,6.8;19.15,6.8;19.15,6.85;19.15,6.85;19.2,6.85;19.2,6.9;19.2,6.9;19.25,6.9;19.25,6.95;19.25,6.95;19.3,6.95;19.3,7.0;19.3,7.0;19.35,7.0;19.35,7.05;19.35,7.05;19.4,7.05;19.4,7.1;19.4,7.1;19.45,7.1;19.45,7.15;19.45,7.15;19.5,7.15;19.5,7.2;19.5,7.2;19.55,7.2;19.55,7.25;19.55,7.25;19.6,7.25;19.6,7.3;19.6,7.3;19.65,7.3;19.65,7.35;19.65,7.35;19.7,7.35;19.7,7.4;19.7,7.4;19.75,7.4;19.75,7.45;19.75,7.45;19.8,7.45;19.8,7.5;19.8,7.5;19.85,7.5;19.85,7.55;19.85,7.55;19.9,7.55;19.9,7.6;19.9,7.6;19.95,7.6;19.95,7.65;19.95,7.65;20.0,7.65;20.0,7.7;20.0,7.7;20.05,7.7;20.05,7.75;20.05,7.75;20.1,7.75;20.1,7.8;20.1,7.8;20.15,7.8;20.15,7.85;20.15,7.85;20.2,7.85;20.2,7.9;20.2,7.9;20.25,7.9;20.25,7.95;20.25,7.95;20.3,7.95;20.3,8.0;20.3,8.0;20.35,8.0;20.35,8.05;20.35,8.05;20.4,8.05;20.4,8.1;20.4,8.1;20.45,8.1;20.45,8.15;20.45,8.15;20.5,8.15;20.5,8.2;20.5,8.2;20.55,8.2;20.55,8.25;20.55,8.25;20.6,8.25;20.6,8.3;20.6,8.3;20.65,8.3;20.65,8.35;20.65,8.35;20.7,8.35;20.7,8.4;20.7,8.4;20.75,8.4;20.75,8.45;20.75,8.45;20.8,8.45;20.8,8.5;20.8,8.5;20.85,8.5;20.85,8.55;20.85,8.55;20.9,8.55;20.9,8.6;20.9,8.6;20.95,8.6;20.95,8.65;20.95,8.65;21.0,8.65;21.0,8.7;21.0,8.7;21.05,8.7;21.05,8.75;21.05,8.75;21.1,8.75;21.1,8.8;21.1,8.8;21.15,8.8;21.15,8.85;21.15,8.85;21.2,8.85;21.2,8.9;21.2,8.9;21.25,8.9;21.25,8.9;21.25,3.9;21.25,3.75;21.25,3.65;21.25,3.5;21.25,3.4;21.25,3.3;21.25,3.15;21.25,3.05;21.25,2.95;21.25,2.8;21.25,2.7;21.25,2.55;21.25,2.45;21.25,2.35;21.25,2.2;21.25,2.1;21.25,1.95;21.25,1.9;21.25,1.85;21.25,1.75;21.25,1.7;21.25,1.65;21.25,1.6;21.25,1.55;21.25,1.5;21.25,1.4;21.25,1.35;21.25,1.3;21.25,1.25;21.25,1.2;21.25,1.1;21.25,1.05;21.25,0.2;21.25,0.1;21.25,0.05;21.25,0.0;21.25,-0.0;21.2,-0.0;21.2,0.0;21.2,0.05;21.15,0.05;21.15,0.05;21.15,0.1;21.1,0.1;21.1,0.1;21.1,0.15;21.05,0.15;21.05,0.15;21.05,0.2;21.0,0.2;21.0,0.2;21.0,0.25;20.95,0.25;20.95,0.25;20.95,0.3;20.9,0.3;20.9,0.3;20.9,0.35;20.85,0.35;20.85,0.35;20.85,0.4;20.8,0.4;20.8,0.4;20.8,0.45;20.75,0.45;20.75,0.45;20.75,0.5;20.7,0.5;20.7,0.5;20.7,0.55;20.65,0.55;20.65,0.55;20.65,0.6;20.6,0.6;20.6,0.6;20.6,0.65;20.55,0.65;20.55,0.65;20.55,0.7;20.5,0.7;20.5,0.7;20.5,0.75;20.45,0.75;20.45,0.75;20.45,0.8;20.4,0.8;20.4,0.8;20.4,0.85;20.35,0.85;20.35,0.85;20.35,0.9;20.3,0.9;20.3,0.9;20.3,0.95;20.25,0.95;20.25,0.95;20.25,1.0;20.2,1.0;20.2,1.0;20.2,1.05;20.15,1.05;20.15,1.05;20.15,1.1;20.1,1.1;20.1,1.1;20.1,1.15;20.05,1.15;20.05,1.15;20.05,1.2;20.0,1.2;20.0,1.2;20.0,1.25;19.95,1.25;19.95,1.25;19.95,1.3;19.9,1.3;19.9,1.3;19.9,1.35;19.85,1.35;19.85,1.35;19.85,1.4;19.8,1.4;19.8,1.4;19.8,1.45;19.75,1.45;19.75,1.45;19.75,1.5;19.7,1.5;19.7,1.5;19.7,1.55;19.65,1.55;19.65,1.55;19.65,1.6;19.6,1.6;19.6,1.6;19.6,1.65;19.55,1.65;19.55,1.65;19.55,1.7;19.5,1.7;19.5,1.7;19.5,1.75;19.45,1.75;19.45,1.75;19.45,1.8;19.4,1.8;19.4,1.8;19.4,1.85;19.35,1.85;19.35,1.85;19.35,1.9;19.3,1.9;19.3,1.9;19.3,1.95;19.25,1.95;19.25,1.95;19.25,2.0;19.2,2.0;19.2,2.0;19.2,2.05;19.15,2.05;19.15,2.05;19.15,2.1;19.1,2.1;19.1,2.1;19.1,2.15;19.05,2.15;19.05,2.15;19.05,2.2;19.0,2.2;19.0,2.2;19.0,2.25;18.95,2.25;18.95,2.25;18.95,2.3;18.9,2.3;18.9,2.3;18.9,2.35;18.85,2.35;18.85,2.35;18.85,2.4;18.8,2.4;18.8,2.4;18.8,2.45;18.75,2.45;18.75,2.45",TRANSFERIDO
L2,L2_P_RB_c1_r1,L2_P_RB_c1_r1_T141,BEAM,L2_BD_V60_06,L2_BD_V60_06,2136.0,6.125,6.22935,38.154769,"16.35,8.95;16.35,9.0;16.35,9.0;16.4,9.0;16.4,9.05;16.4,9.05;16.45,9.05;16.45,9.1;16.45,9.1;16.5,9.1;16.5,9.15;16.5,9.15;16.55,9.15;16.55,9.2;16.55,9.2;16.6,9.2;16.6,9.25;16.6,9.25;16.65,9.25;16.65,9.3;16.65,9.3;16.7,9.3;16.7,9.35;16.7,9.35;16.75,9.35;16.75,9.4;16.75,9.4;16.8,9.4;16.8,9.45;16.8,9.45;16.85,9.45;16.85,9.5;16.85,9.5;16.9,9.5;16.9,9.55;16.9,9.55;16.95,9.55;16.95,9.6;16.95,9.6;17.0,9.6;17.0,9.65;17.0,9.65;17.05,9.65;17.05,9.7;17.05,9.7;17.1,9.7;17.1,9.75;17.1,9.75;17.15,9.75;17.15,9.8;17.15,9.8;17.2,9.8;17.2,9.85;17.2,9.85;17.25,9.85;17.25,9.9;17.25,9.9;17.3,9.9;17.3,9.95;17.3,9.95;17.35,9.95;17.35,10.0;17.35,10.0;17.4,10.0;17.4,10.05;17.4,10.05;17.45,10.05;17.45,10.1;17.45,10.1;17.5,10.1;17.5,10.15;17.5,10.15;17.55,10.15;17.55,10.2;17.55,10.2;17.6,10.2;17.6,10.25;17.6,10.25;17.65,10.25;17.65,10.3;17.65,10.3;17.7,10.3;17.7,10.35;17.7,10.35;17.75,10.35;17.75,10.4;17.75,10.4;17.8,10.4;17.8,10.45;17.8,10.45;17.85,10.45;17.85,10.5;17.85,10.5;17.9,10.5;17.9,10.55;17.9,10.55;17.95,10.55;17.95,10.6;17.95,10.6;18.0,10.6;18.0,10.65;18.0,10.65;18.05,10.65;18.05,10.7;18.05,10.7;18.1,10.7;18.1,10.75;18.1,10.75;18.15,10.75;18.15,10.8;18.15,10.8;18.2,10.8;18.2,10.85;18.2,10.85;18.25,10.85;18.25,10.9;18.25,10.9;18.3,10.9;18.3,10.95;18.3,10.95;18.35,10.95;18.35,11.0;18.35,11.0;18.4,11.0;18.4,11.05;18.4,11.05;18.45,11.05;18.45,11.1;18.45,11.1;18.5,11.1;18.5,11.15;18.5,11.15;18.55,11.15;18.55,11.2;18.55,11.2;18.6,11.2;18.6,11.25;18.6,11.25;18.65,11.25;18.65,11.3;18.65,11.3;18.7,11.3;18.7,11.35;18.7,11.35;18.75,11.35;18.8,11.35;18.8,11.35;18.8,11.3;18.85,11.3;18.85,11.3;18.85,11.25;18.9,11.25;18.9,11.25;18.9,11.2;18.95,11.2;18.95,11.2;18.95,11.15;19.0,11.15;19.0,11.15;19.0,11.1;19.05,11.1;19.05,11.1;19.05,11.05;19.1,11.05;19.1,11.05;19.1,11.0;19.15,11.0;19.15,11.0;19.15,10.95;19.2,10.95;19.2,10.95;19.2,10.9;19.25,10.9;19.25,10.9;19.25,10.85;19.3,10.85;19.3,10.85;19.3,10.8;19.35,10.8;19.35,10.8;19.35,10.75;19.4,10.75;19.4,10.75;19.4,10.7;19.45,10.7;19.45,10.7;19.45,10.65;19.5,10.65;19.5,10.65;19.5,10.6;19.55,10.6;19.55,10.6;19.55,10.55;19.6,10.55;19.6,10.55;19.6,10.5;19.65,10.5;19.65,10.5;19.65,10.45;19.7,10.45;19.7,10.45;19.7,10.4;19.75,10.4;19.75,10.4;19.75,10.35;19.8,10.35;19.8,10.35;19.8,10.3;19.85,10.3;19.85,10.3;19.85,10.25;19.9,10.25;19.9,10.25;19.9,10.2;19.95,10.2;19.95,10.2;19.95,10.15;20.0,10.15;20.0,10.15;20.0,10.1;20.05,10.1;20.05,10.1;20.05,10.05;20.1,10.05;20.1,10.05;20.1,10.0;20.15,10.0;20.15,10.0;20.15,9.95;20.2,9.95;20.2,9.95;20.2,9.9;20.25,9.9;20.25,9.9;20.25,9.85;20.3,9.85;20.3,9.85;20.3,9.8;20.35,9.8;20.35,9.8;20.35,9.75;20.4,9.75;20.4,9.75;20.4,9.7;20.45,9.7;20.45,9.7;20.45,9.65;20.5,9.65;20.5,9.65;20.5,9.6;20.55,9.6;20.55,9.6;20.55,9.55;20.6,9.55;20.6,9.55;20.6,9.5;20.65,9.5;20.65,9.5;20.65,9.45;20.7,9.45;20.7,9.45;20.7,9.4;20.75,9.4;20.75,9.4;20.75,9.35;20.8,9.35;20.8,9.35;20.8,9.3;20.85,9.3;20.85,9.3;20.85,9.25;20.9,9.25;20.9,9.25;20.9,9.2;20.95,9.2;20.95,9.2;20.95,9.15;21.0,9.15;21.0,9.15;21.0,9.1;21.05,9.1;21.05,9.1;21.05,9.05;21.1,9.05;21.1,9.05;21.1,9.0;21.15,9.0;21.15,9.0;21.15,8.95;21.2,8.95;21.2,8.95;21.2,8.9;21.2,8.9;21.15,8.9;21.1,8.9;21.05,8.9;21.0,8.9;20.95,8.9;20.9,8.9;20.85,8.9;20.8,8.9;20.75,8.9;20.7,8.9;20.65,8.9;20.6,8.9;20.55,8.9;20.5,8.9;20.45,8.9;20.4,8.9;20.35,8.9;20.3,8.9;20.25,8.9;20.2,8.9;20.15,8.9;20.1,8.9;20.05,8.9;20.0,8.9;19.95,8.9;19.9,8.9;19.85,8.9;19.8,8.9;19.75,8.9;19.7,8.9;19.65,8.9;19.6,8.9;19.55,8.9;19.5,8.9;19.45,8.9;19.4,8.9;19.35,8.9;19.3,8.9;19.25,8.9;19.2,8.9;19.15,8.9;19.1,8.9;19.05,8.9;19.0,8.9;18.95,8.9;18.9,8.9;18.85,8.9;18.8,8.9;18.75,8.9;18.7,8.9;18.65,8.9;18.6,8.9;18.55,8.9;18.5,8.9;18.45,8.9;18.4,8.9;18.35,8.9;18.3,8.9;18.25,8.9;18.2,8.9;18.15,8.9;18.1,8.9;18.05,8.9;18.0,8.9;17.95,8.9;17.9,8.9;17.85,8.9;17.8,8.9;17.75,8.9;17.7,8.9;17.65,8.9;17.6,8.9;17.55,8.9;17.5,8.9;17.45,8.9;17.4,8.9;17.35,8.9;17.3,8.9;17.25,8.9;17.2,8.9;17.15,8.9;17.1,8.9;17.05,8.9;17.0,8.9;16.95,8.9;16.9,8.9;16.85,8.9;16.8,8.9;16.75,8.9;16.7,8.9;16.65,8.9;16.6,8.9;16.55,8.9;16.5,8.9;16.45,8.9;16.4,8.9;16.35,8.9;16.3,8.9;16.3,8.9;16.3,8.95;16.3,8.95",TRANSFERIDO
L2,L2_P_RB_c1_r1,L2_P_RB_c1_r1_T142,BEAM,L2_BD_V60_10,L2_BD_V60_10,2140.0,6.375,6.22935,39.712106,"16.3,16.1;16.25,16.1;16.25,16.1;16.25,16.15;16.25,16.15;16.3,16.15;16.35,16.15;16.4,16.15;16.45,16.15;16.5,16.15;16.55,16.15;16.6,16.15;16.65,16.15;16.7,16.15;16.75,16.15;16.8,16.15;16.85,16.15;16.9,16.15;16.95,16.15;17.0,16.15;17.05,16.15;17.1,16.15;17.15,16.15;17.2,16.15;17.25,16.15;17.3,16.15;17.35,16.15;17.4,16.15;17.45,16.15;17.5,16.15;17.55,16.15;17.6,16.15;17.65,16.15;17.7,16.15;17.75,16.15;17.8,16.15;17.85,16.15;17.9,16.15;17.95,16.15;18.0,16.15;18.05,16.15;18.1,16.15;18.15,16.15;18.2,16.15;18.25,16.15;18.3,16.15;18.35,16.15;18.4,16.15;18.45,16.15;18.5,16.15;18.55,16.15;18.6,16.15;18.65,16.15;18.7,16.15;18.75,16.15;18.8,16.15;18.85,16.15;18.9,16.15;18.95,16.15;19.0,16.15;19.05,16.15;19.1,16.15;19.15,16.15;19.2,16.15;19.25,16.15;19.3,16.15;19.35,16.15;19.4,16.15;19.45,16.15;19.5,16.15;19.55,16.15;19.6,16.15;19.65,16.15;19.7,16.15;19.75,16.15;19.8,16.15;19.85,16.15;19.9,16.15;19.95,16.15;20.0,16.15;20.05,16.15;20.1,16.15;20.15,16.15;20.2,16.15;20.25,16.15;20.3,16.15;20.35,16.15;20.4,16.15;20.45,16.15;20.5,16.15;20.55,16.15;20.6,16.15;20.65,16.15;20.7,16.15;20.75,16.15;20.8,16.15;20.85,16.15;20.9,16.15;20.95,16.15;21.0,16.15;21.05,16.15;21.1,16.15;21.15,16.15;21.2,16.15;21.25,16.15;21.25,16.15;21.25,16.1;21.25,16.1;21.2,16.1;21.2,16.05;21.2,16.05;21.15,16.05;21.15,16.0;21.15,16.0;21.1,16.0;21.1,15.95;21.1,15.95;21.05,15.95;21.05,15.9;21.05,15.9;21.0,15.9;21.0,15.85;21.0,15.85;20.95,15.85;20.95,15.8;20.95,15.8;20.9,15.8;20.9,15.75;20.9,15.75;20.85,15.75;20.85,15.7;20.85,15.7;20.8,15.7;20.8,15.65;20.8,15.65;20.75,15.65;20.75,15.6;20.75,15.6;20.7,15.6;20.7,15.55;20.7,15.55;20.65,15.55;20.65,15.5;20.65,15.5;20.6,15.5;20.6,15.45;20.6,15.45;20.55,15.45;20.55,15.4;20.55,15.4;20.5,15.4;20.5,15.35;20.5,15.35;20.45,15.35;20.45,15.3;20.45,15.3;20.4,15.3;20.4,15.25;20.4,15.25;20.35,15.25;20.35,15.2;20.35,15.2;20.3,15.2;20.3,15.15;20.3,15.15;20.25,15.15;20.25,15.1;20.25,15.1;20.2,15.1;20.2,15.05;20.2,15.05;20.15,15.05;20.15,15.0;20.15,15.0;20.1,15.0;20.1,14.95;20.1,14.95;20.05,14.95;20.05,14.9;20.05,14.9;20.0,14.9;20.0,14.85;20.0,14.85;19.95,14.85;19.95,14.8;19.95,14.8;19.9,14.8;19.9,14.75;19.9,14.75;19.85,14.75;19.85,14.7;19.85,14.7;19.8,14.7;19.8,14.65;19.8,14.65;19.75,14.65;19.75,14.6;19.75,14.6;19.7,14.6;19.7,14.55;19.7,14.55;19.65,14.55;19.65,14.5;19.65,14.5;19.6,14.5;19.6,14.45;19.6,14.45;19.55,14.45;19.55,14.4;19.55,14.4;19.5,14.4;19.5,14.35;19.5,14.35;19.45,14.35;19.45,14.3;19.45,14.3;19.4,14.3;19.4,14.25;19.4,14.25;19.35,14.25;19.35,14.2;19.35,14.2;19.3,14.2;19.3,14.15;19.3,14.15;19.25,14.15;19.25,14.1;19.25,14.1;19.2,14.1;19.2,14.05;19.2,14.05;19.15,14.05;19.15,14.0;19.15,14.0;19.1,14.0;19.1,13.95;19.1,13.95;19.05,13.95;19.05,13.9;19.05,13.9;19.0,13.9;19.0,13.85;19.0,13.85;18.95,13.85;18.95,13.8;18.95,13.8;18.9,13.8;18.9,13.75;18.9,13.75;18.85,13.75;18.85,13.7;18.85,13.7;18.8,13.7;18.8,13.65;18.8,13.65;18.75,13.65;18.7,13.65;18.7,13.65;18.7,13.7;18.65,13.7;18.65,13.7;18.65,13.75;18.6,13.75;18.6,13.75;18.6,13.8;18.55,13.8;18.55,13.8;18.55,13.85;18.5,13.85;18.5,13.85;18.5,13.9;18.45,13.9;18.45,13.9;18.45,13.95;18.4,13.95;18.4,13.95;18.4,14.0;18.35,14.0;18.35,14.0;18.35,14.05;18.3,14.05;18.3,14.05;18.3,14.1;18.25,14.1;18.25,14.1;18.25,14.15;18.2,14.15;18.2,14.15;18.2,14.2;18.15,14.2;18.15,14.2;18.15,14.25;18.1,14.25;18.1,14.25;18.1,14.3;18.05,14.3;18.05,14.3;18.05,14.35;18.0,14.35;18.0,14.35;18.0,14.4;17.95,14.4;17.95,14.4;17.95,14.45;17.9,14.45;17.9,14.45;17.9,14.5;17.85,14.5;17.85,14.5;17.85,14.55;17.8,14.55;17.8,14.55;17.8,14.6;17.75,14.6;17.75,14.6;17.75,14.65;17.7,14.65;17.7,14.65;17.7,14.7;17.65,14.7;17.65,14.7;17.65,14.75;17.6,14.75;17.6,14.75;17.6,14.8;17.55,14.8;17.55,14.8;17.55,14.85;17.5,14.85;17.5,14.85;17.5,14.9;17.45,14.9;17.45,14.9;17.45,14.95;17.4,14.95;17.4,14.95;17.4,15.0;17.35,15.0;17.35,15.0;17.35,15.05;17.3,15.05;17.3,15.05;17.3,15.1;17.25,15.1;17.25,15.1;17.25,15.15;17.2,15.15;17.2,15.15;17.2,15.2;17.15,15.2;17.15,15.2;17.15,15.25;17.1,15.25;17.1,15.25;17.1,15.3;17.05,15.3;17.05,15.3;17.05,15.35;17.0,15.35;17.0,15.35;17.0,15.4;16.95,15.4;16.95,15.4;16.95,15.45;16.9,15.45;16.9,15.45;16.9,15.5;16.85,15.5;16.85,15.5;16.85,15.55;16.8,15.55;16.8,15.55;16.8,15.6;16.75,15.6;16.75,15.6;16.75,15.65;16.7,15.65;16.7,15.65;16.7,15.7;16.65,15.7;16.65,15.7;16.65,15.75;16.6,15.75;16.6,15.75;16.6,15.8;16.55,15.8;16.55,15.8;16.55,15.85;16.5,15.85;16.5,15.85;16.5,15.9;16.45,15.9;16.45,15.9;16.45,15.95;16.4,15.95;16.4,15.95;16.4,16.0;16.35,16.0;16.35,16.0;16.35,16.05;16.3,16.05;16.3,16.05",TRANSFERIDO
L2,L2_P_RB_c1_r1,L2_P_RB_c1_r1_T143,BEAM,L2_BD_V60_14,L2_BD_V60_14,2144.0,11.875,6.22935,73.973531,"16.25,16.0;16.25,16.05;16.25,16.1;16.25,16.1;16.3,16.1;16.3,16.1;16.3,16.05;16.35,16.05;16.35,16.05;16.35,16.0;16.4,16.0;16.4,16.0;16.4,15.95;16.45,15.95;16.45,15.95;16.45,15.9;16.5,15.9;16.5,15.9;16.5,15.85;16.55,15.85;16.55,15.85;16.55,15.8;16.6,15.8;16.6,15.8;16.6,15.75;16.65,15.75;16.65,15.75;16.65,15.7;16.7,15.7;16.7,15.7;16.7,15.65;16.75,15.65;16.75,15.65;16.75,15.6;16.8,15.6;16.8,15.6;16.8,15.55;16.85,15.55;16.85,15.55;16.85,15.5;16.9,15.5;16.9,15.5;16.9,15.45;16.95,15.45;16.95,15.45;16.95,15.4;17.0,15.4;17.0,15.4;17.0,15.35;17.05,15.35;17.05,15.35;17.05,15.3;17.1,15.3;17.1,15.3;17.1,15.25;17.15,15.25;17.15,15.25;17.15,15.2;17.2,15.2;17.2,15.2;17.2,15.15;17.25,15.15;17.25,15.15;17.25,15.1;17.3,15.1;17.3,15.1;17.3,15.05;17.35,15.05;17.35,15.05;17.35,15.0;17.4,15.0;17.4,15.0;17.4,14.95;17.45,14.95;17.45,14.95;17.45,14.9;17.5,14.9;17.5,14.9;17.5,14.85;17.55,14.85;17.55,14.85;17.55,14.8;17.6,14.8;17.6,14.8;17.6,14.75;17.65,14.75;17.65,14.75;17.65,14.7;17.7,14.7;17.7,14.7;17.7,14.65;17.75,14.65;17.75,14.65;17.75,14.6;17.8,14.6;17.8,14.6;17.8,14.55;17.85,14.55;17.85,14.55;17.85,14.5;17.9,14.5;17.9,14.5;17.9,14.45;17.95,14.45;17.95,14.45;17.95,14.4;18.0,14.4;18.0,14.4;18.0,14.35;18.05,14.35;18.05,14.35;18.05,14.3;18.1,14.3;18.1,14.3;18.1,14.25;18.15,14.25;18.15,14.25;18.15,14.2;18.2,14.2;18.2,14.2;18.2,14.15;18.25,14.15;18.25,14.15;18.25,14.1;18.3,14.1;18.3,14.1;18.3,14.05;18.35,14.05;18.35,14.05;18.35,14.0;18.4,14.0;18.4,14.0;18.4,13.95;18.45,13.95;18.45,13.95;18.45,13.9;18.5,13.9;18.5,13.9;18.5,13.85;18.55,13.85;18.55,13.85;18.55,13.8;18.6,13.8;18.6,13.8;18.6,13.75;18.65,13.75;18.65,13.75;18.65,13.7;18.7,13.7;18.7,13.7;18.7,13.65;18.75,13.65;18.75,13.65;18.75,11.35;18.75,11.35;18.7,11.35;18.7,11.3;18.7,11.3;18.65,11.3;18.65,11.25;18.65,11.25;18.6,11.25;18.6,11.2;18.6,11.2;18.55,11.2;18.55,11.15;18.55,11.15;18.5,11.15;18.5,11.1;18.5,11.1;18.45,11.1;18.45,11.05;18.45,11.05;18.4,11.05;18.4,11.0;18.4,11.0;18.35,11.0;18.35,10.95;18.35,10.95;18.3,10.95;18.3,10.9;18.3,10.9;18.25,10.9;18.25,10.85;18.25,10.85;18.2,10.85;18.2,10.8;18.2,10.8;18.15,10.8;18.15,10.75;18.15,10.75;18.1,10.75;18.1,10.7;18.1,10.7;18.05,10.7;18.05,10.65;18.05,10.65;18.0,10.65;18.0,10.6;18.0,10.6;17.95,10.6;17.95,10.55;17.95,10.55;17.9,10.55;17.9,10.5;17.9,10.5;17.85,10.5;17.85,10.45;17.85,10.45;17.8,10.45;17.8,10.4;17.8,10.4;17.75,10.4;17.75,10.35;17.75,10.35;17.7,10.35;17.7,10.3;17.7,10.3;17.65,10.3;17.65,10.25;17.65,10.25;17.6,10.25;17.6,10.2;17.6,10.2;17.55,10.2;17.55,10.15;17.55,10.15;17.5,10.15;17.5,10.1;17.5,10.1;17.45,10.1;17.45,10.05;17.45,10.05;17.4,10.05;17.4,10.0;17.4,10.0;17.35,10.0;17.35,9.95;17.35,9.95;17.3,9.95;17.3,9.9;17.3,9.9;17.25,9.9;17.25,9.85;17.25,9.85;17.2,9.85;17.2,9.8;17.2,9.8;17.15,9.8;17.15,9.75;17.15,9.75;17.1,9.75;17.1,9.7;17.1,9.7;17.05,9.7;17.05,9.65;17.05,9.65;17.0,9.65;17.0,9.6;17.0,9.6;16.95,9.6;16.95,9.55;16.95,9.55;16.9,9.55;16.9,9.5;16.9,9.5;16.85,9.5;16.85,9.45;16.85,9.45;16.8,9.45;16.8,9.4;16.8,9.4;16.75,9.4;16.75,9.35;16.75,9.35;16.7,9.35;16.7,9.3;16.7,9.3;16.65,9.3;16.65,9.25;16.65,9.25;16.6,9.25;16.6,9.2;16.6,9.2;16.55,9.2;16.55,9.15;16.55,9.15;16.5,9.15;16.5,9.1;16.5,9.1;16.45,9.1;16.45,9.05;16.45,9.05;16.4,9.05;16.4,9.0;16.4,9.0;16.35,9.0;16.35,8.95;16.35,8.95;16.3,8.95;16.3,8.9;16.3,8.9;16.25,8.9;16.25,8.9",TRANSFERIDO
L2,L2_P_RB_c1_r1,L2_P_RB_c1_r1_T144,BEAM,L2_BD_V60_16,L2_BD_V60_16,2146.0,11.875,6.22935,73.973531,"18.75,13.65;18.75,13.65;18.8,13.65;18.8,13.7;18.8,13.7;18.85,13.7;18.85,13.75;18.85,13.75;18.9,13.75;18.9,13.8;18.9,13.8;18.95,13.8;18.95,13.85;18.95,13.85;19.0,13.85;19.0,13.9;19.0,13.9;19.05,13.9;19.05,13.95;19.05,13.95;19.1,13.95;19.1,14.0;19.1,14.0;19.15,14.0;19.15,14.05;19.15,14.05;19.2,14.05;19.2,14.1;19.2,14.1;19.25,14.1;19.25,14.15;19.25,14.15;19.3,14.15;19.3,14.2;19.3,14.2;19.35,14.2;19.35,14.25;19.35,14.25;19.4,14.25;19.4,14.3;19.4,14.3;19.45,14.3;19.45,14.35;19.45,14.35;19.5,14.35;19.5,14.4;19.5,14.4;19.55,14.4;19.55,14.45;19.55,14.45;19.6,14.45;19.6,14.5;19.6,14.5;19.65,14.5;19.65,14.55;19.65,14.55;19.7,14.55;19.7,14.6;19.7,14.6;19.75,14.6;19.75,14.65;19.75,14.65;19.8,14.65;19.8,14.7;19.8,14.7;19.85,14.7;19.85,14.75;19.85,14.75;19.9,14.75;19.9,14.8;19.9,14.8;19.95,14.8;19.95,14.85;19.95,14.85;20.0,14.85;20.0,14.9;20.0,14.9;20.05,14.9;20.05,14.95;20.05,14.95;20.1,14.95;20.1,15.0;20.1,15.0;20.15,15.0;20.15,15.05;20.15,15.05;20.2,15.05;20.2,15.1;20.2,15.1;20.25,15.1;20.25,15.15;20.25,15.15;20.3,15.15;20.3,15.2;20.3,15.2;20.35,15.2;20.35,15.25;20.35,15.25;20.4,15.25;20.4,15.3;20.4,15.3;20.45,15.3;20.45,15.35;20.45,15.35;20.5,15.35;20.5,15.4;20.5,15.4;20.55,15.4;20.55,15.45;20.55,15.45;20.6,15.45;20.6,15.5;20.6,15.5;20.65,15.5;20.65,15.55;20.65,15.55;20.7,15.55;20.7,15.6;20.7,15.6;20.75,15.6;20.75,15.65;20.75,15.65;20.8,15.65;20.8,15.7;20.8,15.7;20.85,15.7;20.85,15.75;20.85,15.75;20.9,15.75;20.9,15.8;20.9,15.8;20.95,15.8;20.95,15.85;20.95,15.85;21.0,15.85;21.0,15.9;21.0,15.9;21.05,15.9;21.05,15.95;21.05,15.95;21.1,15.95;21.1,16.0;21.1,16.0;21.15,16.0;21.15,16.05;21.15,16.05;21.2,16.05;21.2,16.1;21.2,16.1;21.25,16.1;21.25,16.1;21.25,16.05;21.25,16.0;21.25,8.9;21.25,8.9;21.2,8.9;21.2,8.9;21.2,8.95;21.15,8.95;21.15,8.95;21.15,9.0;21.1,9.0;21.1,9.0;21.1,9.05;21.05,9.05;21.05,9.05;21.05,9.1;21.0,9.1;21.0,9.1;21.0,9.15;20.95,9.15;20.95,9.15;20.95,9.2;20.9,9.2;20.9,9.2;20.9,9.25;20.85,9.25;20.85,9.25;20.85,9.3;20.8,9.3;20.8,9.3;20.8,9.35;20.75,9.35;20.75,9.35;20.75,9.4;20.7,9.4;20.7,9.4;20.7,9.45;20.65,9.45;20.65,9.45;20.65,9.5;20.6,9.5;20.6,9.5;20.6,9.55;20.55,9.55;20.55,9.55;20.55,9.6;20.5,9.6;20.5,9.6;20.5,9.65;20.45,9.65;20.45,9.65;20.45,9.7;20.4,9.7;20.4,9.7;20.4,9.75;20.35,9.75;20.35,9.75;20.35,9.8;20.3,9.8;20.3,9.8;20.3,9.85;20.25,9.85;20.25,9.85;20.25,9.9;20.2,9.9;20.2,9.9;20.2,9.95;20.15,9.95;20.15,9.95;20.15,10.0;20.1,10.0;20.1,10.0;20.1,10.05;20.05,10.05;20.05,10.05;20.05,10.1;20.0,10.1;20.0,10.1;20.0,10.15;19.95,10.15;19.95,10.15;19.95,10.2;19.9,10.2;19.9,10.2;19.9,10.25;19.85,10.25;19.85,10.25;19.85,10.3;19.8,10.3;19.8,10.3;19.8,10.35;19.75,10.35;19.75,10.35;19.75,10.4;19.7,10.4;19.7,10.4;19.7,10.45;19.65,10.45;19.65,10.45;19.65,10.5;19.6,10.5;19.6,10.5;19.6,10.55;19.55,10.55;19.55,10.55;19.55,10.6;19.5,10.6;19.5,10.6;19.5,10.65;19.45,10.65;19.45,10.65;19.45,10.7;19.4,10.7;19.4,10.7;19.4,10.75;19.35,10.75;19.35,10.75;19.35,10.8;19.3,10.8;19.3,10.8;19.3,10.85;19.25,10.85;19.25,10.85;19.25,10.9;19.2,10.9;19.2,10.9;19.2,10.95;19.15,10.95;19.15,10.95;19.15,11.0;19.1,11.0;19.1,11.0;19.1,11.05;19.05,11.05;19.05,11.05;19.05,11.1;19.0,11.1;19.0,11.1;19.0,11.15;18.95,11.15;18.95,11.15;18.95,11.2;18.9,11.2;18.9,11.2;18.9,11.25;18.85,11.25;18.85,11.25;18.85,11.3;18.8,11.3;18.8,11.3;18.8,11.35;18.75,11.35;18.75,11.35",TRANSFERIDO
L2,L2_P_RB_c2_r0,L2_P_RB_c2_r0_T145,BEAM,L2_BD_V60_03,L2_BD_V60_03,2133.0,6.2425,6.22935,38.886717,"21.35,-0.0;21.3,-0.0;21.3,0.0;21.3,0.05;21.3,0.05;21.35,0.05;21.35,0.1;21.35,0.1;21.4,0.1;21.4,0.2;21.4,0.2;21.45,0.2;21.45,0.25;21.45,0.25;21.5,0.25;21.5,0.3;21.5,0.3;21.55,0.3;21.55,0.35;21.55,0.35;21.6,0.35;21.6,0.4;21.6,0.4;21.65,0.4;21.65,0.45;21.65,0.45;21.7,0.45;21.7,0.5;21.7,0.5;21.75,0.5;21.75,0.55;21.75,0.55;21.8,0.55;21.8,0.6;21.8,0.6;21.85,0.6;21.85,0.65;21.85,0.65;21.9,0.65;21.9,0.7;21.9,0.7;21.95,0.7;21.95,0.75;21.95,0.75;22.0,0.75;22.0,0.8;22.0,0.8;22.05,0.8;22.05,0.85;22.05,0.85;22.1,0.85;22.1,0.9;22.1,0.9;22.15,0.9;22.15,0.95;22.15,0.95;22.2,0.95;22.2,1.0;22.2,1.0;22.25,1.0;22.25,1.05;22.25,1.05;22.3,1.05;22.3,1.1;22.3,1.1;22.35,1.1;22.35,1.15;22.35,1.15;22.4,1.15;22.4,1.2;22.4,1.2;22.45,1.2;22.45,1.25;22.45,1.25;22.5,1.25;22.5,1.3;22.5,1.3;22.55,1.3;22.55,1.35;22.55,1.35;22.6,1.35;22.6,1.4;22.6,1.4;22.65,1.4;22.65,1.45;22.65,1.45;22.7,1.45;22.7,1.5;22.7,1.5;22.75,1.5;22.75,1.55;22.75,1.55;22.8,1.55;22.8,1.6;22.8,1.6;22.85,1.6;22.85,1.65;22.85,1.65;22.9,1.65;22.9,1.7;22.9,1.7;22.95,1.7;22.95,1.75;22.95,1.75;23.0,1.75;23.0,1.8;23.0,1.8;23.05,1.8;23.05,1.85;23.05,1.85;23.1,1.85;23.1,1.9;23.1,1.9;23.15,1.9;23.15,1.95;23.15,1.95;23.2,1.95;23.2,2.0;23.2,2.0;23.25,2.0;23.25,2.05;23.25,2.05;23.3,2.05;23.3,2.1;23.3,2.1;23.35,2.1;23.35,2.15;23.35,2.15;23.4,2.15;23.4,2.2;23.4,2.2;23.45,2.2;23.45,2.25;23.45,2.25;23.5,2.25;23.5,2.3;23.5,2.3;23.55,2.3;23.55,2.35;23.55,2.35;23.6,2.35;23.6,2.4;23.6,2.4;23.65,2.4;23.65,2.45;23.65,2.45;23.7,2.45;23.7,2.5;23.7,2.5;23.75,2.5;23.75,2.5;23.75,2.45;23.8,2.45;23.8,2.45;23.8,2.4;23.85,2.4;23.85,2.4;23.85,2.35;23.9,2.35;23.9,2.35;23.9,2.3;23.95,2.3;23.95,2.3;23.95,2.25;24.0,2.25;24.0,2.25;24.0,2.2;24.05,2.2;24.05,2.2;24.05,2.15;24.1,2.15;24.1,2.15;24.1,2.1;24.15,2.1;24.15,2.1;24.15,2.05;24.2,2.05;24.2,2.05;24.2,2.0;24.25,2.0;24.25,2.0;24.25,1.95;24.3,1.95;24.3,1.95;24.3,1.9;24.35,1.9;24.35,1.9;24.35,1.85;24.4,1.85;24.4,1.85;24.4,1.8;24.45,1.8;24.45,1.8;24.45,1.75;24.5,1.75;24.5,1.75;24.5,1.7;24.55,1.7;24.55,1.7;24.55,1.65;24.6,1.65;24.6,1.65;24.6,1.6;24.65,1.6;24.65,1.6;24.65,1.55;24.7,1.55;24.7,1.55;24.7,1.5;24.75,1.5;24.75,1.5;24.75,1.45;24.8,1.45;24.8,1.45;24.8,1.4;24.85,1.4;24.85,1.4;24.85,1.35;24.9,1.35;24.9,1.35;24.9,1.3;24.95,1.3;24.95,1.3;24.95,1.25;25.0,1.25;25.0,1.25;25.0,1.2;25.05,1.2;25.05,1.2;25.05,1.15;25.1,1.15;25.1,1.15;25.1,1.1;25.15,1.1;25.15,1.1;25.15,1.05;25.2,1.05;25.2,1.05;25.2,1.0;25.25,1.0;25.25,1.0;25.25,0.95;25.3,0.95;25.3,0.95;25.3,0.9;25.35,0.9;25.35,0.9;25.35,0.85;25.4,0.85;25.4,0.85;25.4,0.8;25.45,0.8;25.45,0.8;25.45,0.75;25.5,0.75;25.5,0.75;25.5,0.7;25.55,0.7;25.55,0.7;25.55,0.65;25.6,0.65;25.6,0.65;25.6,0.6;25.65,0.6;25.65,0.6;25.65,0.55;25.7,0.55;25.7,0.55;25.7,0.5;25.75,0.5;25.75,0.5;25.75,0.45;25.8,0.45;25.8,0.45;25.8,0.4;25.85,0.4;25.85,0.4;25.85,0.35;25.9,0.35;25.9,0.35;25.9,0.3;25.95,0.3;25.95,0.3;25.95,0.25;26.0,0.25;26.0,0.25;26.0,0.2;26.05,0.2;26.05,0.2;26.05,0.15;26.1,0.15;26.1,0.15;26.1,0.1;26.15,0.1;26.15,0.1;26.15,0.05;26.2,0.05;26.2,0.05;26.2,0.0;26.2,-0.0;26.15,-0.0;26.1,-0.0;26.05,-0.0;26.0,-0.0;25.95,-0.0;25.9,-0.0;25.85,-0.0;25.8,-0.0;25.75,-0.0;25.7,-0.0;25.65,-0.0;25.6,-0.0;25.55,-0.0;25.5,-0.0;25.45,-0.0;25.4,-0.0;25.35,-0.0;25.3,-0.0;25.25,-0.0;25.2,-0.0;25.15,-0.0;25.1,-0.0;25.05,-0.0;25.0,-0.0;24.95,-0.0;24.9,-0.0;24.85,-0.0;24.8,-0.0;24.75,-0.0;24.7,-0.0;24.65,-0.0;24.6,-0.0;24.55,-0.0;24.5,-0.0;24.45,-0.0;24.4,-0.0;24.35,-0.0;24.3,-0.0;24.25,-0.0;24.2,-0.0;24.15,-0.0;24.1,-0.0;24.05,-0.0;24.0,-0.0;23.95,-0.0;23.9,-0.0;23.85,-0.0;23.8,-0.0;23.75,-0.0;23.7,-0.0;23.65,-0.0;23.6,-0.0;23.55,-0.0;23.5,-0.0;23.45,-0.0;23.4,-0.0;23.35,-0.0;23.3,-0.0;23.25,-0.0;23.2,-0.0;23.15,-0.0;23.1,-0.0;23.05,-0.0;23.0,-0.0;22.95,-0.0;22.9,-0.0;22.85,-0.0;22.8,-0.0;22.75,-0.0;22.7,-0.0;22.65,-0.0;22.6,-0.0;22.55,-0.0;22.5,-0.0;22.45,-0.0;22.4,-0.0;22.35,-0.0;22.3,-0.0;22.25,-0.0;22.2,-0.0;22.15,-0.0;22.1,-0.0;22.05,-0.0;22.0,-0.0;21.95,-0.0;21.9,-0.0;21.85,-0.0;21.8,-0.0;21.75,-0.0;21.7,-0.0;21.65,-0.0;21.6,-0.0;21.55,-0.0;21.5,-0.0;21.45,-0.0;21.4,-0.0;21.35,-0.0",TRANSFERIDO
L2,L2_P_RB_c2_r0,L2_P_RB_c2_r0_T146,BEAM,L2_BD_V60_07,L2_BD_V60_07,2137.0,6.25,6.22935,38.933438,"21.3,8.85;21.25,8.85;21.25,8.85;21.25,8.9;21.25,8.9;21.3,8.9;21.35,8.9;21.4,8.9;21.45,8.9;21.5,8.9;21.55,8.9;21.6,8.9;21.65,8.9;21.7,8.9;21.75,8.9;21.8,8.9;21.85,8.9;21.9,8.9;21.95,8.9;22.0,8.9;22.05,8.9;22.1,8.9;22.15,8.9;22.2,8.9;22.25,8.9;22.3,8.9;22.35,8.9;22.4,8.9;22.45,8.9;22.5,8.9;22.55,8.9;22.6,8.9;22.65,8.9;22.7,8.9;22.75,8.9;22.8,8.9;22.85,8.9;22.9,8.9;22.95,8.9;23.0,8.9;23.05,8.9;23.1,8.9;23.15,8.9;23.2,8.9;23.25,8.9;23.3,8.9;23.35,8.9;23.4,8.9;23.45,8.9;23.5,8.9;23.55,8.9;23.6,8.9;23.65,8.9;23.7,8.9;23.75,8.9;23.8,8.9;23.85,8.9;23.9,8.9;23.95,8.9;24.0,8.9;24.05,8.9;24.1,8.9;24.15,8.9;24.2,8.9;24.25,8.9;24.3,8.9;24.35,8.9;24.4,8.9;24.45,8.9;24.5,8.9;24.55,8.9;24.6,8.9;24.65,8.9;24.7,8.9;24.75,8.9;24.8,8.9;24.85,8.9;24.9,8.9;24.95,8.9;25.0,8.9;25.05,8.9;25.1,8.9;25.15,8.9;25.2,8.9;25.25,8.9;25.3,8.9;25.35,8.9;25.4,8.9;25.45,8.9;25.5,8.9;25.55,8.9;25.6,8.9;25.65,8.9;25.7,8.9;25.75,8.9;25.8,8.9;25.85,8.9;25.9,8.9;25.95,8.9;26.0,8.9;26.05,8.9;26.1,8.9;26.15,8.9;26.2,8.9;26.2,8.9;26.2,8.85;26.2,8.85;26.15,8.85;26.15,8.8;26.15,8.8;26.1,8.8;26.1,8.75;26.1,8.75;26.05,8.75;26.05,8.7;26.05,8.7;26.0,8.7;26.0,8.65;26.0,8.65;25.95,8.65;25.95,8.6;25.95,8.6;25.9,8.6;25.9,8.55;25.9,8.55;25.85,8.55;25.85,8.5;25.85,8.5;25.8,8.5;25.8,8.45;25.8,8.45;25.75,8.45;25.75,8.4;25.75,8.4;25.7,8.4;25.7,8.35;25.7,8.35;25.65,8.35;25.65,8.3;25.65,8.3;25.6,8.3;25.6,8.25;25.6,8.25;25.55,8.25;25.55,8.2;25.55,8.2;25.5,8.2;25.5,8.15;25.5,8.15;25.45,8.15;25.45,8.1;25.45,8.1;25.4,8.1;25.4,8.05;25.4,8.05;25.35,8.05;25.35,8.0;25.35,8.0;25.3,8.0;25.3,7.95;25.3,7.95;25.25,7.95;25.25,7.9;25.25,7.9;25.2,7.9;25.2,7.85;25.2,7.85;25.15,7.85;25.15,7.8;25.15,7.8;25.1,7.8;25.1,7.75;25.1,7.75;25.05,7.75;25.05,7.7;25.05,7.7;25.0,7.7;25.0,7.65;25.0,7.65;24.95,7.65;24.95,7.6;24.95,7.6;24.9,7.6;24.9,7.55;24.9,7.55;24.85,7.55;24.85,7.5;24.85,7.5;24.8,7.5;24.8,7.45;24.8,7.45;24.75,7.45;24.75,7.4;24.75,7.4;24.7,7.4;24.7,7.35;24.7,7.35;24.65,7.35;24.65,7.3;24.65,7.3;24.6,7.3;24.6,7.25;24.6,7.25;24.55,7.25;24.55,7.2;24.55,7.2;24.5,7.2;24.5,7.15;24.5,7.15;24.45,7.15;24.45,7.1;24.45,7.1;24.4,7.1;24.4,7.05;24.4,7.05;24.35,7.05;24.35,7.0;24.35,7.0;24.3,7.0;24.3,6.95;24.3,6.95;24.25,6.95;24.25,6.9;24.25,6.9;24.2,6.9;24.2,6.85;24.2,6.85;24.15,6.85;24.15,6.8;24.15,6.8;24.1,6.8;24.1,6.75;24.1,6.75;24.05,6.75;24.05,6.7;24.05,6.7;24.0,6.7;24.0,6.65;24.0,6.65;23.95,6.65;23.95,6.6;23.95,6.6;23.9,6.6;23.9,6.55;23.9,6.55;23.85,6.55;23.85,6.5;23.85,6.5;23.8,6.5;23.8,6.45;23.8,6.45;23.75,6.45;23.75,6.4;23.75,6.4;23.7,6.4;23.7,6.4;23.7,6.45;23.65,6.45;23.65,6.45;23.65,6.5;23.6,6.5;23.6,6.5;23.6,6.55;23.55,6.55;23.55,6.55;23.55,6.6;23.5,6.6;23.5,6.6;23.5,6.65;23.45,6.65;23.45,6.65;23.45,6.7;23.4,6.7;23.4,6.7;23.4,6.75;23.35,6.75;23.35,6.75;23.35,6.8;23.3,6.8;23.3,6.8;23.3,6.85;23.25,6.85;23.25,6.85;23.25,6.9;23.2,6.9;23.2,6.9;23.2,6.95;23.15,6.95;23.15,6.95;23.15,7.0;23.1,7.0;23.1,7.0;23.1,7.05;23.05,7.05;23.05,7.05;23.05,7.1;23.0,7.1;23.0,7.1;23.0,7.15;22.95,7.15;22.95,7.15;22.95,7.2;22.9,7.2;22.9,7.2;22.9,7.25;22.85,7.25;22.85,7.25;22.85,7.3;22.8,7.3;22.8,7.3;22.8,7.35;22.75,7.35;22.75,7.35;22.75,7.4;22.7,7.4;22.7,7.4;22.7,7.45;22.65,7.45;22.65,7.45;22.65,7.5;22.6,7.5;22.6,7.5;22.6,7.55;22.55,7.55;22.55,7.55;22.55,7.6;22.5,7.6;22.5,7.6;22.5,7.65;22.45,7.65;22.45,7.65;22.45,7.7;22.4,7.7;22.4,7.7;22.4,7.75;22.35,7.75;22.35,7.75;22.35,7.8;22.3,7.8;22.3,7.8;22.3,7.85;22.25,7.85;22.25,7.85;22.25,7.9;22.2,7.9;22.2,7.9;22.2,7.95;22.15,7.95;22.15,7.95;22.15,8.0;22.1,8.0;22.1,8.0;22.1,8.05;22.05,8.05;22.05,8.05;22.05,8.1;22.0,8.1;22.0,8.1;22.0,8.15;21.95,8.15;21.95,8.15;21.95,8.2;21.9,8.2;21.9,8.2;21.9,8.25;21.85,8.25;21.85,8.25;21.85,8.3;21.8,8.3;21.8,8.3;21.8,8.35;21.75,8.35;21.75,8.35;21.75,8.4;21.7,8.4;21.7,8.4;21.7,8.45;21.65,8.45;21.65,8.45;21.65,8.5;21.6,8.5;21.6,8.5;21.6,8.55;21.55,8.55;21.55,8.55;21.55,8.6;21.5,8.6;21.5,8.6;21.5,8.65;21.45,8.65;21.45,8.65;21.45,8.7;21.4,8.7;21.4,8.7;21.4,8.75;21.35,8.75;21.35,8.75;21.35,8.8;21.3,8.8;21.3,8.8",TRANSFERIDO
L2,L2_P_RB_c2_r0,L2_P_RB_c2_r0_T147,BEAM,L2_BD_V60_15,L2_BD_V60_15,2145.0,15.8825,6.22935,98.937651,"21.25,0.05;21.25,0.1;21.25,0.2;21.25,1.05;21.25,1.1;21.25,1.2;21.25,1.25;21.25,1.3;21.25,1.35;21.25,1.4;21.25,1.5;21.25,1.55;21.25,1.6;21.25,1.65;21.25,1.7;21.25,1.75;21.25,1.85;21.25,1.9;21.25,1.95;21.25,2.1;21.25,2.2;21.25,2.35;21.25,2.45;21.25,2.55;21.25,2.7;21.25,2.8;21.25,2.95;21.25,3.05;21.25,3.15;21.25,3.3;21.25,3.4;21.25,3.5;21.25,3.65;21.25,3.75;21.25,3.9;21.25,8.85;21.25,8.85;21.3,8.85;21.3,8.85;21.3,8.8;21.35,8.8;21.35,8.8;21.35,8.75;21.4,8.75;21.4,8.75;21.4,8.7;21.45,8.7;21.45,8.7;21.45,8.65;21.5,8.65;21.5,8.65;21.5,8.6;21.55,8.6;21.55,8.6;21.55,8.55;21.6,8.55;21.6,8.55;21.6,8.5;21.65,8.5;21.65,8.5;21.65,8.45;21.7,8.45;21.7,8.45;21.7,8.4;21.75,8.4;21.75,8.4;21.75,8.35;21.8,8.35;21.8,8.35;21.8,8.3;21.85,8.3;21.85,8.3;21.85,8.25;21.9,8.25;21.9,8.25;21.9,8.2;21.95,8.2;21.95,8.2;21.95,8.15;22.0,8.15;22.0,8.15;22.0,8.1;22.05,8.1;22.05,8.1;22.05,8.05;22.1,8.05;22.1,8.05;22.1,8.0;22.15,8.0;22.15,8.0;22.15,7.95;22.2,7.95;22.2,7.95;22.2,7.9;22.25,7.9;22.25,7.9;22.25,7.85;22.3,7.85;22.3,7.85;22.3,7.8;22.35,7.8;22.35,7.8;22.35,7.75;22.4,7.75;22.4,7.75;22.4,7.7;22.45,7.7;22.45,7.7;22.45,7.65;22.5,7.65;22.5,7.65;22.5,7.6;22.55,7.6;22.55,7.6;22.55,7.55;22.6,7.55;22.6,7.55;22.6,7.5;22.65,7.5;22.65,7.5;22.65,7.45;22.7,7.45;22.7,7.45;22.7,7.4;22.75,7.4;22.75,7.4;22.75,7.35;22.8,7.35;22.8,7.35;22.8,7.3;22.85,7.3;22.85,7.3;22.85,7.25;22.9,7.25;22.9,7.25;22.9,7.2;22.95,7.2;22.95,7.2;22.95,7.15;23.0,7.15;23.0,7.15;23.0,7.1;23.05,7.1;23.05,7.1;23.05,7.05;23.1,7.05;23.1,7.05;23.1,7.0;23.15,7.0;23.15,7.0;23.15,6.95;23.2,6.95;23.2,6.95;23.2,6.9;23.25,6.9;23.25,6.9;23.25,6.85;23.3,6.85;23.3,6.85;23.3,6.8;23.35,6.8;23.35,6.8;23.35,6.75;23.4,6.75;23.4,6.75;23.4,6.7;23.45,6.7;23.45,6.7;23.45,6.65;23.5,6.65;23.5,6.65;23.5,6.6;23.55,6.6;23.55,6.6;23.55,6.55;23.6,6.55;23.6,6.55;23.6,6.5;23.65,6.5;23.65,6.5;23.65,6.45;23.7,6.45;23.7,6.45;23.7,6.4;23.75,6.4;23.75,6.4;23.75,3.9;23.75,3.75;23.75,3.65;23.75,3.5;23.75,3.4;23.75,3.3;23.75,3.15;23.75,3.05;23.75,2.95;23.75,2.8;23.75,2.7;23.75,2.55;23.75,2.5;23.75,2.5;23.7,2.5;23.7,2.45;23.7,2.45;23.65,2.45;23.65,2.4;23.65,2.4;23.6,2.4;23.6,2.35;23.6,2.35;23.55,2.35;23.55,2.3;23.55,2.3;23.5,2.3;23.5,2.25;23.5,2.25;23.45,2.25;23.45,2.2;23.45,2.2;23.4,2.2;23.4,2.15;23.4,2.15;23.35,2.15;23.35,2.1;23.35,2.1;23.3,2.1;23.3,2.05;23.3,2.05;23.25,2.05;23.25,2.0;23.25,2.0;23.2,2.0;23.2,1.95;23.2,1.95;23.15,1.95;23.15,1.9;23.15,1.9;23.1,1.9;23.1,1.85;23.1,1.85;23.05,1.85;23.05,1.8;23.05,1.8;23.0,1.8;23.0,1.75;23.0,1.75;22.95,1.75;22.95,1.7;22.95,1.7;22.9,1.7;22.9,1.65;22.9,1.65;22.85,1.65;22.85,1.6;22.85,1.6;22.8,1.6;22.8,1.55;22.8,1.55;22.75,1.55;22.75,1.5;22.75,1.5;22.7,1.5;22.7,1.45;22.7,1.45;22.65,1.45;22.65,1.4;22.65,1.4;22.6,1.4;22.6,1.35;22.6,1.35;22.55,1.35;22.55,1.3;22.55,1.3;22.5,1.3;22.5,1.25;22.5,1.25;22.45,1.25;22.45,1.2;22.45,1.2;22.4,1.2;22.4,1.15;22.4,1.15;22.35,1.15;22.35,1.1;22.35,1.1;22.3,1.1;22.3,1.05;22.3,1.05;22.25,1.05;22.25,1.0;22.25,1.0;22.2,1.0;22.2,0.95;22.2,0.95;22.15,0.95;22.15,0.9;22.15,0.9;22.1,0.9;22.1,0.85;22.1,0.85;22.05,0.85;22.05,0.8;22.05,0.8;22.0,0.8;22.0,0.75;22.0,0.75;21.95,0.75;21.95,0.7;21.95,0.7;21.9,0.7;21.9,0.65;21.9,0.65;21.85,0.65;21.85,0.6;21.85,0.6;21.8,0.6;21.8,0.55;21.8,0.55;21.75,0.55;21.75,0.5;21.75,0.5;21.7,0.5;21.7,0.45;21.7,0.45;21.65,0.45;21.65,0.4;21.65,0.4;21.6,0.4;21.6,0.35;21.6,0.35;21.55,0.35;21.55,0.3;21.55,0.3;21.5,0.3;21.5,0.25;21.5,0.25;21.45,0.25;21.45,0.2;21.45,0.2;21.4,0.2;21.4,0.1;21.4,0.1;21.35,0.1;21.35,0.05;21.35,0.05;21.3,0.05;21.3,0.0;21.3,-0.0;21.25,-0.0;21.25,0.0",TRANSFERIDO
L2,L2_P_RB_c2_r0,L2_P_RB_c2_r0_T148,BEAM,L2_BD_V60_17,L2_BD_V60_17,2147.0,16.125,6.22935,100.448269,"23.75,2.55;23.75,2.7;23.75,2.8;23.75,2.95;23.75,3.05;23.75,3.15;23.75,3.3;23.75,3.4;23.75,3.5;23.75,3.65;23.75,3.75;23.75,3.9;23.75,6.45;23.75,6.45;23.8,6.45;23.8,6.5;23.8,6.5;23.85,6.5;23.85,6.55;23.85,6.55;23.9,6.55;23.9,6.6;23.9,6.6;23.95,6.6;23.95,6.65;23.95,6.65;24.0,6.65;24.0,6.7;24.0,6.7;24.05,6.7;24.05,6.75;24.05,6.75;24.1,6.75;24.1,6.8;24.1,6.8;24.15,6.8;24.15,6.85;24.15,6.85;24.2,6.85;24.2,6.9;24.2,6.9;24.25,6.9;24.25,6.95;24.25,6.95;24.3,6.95;24.3,7.0;24.3,7.0;24.35,7.0;24.35,7.05;24.35,7.05;24.4,7.05;24.4,7.1;24.4,7.1;24.45,7.1;24.45,7.15;24.45,7.15;24.5,7.15;24.5,7.2;24.5,7.2;24.55,7.2;24.55,7.25;24.55,7.25;24.6,7.25;24.6,7.3;24.6,7.3;24.65,7.3;24.65,7.35;24.65,7.35;24.7,7.35;24.7,7.4;24.7,7.4;24.75,7.4;24.75,7.45;24.75,7.45;24.8,7.45;24.8,7.5;24.8,7.5;24.85,7.5;24.85,7.55;24.85,7.55;24.9,7.55;24.9,7.6;24.9,7.6;24.95,7.6;24.95,7.65;24.95,7.65;25.0,7.65;25.0,7.7;25.0,7.7;25.05,7.7;25.05,7.75;25.05,7.75;25.1,7.75;25.1,7.8;25.1,7.8;25.15,7.8;25.15,7.85;25.15,7.85;25.2,7.85;25.2,7.9;25.2,7.9;25.25,7.9;25.25,7.95;25.25,7.95;25.3,7.95;25.3,8.0;25.3,8.0;25.35,8.0;25.35,8.05;25.35,8.05;25.4,8.05;25.4,8.1;25.4,8.1;25.45,8.1;25.45,8.15;25.45,8.15;25.5,8.15;25.5,8.2;25.5,8.2;25.55,8.2;25.55,8.25;25.55,8.25;25.6,8.25;25.6,8.3;25.6,8.3;25.65,8.3;25.65,8.35;25.65,8.35;25.7,8.35;25.7,8.4;25.7,8.4;25.75,8.4;25.75,8.45;25.75,8.45;25.8,8.45;25.8,8.5;25.8,8.5;25.85,8.5;25.85,8.55;25.85,8.55;25.9,8.55;25.9,8.6;25.9,8.6;25.95,8.6;25.95,8.65;25.95,8.65;26.0,8.65;26.0,8.7;26.0,8.7;26.05,8.7;26.05,8.75;26.05,8.75;26.1,8.75;26.1,8.8;26.1,8.8;26.15,8.8;26.15,8.85;26.15,8.85;26.2,8.85;26.2,8.9;26.2,8.9;26.25,8.9;26.25,8.9;26.25,3.9;26.25,3.75;26.25,3.65;26.25,3.5;26.25,3.4;26.25,3.3;26.25,3.15;26.25,3.05;26.25,2.95;26.25,2.8;26.25,2.7;26.25,2.55;26.25,2.45;26.25,2.35;26.25,2.2;26.25,2.1;26.25,1.95;26.25,1.9;26.25,1.85;26.25,1.75;26.25,1.7;26.25,1.65;26.25,1.6;26.25,1.55;26.25,1.5;26.25,1.4;26.25,1.35;26.25,1.3;26.25,1.25;26.25,1.2;26.25,1.1;26.25,1.05;26.25,0.2;26.25,0.1;26.25,0.05;26.25,0.0;26.25,-0.0;26.2,-0.0;26.2,0.0;26.2,0.05;26.15,0.05;26.15,0.05;26.15,0.1;26.1,0.1;26.1,0.1;26.1,0.15;26.05,0.15;26.05,0.15;26.05,0.2;26.0,0.2;26.0,0.2;26.0,0.25;25.95,0.25;25.95,0.25;25.95,0.3;25.9,0.3;25.9,0.3;25.9,0.35;25.85,0.35;25.85,0.35;25.85,0.4;25.8,0.4;25.8,0.4;25.8,0.45;25.75,0.45;25.75,0.45;25.75,0.5;25.7,0.5;25.7,0.5;25.7,0.55;25.65,0.55;25.65,0.55;25.65,0.6;25.6,0.6;25.6,0.6;25.6,0.65;25.55,0.65;25.55,0.65;25.55,0.7;25.5,0.7;25.5,0.7;25.5,0.75;25.45,0.75;25.45,0.75;25.45,0.8;25.4,0.8;25.4,0.8;25.4,0.85;25.35,0.85;25.35,0.85;25.35,0.9;25.3,0.9;25.3,0.9;25.3,0.95;25.25,0.95;25.25,0.95;25.25,1.0;25.2,1.0;25.2,1.0;25.2,1.05;25.15,1.05;25.15,1.05;25.15,1.1;25.1,1.1;25.1,1.1;25.1,1.15;25.05,1.15;25.05,1.15;25.05,1.2;25.0,1.2;25.0,1.2;25.0,1.25;24.95,1.25;24.95,1.25;24.95,1.3;24.9,1.3;24.9,1.3;24.9,1.35;24.85,1.35;24.85,1.35;24.85,1.4;24.8,1.4;24.8,1.4;24.8,1.45;24.75,1.45;24.75,1.45;24.75,1.5;24.7,1.5;24.7,1.5;24.7,1.55;24.65,1.55;24.65,1.55;24.65,1.6;24.6,1.6;24.6,1.6;24.6,1.65;24.55,1.65;24.55,1.65;24.55,1.7;24.5,1.7;24.5,1.7;24.5,1.75;24.45,1.75;24.45,1.75;24.45,1.8;24.4,1.8;24.4,1.8;24.4,1.85;24.35,1.85;24.35,1.85;24.35,1.9;24.3,1.9;24.3,1.9;24.3,1.95;24.25,1.95;24.25,1.95;24.25,2.0;24.2,2.0;24.2,2.0;24.2,2.05;24.15,2.05;24.15,2.05;24.15,2.1;24.1,2.1;24.1,2.1;24.1,2.15;24.05,2.15;24.05,2.15;24.05,2.2;24.0,2.2;24.0,2.2;24.0,2.25;23.95,2.25;23.95,2.25;23.95,2.3;23.9,2.3;23.9,2.3;23.9,2.35;23.85,2.35;23.85,2.35;23.85,2.4;23.8,2.4;23.8,2.4;23.8,2.45;23.75,2.45;23.75,2.45",TRANSFERIDO
L2,L2_P_RB_c2_r1,L2_P_RB_c2_r1_T149,BEAM,L2_BD_V60_07,L2_BD_V60_07,2137.0,6.125,6.22935,38.154769,"21.35,8.95;21.35,9.0;21.35,9.0;21.4,9.0;21.4,9.05;21.4,9.05;21.45,9.05;21.45,9.1;21.45,9.1;21.5,9.1;21.5,9.15;21.5,9.15;21.55,9.15;21.55,9.2;21.55,9.2;21.6,9.2;21.6,9.25;21.6,9.25;21.65,9.25;21.65,9.3;21.65,9.3;21.7,9.3;21.7,9.35;21.7,9.35;21.75,9.35;21.75,9.4;21.75,9.4;21.8,9.4;21.8,9.45;21.8,9.45;21.85,9.45;21.85,9.5;21.85,9.5;21.9,9.5;21.9,9.55;21.9,9.55;21.95,9.55;21.95,9.6;21.95,9.6;22.0,9.6;22.0,9.65;22.0,9.65;22.05,9.65;22.05,9.7;22.05,9.7;22.1,9.7;22.1,9.75;22.1,9.75;22.15,9.75;22.15,9.8;22.15,9.8;22.2,9.8;22.2,9.85;22.2,9.85;22.25,9.85;22.25,9.9;22.25,9.9;22.3,9.9;22.3,9.95;22.3,9.95;22.35,9.95;22.35,10.0;22.35,10.0;22.4,10.0;22.4,10.05;22.4,10.05;22.45,10.05;22.45,10.1;22.45,10.1;22.5,10.1;22.5,10.15;22.5,10.15;22.55,10.15;22.55,10.2;22.55,10.2;22.6,10.2;22.6,10.25;22.6,10.25;22.65,10.25;22.65,10.3;22.65,10.3;22.7,10.3;22.7,10.35;22.7,10.35;22.75,10.35;22.75,10.4;22.75,10.4;22.8,10.4;22.8,10.45;22.8,10.45;22.85,10.45;22.85,10.5;22.85,10.5;22.9,10.5;22.9,10.55;22.9,10.55;22.95,10.55;22.95,10.6;22.95,10.6;23.0,10.6;23.0,10.65;23.0,10.65;23.05,10.65;23.05,10.7;23.05,10.7;23.1,10.7;23.1,10.75;23.1,10.75;23.15,10.75;23.15,10.8;23.15,10.8;23.2,10.8;23.2,10.85;23.2,10.85;23.25,10.85;23.25,10.9;23.25,10.9;23.3,10.9;23.3,10.95;23.3,10.95;23.35,10.95;23.35,11.0;23.35,11.0;23.4,11.0;23.4,11.05;23.4,11.05;23.45,11.05;23.45,11.1;23.45,11.1;23.5,11.1;23.5,11.15;23.5,11.15;23.55,11.15;23.55,11.2;23.55,11.2;23.6,11.2;23.6,11.25;23.6,11.25;23.65,11.25;23.65,11.3;23.65,11.3;23.7,11.3;23.7,11.35;23.7,11.35;23.75,11.35;23.8,11.35;23.8,11.35;23.8,11.3;23.85,11.3;23.85,11.3;23.85,11.25;23.9,11.25;23.9,11.25;23.9,11.2;23.95,11.2;23.95,11.2;23.95,11.15;24.0,11.15;24.0,11.15;24.0,11.1;24.05,11.1;24.05,11.1;24.05,11.05;24.1,11.05;24.1,11.05;24.1,11.0;24.15,11.0;24.15,11.0;24.15,10.95;24.2,10.95;24.2,10.95;24.2,10.9;24.25,10.9;24.25,10.9;24.25,10.85;24.3,10.85;24.3,10.85;24.3,10.8;24.35,10.8;24.35,10.8;24.35,10.75;24.4,10.75;24.4,10.75;24.4,10.7;24.45,10.7;24.45,10.7;24.45,10.65;24.5,10.65;24.5,10.65;24.5,10.6;24.55,10.6;24.55,10.6;24.55,10.55;24.6,10.55;24.6,10.55;24.6,10.5;24.65,10.5;24.65,10.5;24.65,10.45;24.7,10.45;24.7,10.45;24.7,10.4;24.75,10.4;24.75,10.4;24.75,10.35;24.8,10.35;24.8,10.35;24.8,10.3;24.85,10.3;24.85,10.3;24.85,10.25;24.9,10.25;24.9,10.25;24.9,10.2;24.95,10.2;24.95,10.2;24.95,10.15;25.0,10.15;25.0,10.15;25.0,10.1;25.05,10.1;25.05,10.1;25.05,10.05;25.1,10.05;25.1,10.05;25.1,10.0;25.15,10.0;25.15,10.0;25.15,9.95;25.2,9.95;25.2,9.95;25.2,9.9;25.25,9.9;25.25,9.9;25.25,9.85;25.3,9.85;25.3,9.85;25.3,9.8;25.35,9.8;25.35,9.8;25.35,9.75;25.4,9.75;25.4,9.75;25.4,9.7;25.45,9.7;25.45,9.7;25.45,9.65;25.5,9.65;25.5,9.65;25.5,9.6;25.55,9.6;25.55,9.6;25.55,9.55;25.6,9.55;25.6,9.55;25.6,9.5;25.65,9.5;25.65,9.5;25.65,9.45;25.7,9.45;25.7,9.45;25.7,9.4;25.75,9.4;25.75,9.4;25.75,9.35;25.8,9.35;25.8,9.35;25.8,9.3;25.85,9.3;25.85,9.3;25.85,9.25;25.9,9.25;25.9,9.25;25.9,9.2;25.95,9.2;25.95,9.2;25.95,9.15;26.0,9.15;26.0,9.15;26.0,9.1;26.05,9.1;26.05,9.1;26.05,9.05;26.1,9.05;26.1,9.05;26.1,9.0;26.15,9.0;26.15,9.0;26.15,8.95;26.2,8.95;26.2,8.95;26.2,8.9;26.2,8.9;26.15,8.9;26.1,8.9;26.05,8.9;26.0,8.9;25.95,8.9;25.9,8.9;25.85,8.9;25.8,8.9;25.75,8.9;25.7,8.9;25.65,8.9;25.6,8.9;25.55,8.9;25.5,8.9;25.45,8.9;25.4,8.9;25.35,8.9;25.3,8.9;25.25,8.9;25.2,8.9;25.15,8.9;25.1,8.9;25.05,8.9;25.0,8.9;24.95,8.9;24.9,8.9;24.85,8.9;24.8,8.9;24.75,8.9;24.7,8.9;24.65,8.9;24.6,8.9;24.55,8.9;24.5,8.9;24.45,8.9;24.4,8.9;24.35,8.9;24.3,8.9;24.25,8.9;24.2,8.9;24.15,8.9;24.1,8.9;24.05,8.9;24.0,8.9;23.95,8.9;23.9,8.9;23.85,8.9;23.8,8.9;23.75,8.9;23.7,8.9;23.65,8.9;23.6,8.9;23.55,8.9;23.5,8.9;23.45,8.9;23.4,8.9;23.35,8.9;23.3,8.9;23.25,8.9;23.2,8.9;23.15,8.9;23.1,8.9;23.05,8.9;23.0,8.9;22.95,8.9;22.9,8.9;22.85,8.9;22.8,8.9;22.75,8.9;22.7,8.9;22.65,8.9;22.6,8.9;22.55,8.9;22.5,8.9;22.45,8.9;22.4,8.9;22.35,8.9;22.3,8.9;22.25,8.9;22.2,8.9;22.15,8.9;22.1,8.9;22.05,8.9;22.0,8.9;21.95,8.9;21.9,8.9;21.85,8.9;21.8,8.9;21.75,8.9;21.7,8.9;21.65,8.9;21.6,8.9;21.55,8.9;21.5,8.9;21.45,8.9;21.4,8.9;21.35,8.9;21.3,8.9;21.3,8.9;21.3,8.95;21.3,8.95",TRANSFERIDO
L2,L2_P_RB_c2_r1,L2_P_RB_c2_r1_T150,BEAM,L2_BD_V60_11,L2_BD_V60_11,2141.0,6.375,6.22935,39.712106,"21.3,16.1;21.25,16.1;21.25,16.1;21.25,16.15;21.25,16.15;21.3,16.15;21.35,16.15;21.4,16.15;21.45,16.15;21.5,16.15;21.55,16.15;21.6,16.15;21.65,16.15;21.7,16.15;21.75,16.15;21.8,16.15;21.85,16.15;21.9,16.15;21.95,16.15;22.0,16.15;22.05,16.15;22.1,16.15;22.15,16.15;22.2,16.15;22.25,16.15;22.3,16.15;22.35,16.15;22.4,16.15;22.45,16.15;22.5,16.15;22.55,16.15;22.6,16.15;22.65,16.15;22.7,16.15;22.75,16.15;22.8,16.15;22.85,16.15;22.9,16.15;22.95,16.15;23.0,16.15;23.05,16.15;23.1,16.15;23.15,16.15;23.2,16.15;23.25,16.15;23.3,16.15;23.35,16.15;23.4,16.15;23.45,16.15;23.5,16.15;23.55,16.15;23.6,16.15;23.65,16.15;23.7,16.15;23.75,16.15;23.8,16.15;23.85,16.15;23.9,16.15;23.95,16.15;24.0,16.15;24.05,16.15;24.1,16.15;24.15,16.15;24.2,16.15;24.25,16.15;24.3,16.15;24.35,16.15;24.4,16.15;24.45,16.15;24.5,16.15;24.55,16.15;24.6,16.15;24.65,16.15;24.7,16.15;24.75,16.15;24.8,16.15;24.85,16.15;24.9,16.15;24.95,16.15;25.0,16.15;25.05,16.15;25.1,16.15;25.15,16.15;25.2,16.15;25.25,16.15;25.3,16.15;25.35,16.15;25.4,16.15;25.45,16.15;25.5,16.15;25.55,16.15;25.6,16.15;25.65,16.15;25.7,16.15;25.75,16.15;25.8,16.15;25.85,16.15;25.9,16.15;25.95,16.15;26.0,16.15;26.05,16.15;26.1,16.15;26.15,16.15;26.2,16.15;26.25,16.15;26.25,16.15;26.25,16.1;26.25,16.1;26.2,16.1;26.2,16.05;26.2,16.05;26.15,16.05;26.15,16.0;26.15,16.0;26.1,16.0;26.1,15.95;26.1,15.95;26.05,15.95;26.05,15.9;26.05,15.9;26.0,15.9;26.0,15.85;26.0,15.85;25.95,15.85;25.95,15.8;25.95,15.8;25.9,15.8;25.9,15.75;25.9,15.75;25.85,15.75;25.85,15.7;25.85,15.7;25.8,15.7;25.8,15.65;25.8,15.65;25.75,15.65;25.75,15.6;25.75,15.6;25.7,15.6;25.7,15.55;25.7,15.55;25.65,15.55;25.65,15.5;25.65,15.5;25.6,15.5;25.6,15.45;25.6,15.45;25.55,15.45;25.55,15.4;25.55,15.4;25.5,15.4;25.5,15.35;25.5,15.35;25.45,15.35;25.45,15.3;25.45,15.3;25.4,15.3;25.4,15.25;25.4,15.25;25.35,15.25;25.35,15.2;25.35,15.2;25.3,15.2;25.3,15.15;25.3,15.15;25.25,15.15;25.25,15.1;25.25,15.1;25.2,15.1;25.2,15.05;25.2,15.05;25.15,15.05;25.15,15.0;25.15,15.0;25.1,15.0;25.1,14.95;25.1,14.95;25.05,14.95;25.05,14.9;25.05,14.9;25.0,14.9;25.0,14.85;25.0,14.85;24.95,14.85;24.95,14.8;24.95,14.8;24.9,14.8;24.9,14.75;24.9,14.75;24.85,14.75;24.85,14.7;24.85,14.7;24.8,14.7;24.8,14.65;24.8,14.65;24.75,14.65;24.75,14.6;24.75,14.6;24.7,14.6;24.7,14.55;24.7,14.55;24.65,14.55;24.65,14.5;24.65,14.5;24.6,14.5;24.6,14.45;24.6,14.45;24.55,14.45;24.55,14.4;24.55,14.4;24.5,14.4;24.5,14.35;24.5,14.35;24.45,14.35;24.45,14.3;24.45,14.3;24.4,14.3;24.4,14.25;24.4,14.25;24.35,14.25;24.35,14.2;24.35,14.2;24.3,14.2;24.3,14.15;24.3,14.15;24.25,14.15;24.25,14.1;24.25,14.1;24.2,14.1;24.2,14.05;24.2,14.05;24.15,14.05;24.15,14.0;24.15,14.0;24.1,14.0;24.1,13.95;24.1,13.95;24.05,13.95;24.05,13.9;24.05,13.9;24.0,13.9;24.0,13.85;24.0,13.85;23.95,13.85;23.95,13.8;23.95,13.8;23.9,13.8;23.9,13.75;23.9,13.75;23.85,13.75;23.85,13.7;23.85,13.7;23.8,13.7;23.8,13.65;23.8,13.65;23.75,13.65;23.7,13.65;23.7,13.65;23.7,13.7;23.65,13.7;23.65,13.7;23.65,13.75;23.6,13.75;23.6,13.75;23.6,13.8;23.55,13.8;23.55,13.8;23.55,13.85;23.5,13.85;23.5,13.85;23.5,13.9;23.45,13.9;23.45,13.9;23.45,13.95;23.4,13.95;23.4,13.95;23.4,14.0;23.35,14.0;23.35,14.0;23.35,14.05;23.3,14.05;23.3,14.05;23.3,14.1;23.25,14.1;23.25,14.1;23.25,14.15;23.2,14.15;23.2,14.15;23.2,14.2;23.15,14.2;23.15,14.2;23.15,14.25;23.1,14.25;23.1,14.25;23.1,14.3;23.05,14.3;23.05,14.3;23.05,14.35;23.0,14.35;23.0,14.35;23.0,14.4;22.95,14.4;22.95,14.4;22.95,14.45;22.9,14.45;22.9,14.45;22.9,14.5;22.85,14.5;22.85,14.5;22.85,14.55;22.8,14.55;22.8,14.55;22.8,14.6;22.75,14.6;22.75,14.6;22.75,14.65;22.7,14.65;22.7,14.65;22.7,14.7;22.65,14.7;22.65,14.7;22.65,14.75;22.6,14.75;22.6,14.75;22.6,14.8;22.55,14.8;22.55,14.8;22.55,14.85;22.5,14.85;22.5,14.85;22.5,14.9;22.45,14.9;22.45,14.9;22.45,14.95;22.4,14.95;22.4,14.95;22.4,15.0;22.35,15.0;22.35,15.0;22.35,15.05;22.3,15.05;22.3,15.05;22.3,15.1;22.25,15.1;22.25,15.1;22.25,15.15;22.2,15.15;22.2,15.15;22.2,15.2;22.15,15.2;22.15,15.2;22.15,15.25;22.1,15.25;22.1,15.25;22.1,15.3;22.05,15.3;22.05,15.3;22.05,15.35;22.0,15.35;22.0,15.35;22.0,15.4;21.95,15.4;21.95,15.4;21.95,15.45;21.9,15.45;21.9,15.45;21.9,15.5;21.85,15.5;21.85,15.5;21.85,15.55;21.8,15.55;21.8,15.55;21.8,15.6;21.75,15.6;21.75,15.6;21.75,15.65;21.7,15.65;21.7,15.65;21.7,15.7;21.65,15.7;21.65,15.7;21.65,15.75;21.6,15.75;21.6,15.75;21.6,15.8;21.55,15.8;21.55,15.8;21.55,15.85;21.5,15.85;21.5,15.85;21.5,15.9;21.45,15.9;21.45,15.9;21.45,15.95;21.4,15.95;21.4,15.95;21.4,16.0;21.35,16.0;21.35,16.0;21.35,16.05;21.3,16.05;21.3,16.05",TRANSFERIDO
L2,L2_P_RB_c2_r1,L2_P_RB_c2_r1_T151,BEAM,L2_BD_V60_16,L2_BD_V60_16,2146.0,11.875,6.22935,73.973531,"21.25,16.0;21.25,16.05;21.25,16.1;21.25,16.1;21.3,16.1;21.3,16.1;21.3,16.05;21.35,16.05;21.35,16.05;21.35,16.0;21.4,16.0;21.4,16.0;21.4,15.95;21.45,15.95;21.45,15.95;21.45,15.9;21.5,15.9;21.5,15.9;21.5,15.85;21.55,15.85;21.55,15.85;21.55,15.8;21.6,15.8;21.6,15.8;21.6,15.75;21.65,15.75;21.65,15.75;21.65,15.7;21.7,15.7;21.7,15.7;21.7,15.65;21.75,15.65;21.75,15.65;21.75,15.6;21.8,15.6;21.8,15.6;21.8,15.55;21.85,15.55;21.85,15.55;21.85,15.5;21.9,15.5;21.9,15.5;21.9,15.45;21.95,15.45;21.95,15.45;21.95,15.4;22.0,15.4;22.0,15.4;22.0,15.35;22.05,15.35;22.05,15.35;22.05,15.3;22.1,15.3;22.1,15.3;22.1,15.25;22.15,15.25;22.15,15.25;22.15,15.2;22.2,15.2;22.2,15.2;22.2,15.15;22.25,15.15;22.25,15.15;22.25,15.1;22.3,15.1;22.3,15.1;22.3,15.05;22.35,15.05;22.35,15.05;22.35,15.0;22.4,15.0;22.4,15.0;22.4,14.95;22.45,14.95;22.45,14.95;22.45,14.9;22.5,14.9;22.5,14.9;22.5,14.85;22.55,14.85;22.55,14.85;22.55,14.8;22.6,14.8;22.6,14.8;22.6,14.75;22.65,14.75;22.65,14.75;22.65,14.7;22.7,14.7;22.7,14.7;22.7,14.65;22.75,14.65;22.75,14.65;22.75,14.6;22.8,14.6;22.8,14.6;22.8,14.55;22.85,14.55;22.85,14.55;22.85,14.5;22.9,14.5;22.9,14.5;22.9,14.45;22.95,14.45;22.95,14.45;22.95,14.4;23.0,14.4;23.0,14.4;23.0,14.35;23.05,14.35;23.05,14.35;23.05,14.3;23.1,14.3;23.1,14.3;23.1,14.25;23.15,14.25;23.15,14.25;23.15,14.2;23.2,14.2;23.2,14.2;23.2,14.15;23.25,14.15;23.25,14.15;23.25,14.1;23.3,14.1;23.3,14.1;23.3,14.05;23.35,14.05;23.35,14.05;23.35,14.0;23.4,14.0;23.4,14.0;23.4,13.95;23.45,13.95;23.45,13.95;23.45,13.9;23.5,13.9;23.5,13.9;23.5,13.85;23.55,13.85;23.55,13.85;23.55,13.8;23.6,13.8;23.6,13.8;23.6,13.75;23.65,13.75;23.65,13.75;23.65,13.7;23.7,13.7;23.7,13.7;23.7,13.65;23.75,13.65;23.75,13.65;23.75,11.35;23.75,11.35;23.7,11.35;23.7,11.3;23.7,11.3;23.65,11.3;23.65,11.25;23.65,11.25;23.6,11.25;23.6,11.2;23.6,11.2;23.55,11.2;23.55,11.15;23.55,11.15;23.5,11.15;23.5,11.1;23.5,11.1;23.45,11.1;23.45,11.05;23.45,11.05;23.4,11.05;23.4,11.0;23.4,11.0;23.35,11.0;23.35,10.95;23.35,10.95;23.3,10.95;23.3,10.9;23.3,10.9;23.25,10.9;23.25,10.85;23.25,10.85;23.2,10.85;23.2,10.8;23.2,10.8;23.15,10.8;23.15,10.75;23.15,10.75;23.1,10.75;23.1,10.7;23.1,10.7;23.05,10.7;23.05,10.65;23.05,10.65;23.0,10.65;23.0,10.6;23.0,10.6;22.95,10.6;22.95,10.55;22.95,10.55;22.9,10.55;22.9,10.5;22.9,10.5;22.85,10.5;22.85,10.45;22.85,10.45;22.8,10.45;22.8,10.4;22.8,10.4;22.75,10.4;22.75,10.35;22.75,10.35;22.7,10.35;22.7,10.3;22.7,10.3;22.65,10.3;22.65,10.25;22.65,10.25;22.6,10.25;22.6,10.2;22.6,10.2;22.55,10.2;22.55,10.15;22.55,10.15;22.5,10.15;22.5,10.1;22.5,10.1;22.45,10.1;22.45,10.05;22.45,10.05;22.4,10.05;22.4,10.0;22.4,10.0;22.35,10.0;22.35,9.95;22.35,9.95;22.3,9.95;22.3,9.9;22.3,9.9;22.25,9.9;22.25,9.85;22.25,9.85;22.2,9.85;22.2,9.8;22.2,9.8;22.15,9.8;22.15,9.75;22.15,9.75;22.1,9.75;22.1,9.7;22.1,9.7;22.05,9.7;22.05,9.65;22.05,9.65;22.0,9.65;22.0,9.6;22.0,9.6;21.95,9.6;21.95,9.55;21.95,9.55;21.9,9.55;21.9,9.5;21.9,9.5;21.85,9.5;21.85,9.45;21.85,9.45;21.8,9.45;21.8,9.4;21.8,9.4;21.75,9.4;21.75,9.35;21.75,9.35;21.7,9.35;21.7,9.3;21.7,9.3;21.65,9.3;21.65,9.25;21.65,9.25;21.6,9.25;21.6,9.2;21.6,9.2;21.55,9.2;21.55,9.15;21.55,9.15;21.5,9.15;21.5,9.1;21.5,9.1;21.45,9.1;21.45,9.05;21.45,9.05;21.4,9.05;21.4,9.0;21.4,9.0;21.35,9.0;21.35,8.95;21.35,8.95;21.3,8.95;21.3,8.9;21.3,8.9;21.25,8.9;21.25,8.9",TRANSFERIDO
L2,L2_P_RB_c2_r1,L2_P_RB_c2_r1_T152,BEAM,L2_BD_V60_18,L2_BD_V60_18,2148.0,11.875,6.22935,73.973531,"23.75,13.65;23.75,13.65;23.8,13.65;23.8,13.7;23.8,13.7;23.85,13.7;23.85,13.75;23.85,13.75;23.9,13.75;23.9,13.8;23.9,13.8;23.95,13.8;23.95,13.85;23.95,13.85;24.0,13.85;24.0,13.9;24.0,13.9;24.05,13.9;24.05,13.95;24.05,13.95;24.1,13.95;24.1,14.0;24.1,14.0;24.15,14.0;24.15,14.05;24.15,14.05;24.2,14.05;24.2,14.1;24.2,14.1;24.25,14.1;24.25,14.15;24.25,14.15;24.3,14.15;24.3,14.2;24.3,14.2;24.35,14.2;24.35,14.25;24.35,14.25;24.4,14.25;24.4,14.3;24.4,14.3;24.45,14.3;24.45,14.35;24.45,14.35;24.5,14.35;24.5,14.4;24.5,14.4;24.55,14.4;24.55,14.45;24.55,14.45;24.6,14.45;24.6,14.5;24.6,14.5;24.65,14.5;24.65,14.55;24.65,14.55;24.7,14.55;24.7,14.6;24.7,14.6;24.75,14.6;24.75,14.65;24.75,14.65;24.8,14.65;24.8,14.7;24.8,14.7;24.85,14.7;24.85,14.75;24.85,14.75;24.9,14.75;24.9,14.8;24.9,14.8;24.95,14.8;24.95,14.85;24.95,14.85;25.0,14.85;25.0,14.9;25.0,14.9;25.05,14.9;25.05,14.95;25.05,14.95;25.1,14.95;25.1,15.0;25.1,15.0;25.15,15.0;25.15,15.05;25.15,15.05;25.2,15.05;25.2,15.1;25.2,15.1;25.25,15.1;25.25,15.15;25.25,15.15;25.3,15.15;25.3,15.2;25.3,15.2;25.35,15.2;25.35,15.25;25.35,15.25;25.4,15.25;25.4,15.3;25.4,15.3;25.45,15.3;25.45,15.35;25.45,15.35;25.5,15.35;25.5,15.4;25.5,15.4;25.55,15.4;25.55,15.45;25.55,15.45;25.6,15.45;25.6,15.5;25.6,15.5;25.65,15.5;25.65,15.55;25.65,15.55;25.7,15.55;25.7,15.6;25.7,15.6;25.75,15.6;25.75,15.65;25.75,15.65;25.8,15.65;25.8,15.7;25.8,15.7;25.85,15.7;25.85,15.75;25.85,15.75;25.9,15.75;25.9,15.8;25.9,15.8;25.95,15.8;25.95,15.85;25.95,15.85;26.0,15.85;26.0,15.9;26.0,15.9;26.05,15.9;26.05,15.95;26.05,15.95;26.1,15.95;26.1,16.0;26.1,16.0;26.15,16.0;26.15,16.05;26.15,16.05;26.2,16.05;26.2,16.1;26.2,16.1;26.25,16.1;26.25,16.1;26.25,16.05;26.25,16.0;26.25,8.9;26.25,8.9;26.2,8.9;26.2,8.9;26.2,8.95;26.15,8.95;26.15,8.95;26.15,9.0;26.1,9.0;26.1,9.0;26.1,9.05;26.05,9.05;26.05,9.05;26.05,9.1;26.0,9.1;26.0,9.1;26.0,9.15;25.95,9.15;25.95,9.15;25.95,9.2;25.9,9.2;25.9,9.2;25.9,9.25;25.85,9.25;25.85,9.25;25.85,9.3;25.8,9.3;25.8,9.3;25.8,9.35;25.75,9.35;25.75,9.35;25.75,9.4;25.7,9.4;25.7,9.4;25.7,9.45;25.65,9.45;25.65,9.45;25.65,9.5;25.6,9.5;25.6,9.5;25.6,9.55;25.55,9.55;25.55,9.55;25.55,9.6;25.5,9.6;25.5,9.6;25.5,9.65;25.45,9.65;25.45,9.65;25.45,9.7;25.4,9.7;25.4,9.7;25.4,9.75;25.35,9.75;25.35,9.75;25.35,9.8;25.3,9.8;25.3,9.8;25.3,9.85;25.25,9.85;25.25,9.85;25.25,9.9;25.2,9.9;25.2,9.9;25.2,9.95;25.15,9.95;25.15,9.95;25.15,10.0;25.1,10.0;25.1,10.0;25.1,10.05;25.05,10.05;25.05,10.05;25.05,10.1;25.0,10.1;25.0,10.1;25.0,10.15;24.95,10.15;24.95,10.15;24.95,10.2;24.9,10.2;24.9,10.2;24.9,10.25;24.85,10.25;24.85,10.25;24.85,10.3;24.8,10.3;24.8,10.3;24.8,10.35;24.75,10.35;24.75,10.35;24.75,10.4;24.7,10.4;24.7,10.4;24.7,10.45;24.65,10.45;24.65,10.45;24.65,10.5;24.6,10.5;24.6,10.5;24.6,10.55;24.55,10.55;24.55,10.55;24.55,10.6;24.5,10.6;24.5,10.6;24.5,10.65;24.45,10.65;24.45,10.65;24.45,10.7;24.4,10.7;24.4,10.7;24.4,10.75;24.35,10.75;24.35,10.75;24.35,10.8;24.3,10.8;24.3,10.8;24.3,10.85;24.25,10.85;24.25,10.85;24.25,10.9;24.2,10.9;24.2,10.9;24.2,10.95;24.15,10.95;24.15,10.95;24.15,11.0;24.1,11.0;24.1,11.0;24.1,11.05;24.05,11.05;24.05,11.05;24.05,11.1;24.0,11.1;24.0,11.1;24.0,11.15;23.95,11.15;23.95,11.15;23.95,11.2;23.9,11.2;23.9,11.2;23.9,11.25;23.85,11.25;23.85,11.25;23.85,11.3;23.8,11.3;23.8,11.3;23.8,11.35;23.75,11.35;23.75,11.35",TRANSFERIDO
L2,L2_P_RB_c3_r0,L2_P_RB_c3_r0_T153,BEAM,L2_BD_V60_04,L2_BD_V60_04,2134.0,6.247973,6.22935,38.920811,"26.35,-0.0;26.3,-0.0;26.3,0.0;26.3,0.05;26.3,0.05;26.35,0.05;26.35,0.1;26.35,0.1;26.4,0.1;26.4,0.2;26.4,0.2;26.45,0.2;26.45,0.25;26.45,0.25;26.5,0.25;26.5,0.3;26.5,0.3;26.55,0.3;26.55,0.35;26.55,0.35;26.6,0.35;26.6,0.4;26.6,0.4;26.65,0.4;26.65,0.45;26.65,0.45;26.7,0.45;26.7,0.5;26.7,0.5;26.75,0.5;26.75,0.55;26.75,0.55;26.8,0.55;26.8,0.6;26.8,0.6;26.85,0.6;26.85,0.65;26.85,0.65;26.9,0.65;26.9,0.7;26.9,0.7;26.95,0.7;26.95,0.75;26.95,0.75;27.0,0.75;27.0,0.8;27.0,0.8;27.05,0.8;27.05,0.85;27.05,0.85;27.1,0.85;27.1,0.9;27.1,0.9;27.15,0.9;27.15,0.95;27.15,0.95;27.2,0.95;27.2,1.0;27.2,1.0;27.25,1.0;27.25,1.05;27.25,1.05;27.3,1.05;27.3,1.1;27.3,1.1;27.35,1.1;27.35,1.15;27.35,1.15;27.4,1.15;27.4,1.2;27.4,1.2;27.45,1.2;27.45,1.25;27.45,1.25;27.5,1.25;27.5,1.3;27.5,1.3;27.55,1.3;27.55,1.35;27.55,1.35;27.6,1.35;27.6,1.4;27.6,1.4;27.65,1.4;27.65,1.45;27.65,1.45;27.7,1.45;27.7,1.5;27.7,1.5;27.75,1.5;27.75,1.55;27.75,1.55;27.8,1.55;27.8,1.6;27.8,1.6;27.85,1.6;27.85,1.65;27.85,1.65;27.9,1.65;27.9,1.7;27.9,1.7;27.95,1.7;27.95,1.75;27.95,1.75;28.0,1.75;28.0,1.8;28.0,1.8;28.05,1.8;28.05,1.85;28.05,1.85;28.1,1.85;28.1,1.9;28.1,1.9;28.15,1.9;28.15,1.95;28.15,1.95;28.2,1.95;28.2,2.0;28.2,2.0;28.25,2.0;28.25,2.05;28.25,2.05;28.3,2.05;28.3,2.1;28.3,2.1;28.35,2.1;28.35,2.15;28.35,2.15;28.4,2.15;28.4,2.2;28.4,2.2;28.45,2.2;28.45,2.25;28.45,2.25;28.5,2.25;28.5,2.3;28.5,2.3;28.55,2.3;28.55,2.35;28.55,2.35;28.6,2.35;28.6,2.4;28.6,2.4;28.65,2.4;28.65,2.45;28.65,2.45;28.7,2.45;28.7,2.5;28.7,2.5;28.75,2.5;28.75,2.5;28.75,2.45;28.8,2.45;28.8,2.45;28.8,2.4;28.85,2.4;28.85,2.4;28.85,2.35;28.9,2.35;28.9,2.35;28.9,2.3;28.95,2.3;28.95,2.3;28.95,2.25;29.0,2.25;29.0,2.25;29.0,2.2;29.05,2.2;29.05,2.2;29.05,2.15;29.1,2.15;29.1,2.15;29.1,2.1;29.15,2.1;29.15,2.1;29.15,2.05;29.2,2.05;29.2,2.05;29.2,2.0;29.25,2.0;29.25,2.0;29.25,1.95;29.3,1.95;29.3,1.95;29.3,1.9;29.35,1.9;29.35,1.9;29.35,1.85;29.4,1.85;29.4,1.85;29.4,1.8;29.45,1.8;29.45,1.8;29.45,1.75;29.5,1.75;29.5,1.75;29.5,1.7;29.55,1.7;29.55,1.7;29.55,1.65;29.6,1.65;29.6,1.65;29.6,1.6;29.65,1.6;29.65,1.6;29.65,1.55;29.7,1.55;29.7,1.55;29.7,1.5;29.75,1.5;29.75,1.5;29.75,1.45;29.8,1.45;29.8,1.45;29.8,1.4;29.85,1.4;29.85,1.4;29.85,1.35;29.9,1.35;29.9,1.35;29.9,1.3;29.95,1.3;29.95,1.3;29.95,1.25;30.0,1.25;30.0,1.25;30.0,1.2;30.05,1.2;30.05,1.2;30.05,1.15;30.1,1.15;30.1,1.15;30.1,1.1;30.15,1.1;30.15,1.1;30.15,1.05;30.2,1.05;30.2,1.05;30.2,1.0;30.25,1.0;30.25,1.0;30.25,0.95;30.3,0.95;30.3,0.95;30.3,0.9;30.35,0.9;30.35,0.9;30.35,0.85;30.4,0.85;30.4,0.85;30.4,0.8;30.45,0.8;30.45,0.8;30.45,0.75;30.5,0.75;30.5,0.75;30.5,0.7;30.55,0.7;30.55,0.7;30.55,0.65;30.6,0.65;30.6,0.65;30.6,0.6;30.65,0.6;30.65,0.6;30.65,0.55;30.7,0.55;30.7,0.55;30.7,0.5;30.75,0.5;30.75,0.5;30.75,0.45;30.8,0.45;30.8,0.45;30.8,0.4;30.85,0.4;30.85,0.4;30.85,0.35;30.9,0.35;30.9,0.35;30.9,0.3;30.95,0.3;30.95,0.3;30.95,0.25;31.0,0.25;31.0,0.25;31.0,0.2;31.05,0.2;31.05,0.2;31.05,0.15;31.1,0.15;31.1,0.15;31.1,0.1;31.15,0.1;31.15,0.1;31.15,0.05;31.2,0.05;31.2,0.05;31.2,0.0;31.2,-0.0;31.15,-0.0;31.1,-0.0;31.05,-0.0;31.0,-0.0;30.95,-0.0;30.9,-0.0;30.85,-0.0;30.8,-0.0;30.75,-0.0;30.7,-0.0;30.65,-0.0;30.6,-0.0;30.55,-0.0;30.5,-0.0;30.45,-0.0;30.4,-0.0;30.35,-0.0;30.3,-0.0;30.25,-0.0;30.2,-0.0;30.15,-0.0;30.1,-0.0;30.05,-0.0;30.0,-0.0;29.95,-0.0;29.9,-0.0;29.85,-0.0;29.8,-0.0;29.75,-0.0;29.7,-0.0;29.65,-0.0;29.6,-0.0;29.55,-0.0;29.5,-0.0;29.45,-0.0;29.4,-0.0;29.35,-0.0;29.3,-0.0;29.25,-0.0;29.2,-0.0;29.15,-0.0;29.1,-0.0;29.05,-0.0;29.0,-0.0;28.95,-0.0;28.9,-0.0;28.85,-0.0;28.8,-0.0;28.75,-0.0;28.7,-0.0;28.65,-0.0;28.6,-0.0;28.55,-0.0;28.5,-0.0;28.45,-0.0;28.4,-0.0;28.35,-0.0;28.3,-0.0;28.25,-0.0;28.2,-0.0;28.15,-0.0;28.1,-0.0;28.05,-0.0;28.0,-0.0;27.95,-0.0;27.9,-0.0;27.85,-0.0;27.8,-0.0;27.75,-0.0;27.7,-0.0;27.65,-0.0;27.6,-0.0;27.55,-0.0;27.5,-0.0;27.45,-0.0;27.4,-0.0;27.35,-0.0;27.3,-0.0;27.25,-0.0;27.2,-0.0;27.15,-0.0;27.1,-0.0;27.05,-0.0;27.0,-0.0;26.95,-0.0;26.9,-0.0;26.85,-0.0;26.8,-0.0;26.75,-0.0;26.7,-0.0;26.65,-0.0;26.6,-0.0;26.55,-0.0;26.5,-0.0;26.45,-0.0;26.4,-0.0;26.35,-0.0",TRANSFERIDO
L2,L2_P_RB_c3_r0,L2_P_RB_c3_r0_T154,BEAM,L2_BD_V60_08,L2_BD_V60_08,2138.0,6.25548,6.22935,38.967572,"26.3,8.85;26.25,8.85;26.25,8.85;26.25,8.9;26.25,8.9;26.3,8.9;26.35,8.9;26.4,8.9;26.45,8.9;26.5,8.9;26.55,8.9;26.6,8.9;26.65,8.9;26.7,8.9;26.75,8.9;26.8,8.9;26.85,8.9;26.9,8.9;26.95,8.9;27.0,8.9;27.05,8.9;27.1,8.9;27.15,8.9;27.2,8.9;27.25,8.9;27.3,8.9;27.35,8.9;27.4,8.9;27.45,8.9;27.5,8.9;27.55,8.9;27.6,8.9;27.65,8.9;27.7,8.9;27.75,8.9;27.8,8.9;27.85,8.9;27.9,8.9;27.95,8.9;28.0,8.9;28.05,8.9;28.1,8.9;28.15,8.9;28.2,8.9;28.25,8.9;28.3,8.9;28.35,8.9;28.4,8.9;28.45,8.9;28.5,8.9;28.55,8.9;28.6,8.9;28.65,8.9;28.7,8.9;28.75,8.9;28.8,8.9;28.85,8.9;28.9,8.9;28.95,8.9;29.0,8.9;29.05,8.9;29.1,8.9;29.15,8.9;29.2,8.9;29.25,8.9;29.3,8.9;29.35,8.9;29.4,8.9;29.45,8.9;29.5,8.9;29.55,8.9;29.6,8.9;29.65,8.9;29.7,8.9;29.75,8.9;29.8,8.9;29.85,8.9;29.9,8.9;29.95,8.9;30.0,8.9;30.05,8.9;30.1,8.9;30.15,8.9;30.2,8.9;30.25,8.9;30.3,8.9;30.35,8.9;30.4,8.9;30.45,8.9;30.5,8.9;30.55,8.9;30.6,8.9;30.65,8.9;30.7,8.9;30.75,8.9;30.8,8.9;30.85,8.9;30.9,8.9;30.95,8.9;31.0,8.9;31.05,8.9;31.1,8.9;31.15,8.9;31.2,8.9;31.2,8.9;31.2,8.85;31.2,8.85;31.15,8.85;31.15,8.8;31.15,8.8;31.1,8.8;31.1,8.75;31.1,8.75;31.05,8.75;31.05,8.7;31.05,8.7;31.0,8.7;31.0,8.65;31.0,8.65;30.95,8.65;30.95,8.6;30.95,8.6;30.9,8.6;30.9,8.55;30.9,8.55;30.85,8.55;30.85,8.5;30.85,8.5;30.8,8.5;30.8,8.45;30.8,8.45;30.75,8.45;30.75,8.4;30.75,8.4;30.7,8.4;30.7,8.35;30.7,8.35;30.65,8.35;30.65,8.3;30.65,8.3;30.6,8.3;30.6,8.25;30.6,8.25;30.55,8.25;30.55,8.2;30.55,8.2;30.5,8.2;30.5,8.15;30.5,8.15;30.45,8.15;30.45,8.1;30.45,8.1;30.4,8.1;30.4,8.05;30.4,8.05;30.35,8.05;30.35,8.0;30.35,8.0;30.3,8.0;30.3,7.95;30.3,7.95;30.25,7.95;30.25,7.9;30.25,7.9;30.2,7.9;30.2,7.85;30.2,7.85;30.15,7.85;30.15,7.8;30.15,7.8;30.1,7.8;30.1,7.75;30.1,7.75;30.05,7.75;30.05,7.7;30.05,7.7;30.0,7.7;30.0,7.65;30.0,7.65;29.95,7.65;29.95,7.6;29.95,7.6;29.9,7.6;29.9,7.55;29.9,7.55;29.85,7.55;29.85,7.5;29.85,7.5;29.8,7.5;29.8,7.45;29.8,7.45;29.75,7.45;29.75,7.4;29.75,7.4;29.7,7.4;29.7,7.35;29.7,7.35;29.65,7.35;29.65,7.3;29.65,7.3;29.6,7.3;29.6,7.25;29.6,7.25;29.55,7.25;29.55,7.2;29.55,7.2;29.5,7.2;29.5,7.15;29.5,7.15;29.45,7.15;29.45,7.1;29.45,7.1;29.4,7.1;29.4,7.05;29.4,7.05;29.35,7.05;29.35,7.0;29.35,7.0;29.3,7.0;29.3,6.95;29.3,6.95;29.25,6.95;29.25,6.9;29.25,6.9;29.2,6.9;29.2,6.85;29.2,6.85;29.15,6.85;29.15,6.8;29.15,6.8;29.1,6.8;29.1,6.75;29.1,6.75;29.05,6.75;29.05,6.7;29.05,6.7;29.0,6.7;29.0,6.65;29.0,6.65;28.95,6.65;28.95,6.6;28.95,6.6;28.9,6.6;28.9,6.55;28.9,6.55;28.85,6.55;28.85,6.5;28.85,6.5;28.8,6.5;28.8,6.45;28.8,6.45;28.75,6.45;28.75,6.4;28.75,6.4;28.7,6.4;28.7,6.4;28.7,6.45;28.65,6.45;28.65,6.45;28.65,6.5;28.6,6.5;28.6,6.5;28.6,6.55;28.55,6.55;28.55,6.55;28.55,6.6;28.5,6.6;28.5,6.6;28.5,6.65;28.45,6.65;28.45,6.65;28.45,6.7;28.4,6.7;28.4,6.7;28.4,6.75;28.35,6.75;28.35,6.75;28.35,6.8;28.3,6.8;28.3,6.8;28.3,6.85;28.25,6.85;28.25,6.85;28.25,6.9;28.2,6.9;28.2,6.9;28.2,6.95;28.15,6.95;28.15,6.95;28.15,7.0;28.1,7.0;28.1,7.0;28.1,7.05;28.05,7.05;28.05,7.05;28.05,7.1;28.0,7.1;28.0,7.1;28.0,7.15;27.95,7.15;27.95,7.15;27.95,7.2;27.9,7.2;27.9,7.2;27.9,7.25;27.85,7.25;27.85,7.25;27.85,7.3;27.8,7.3;27.8,7.3;27.8,7.35;27.75,7.35;27.75,7.35;27.75,7.4;27.7,7.4;27.7,7.4;27.7,7.45;27.65,7.45;27.65,7.45;27.65,7.5;27.6,7.5;27.6,7.5;27.6,7.55;27.55,7.55;27.55,7.55;27.55,7.6;27.5,7.6;27.5,7.6;27.5,7.65;27.45,7.65;27.45,7.65;27.45,7.7;27.4,7.7;27.4,7.7;27.4,7.75;27.35,7.75;27.35,7.75;27.35,7.8;27.3,7.8;27.3,7.8;27.3,7.85;27.25,7.85;27.25,7.85;27.25,7.9;27.2,7.9;27.2,7.9;27.2,7.95;27.15,7.95;27.15,7.95;27.15,8.0;27.1,8.0;27.1,8.0;27.1,8.05;27.05,8.05;27.05,8.05;27.05,8.1;27.0,8.1;27.0,8.1;27.0,8.15;26.95,8.15;26.95,8.15;26.95,8.2;26.9,8.2;26.9,8.2;26.9,8.25;26.85,8.25;26.85,8.25;26.85,8.3;26.8,8.3;26.8,8.3;26.8,8.35;26.75,8.35;26.75,8.35;26.75,8.4;26.7,8.4;26.7,8.4;26.7,8.45;26.65,8.45;26.65,8.45;26.65,8.5;26.6,8.5;26.6,8.5;26.6,8.55;26.55,8.55;26.55,8.55;26.55,8.6;26.5,8.6;26.5,8.6;26.5,8.65;26.45,8.65;26.45,8.65;26.45,8.7;26.4,8.7;26.4,8.7;26.4,8.75;26.35,8.75;26.35,8.75;26.35,8.8;26.3,8.8;26.3,8.8",TRANSFERIDO
L2,L2_P_RB_c3_r0,L2_P_RB_c3_r0_T155,BEAM,L2_BD_V60_17,L2_BD_V60_17,2147.0,14.18993,6.22935,88.394039,"26.25,0.05;26.25,0.1;26.25,0.2;26.25,1.05;26.25,1.1;26.25,1.2;26.25,1.25;26.25,1.3;26.25,1.35;26.25,1.4;26.25,1.5;26.25,1.55;26.25,1.6;26.25,1.65;26.25,1.7;26.25,1.75;26.25,1.85;26.25,1.9;26.25,1.95;26.25,2.1;26.25,2.2;26.25,2.35;26.25,2.45;26.25,2.55;26.25,2.7;26.25,2.8;26.25,2.95;26.25,3.05;26.25,3.15;26.25,3.3;26.25,3.4;26.25,3.5;26.25,3.65;26.25,3.75;26.25,3.9;26.25,8.85;26.25,8.85;26.3,8.85;26.3,8.85;26.3,8.8;26.35,8.8;26.35,8.8;26.35,8.75;26.4,8.75;26.4,8.75;26.4,8.7;26.45,8.7;26.45,8.7;26.45,8.65;26.5,8.65;26.5,8.65;26.5,8.6;26.55,8.6;26.55,8.6;26.55,8.55;26.6,8.55;26.6,8.55;26.6,8.5;26.65,8.5;26.65,8.5;26.65,8.45;26.7,8.45;26.7,8.45;26.7,8.4;26.75,8.4;26.75,8.4;26.75,8.35;26.8,8.35;26.8,8.35;26.8,8.3;26.85,8.3;26.85,8.3;26.85,8.25;26.9,8.25;26.9,8.25;26.9,8.2;26.95,8.2;26.95,8.2;26.95,8.15;27.0,8.15;27.0,8.15;27.0,8.1;27.05,8.1;27.05,8.1;27.05,8.05;27.1,8.05;27.1,8.05;27.1,8.0;27.15,8.0;27.15,8.0;27.15,7.95;27.2,7.95;27.2,7.95;27.2,7.9;27.25,7.9;27.25,7.9;27.25,7.85;27.3,7.85;27.3,7.85;27.3,7.8;27.35,7.8;27.35,7.8;27.35,7.75;27.4,7.75;27.4,7.75;27.4,7.7;27.45,7.7;27.45,7.7;27.45,7.65;27.5,7.65;27.5,7.65;27.5,7.6;27.55,7.6;27.55,7.6;27.55,7.55;27.6,7.55;27.6,7.55;27.6,7.5;27.65,7.5;27.65,7.5;27.65,7.45;27.7,7.45;27.7,7.45;27.7,7.4;27.75,7.4;27.75,7.4;27.75,7.35;27.8,7.35;27.8,7.35;27.8,7.3;27.85,7.3;27.85,7.3;27.85,7.25;27.9,7.25;27.9,7.25;27.9,7.2;27.95,7.2;27.95,7.2;27.95,7.15;28.0,7.15;28.0,7.15;28.0,7.1;28.05,7.1;28.05,7.1;28.05,7.05;28.1,7.05;28.1,7.05;28.1,7.0;28.15,7.0;28.15,7.0;28.15,6.95;28.2,6.95;28.2,6.95;28.2,6.9;28.25,6.9;28.25,6.9;28.25,6.85;28.3,6.85;28.3,6.85;28.3,6.8;28.35,6.8;28.35,6.8;28.35,6.75;28.4,6.75;28.4,6.75;28.4,6.7;28.45,6.7;28.45,6.7;28.45,6.65;28.5,6.65;28.5,6.65;28.5,6.6;28.55,6.6;28.55,6.6;28.55,6.55;28.6,6.55;28.6,6.55;28.6,6.5;28.65,6.5;28.65,6.5;28.65,6.45;28.7,6.45;28.7,6.45;28.7,6.4;28.75,6.4;28.75,6.4;28.75,6.3;28.75,6.3;28.7,6.3;28.65,6.3;28.6,6.3;28.55,6.3;28.5,6.3;28.45,6.3;28.4,6.3;28.35,6.3;28.3,6.3;28.25,6.3;28.2,6.3;28.2,3.9;28.2,3.75;28.2,3.65;28.2,3.5;28.2,3.4;28.2,3.3;28.2,3.2;28.25,3.2;28.3,3.2;28.35,3.2;28.4,3.2;28.45,3.2;28.5,3.2;28.55,3.2;28.6,3.2;28.65,3.2;28.7,3.2;28.75,3.2;28.75,3.2;28.75,3.15;28.75,3.05;28.75,2.95;28.75,2.8;28.75,2.7;28.75,2.55;28.75,2.5;28.75,2.5;28.7,2.5;28.7,2.45;28.7,2.45;28.65,2.45;28.65,2.4;28.65,2.4;28.6,2.4;28.6,2.35;28.6,2.35;28.55,2.35;28.55,2.3;28.55,2.3;28.5,2.3;28.5,2.25;28.5,2.25;28.45,2.25;28.45,2.2;28.45,2.2;28.4,2.2;28.4,2.15;28.4,2.15;28.35,2.15;28.35,2.1;28.35,2.1;28.3,2.1;28.3,2.05;28.3,2.05;28.25,2.05;28.25,2.0;28.25,2.0;28.2,2.0;28.2,1.95;28.2,1.95;28.15,1.95;28.15,1.9;28.15,1.9;28.1,1.9;28.1,1.85;28.1,1.85;28.05,1.85;28.05,1.8;28.05,1.8;28.0,1.8;28.0,1.75;28.0,1.75;27.95,1.75;27.95,1.7;27.95,1.7;27.9,1.7;27.9,1.65;27.9,1.65;27.85,1.65;27.85,1.6;27.85,1.6;27.8,1.6;27.8,1.55;27.8,1.55;27.75,1.55;27.75,1.5;27.75,1.5;27.7,1.5;27.7,1.45;27.7,1.45;27.65,1.45;27.65,1.4;27.65,1.4;27.6,1.4;27.6,1.35;27.6,1.35;27.55,1.35;27.55,1.3;27.55,1.3;27.5,1.3;27.5,1.25;27.5,1.25;27.45,1.25;27.45,1.2;27.45,1.2;27.4,1.2;27.4,1.15;27.4,1.15;27.35,1.15;27.35,1.1;27.35,1.1;27.3,1.1;27.3,1.05;27.3,1.05;27.25,1.05;27.25,1.0;27.25,1.0;27.2,1.0;27.2,0.95;27.2,0.95;27.15,0.95;27.15,0.9;27.15,0.9;27.1,0.9;27.1,0.85;27.1,0.85;27.05,0.85;27.05,0.8;27.05,0.8;27.0,0.8;27.0,0.75;27.0,0.75;26.95,0.75;26.95,0.7;26.95,0.7;26.9,0.7;26.9,0.65;26.9,0.65;26.85,0.65;26.85,0.6;26.85,0.6;26.8,0.6;26.8,0.55;26.8,0.55;26.75,0.55;26.75,0.5;26.75,0.5;26.7,0.5;26.7,0.45;26.7,0.45;26.65,0.45;26.65,0.4;26.65,0.4;26.6,0.4;26.6,0.35;26.6,0.35;26.55,0.35;26.55,0.3;26.55,0.3;26.5,0.3;26.5,0.25;26.5,0.25;26.45,0.25;26.45,0.2;26.45,0.2;26.4,0.2;26.4,0.1;26.4,0.1;26.35,0.1;26.35,0.05;26.35,0.05;26.3,0.05;26.3,0.0;26.3,-0.0;26.25,-0.0;26.25,0.0",TRANSFERIDO
L2,L2_P_RB_c3_r0,L2_P_RB_c3_r0_T156,WALL,M005..M008,,,8.382343,6.22935,52.216546,"28.75,2.55;28.75,2.7;28.75,2.8;28.75,2.95;28.75,3.05;28.75,3.15;28.75,3.2;28.75,3.2;28.8,3.2;28.85,3.2;28.9,3.2;28.95,3.2;29.0,3.2;29.05,3.2;29.1,3.2;29.15,3.2;29.2,3.2;29.25,3.2;29.3,3.2;29.35,3.2;29.4,3.2;29.45,3.2;29.5,3.2;29.55,3.2;29.6,3.2;29.65,3.2;29.7,3.2;29.75,3.2;29.8,3.2;29.85,3.2;29.9,3.2;29.95,3.2;30.0,3.2;30.05,3.2;30.1,3.2;30.15,3.2;30.2,3.2;30.25,3.2;30.3,3.2;30.35,3.2;30.4,3.2;30.45,3.2;30.5,3.2;30.55,3.2;30.6,3.2;30.65,3.2;30.7,3.2;30.75,3.2;30.8,3.2;30.85,3.2;30.9,3.2;30.95,3.2;31.0,3.2;31.05,3.2;31.1,3.2;31.15,3.2;31.2,3.2;31.25,3.2;31.25,3.2;31.25,3.15;31.25,3.05;31.25,2.95;31.25,2.8;31.25,2.7;31.25,2.55;31.25,2.45;31.25,2.35;31.25,2.2;31.25,2.1;31.25,1.95;31.25,1.9;31.25,1.85;31.25,1.75;31.25,1.7;31.25,1.65;31.25,1.6;31.25,1.55;31.25,1.5;31.25,1.4;31.25,1.35;31.25,1.3;31.25,1.25;31.25,1.2;31.25,1.1;31.25,1.05;31.25,0.2;31.25,0.1;31.25,0.05;31.25,0.0;31.25,-0.0;31.2,-0.0;31.2,0.0;31.2,0.05;31.15,0.05;31.15,0.05;31.15,0.1;31.1,0.1;31.1,0.1;31.1,0.15;31.05,0.15;31.05,0.15;31.05,0.2;31.0,0.2;31.0,0.2;31.0,0.25;30.95,0.25;30.95,0.25;30.95,0.3;30.9,0.3;30.9,0.3;30.9,0.35;30.85,0.35;30.85,0.35;30.85,0.4;30.8,0.4;30.8,0.4;30.8,0.45;30.75,0.45;30.75,0.45;30.75,0.5;30.7,0.5;30.7,0.5;30.7,0.55;30.65,0.55;30.65,0.55;30.65,0.6;30.6,0.6;30.6,0.6;30.6,0.65;30.55,0.65;30.55,0.65;30.55,0.7;30.5,0.7;30.5,0.7;30.5,0.75;30.45,0.75;30.45,0.75;30.45,0.8;30.4,0.8;30.4,0.8;30.4,0.85;30.35,0.85;30.35,0.85;30.35,0.9;30.3,0.9;30.3,0.9;30.3,0.95;30.25,0.95;30.25,0.95;30.25,1.0;30.2,1.0;30.2,1.0;30.2,1.05;30.15,1.05;30.15,1.05;30.15,1.1;30.1,1.1;30.1,1.1;30.1,1.15;30.05,1.15;30.05,1.15;30.05,1.2;30.0,1.2;30.0,1.2;30.0,1.25;29.95,1.25;29.95,1.25;29.95,1.3;29.9,1.3;29.9,1.3;29.9,1.35;29.85,1.35;29.85,1.35;29.85,1.4;29.8,1.4;29.8,1.4;29.8,1.45;29.75,1.45;29.75,1.45;29.75,1.5;29.7,1.5;29.7,1.5;29.7,1.55;29.65,1.55;29.65,1.55;29.65,1.6;29.6,1.6;29.6,1.6;29.6,1.65;29.55,1.65;29.55,1.65;29.55,1.7;29.5,1.7;29.5,1.7;29.5,1.75;29.45,1.75;29.45,1.75;29.45,1.8;29.4,1.8;29.4,1.8;29.4,1.85;29.35,1.85;29.35,1.85;29.35,1.9;29.3,1.9;29.3,1.9;29.3,1.95;29.25,1.95;29.25,1.95;29.25,2.0;29.2,2.0;29.2,2.0;29.2,2.05;29.15,2.05;29.15,2.05;29.15,2.1;29.1,2.1;29.1,2.1;29.1,2.15;29.05,2.15;29.05,2.15;29.05,2.2;29.0,2.2;29.0,2.2;29.0,2.25;28.95,2.25;28.95,2.25;28.95,2.3;28.9,2.3;28.9,2.3;28.9,2.35;28.85,2.35;28.85,2.35;28.85,2.4;28.8,2.4;28.8,2.4;28.8,2.45;28.75,2.45;28.75,2.45;28.75,2.55|28.8,6.45;28.8,6.5;28.8,6.5;28.85,6.5;28.85,6.55;28.85,6.55;28.9,6.55;28.9,6.6;28.9,6.6;28.95,6.6;28.95,6.65;28.95,6.65;29.0,6.65;29.0,6.7;29.0,6.7;29.05,6.7;29.05,6.75;29.05,6.75;29.1,6.75;29.1,6.8;29.1,6.8;29.15,6.8;29.15,6.85;29.15,6.85;29.2,6.85;29.2,6.9;29.2,6.9;29.25,6.9;29.25,6.95;29.25,6.95;29.3,6.95;29.3,7.0;29.3,7.0;29.35,7.0;29.35,7.05;29.35,7.05;29.4,7.05;29.4,7.1;29.4,7.1;29.45,7.1;29.45,7.15;29.45,7.15;29.5,7.15;29.5,7.2;29.5,7.2;29.55,7.2;29.55,7.25;29.55,7.25;29.6,7.25;29.6,7.3;29.6,7.3;29.65,7.3;29.65,7.35;29.65,7.35;29.7,7.35;29.7,7.4;29.7,7.4;29.75,7.4;29.75,7.45;29.75,7.45;29.8,7.45;29.8,7.5;29.8,7.5;29.85,7.5;29.85,7.55;29.85,7.55;29.9,7.55;29.9,7.6;29.9,7.6;29.95,7.6;29.95,7.65;29.95,7.65;30.0,7.65;30.0,7.7;30.0,7.7;30.05,7.7;30.05,7.75;30.05,7.75;30.1,7.75;30.1,7.8;30.1,7.8;30.15,7.8;30.15,7.85;30.15,7.85;30.2,7.85;30.2,7.9;30.2,7.9;30.25,7.9;30.25,7.95;30.25,7.95;30.3,7.95;30.3,8.0;30.3,8.0;30.35,8.0;30.35,8.05;30.35,8.05;30.4,8.05;30.4,8.1;30.4,8.1;30.45,8.1;30.45,8.15;30.45,8.15;30.5,8.15;30.5,8.2;30.5,8.2;30.55,8.2;30.55,8.25;30.55,8.25;30.6,8.25;30.6,8.3;30.6,8.3;30.65,8.3;30.65,8.35;30.65,8.35;30.7,8.35;30.7,8.4;30.7,8.4;30.75,8.4;30.75,8.45;30.75,8.45;30.8,8.45;30.8,8.5;30.8,8.5;30.85,8.5;30.85,8.55;30.85,8.55;30.9,8.55;30.9,8.6;30.9,8.6;30.95,8.6;30.95,8.65;30.95,8.65;31.0,8.65;31.0,8.7;31.0,8.7;31.05,8.7;31.05,8.75;31.05,8.75;31.1,8.75;31.1,8.8;31.1,8.8;31.15,8.8;31.15,8.85;31.15,8.85;31.2,8.85;31.2,8.9;31.2,8.9;31.25,8.9;31.25,8.9;31.25,6.3;31.25,6.3;31.2,6.3;31.15,6.3;31.1,6.3;31.05,6.3;31.0,6.3;30.95,6.3;30.9,6.3;30.85,6.3;30.8,6.3;30.75,6.3;30.7,6.3;30.65,6.3;30.6,6.3;30.55,6.3;30.5,6.3;30.45,6.3;30.4,6.3;30.35,6.3;30.3,6.3;30.25,6.3;30.2,6.3;30.15,6.3;30.1,6.3;30.05,6.3;30.0,6.3;29.95,6.3;29.9,6.3;29.85,6.3;29.8,6.3;29.75,6.3;29.7,6.3;29.65,6.3;29.6,6.3;29.55,6.3;29.5,6.3;29.45,6.3;29.4,6.3;29.35,6.3;29.3,6.3;29.25,6.3;29.2,6.3;29.15,6.3;29.1,6.3;29.05,6.3;29.0,6.3;28.95,6.3;28.9,6.3;28.85,6.3;28.8,6.3;28.75,6.3;28.75,6.3;28.75,6.45;28.75,6.45",WALL_EDGE_PENDING
L2,L2_P_RB_c3_r1,L2_P_RB_c3_r1_T157,BEAM,L2_BD_V60_08,L2_BD_V60_08,2138.0,6.125,6.22935,38.154769,"26.35,8.95;26.35,9.0;26.35,9.0;26.4,9.0;26.4,9.05;26.4,9.05;26.45,9.05;26.45,9.1;26.45,9.1;26.5,9.1;26.5,9.15;26.5,9.15;26.55,9.15;26.55,9.2;26.55,9.2;26.6,9.2;26.6,9.25;26.6,9.25;26.65,9.25;26.65,9.3;26.65,9.3;26.7,9.3;26.7,9.35;26.7,9.35;26.75,9.35;26.75,9.4;26.75,9.4;26.8,9.4;26.8,9.45;26.8,9.45;26.85,9.45;26.85,9.5;26.85,9.5;26.9,9.5;26.9,9.55;26.9,9.55;26.95,9.55;26.95,9.6;26.95,9.6;27.0,9.6;27.0,9.65;27.0,9.65;27.05,9.65;27.05,9.7;27.05,9.7;27.1,9.7;27.1,9.75;27.1,9.75;27.15,9.75;27.15,9.8;27.15,9.8;27.2,9.8;27.2,9.85;27.2,9.85;27.25,9.85;27.25,9.9;27.25,9.9;27.3,9.9;27.3,9.95;27.3,9.95;27.35,9.95;27.35,10.0;27.35,10.0;27.4,10.0;27.4,10.05;27.4,10.05;27.45,10.05;27.45,10.1;27.45,10.1;27.5,10.1;27.5,10.15;27.5,10.15;27.55,10.15;27.55,10.2;27.55,10.2;27.6,10.2;27.6,10.25;27.6,10.25;27.65,10.25;27.65,10.3;27.65,10.3;27.7,10.3;27.7,10.35;27.7,10.35;27.75,10.35;27.75,10.4;27.75,10.4;27.8,10.4;27.8,10.45;27.8,10.45;27.85,10.45;27.85,10.5;27.85,10.5;27.9,10.5;27.9,10.55;27.9,10.55;27.95,10.55;27.95,10.6;27.95,10.6;28.0,10.6;28.0,10.65;28.0,10.65;28.05,10.65;28.05,10.7;28.05,10.7;28.1,10.7;28.1,10.75;28.1,10.75;28.15,10.75;28.15,10.8;28.15,10.8;28.2,10.8;28.2,10.85;28.2,10.85;28.25,10.85;28.25,10.9;28.25,10.9;28.3,10.9;28.3,10.95;28.3,10.95;28.35,10.95;28.35,11.0;28.35,11.0;28.4,11.0;28.4,11.05;28.4,11.05;28.45,11.05;28.45,11.1;28.45,11.1;28.5,11.1;28.5,11.15;28.5,11.15;28.55,11.15;28.55,11.2;28.55,11.2;28.6,11.2;28.6,11.25;28.6,11.25;28.65,11.25;28.65,11.3;28.65,11.3;28.7,11.3;28.7,11.35;28.7,11.35;28.75,11.35;28.8,11.35;28.8,11.35;28.8,11.3;28.85,11.3;28.85,11.3;28.85,11.25;28.9,11.25;28.9,11.25;28.9,11.2;28.95,11.2;28.95,11.2;28.95,11.15;29.0,11.15;29.0,11.15;29.0,11.1;29.05,11.1;29.05,11.1;29.05,11.05;29.1,11.05;29.1,11.05;29.1,11.0;29.15,11.0;29.15,11.0;29.15,10.95;29.2,10.95;29.2,10.95;29.2,10.9;29.25,10.9;29.25,10.9;29.25,10.85;29.3,10.85;29.3,10.85;29.3,10.8;29.35,10.8;29.35,10.8;29.35,10.75;29.4,10.75;29.4,10.75;29.4,10.7;29.45,10.7;29.45,10.7;29.45,10.65;29.5,10.65;29.5,10.65;29.5,10.6;29.55,10.6;29.55,10.6;29.55,10.55;29.6,10.55;29.6,10.55;29.6,10.5;29.65,10.5;29.65,10.5;29.65,10.45;29.7,10.45;29.7,10.45;29.7,10.4;29.75,10.4;29.75,10.4;29.75,10.35;29.8,10.35;29.8,10.35;29.8,10.3;29.85,10.3;29.85,10.3;29.85,10.25;29.9,10.25;29.9,10.25;29.9,10.2;29.95,10.2;29.95,10.2;29.95,10.15;30.0,10.15;30.0,10.15;30.0,10.1;30.05,10.1;30.05,10.1;30.05,10.05;30.1,10.05;30.1,10.05;30.1,10.0;30.15,10.0;30.15,10.0;30.15,9.95;30.2,9.95;30.2,9.95;30.2,9.9;30.25,9.9;30.25,9.9;30.25,9.85;30.3,9.85;30.3,9.85;30.3,9.8;30.35,9.8;30.35,9.8;30.35,9.75;30.4,9.75;30.4,9.75;30.4,9.7;30.45,9.7;30.45,9.7;30.45,9.65;30.5,9.65;30.5,9.65;30.5,9.6;30.55,9.6;30.55,9.6;30.55,9.55;30.6,9.55;30.6,9.55;30.6,9.5;30.65,9.5;30.65,9.5;30.65,9.45;30.7,9.45;30.7,9.45;30.7,9.4;30.75,9.4;30.75,9.4;30.75,9.35;30.8,9.35;30.8,9.35;30.8,9.3;30.85,9.3;30.85,9.3;30.85,9.25;30.9,9.25;30.9,9.25;30.9,9.2;30.95,9.2;30.95,9.2;30.95,9.15;31.0,9.15;31.0,9.15;31.0,9.1;31.05,9.1;31.05,9.1;31.05,9.05;31.1,9.05;31.1,9.05;31.1,9.0;31.15,9.0;31.15,9.0;31.15,8.95;31.2,8.95;31.2,8.95;31.2,8.9;31.2,8.9;31.15,8.9;31.1,8.9;31.05,8.9;31.0,8.9;30.95,8.9;30.9,8.9;30.85,8.9;30.8,8.9;30.75,8.9;30.7,8.9;30.65,8.9;30.6,8.9;30.55,8.9;30.5,8.9;30.45,8.9;30.4,8.9;30.35,8.9;30.3,8.9;30.25,8.9;30.2,8.9;30.15,8.9;30.1,8.9;30.05,8.9;30.0,8.9;29.95,8.9;29.9,8.9;29.85,8.9;29.8,8.9;29.75,8.9;29.7,8.9;29.65,8.9;29.6,8.9;29.55,8.9;29.5,8.9;29.45,8.9;29.4,8.9;29.35,8.9;29.3,8.9;29.25,8.9;29.2,8.9;29.15,8.9;29.1,8.9;29.05,8.9;29.0,8.9;28.95,8.9;28.9,8.9;28.85,8.9;28.8,8.9;28.75,8.9;28.7,8.9;28.65,8.9;28.6,8.9;28.55,8.9;28.5,8.9;28.45,8.9;28.4,8.9;28.35,8.9;28.3,8.9;28.25,8.9;28.2,8.9;28.15,8.9;28.1,8.9;28.05,8.9;28.0,8.9;27.95,8.9;27.9,8.9;27.85,8.9;27.8,8.9;27.75,8.9;27.7,8.9;27.65,8.9;27.6,8.9;27.55,8.9;27.5,8.9;27.45,8.9;27.4,8.9;27.35,8.9;27.3,8.9;27.25,8.9;27.2,8.9;27.15,8.9;27.1,8.9;27.05,8.9;27.0,8.9;26.95,8.9;26.9,8.9;26.85,8.9;26.8,8.9;26.75,8.9;26.7,8.9;26.65,8.9;26.6,8.9;26.55,8.9;26.5,8.9;26.45,8.9;26.4,8.9;26.35,8.9;26.3,8.9;26.3,8.9;26.3,8.95;26.3,8.95",TRANSFERIDO
L2,L2_P_RB_c3_r1,L2_P_RB_c3_r1_T158,BEAM,L2_BD_V60_12,L2_BD_V60_12,2142.0,6.375,6.22935,39.712106,"26.3,16.1;26.25,16.1;26.25,16.1;26.25,16.15;26.25,16.15;26.3,16.15;26.35,16.15;26.4,16.15;26.45,16.15;26.5,16.15;26.55,16.15;26.6,16.15;26.65,16.15;26.7,16.15;26.75,16.15;26.8,16.15;26.85,16.15;26.9,16.15;26.95,16.15;27.0,16.15;27.05,16.15;27.1,16.15;27.15,16.15;27.2,16.15;27.25,16.15;27.3,16.15;27.35,16.15;27.4,16.15;27.45,16.15;27.5,16.15;27.55,16.15;27.6,16.15;27.65,16.15;27.7,16.15;27.75,16.15;27.8,16.15;27.85,16.15;27.9,16.15;27.95,16.15;28.0,16.15;28.05,16.15;28.1,16.15;28.15,16.15;28.2,16.15;28.25,16.15;28.3,16.15;28.35,16.15;28.4,16.15;28.45,16.15;28.5,16.15;28.55,16.15;28.6,16.15;28.65,16.15;28.7,16.15;28.75,16.15;28.8,16.15;28.85,16.15;28.9,16.15;28.95,16.15;29.0,16.15;29.05,16.15;29.1,16.15;29.15,16.15;29.2,16.15;29.25,16.15;29.3,16.15;29.35,16.15;29.4,16.15;29.45,16.15;29.5,16.15;29.55,16.15;29.6,16.15;29.65,16.15;29.7,16.15;29.75,16.15;29.8,16.15;29.85,16.15;29.9,16.15;29.95,16.15;30.0,16.15;30.05,16.15;30.1,16.15;30.15,16.15;30.2,16.15;30.25,16.15;30.3,16.15;30.35,16.15;30.4,16.15;30.45,16.15;30.5,16.15;30.55,16.15;30.6,16.15;30.65,16.15;30.7,16.15;30.75,16.15;30.8,16.15;30.85,16.15;30.9,16.15;30.95,16.15;31.0,16.15;31.05,16.15;31.1,16.15;31.15,16.15;31.2,16.15;31.25,16.15;31.25,16.15;31.25,16.1;31.25,16.1;31.2,16.1;31.2,16.05;31.2,16.05;31.15,16.05;31.15,16.0;31.15,16.0;31.1,16.0;31.1,15.95;31.1,15.95;31.05,15.95;31.05,15.9;31.05,15.9;31.0,15.9;31.0,15.85;31.0,15.85;30.95,15.85;30.95,15.8;30.95,15.8;30.9,15.8;30.9,15.75;30.9,15.75;30.85,15.75;30.85,15.7;30.85,15.7;30.8,15.7;30.8,15.65;30.8,15.65;30.75,15.65;30.75,15.6;30.75,15.6;30.7,15.6;30.7,15.55;30.7,15.55;30.65,15.55;30.65,15.5;30.65,15.5;30.6,15.5;30.6,15.45;30.6,15.45;30.55,15.45;30.55,15.4;30.55,15.4;30.5,15.4;30.5,15.35;30.5,15.35;30.45,15.35;30.45,15.3;30.45,15.3;30.4,15.3;30.4,15.25;30.4,15.25;30.35,15.25;30.35,15.2;30.35,15.2;30.3,15.2;30.3,15.15;30.3,15.15;30.25,15.15;30.25,15.1;30.25,15.1;30.2,15.1;30.2,15.05;30.2,15.05;30.15,15.05;30.15,15.0;30.15,15.0;30.1,15.0;30.1,14.95;30.1,14.95;30.05,14.95;30.05,14.9;30.05,14.9;30.0,14.9;30.0,14.85;30.0,14.85;29.95,14.85;29.95,14.8;29.95,14.8;29.9,14.8;29.9,14.75;29.9,14.75;29.85,14.75;29.85,14.7;29.85,14.7;29.8,14.7;29.8,14.65;29.8,14.65;29.75,14.65;29.75,14.6;29.75,14.6;29.7,14.6;29.7,14.55;29.7,14.55;29.65,14.55;29.65,14.5;29.65,14.5;29.6,14.5;29.6,14.45;29.6,14.45;29.55,14.45;29.55,14.4;29.55,14.4;29.5,14.4;29.5,14.35;29.5,14.35;29.45,14.35;29.45,14.3;29.45,14.3;29.4,14.3;29.4,14.25;29.4,14.25;29.35,14.25;29.35,14.2;29.35,14.2;29.3,14.2;29.3,14.15;29.3,14.15;29.25,14.15;29.25,14.1;29.25,14.1;29.2,14.1;29.2,14.05;29.2,14.05;29.15,14.05;29.15,14.0;29.15,14.0;29.1,14.0;29.1,13.95;29.1,13.95;29.05,13.95;29.05,13.9;29.05,13.9;29.0,13.9;29.0,13.85;29.0,13.85;28.95,13.85;28.95,13.8;28.95,13.8;28.9,13.8;28.9,13.75;28.9,13.75;28.85,13.75;28.85,13.7;28.85,13.7;28.8,13.7;28.8,13.65;28.8,13.65;28.75,13.65;28.7,13.65;28.7,13.65;28.7,13.7;28.65,13.7;28.65,13.7;28.65,13.75;28.6,13.75;28.6,13.75;28.6,13.8;28.55,13.8;28.55,13.8;28.55,13.85;28.5,13.85;28.5,13.85;28.5,13.9;28.45,13.9;28.45,13.9;28.45,13.95;28.4,13.95;28.4,13.95;28.4,14.0;28.35,14.0;28.35,14.0;28.35,14.05;28.3,14.05;28.3,14.05;28.3,14.1;28.25,14.1;28.25,14.1;28.25,14.15;28.2,14.15;28.2,14.15;28.2,14.2;28.15,14.2;28.15,14.2;28.15,14.25;28.1,14.25;28.1,14.25;28.1,14.3;28.05,14.3;28.05,14.3;28.05,14.35;28.0,14.35;28.0,14.35;28.0,14.4;27.95,14.4;27.95,14.4;27.95,14.45;27.9,14.45;27.9,14.45;27.9,14.5;27.85,14.5;27.85,14.5;27.85,14.55;27.8,14.55;27.8,14.55;27.8,14.6;27.75,14.6;27.75,14.6;27.75,14.65;27.7,14.65;27.7,14.65;27.7,14.7;27.65,14.7;27.65,14.7;27.65,14.75;27.6,14.75;27.6,14.75;27.6,14.8;27.55,14.8;27.55,14.8;27.55,14.85;27.5,14.85;27.5,14.85;27.5,14.9;27.45,14.9;27.45,14.9;27.45,14.95;27.4,14.95;27.4,14.95;27.4,15.0;27.35,15.0;27.35,15.0;27.35,15.05;27.3,15.05;27.3,15.05;27.3,15.1;27.25,15.1;27.25,15.1;27.25,15.15;27.2,15.15;27.2,15.15;27.2,15.2;27.15,15.2;27.15,15.2;27.15,15.25;27.1,15.25;27.1,15.25;27.1,15.3;27.05,15.3;27.05,15.3;27.05,15.35;27.0,15.35;27.0,15.35;27.0,15.4;26.95,15.4;26.95,15.4;26.95,15.45;26.9,15.45;26.9,15.45;26.9,15.5;26.85,15.5;26.85,15.5;26.85,15.55;26.8,15.55;26.8,15.55;26.8,15.6;26.75,15.6;26.75,15.6;26.75,15.65;26.7,15.65;26.7,15.65;26.7,15.7;26.65,15.7;26.65,15.7;26.65,15.75;26.6,15.75;26.6,15.75;26.6,15.8;26.55,15.8;26.55,15.8;26.55,15.85;26.5,15.85;26.5,15.85;26.5,15.9;26.45,15.9;26.45,15.9;26.45,15.95;26.4,15.95;26.4,15.95;26.4,16.0;26.35,16.0;26.35,16.0;26.35,16.05;26.3,16.05;26.3,16.05",TRANSFERIDO
L2,L2_P_RB_c3_r1,L2_P_RB_c3_r1_T159,BEAM,L2_BD_V60_18,L2_BD_V60_18,2148.0,11.875,6.22935,73.973531,"26.25,16.0;26.25,16.05;26.25,16.1;26.25,16.1;26.3,16.1;26.3,16.1;26.3,16.05;26.35,16.05;26.35,16.05;26.35,16.0;26.4,16.0;26.4,16.0;26.4,15.95;26.45,15.95;26.45,15.95;26.45,15.9;26.5,15.9;26.5,15.9;26.5,15.85;26.55,15.85;26.55,15.85;26.55,15.8;26.6,15.8;26.6,15.8;26.6,15.75;26.65,15.75;26.65,15.75;26.65,15.7;26.7,15.7;26.7,15.7;26.7,15.65;26.75,15.65;26.75,15.65;26.75,15.6;26.8,15.6;26.8,15.6;26.8,15.55;26.85,15.55;26.85,15.55;26.85,15.5;26.9,15.5;26.9,15.5;26.9,15.45;26.95,15.45;26.95,15.45;26.95,15.4;27.0,15.4;27.0,15.4;27.0,15.35;27.05,15.35;27.05,15.35;27.05,15.3;27.1,15.3;27.1,15.3;27.1,15.25;27.15,15.25;27.15,15.25;27.15,15.2;27.2,15.2;27.2,15.2;27.2,15.15;27.25,15.15;27.25,15.15;27.25,15.1;27.3,15.1;27.3,15.1;27.3,15.05;27.35,15.05;27.35,15.05;27.35,15.0;27.4,15.0;27.4,15.0;27.4,14.95;27.45,14.95;27.45,14.95;27.45,14.9;27.5,14.9;27.5,14.9;27.5,14.85;27.55,14.85;27.55,14.85;27.55,14.8;27.6,14.8;27.6,14.8;27.6,14.75;27.65,14.75;27.65,14.75;27.65,14.7;27.7,14.7;27.7,14.7;27.7,14.65;27.75,14.65;27.75,14.65;27.75,14.6;27.8,14.6;27.8,14.6;27.8,14.55;27.85,14.55;27.85,14.55;27.85,14.5;27.9,14.5;27.9,14.5;27.9,14.45;27.95,14.45;27.95,14.45;27.95,14.4;28.0,14.4;28.0,14.4;28.0,14.35;28.05,14.35;28.05,14.35;28.05,14.3;28.1,14.3;28.1,14.3;28.1,14.25;28.15,14.25;28.15,14.25;28.15,14.2;28.2,14.2;28.2,14.2;28.2,14.15;28.25,14.15;28.25,14.15;28.25,14.1;28.3,14.1;28.3,14.1;28.3,14.05;28.35,14.05;28.35,14.05;28.35,14.0;28.4,14.0;28.4,14.0;28.4,13.95;28.45,13.95;28.45,13.95;28.45,13.9;28.5,13.9;28.5,13.9;28.5,13.85;28.55,13.85;28.55,13.85;28.55,13.8;28.6,13.8;28.6,13.8;28.6,13.75;28.65,13.75;28.65,13.75;28.65,13.7;28.7,13.7;28.7,13.7;28.7,13.65;28.75,13.65;28.75,13.65;28.75,11.35;28.75,11.35;28.7,11.35;28.7,11.3;28.7,11.3;28.65,11.3;28.65,11.25;28.65,11.25;28.6,11.25;28.6,11.2;28.6,11.2;28.55,11.2;28.55,11.15;28.55,11.15;28.5,11.15;28.5,11.1;28.5,11.1;28.45,11.1;28.45,11.05;28.45,11.05;28.4,11.05;28.4,11.0;28.4,11.0;28.35,11.0;28.35,10.95;28.35,10.95;28.3,10.95;28.3,10.9;28.3,10.9;28.25,10.9;28.25,10.85;28.25,10.85;28.2,10.85;28.2,10.8;28.2,10.8;28.15,10.8;28.15,10.75;28.15,10.75;28.1,10.75;28.1,10.7;28.1,10.7;28.05,10.7;28.05,10.65;28.05,10.65;28.0,10.65;28.0,10.6;28.0,10.6;27.95,10.6;27.95,10.55;27.95,10.55;27.9,10.55;27.9,10.5;27.9,10.5;27.85,10.5;27.85,10.45;27.85,10.45;27.8,10.45;27.8,10.4;27.8,10.4;27.75,10.4;27.75,10.35;27.75,10.35;27.7,10.35;27.7,10.3;27.7,10.3;27.65,10.3;27.65,10.25;27.65,10.25;27.6,10.25;27.6,10.2;27.6,10.2;27.55,10.2;27.55,10.15;27.55,10.15;27.5,10.15;27.5,10.1;27.5,10.1;27.45,10.1;27.45,10.05;27.45,10.05;27.4,10.05;27.4,10.0;27.4,10.0;27.35,10.0;27.35,9.95;27.35,9.95;27.3,9.95;27.3,9.9;27.3,9.9;27.25,9.9;27.25,9.85;27.25,9.85;27.2,9.85;27.2,9.8;27.2,9.8;27.15,9.8;27.15,9.75;27.15,9.75;27.1,9.75;27.1,9.7;27.1,9.7;27.05,9.7;27.05,9.65;27.05,9.65;27.0,9.65;27.0,9.6;27.0,9.6;26.95,9.6;26.95,9.55;26.95,9.55;26.9,9.55;26.9,9.5;26.9,9.5;26.85,9.5;26.85,9.45;26.85,9.45;26.8,9.45;26.8,9.4;26.8,9.4;26.75,9.4;26.75,9.35;26.75,9.35;26.7,9.35;26.7,9.3;26.7,9.3;26.65,9.3;26.65,9.25;26.65,9.25;26.6,9.25;26.6,9.2;26.6,9.2;26.55,9.2;26.55,9.15;26.55,9.15;26.5,9.15;26.5,9.1;26.5,9.1;26.45,9.1;26.45,9.05;26.45,9.05;26.4,9.05;26.4,9.0;26.4,9.0;26.35,9.0;26.35,8.95;26.35,8.95;26.3,8.95;26.3,8.9;26.3,8.9;26.25,8.9;26.25,8.9",TRANSFERIDO
L2,L2_P_RB_c3_r1,L2_P_RB_c3_r1_T160,WALL,M005..M008,,,11.875,6.22935,73.973531,"28.75,13.65;28.75,13.65;28.8,13.65;28.8,13.7;28.8,13.7;28.85,13.7;28.85,13.75;28.85,13.75;28.9,13.75;28.9,13.8;28.9,13.8;28.95,13.8;28.95,13.85;28.95,13.85;29.0,13.85;29.0,13.9;29.0,13.9;29.05,13.9;29.05,13.95;29.05,13.95;29.1,13.95;29.1,14.0;29.1,14.0;29.15,14.0;29.15,14.05;29.15,14.05;29.2,14.05;29.2,14.1;29.2,14.1;29.25,14.1;29.25,14.15;29.25,14.15;29.3,14.15;29.3,14.2;29.3,14.2;29.35,14.2;29.35,14.25;29.35,14.25;29.4,14.25;29.4,14.3;29.4,14.3;29.45,14.3;29.45,14.35;29.45,14.35;29.5,14.35;29.5,14.4;29.5,14.4;29.55,14.4;29.55,14.45;29.55,14.45;29.6,14.45;29.6,14.5;29.6,14.5;29.65,14.5;29.65,14.55;29.65,14.55;29.7,14.55;29.7,14.6;29.7,14.6;29.75,14.6;29.75,14.65;29.75,14.65;29.8,14.65;29.8,14.7;29.8,14.7;29.85,14.7;29.85,14.75;29.85,14.75;29.9,14.75;29.9,14.8;29.9,14.8;29.95,14.8;29.95,14.85;29.95,14.85;30.0,14.85;30.0,14.9;30.0,14.9;30.05,14.9;30.05,14.95;30.05,14.95;30.1,14.95;30.1,15.0;30.1,15.0;30.15,15.0;30.15,15.05;30.15,15.05;30.2,15.05;30.2,15.1;30.2,15.1;30.25,15.1;30.25,15.15;30.25,15.15;30.3,15.15;30.3,15.2;30.3,15.2;30.35,15.2;30.35,15.25;30.35,15.25;30.4,15.25;30.4,15.3;30.4,15.3;30.45,15.3;30.45,15.35;30.45,15.35;30.5,15.35;30.5,15.4;30.5,15.4;30.55,15.4;30.55,15.45;30.55,15.45;30.6,15.45;30.6,15.5;30.6,15.5;30.65,15.5;30.65,15.55;30.65,15.55;30.7,15.55;30.7,15.6;30.7,15.6;30.75,15.6;30.75,15.65;30.75,15.65;30.8,15.65;30.8,15.7;30.8,15.7;30.85,15.7;30.85,15.75;30.85,15.75;30.9,15.75;30.9,15.8;30.9,15.8;30.95,15.8;30.95,15.85;30.95,15.85;31.0,15.85;31.0,15.9;31.0,15.9;31.05,15.9;31.05,15.95;31.05,15.95;31.1,15.95;31.1,16.0;31.1,16.0;31.15,16.0;31.15,16.05;31.15,16.05;31.2,16.05;31.2,16.1;31.2,16.1;31.25,16.1;31.25,16.1;31.25,16.05;31.25,16.0;31.25,8.9;31.25,8.9;31.2,8.9;31.2,8.9;31.2,8.95;31.15,8.95;31.15,8.95;31.15,9.0;31.1,9.0;31.1,9.0;31.1,9.05;31.05,9.05;31.05,9.05;31.05,9.1;31.0,9.1;31.0,9.1;31.0,9.15;30.95,9.15;30.95,9.15;30.95,9.2;30.9,9.2;30.9,9.2;30.9,9.25;30.85,9.25;30.85,9.25;30.85,9.3;30.8,9.3;30.8,9.3;30.8,9.35;30.75,9.35;30.75,9.35;30.75,9.4;30.7,9.4;30.7,9.4;30.7,9.45;30.65,9.45;30.65,9.45;30.65,9.5;30.6,9.5;30.6,9.5;30.6,9.55;30.55,9.55;30.55,9.55;30.55,9.6;30.5,9.6;30.5,9.6;30.5,9.65;30.45,9.65;30.45,9.65;30.45,9.7;30.4,9.7;30.4,9.7;30.4,9.75;30.35,9.75;30.35,9.75;30.35,9.8;30.3,9.8;30.3,9.8;30.3,9.85;30.25,9.85;30.25,9.85;30.25,9.9;30.2,9.9;30.2,9.9;30.2,9.95;30.15,9.95;30.15,9.95;30.15,10.0;30.1,10.0;30.1,10.0;30.1,10.05;30.05,10.05;30.05,10.05;30.05,10.1;30.0,10.1;30.0,10.1;30.0,10.15;29.95,10.15;29.95,10.15;29.95,10.2;29.9,10.2;29.9,10.2;29.9,10.25;29.85,10.25;29.85,10.25;29.85,10.3;29.8,10.3;29.8,10.3;29.8,10.35;29.75,10.35;29.75,10.35;29.75,10.4;29.7,10.4;29.7,10.4;29.7,10.45;29.65,10.45;29.65,10.45;29.65,10.5;29.6,10.5;29.6,10.5;29.6,10.55;29.55,10.55;29.55,10.55;29.55,10.6;29.5,10.6;29.5,10.6;29.5,10.65;29.45,10.65;29.45,10.65;29.45,10.7;29.4,10.7;29.4,10.7;29.4,10.75;29.35,10.75;29.35,10.75;29.35,10.8;29.3,10.8;29.3,10.8;29.3,10.85;29.25,10.85;29.25,10.85;29.25,10.9;29.2,10.9;29.2,10.9;29.2,10.95;29.15,10.95;29.15,10.95;29.15,11.0;29.1,11.0;29.1,11.0;29.1,11.05;29.05,11.05;29.05,11.05;29.05,11.1;29.0,11.1;29.0,11.1;29.0,11.15;28.95,11.15;28.95,11.15;28.95,11.2;28.9,11.2;28.9,11.2;28.9,11.25;28.85,11.25;28.85,11.25;28.85,11.3;28.8,11.3;28.8,11.3;28.8,11.35;28.75,11.35;28.75,11.35",WALL_EDGE_PENDING
L3,L3_P_LB_c0_r0,L3_P_LB_c0_r0_T161,BEAM,L3_V001,L3_V001,2041.0,1.793809,6.22935,11.174263,"1.85,0.05;1.85,0.1;1.85,0.2;1.85,1.05;1.85,1.1;1.85,1.2;1.85,1.25;1.85,1.3;1.85,1.35;1.85,1.4;1.85,1.45;1.85,1.45;1.9,1.45;1.9,1.5;1.9,1.5;1.95,1.5;1.95,1.55;1.95,1.55;2.0,1.55;2.0,1.6;2.0,1.6;2.05,1.6;2.05,1.65;2.05,1.65;2.1,1.65;2.1,1.65;2.1,1.6;2.2,1.6;2.2,1.6;2.2,1.55;2.25,1.55;2.25,1.55;2.25,1.5;2.3,1.5;2.3,1.5;2.3,1.45;2.35,1.45;2.35,1.45;2.35,1.4;2.4,1.4;2.4,1.4;2.4,1.35;2.45,1.35;2.45,1.35;2.45,1.3;2.5,1.3;2.5,1.3;2.5,1.25;2.55,1.25;2.55,1.25;2.55,1.2;2.6,1.2;2.6,1.2;2.6,1.15;2.65,1.15;2.65,1.15;2.65,1.1;2.7,1.1;2.7,1.1;2.7,1.05;2.75,1.05;2.75,1.05;2.75,1.0;2.8,1.0;2.8,1.0;2.8,0.95;2.85,0.95;2.85,0.95;2.85,0.9;2.9,0.9;2.9,0.9;2.9,0.85;2.95,0.85;2.95,0.85;2.95,0.8;3.0,0.8;3.0,0.8;3.0,0.75;3.05,0.75;3.05,0.75;3.05,0.7;3.1,0.7;3.1,0.7;3.1,0.65;3.15,0.65;3.15,0.65;3.15,0.6;3.2,0.6;3.2,0.6;3.2,0.55;3.25,0.55;3.25,0.55;3.25,0.5;3.3,0.5;3.3,0.5;3.3,0.45;3.35,0.45;3.35,0.45;3.35,0.4;3.4,0.4;3.4,0.4;3.4,0.35;3.45,0.35;3.45,0.35;3.45,0.3;3.5,0.3;3.5,0.3;3.5,0.25;3.55,0.25;3.55,0.25;3.55,0.2;3.6,0.2;3.6,0.2;3.6,0.15;3.65,0.15;3.65,0.15;3.65,0.1;3.7,0.1;3.7,0.1;3.7,0.05;3.75,0.05;3.75,0.05;3.75,0.0;3.75,-0.0;3.7,-0.0;3.45,-0.0;3.15,-0.0;2.9,-0.0;2.65,-0.0;2.4,-0.0;2.35,-0.0;2.1,-0.0;2.05,-0.0;1.95,-0.0;1.85,-0.0;1.85,0.0",TRANSFERIDO
L3,L3_P_LB_c0_r0,L3_P_LB_c0_r0_T162,WALL,M002,,,1.0236,6.22935,6.376363,"0.45,0.05;0.45,0.1;0.45,0.1;0.55,0.1;0.55,0.15;0.6,0.15;0.6,0.2;0.65,0.2;0.65,0.25;0.65,0.25;0.7,0.25;0.7,0.3;0.7,0.3;0.75,0.3;0.75,0.35;0.75,0.35;0.8,0.35;0.8,0.4;0.8,0.4;0.85,0.4;0.85,0.45;0.85,0.45;0.9,0.45;0.9,0.5;0.95,0.5;0.95,0.55;1.0,0.55;1.0,0.6;1.05,0.6;1.05,0.65;1.05,0.65;1.1,0.65;1.1,0.7;1.1,0.7;1.15,0.7;1.15,0.75;1.15,0.75;1.2,0.75;1.2,0.8;1.2,0.8;1.25,0.8;1.25,0.85;1.25,0.85;1.3,0.85;1.3,0.9;1.3,0.9;1.35,0.9;1.35,0.95;1.35,0.95;1.4,0.95;1.4,1.0;1.4,1.0;1.45,1.0;1.45,1.05;1.45,1.05;1.5,1.05;1.5,1.1;1.5,1.1;1.55,1.1;1.55,1.15;1.55,1.15;1.6,1.15;1.6,1.2;1.6,1.2;1.65,1.2;1.65,1.25;1.65,1.25;1.7,1.25;1.7,1.3;1.7,1.3;1.75,1.3;1.75,1.35;1.75,1.35;1.8,1.35;1.8,1.4;1.8,1.4;1.85,1.4;1.85,1.4;1.85,1.35;1.85,1.3;1.85,1.25;1.85,1.2;1.85,1.1;1.85,1.05;1.85,0.2;1.85,0.1;1.85,0.05;1.85,0.0;1.85,-0.0;1.8,-0.0;1.7,-0.0;1.65,-0.0;1.6,-0.0;1.55,-0.0;1.45,-0.0;1.4,-0.0;1.35,-0.0;1.25,-0.0;1.2,-0.0;1.1,-0.0;1.05,-0.0;0.4,-0.0;0.4,0.0;0.4,0.05;0.4,0.05",WALL_EDGE_PENDING
L3,L3_P_LB_c0_r0,L3_P_LB_c0_r0_T163,BEAM,L3_V30_01,L3_V30_01,2089.0,1.640771,6.22935,10.220934,"1.9,2.8;1.9,2.95;1.9,3.05;1.9,3.15;1.9,3.3;1.9,3.4;1.9,3.5;1.9,3.65;1.9,3.75;1.9,3.9;1.9,4.25;1.9,4.25;1.95,4.25;2.05,4.25;2.1,4.25;2.35,4.25;2.4,4.25;2.65,4.25;2.9,4.25;3.15,4.25;3.45,4.25;3.7,4.25;3.7,4.25;3.7,4.2;3.7,4.2;3.65,4.2;3.65,4.15;3.65,4.15;3.6,4.15;3.6,4.1;3.6,4.1;3.55,4.1;3.55,4.05;3.55,4.05;3.5,4.05;3.5,4.0;3.5,4.0;3.45,4.0;3.45,3.95;3.45,3.95;3.4,3.95;3.4,3.9;3.4,3.9;3.35,3.9;3.35,3.85;3.35,3.85;3.3,3.85;3.3,3.8;3.3,3.8;3.25,3.8;3.25,3.75;3.25,3.75;3.2,3.75;3.2,3.7;3.2,3.7;3.15,3.7;3.15,3.65;3.15,3.65;3.1,3.65;3.1,3.6;3.1,3.6;3.05,3.6;3.05,3.55;3.05,3.55;3.0,3.55;3.0,3.5;3.0,3.5;2.95,3.5;2.95,3.45;2.95,3.45;2.9,3.45;2.9,3.4;2.9,3.4;2.85,3.4;2.85,3.35;2.85,3.35;2.8,3.35;2.8,3.3;2.8,3.3;2.75,3.3;2.75,3.25;2.75,3.25;2.7,3.25;2.7,3.2;2.7,3.2;2.65,3.2;2.65,3.15;2.65,3.15;2.6,3.15;2.6,3.1;2.6,3.1;2.55,3.1;2.55,3.05;2.55,3.05;2.5,3.05;2.5,3.0;2.5,3.0;2.45,3.0;2.45,2.95;2.45,2.95;2.4,2.95;2.4,2.9;2.4,2.9;2.35,2.9;2.35,2.85;2.35,2.85;2.3,2.85;2.3,2.8;2.3,2.8;2.25,2.8;2.25,2.75;2.25,2.75;2.2,2.75;2.2,2.7;2.2,2.7;2.15,2.7;2.15,2.65;2.15,2.65;2.1,2.65;2.1,2.6;2.1,2.6;2.05,2.6;2.05,2.6;2.05,2.65;2.0,2.65;2.0,2.65;2.0,2.7;1.95,2.7;1.95,2.7;1.95,2.75;1.9,2.75;1.9,2.75",TRANSFERIDO
L3,L3_P_LB_c0_r0,L3_P_LB_c0_r0_T164,BEAM,L3_V40_01,L3_V40_01,2105.0,3.863588,6.22935,24.067643,"0.4,1.85;0.4,1.9;0.4,1.95;0.4,2.1;0.4,2.2;0.4,2.35;0.4,2.45;0.4,2.55;0.4,2.7;0.4,2.8;0.4,2.95;0.4,3.05;0.4,3.15;0.4,3.3;0.4,3.4;0.4,3.5;0.4,3.65;0.4,3.75;0.4,3.9;0.4,4.25;0.4,4.25;1.05,4.25;1.1,4.25;1.2,4.25;1.25,4.25;1.35,4.25;1.4,4.25;1.45,4.25;1.55,4.25;1.6,4.25;1.65,4.25;1.7,4.25;1.8,4.25;1.85,4.25;1.9,4.25;1.9,4.25;1.9,3.9;1.9,3.75;1.9,3.65;1.9,3.5;1.9,3.4;1.9,3.3;1.9,3.15;1.9,3.05;1.9,2.95;1.9,2.8;1.9,2.75;1.95,2.75;1.95,2.75;1.95,2.7;2.0,2.7;2.0,2.7;2.0,2.65;2.05,2.65;2.05,2.65;2.05,2.6;2.1,2.6;2.1,2.6;2.1,2.55;2.1,2.45;2.1,2.35;2.1,2.2;2.1,2.1;2.1,1.95;2.1,1.9;2.1,1.85;2.1,1.8;2.1,1.8;2.05,1.8;1.95,1.8;1.85,1.8;1.8,1.8;1.7,1.8;1.65,1.8;1.6,1.8;1.55,1.8;1.45,1.8;1.4,1.8;1.35,1.8;1.25,1.8;1.2,1.8;1.1,1.8;1.05,1.8;0.4,1.8;0.4,1.8",TRANSFERIDO
L3,L3_P_LB_c0_r0,L3_P_LB_c0_r0_T165,WALL,M001,,,1.658332,6.22935,10.330333,"0.4,0.1;0.4,0.2;0.4,1.05;0.4,1.1;0.4,1.2;0.4,1.25;0.4,1.3;0.4,1.35;0.4,1.4;0.4,1.5;0.4,1.55;0.4,1.6;0.4,1.65;0.4,1.7;0.4,1.75;0.4,1.8;0.4,1.8;1.05,1.8;1.1,1.8;1.2,1.8;1.25,1.8;1.35,1.8;1.4,1.8;1.45,1.8;1.55,1.8;1.6,1.8;1.65,1.8;1.7,1.8;1.8,1.8;1.85,1.8;1.95,1.8;2.05,1.8;2.1,1.8;2.1,1.8;2.1,1.75;2.1,1.7;2.1,1.65;2.1,1.65;2.05,1.65;2.05,1.6;2.05,1.6;2.0,1.6;2.0,1.55;2.0,1.55;1.95,1.55;1.95,1.5;1.95,1.5;1.9,1.5;1.9,1.45;1.9,1.45;1.85,1.45;1.85,1.4;1.85,1.4;1.8,1.4;1.8,1.35;1.8,1.35;1.75,1.35;1.75,1.3;1.75,1.3;1.7,1.3;1.7,1.25;1.7,1.25;1.65,1.25;1.65,1.2;1.65,1.2;1.6,1.2;1.6,1.15;1.6,1.15;1.55,1.15;1.55,1.1;1.55,1.1;1.5,1.1;1.5,1.05;1.5,1.05;1.45,1.05;1.45,1.0;1.45,1.0;1.4,1.0;1.4,0.95;1.4,0.95;1.35,0.95;1.35,0.9;1.35,0.9;1.3,0.9;1.3,0.85;1.3,0.85;1.25,0.85;1.25,0.8;1.25,0.8;1.2,0.8;1.2,0.75;1.2,0.75;1.15,0.75;1.15,0.7;1.15,0.7;1.1,0.7;1.1,0.65;1.1,0.65;1.05,0.65;1.05,0.6;1.05,0.6;1.0,0.6;1.0,0.55;0.95,0.55;0.95,0.5;0.95,0.5;0.9,0.5;0.9,0.45;0.9,0.45;0.85,0.45;0.85,0.4;0.85,0.4;0.8,0.4;0.8,0.35;0.8,0.35;0.75,0.35;0.75,0.3;0.75,0.3;0.7,0.3;0.7,0.25;0.65,0.25;0.65,0.2;0.6,0.2;0.6,0.15;0.55,0.15;0.55,0.1;0.45,0.1;0.45,0.05;0.45,0.05;0.4,0.05;0.4,0.05;0.4,0.1",WALL_EDGE_PENDING
L3,L3_P_LB_c0_r0,L3_P_LB_c0_r0_T166,BEAM,L3_V009,L3_V009,2049.0,4.30765,6.22935,26.83386,"2.1,1.65;2.1,1.7;2.1,1.75;2.1,1.85;2.1,1.9;2.1,1.95;2.1,2.1;2.1,2.2;2.1,2.35;2.1,2.45;2.1,2.55;2.1,2.65;2.1,2.65;2.15,2.65;2.15,2.7;2.15,2.7;2.2,2.7;2.2,2.75;2.2,2.75;2.25,2.75;2.25,2.8;2.25,2.8;2.3,2.8;2.3,2.85;2.3,2.85;2.35,2.85;2.35,2.9;2.35,2.9;2.4,2.9;2.4,2.95;2.4,2.95;2.45,2.95;2.45,3.0;2.45,3.0;2.5,3.0;2.5,3.05;2.5,3.05;2.55,3.05;2.55,3.1;2.55,3.1;2.6,3.1;2.6,3.15;2.6,3.15;2.65,3.15;2.65,3.2;2.65,3.2;2.7,3.2;2.7,3.25;2.7,3.25;2.75,3.25;2.75,3.3;2.75,3.3;2.8,3.3;2.8,3.35;2.8,3.35;2.85,3.35;2.85,3.4;2.85,3.4;2.9,3.4;2.9,3.45;2.9,3.45;2.95,3.45;2.95,3.5;2.95,3.5;3.0,3.5;3.0,3.55;3.0,3.55;3.05,3.55;3.05,3.6;3.05,3.6;3.1,3.6;3.1,3.65;3.1,3.65;3.15,3.65;3.15,3.7;3.15,3.7;3.2,3.7;3.2,3.75;3.2,3.75;3.25,3.75;3.25,3.8;3.25,3.8;3.3,3.8;3.3,3.85;3.3,3.85;3.35,3.85;3.35,3.9;3.35,3.9;3.4,3.9;3.4,3.95;3.4,3.95;3.45,3.95;3.45,4.0;3.45,4.0;3.5,4.0;3.5,4.05;3.5,4.05;3.55,4.05;3.55,4.1;3.55,4.1;3.6,4.1;3.6,4.15;3.6,4.15;3.65,4.15;3.65,4.2;3.65,4.2;3.7,4.2;3.7,4.25;3.7,4.25;3.75,4.25;3.75,4.25;3.75,3.9;3.75,3.75;3.75,3.65;3.75,3.5;3.75,3.4;3.75,3.3;3.75,3.15;3.75,3.05;3.75,2.95;3.75,2.8;3.75,2.7;3.75,2.55;3.75,2.45;3.75,2.35;3.75,2.2;3.75,2.1;3.75,1.95;3.75,1.9;3.75,1.85;3.75,1.75;3.75,1.7;3.75,1.65;3.75,1.6;3.75,1.55;3.75,1.5;3.75,1.4;3.75,1.35;3.75,1.3;3.75,1.25;3.75,1.2;3.75,1.1;3.75,1.05;3.75,0.2;3.75,0.1;3.75,0.05;3.75,0.05;3.7,0.05;3.7,0.05;3.7,0.1;3.65,0.1;3.65,0.1;3.65,0.15;3.6,0.15;3.6,0.15;3.6,0.2;3.55,0.2;3.55,0.2;3.55,0.25;3.5,0.25;3.5,0.25;3.5,0.3;3.45,0.3;3.45,0.3;3.45,0.35;3.4,0.35;3.4,0.35;3.4,0.4;3.35,0.4;3.35,0.4;3.35,0.45;3.3,0.45;3.3,0.45;3.3,0.5;3.25,0.5;3.25,0.5;3.25,0.55;3.2,0.55;3.2,0.55;3.2,0.6;3.15,0.6;3.15,0.6;3.15,0.65;3.1,0.65;3.1,0.65;3.1,0.7;3.05,0.7;3.05,0.7;3.05,0.75;3.0,0.75;3.0,0.75;3.0,0.8;2.95,0.8;2.95,0.8;2.95,0.85;2.9,0.85;2.9,0.85;2.9,0.9;2.85,0.9;2.85,0.9;2.85,0.95;2.8,0.95;2.8,0.95;2.8,1.0;2.75,1.0;2.75,1.0;2.75,1.05;2.7,1.05;2.7,1.05;2.7,1.1;2.65,1.1;2.65,1.1;2.65,1.15;2.6,1.15;2.6,1.15;2.6,1.2;2.55,1.2;2.55,1.2;2.55,1.25;2.5,1.25;2.5,1.25;2.5,1.3;2.45,1.3;2.45,1.3;2.45,1.35;2.4,1.35;2.4,1.35;2.4,1.4;2.35,1.4;2.35,1.4;2.35,1.45;2.3,1.45;2.3,1.45;2.3,1.5;2.25,1.5;2.25,1.5;2.25,1.55;2.2,1.55;2.2,1.55;2.2,1.6;2.1,1.6;2.1,1.6;2.1,1.65",TRANSFERIDO
L3,L3_P_LB_c0_r1,L3_P_LB_c0_r1_T167,BEAM,L3_V30_01,L3_V30_01,2089.0,1.721927,6.22935,10.726489,"1.9,5.815;1.9,5.815;1.95,5.815;1.95,5.865;1.95,5.865;2.0,5.865;2.0,5.915;2.0,5.915;2.05,5.915;2.05,5.965;2.05,5.965;2.1,5.965;2.1,5.965;2.1,5.915;2.15,5.915;2.15,5.915;2.15,5.865;2.2,5.865;2.2,5.865;2.2,5.815;2.25,5.815;2.25,5.815;2.25,5.765;2.3,5.765;2.3,5.765;2.3,5.715;2.35,5.715;2.35,5.715;2.35,5.665;2.4,5.665;2.4,5.665;2.4,5.615;2.45,5.615;2.45,5.615;2.45,5.565;2.5,5.565;2.5,5.565;2.5,5.515;2.55,5.515;2.55,5.515;2.55,5.465;2.6,5.465;2.6,5.465;2.6,5.415;2.65,5.415;2.65,5.415;2.65,5.365;2.7,5.365;2.7,5.365;2.7,5.315;2.75,5.315;2.75,5.315;2.75,5.265;2.8,5.265;2.8,5.265;2.8,5.215;2.85,5.215;2.85,5.215;2.85,5.165;2.9,5.165;2.9,5.165;2.9,5.115;2.95,5.115;2.95,5.115;2.95,5.065;3.0,5.065;3.0,5.065;3.0,5.015;3.05,5.015;3.05,5.015;3.05,4.965;3.1,4.965;3.1,4.965;3.1,4.915;3.15,4.915;3.15,4.915;3.15,4.865;3.2,4.865;3.2,4.865;3.2,4.815;3.25,4.815;3.25,4.815;3.25,4.765;3.3,4.765;3.3,4.765;3.3,4.715;3.35,4.715;3.35,4.715;3.35,4.665;3.4,4.665;3.4,4.665;3.4,4.615;3.45,4.615;3.45,4.615;3.45,4.565;3.5,4.565;3.5,4.565;3.5,4.515;3.55,4.515;3.55,4.515;3.55,4.465;3.6,4.465;3.6,4.465;3.6,4.415;3.65,4.415;3.65,4.415;3.65,4.365;3.7,4.365;3.7,4.365;3.7,4.315;3.75,4.315;3.75,4.315;3.75,4.265;3.75,4.265;3.7,4.265;3.45,4.265;3.15,4.265;2.9,4.265;2.65,4.265;2.4,4.265;2.35,4.265;2.1,4.265;2.05,4.265;1.95,4.265;1.9,4.265;1.9,4.265",TRANSFERIDO
L3,L3_P_LB_c0_r1,L3_P_LB_c0_r1_T168,BEAM,L3_V40_02,L3_V40_02,2106.0,7.555548,6.22935,47.066155,"0.4,8.915;0.4,8.915;1.05,8.915;1.1,8.915;1.2,8.915;1.25,8.915;1.35,8.915;1.4,8.915;1.45,8.915;1.55,8.915;1.6,8.915;1.65,8.915;1.7,8.915;1.8,8.915;1.85,8.915;1.95,8.915;2.05,8.915;2.1,8.915;2.1,8.915;2.1,5.965;2.1,5.965;2.05,5.965;2.05,5.915;2.05,5.915;2.0,5.915;2.0,5.865;2.0,5.865;1.95,5.865;1.95,5.815;1.95,5.815;1.9,5.815;1.9,4.265;1.9,4.265;1.85,4.265;1.8,4.265;1.7,4.265;1.65,4.265;1.6,4.265;1.55,4.265;1.45,4.265;1.4,4.265;1.35,4.265;1.25,4.265;1.2,4.265;1.1,4.265;1.05,4.265;0.4,4.265;0.4,4.265",TRANSFERIDO
L3,L3_P_LB_c0_r1,L3_P_LB_c0_r1_T169,BEAM,L3_V010,L3_V010,2050.0,6.249774,6.22935,38.932031,"2.1,8.915;2.1,8.915;2.35,8.915;2.4,8.915;2.65,8.915;2.9,8.915;3.15,8.915;3.45,8.915;3.7,8.915;3.75,8.915;3.75,8.915;3.75,4.315;3.75,4.315;3.7,4.315;3.7,4.315;3.7,4.365;3.65,4.365;3.65,4.365;3.65,4.415;3.6,4.415;3.6,4.415;3.6,4.465;3.55,4.465;3.55,4.465;3.55,4.515;3.5,4.515;3.5,4.515;3.5,4.565;3.45,4.565;3.45,4.565;3.45,4.615;3.4,4.615;3.4,4.615;3.4,4.665;3.35,4.665;3.35,4.665;3.35,4.715;3.3,4.715;3.3,4.715;3.3,4.765;3.25,4.765;3.25,4.765;3.25,4.815;3.2,4.815;3.2,4.815;3.2,4.865;3.15,4.865;3.15,4.865;3.15,4.915;3.1,4.915;3.1,4.915;3.1,4.965;3.05,4.965;3.05,4.965;3.05,5.015;3.0,5.015;3.0,5.015;3.0,5.065;2.95,5.065;2.95,5.065;2.95,5.115;2.9,5.115;2.9,5.115;2.9,5.165;2.85,5.165;2.85,5.165;2.85,5.215;2.8,5.215;2.8,5.215;2.8,5.265;2.75,5.265;2.75,5.265;2.75,5.315;2.7,5.315;2.7,5.315;2.7,5.365;2.65,5.365;2.65,5.365;2.65,5.415;2.6,5.415;2.6,5.415;2.6,5.465;2.55,5.465;2.55,5.465;2.55,5.515;2.5,5.515;2.5,5.515;2.5,5.565;2.45,5.565;2.45,5.565;2.45,5.615;2.4,5.615;2.4,5.615;2.4,5.665;2.35,5.665;2.35,5.665;2.35,5.715;2.3,5.715;2.3,5.715;2.3,5.765;2.25,5.765;2.25,5.765;2.25,5.815;2.2,5.815;2.2,5.815;2.2,5.865;2.15,5.865;2.15,5.865;2.15,5.915;2.1,5.915;2.1,5.915",TRANSFERIDO
L3,L3_P_LB_c0_r2,L3_P_LB_c0_r2_T170,BEAM,L3_V30_03,L3_V30_03,2091.0,1.718862,6.22935,10.707396,"1.9,11.9;1.9,11.9;1.95,11.9;2.05,11.9;2.1,11.9;2.35,11.9;2.4,11.9;2.65,11.9;2.9,11.9;3.15,11.9;3.45,11.9;3.7,11.9;3.75,11.9;3.75,11.9;3.75,11.85;3.75,11.85;3.7,11.85;3.7,11.8;3.7,11.8;3.65,11.8;3.65,11.75;3.65,11.75;3.6,11.75;3.6,11.7;3.6,11.7;3.55,11.7;3.55,11.65;3.55,11.65;3.5,11.65;3.5,11.6;3.5,11.6;3.45,11.6;3.45,11.55;3.45,11.55;3.4,11.55;3.4,11.5;3.4,11.5;3.35,11.5;3.35,11.45;3.35,11.45;3.3,11.45;3.3,11.4;3.3,11.4;3.25,11.4;3.25,11.35;3.25,11.35;3.2,11.35;3.2,11.3;3.2,11.3;3.15,11.3;3.15,11.25;3.15,11.25;3.1,11.25;3.1,11.2;3.1,11.2;3.05,11.2;3.05,11.15;3.05,11.15;3.0,11.15;3.0,11.1;3.0,11.1;2.95,11.1;2.95,11.05;2.95,11.05;2.9,11.05;2.9,11.0;2.9,11.0;2.85,11.0;2.85,10.95;2.85,10.95;2.8,10.95;2.8,10.9;2.8,10.9;2.75,10.9;2.75,10.85;2.75,10.85;2.7,10.85;2.7,10.8;2.7,10.8;2.65,10.8;2.65,10.75;2.65,10.75;2.6,10.75;2.6,10.7;2.6,10.7;2.55,10.7;2.55,10.65;2.55,10.65;2.5,10.65;2.5,10.6;2.5,10.6;2.45,10.6;2.45,10.55;2.45,10.55;2.4,10.55;2.4,10.5;2.4,10.5;2.35,10.5;2.35,10.45;2.35,10.45;2.3,10.45;2.3,10.4;2.3,10.4;2.25,10.4;2.25,10.35;2.25,10.35;2.2,10.35;2.2,10.3;2.2,10.3;2.15,10.3;2.15,10.25;2.15,10.25;2.1,10.25;2.1,10.2;2.1,10.2;2.05,10.2;2.05,10.2;2.05,10.25;2.0,10.25;2.0,10.25;2.0,10.3;1.95,10.3;1.95,10.3;1.95,10.35;1.9,10.35;1.9,10.35",TRANSFERIDO
L3,L3_P_LB_c0_r2,L3_P_LB_c0_r2_T171,BEAM,L3_V40_03,L3_V40_03,2107.0,4.751125,6.22935,29.596421,"0.4,11.9;0.4,11.9;1.05,11.9;1.1,11.9;1.2,11.9;1.25,11.9;1.35,11.9;1.4,11.9;1.45,11.9;1.55,11.9;1.6,11.9;1.65,11.9;1.7,11.9;1.8,11.9;1.85,11.9;1.9,11.9;1.9,11.9;1.9,10.35;1.95,10.35;1.95,10.35;1.95,10.3;2.0,10.3;2.0,10.3;2.0,10.25;2.05,10.25;2.05,10.25;2.05,10.2;2.1,10.2;2.1,10.2;2.1,8.9;2.1,8.9;2.05,8.9;1.95,8.9;1.85,8.9;1.8,8.9;1.7,8.9;1.65,8.9;1.6,8.9;1.55,8.9;1.45,8.9;1.4,8.9;1.35,8.9;1.25,8.9;1.2,8.9;1.1,8.9;1.05,8.9;0.4,8.9;0.4,8.9",TRANSFERIDO
L3,L3_P_LB_c0_r2,L3_P_LB_c0_r2_T172,BEAM,L3_V011,L3_V011,2051.0,3.529762,6.22935,21.988126,"2.1,10.25;2.1,10.25;2.15,10.25;2.15,10.3;2.15,10.3;2.2,10.3;2.2,10.35;2.2,10.35;2.25,10.35;2.25,10.4;2.25,10.4;2.3,10.4;2.3,10.45;2.3,10.45;2.35,10.45;2.35,10.5;2.35,10.5;2.4,10.5;2.4,10.55;2.4,10.55;2.45,10.55;2.45,10.6;2.45,10.6;2.5,10.6;2.5,10.65;2.5,10.65;2.55,10.65;2.55,10.7;2.55,10.7;2.6,10.7;2.6,10.75;2.6,10.75;2.65,10.75;2.65,10.8;2.65,10.8;2.7,10.8;2.7,10.85;2.7,10.85;2.75,10.85;2.75,10.9;2.75,10.9;2.8,10.9;2.8,10.95;2.8,10.95;2.85,10.95;2.85,11.0;2.85,11.0;2.9,11.0;2.9,11.05;2.9,11.05;2.95,11.05;2.95,11.1;2.95,11.1;3.0,11.1;3.0,11.15;3.0,11.15;3.05,11.15;3.05,11.2;3.05,11.2;3.1,11.2;3.1,11.25;3.1,11.25;3.15,11.25;3.15,11.3;3.15,11.3;3.2,11.3;3.2,11.35;3.2,11.35;3.25,11.35;3.25,11.4;3.25,11.4;3.3,11.4;3.3,11.45;3.3,11.45;3.35,11.45;3.35,11.5;3.35,11.5;3.4,11.5;3.4,11.55;3.4,11.55;3.45,11.55;3.45,11.6;3.45,11.6;3.5,11.6;3.5,11.65;3.5,11.65;3.55,11.65;3.55,11.7;3.55,11.7;3.6,11.7;3.6,11.75;3.6,11.75;3.65,11.75;3.65,11.8;3.65,11.8;3.7,11.8;3.7,11.85;3.7,11.85;3.75,11.85;3.75,11.85;3.75,8.9;3.75,8.9;3.7,8.9;3.45,8.9;3.15,8.9;2.9,8.9;2.65,8.9;2.4,8.9;2.35,8.9;2.1,8.9;2.1,8.9",TRANSFERIDO
L3,L3_P_LB_c0_r3,L3_P_LB_c0_r3_T173,BEAM,L3_V30_03,L3_V30_03,2091.0,1.645788,6.22935,10.252191,"1.9,13.385;1.9,13.385;1.95,13.385;1.95,13.435;1.95,13.435;2.0,13.435;2.0,13.485;2.0,13.485;2.05,13.485;2.05,13.535;2.05,13.535;2.1,13.535;2.1,13.535;2.1,13.485;2.15,13.485;2.15,13.485;2.15,13.435;2.2,13.435;2.2,13.435;2.2,13.385;2.25,13.385;2.25,13.385;2.25,13.335;2.3,13.335;2.3,13.335;2.3,13.285;2.35,13.285;2.35,13.285;2.35,13.235;2.4,13.235;2.4,13.235;2.4,13.185;2.45,13.185;2.45,13.185;2.45,13.135;2.5,13.135;2.5,13.135;2.5,13.085;2.55,13.085;2.55,13.085;2.55,13.035;2.6,13.035;2.6,13.035;2.6,12.985;2.65,12.985;2.65,12.985;2.65,12.935;2.7,12.935;2.7,12.935;2.7,12.885;2.75,12.885;2.75,12.885;2.75,12.835;2.8,12.835;2.8,12.835;2.8,12.785;2.85,12.785;2.85,12.785;2.85,12.735;2.9,12.735;2.9,12.735;2.9,12.685;2.95,12.685;2.95,12.685;2.95,12.635;3.0,12.635;3.0,12.635;3.0,12.585;3.05,12.585;3.05,12.585;3.05,12.535;3.1,12.535;3.1,12.535;3.1,12.485;3.15,12.485;3.15,12.485;3.15,12.435;3.2,12.435;3.2,12.435;3.2,12.385;3.25,12.385;3.25,12.385;3.25,12.335;3.3,12.335;3.3,12.335;3.3,12.285;3.35,12.285;3.35,12.285;3.35,12.235;3.4,12.235;3.4,12.235;3.4,12.185;3.45,12.185;3.45,12.185;3.45,12.135;3.5,12.135;3.5,12.135;3.5,12.085;3.55,12.085;3.55,12.085;3.55,12.035;3.6,12.035;3.6,12.035;3.6,11.985;3.7,11.985;3.7,11.985;3.7,11.935;3.75,11.935;3.75,11.935;3.75,11.885;3.75,11.885;3.7,11.885;3.45,11.885;3.15,11.885;2.9,11.885;2.65,11.885;2.4,11.885;2.35,11.885;2.1,11.885;2.05,11.885;1.95,11.885;1.9,11.885;1.9,11.885",TRANSFERIDO
L3,L3_P_LB_c0_r3,L3_P_LB_c0_r3_T174,BEAM,L3_V006,L3_V006,2046.0,1.713526,6.22935,10.674156,"1.85,16.035;1.85,16.085;1.85,16.135;1.85,16.135;1.95,16.135;2.05,16.135;2.1,16.135;2.35,16.135;2.4,16.135;2.65,16.135;2.9,16.135;3.15,16.135;3.45,16.135;3.7,16.135;3.7,16.135;3.7,16.085;3.7,16.085;3.65,16.085;3.65,16.035;3.65,16.035;3.6,16.035;3.6,15.985;3.6,15.985;3.55,15.985;3.55,15.935;3.55,15.935;3.5,15.935;3.5,15.885;3.5,15.885;3.45,15.885;3.45,15.835;3.45,15.835;3.4,15.835;3.4,15.785;3.4,15.785;3.35,15.785;3.35,15.735;3.35,15.735;3.3,15.735;3.3,15.685;3.3,15.685;3.25,15.685;3.25,15.635;3.25,15.635;3.2,15.635;3.2,15.585;3.2,15.585;3.15,15.585;3.15,15.535;3.15,15.535;3.1,15.535;3.1,15.485;3.1,15.485;3.05,15.485;3.05,15.435;3.05,15.435;3.0,15.435;3.0,15.385;3.0,15.385;2.95,15.385;2.95,15.335;2.95,15.335;2.9,15.335;2.9,15.285;2.9,15.285;2.85,15.285;2.85,15.235;2.85,15.235;2.8,15.235;2.8,15.185;2.8,15.185;2.75,15.185;2.75,15.135;2.75,15.135;2.7,15.135;2.7,15.085;2.7,15.085;2.65,15.085;2.65,15.035;2.65,15.035;2.6,15.035;2.6,14.985;2.6,14.985;2.55,14.985;2.55,14.935;2.55,14.935;2.5,14.935;2.5,14.885;2.5,14.885;2.45,14.885;2.45,14.835;2.45,14.835;2.4,14.835;2.4,14.785;2.4,14.785;2.35,14.785;2.35,14.735;2.35,14.735;2.3,14.735;2.3,14.685;2.3,14.685;2.25,14.685;2.25,14.635;2.25,14.635;2.2,14.635;2.2,14.585;2.2,14.585;2.15,14.585;2.15,14.535;2.15,14.535;2.1,14.535;2.1,14.485;2.1,14.485;2.05,14.485;2.05,14.485;2.05,14.535;2.0,14.535;2.0,14.535;2.0,14.585;1.95,14.585;1.95,14.585;1.95,14.635;1.9,14.635;1.9,14.635;1.9,14.685;1.85,14.685;1.85,14.685",TRANSFERIDO
L3,L3_P_LB_c0_r3,L3_P_LB_c0_r3_T175,WALL,M004,,,1.018582,6.22935,6.345106,"0.5,16.085;0.45,16.085;0.45,16.085;0.45,16.135;0.45,16.135;1.05,16.135;1.1,16.135;1.2,16.135;1.25,16.135;1.35,16.135;1.4,16.135;1.45,16.135;1.55,16.135;1.6,16.135;1.65,16.135;1.7,16.135;1.8,16.135;1.85,16.135;1.85,16.135;1.85,16.085;1.85,16.035;1.85,14.735;1.85,14.735;1.8,14.735;1.8,14.735;1.8,14.785;1.75,14.785;1.75,14.785;1.75,14.835;1.7,14.835;1.7,14.835;1.7,14.885;1.65,14.885;1.65,14.885;1.65,14.935;1.6,14.935;1.6,14.935;1.6,14.985;1.55,14.985;1.55,14.985;1.55,15.035;1.5,15.035;1.5,15.035;1.5,15.085;1.45,15.085;1.45,15.085;1.45,15.135;1.4,15.135;1.4,15.135;1.4,15.185;1.35,15.185;1.35,15.185;1.35,15.235;1.3,15.235;1.3,15.235;1.3,15.285;1.25,15.285;1.25,15.285;1.25,15.335;1.2,15.335;1.2,15.335;1.2,15.385;1.15,15.385;1.15,15.385;1.15,15.435;1.1,15.435;1.1,15.435;1.1,15.485;1.05,15.485;1.05,15.485;1.05,15.535;1.0,15.535;1.0,15.535;1.0,15.585;0.95,15.585;0.95,15.585;0.95,15.635;0.9,15.635;0.9,15.635;0.9,15.685;0.85,15.685;0.85,15.685;0.85,15.735;0.8,15.735;0.8,15.735;0.8,15.785;0.75,15.785;0.75,15.785;0.75,15.835;0.7,15.835;0.7,15.835;0.7,15.885;0.65,15.885;0.65,15.885;0.65,15.935;0.6,15.935;0.6,15.935;0.6,15.985;0.55,15.985;0.55,15.985;0.55,16.035;0.5,16.035;0.5,16.035",WALL_EDGE_PENDING
L3,L3_P_LB_c0_r3,L3_P_LB_c0_r3_T176,BEAM,L3_V40_04,L3_V40_04,2108.0,3.863588,6.22935,24.067643,"0.4,14.335;0.4,14.335;1.05,14.335;1.1,14.335;1.2,14.335;1.25,14.335;1.35,14.335;1.4,14.335;1.45,14.335;1.55,14.335;1.6,14.335;1.65,14.335;1.7,14.335;1.8,14.335;1.85,14.335;1.95,14.335;2.05,14.335;2.1,14.335;2.1,14.335;2.1,13.535;2.1,13.535;2.05,13.535;2.05,13.485;2.05,13.485;2.0,13.485;2.0,13.435;2.0,13.435;1.95,13.435;1.95,13.385;1.95,13.385;1.9,13.385;1.9,11.885;1.9,11.885;1.85,11.885;1.8,11.885;1.7,11.885;1.65,11.885;1.6,11.885;1.55,11.885;1.45,11.885;1.4,11.885;1.35,11.885;1.25,11.885;1.2,11.885;1.1,11.885;1.05,11.885;0.4,11.885;0.4,11.885",TRANSFERIDO
L3,L3_P_LB_c0_r3,L3_P_LB_c0_r3_T177,WALL,M003,,,1.66335,6.22935,10.361589,"0.4,16.035;0.4,16.085;0.4,16.135;0.4,16.135;0.45,16.135;0.45,16.135;0.45,16.085;0.5,16.085;0.5,16.085;0.5,16.035;0.55,16.035;0.55,16.035;0.55,15.985;0.6,15.985;0.6,15.985;0.6,15.935;0.65,15.935;0.65,15.935;0.65,15.885;0.7,15.885;0.7,15.885;0.7,15.835;0.75,15.835;0.75,15.835;0.75,15.785;0.8,15.785;0.8,15.785;0.8,15.735;0.85,15.735;0.85,15.735;0.85,15.685;0.9,15.685;0.9,15.685;0.9,15.635;0.95,15.635;0.95,15.635;0.95,15.585;1.0,15.585;1.0,15.585;1.0,15.535;1.05,15.535;1.05,15.535;1.05,15.485;1.1,15.485;1.1,15.485;1.1,15.435;1.15,15.435;1.15,15.435;1.15,15.385;1.2,15.385;1.2,15.385;1.2,15.335;1.25,15.335;1.25,15.335;1.25,15.285;1.3,15.285;1.3,15.285;1.3,15.235;1.35,15.235;1.35,15.235;1.35,15.185;1.4,15.185;1.4,15.185;1.4,15.135;1.45,15.135;1.45,15.135;1.45,15.085;1.5,15.085;1.5,15.085;1.5,15.035;1.55,15.035;1.55,15.035;1.55,14.985;1.6,14.985;1.6,14.985;1.6,14.935;1.65,14.935;1.65,14.935;1.65,14.885;1.7,14.885;1.7,14.885;1.7,14.835;1.75,14.835;1.75,14.835;1.75,14.785;1.8,14.785;1.8,14.785;1.8,14.735;1.85,14.735;1.85,14.735;1.85,14.685;1.9,14.685;1.9,14.685;1.9,14.635;1.95,14.635;1.95,14.635;1.95,14.585;2.0,14.585;2.0,14.585;2.0,14.535;2.05,14.535;2.05,14.535;2.05,14.485;2.1,14.485;2.1,14.485;2.1,14.335;2.1,14.335;2.05,14.335;1.95,14.335;1.85,14.335;1.8,14.335;1.7,14.335;1.65,14.335;1.6,14.335;1.55,14.335;1.45,14.335;1.4,14.335;1.35,14.335;1.25,14.335;1.2,14.335;1.1,14.335;1.05,14.335;0.4,14.335;0.4,14.335",WALL_EDGE_PENDING
L3,L3_P_LB_c0_r3,L3_P_LB_c0_r3_T178,BEAM,L3_V012,L3_V012,2052.0,4.382915,6.22935,27.30271,"2.1,13.485;2.1,13.485;2.1,14.535;2.1,14.535;2.15,14.535;2.15,14.585;2.15,14.585;2.2,14.585;2.2,14.635;2.2,14.635;2.25,14.635;2.25,14.685;2.25,14.685;2.3,14.685;2.3,14.735;2.3,14.735;2.35,14.735;2.35,14.785;2.35,14.785;2.4,14.785;2.4,14.835;2.4,14.835;2.45,14.835;2.45,14.885;2.45,14.885;2.5,14.885;2.5,14.935;2.5,14.935;2.55,14.935;2.55,14.985;2.55,14.985;2.6,14.985;2.6,15.035;2.6,15.035;2.65,15.035;2.65,15.085;2.65,15.085;2.7,15.085;2.7,15.135;2.7,15.135;2.75,15.135;2.75,15.185;2.75,15.185;2.8,15.185;2.8,15.235;2.8,15.235;2.85,15.235;2.85,15.285;2.85,15.285;2.9,15.285;2.9,15.335;2.9,15.335;2.95,15.335;2.95,15.385;2.95,15.385;3.0,15.385;3.0,15.435;3.0,15.435;3.05,15.435;3.05,15.485;3.05,15.485;3.1,15.485;3.1,15.535;3.1,15.535;3.15,15.535;3.15,15.585;3.15,15.585;3.2,15.585;3.2,15.635;3.2,15.635;3.25,15.635;3.25,15.685;3.25,15.685;3.3,15.685;3.3,15.735;3.3,15.735;3.35,15.735;3.35,15.785;3.35,15.785;3.4,15.785;3.4,15.835;3.4,15.835;3.45,15.835;3.45,15.885;3.45,15.885;3.5,15.885;3.5,15.935;3.5,15.935;3.55,15.935;3.55,15.985;3.55,15.985;3.6,15.985;3.6,16.035;3.6,16.035;3.65,16.035;3.65,16.085;3.65,16.085;3.7,16.085;3.7,16.135;3.7,16.135;3.75,16.135;3.75,16.135;3.75,16.085;3.75,16.035;3.75,11.935;3.75,11.935;3.7,11.935;3.7,11.935;3.7,11.985;3.6,11.985;3.6,11.985;3.6,12.035;3.55,12.035;3.55,12.035;3.55,12.085;3.5,12.085;3.5,12.085;3.5,12.135;3.45,12.135;3.45,12.135;3.45,12.185;3.4,12.185;3.4,12.185;3.4,12.235;3.35,12.235;3.35,12.235;3.35,12.285;3.3,12.285;3.3,12.285;3.3,12.335;3.25,12.335;3.25,12.335;3.25,12.385;3.2,12.385;3.2,12.385;3.2,12.435;3.15,12.435;3.15,12.435;3.15,12.485;3.1,12.485;3.1,12.485;3.1,12.535;3.05,12.535;3.05,12.535;3.05,12.585;3.0,12.585;3.0,12.585;3.0,12.635;2.95,12.635;2.95,12.635;2.95,12.685;2.9,12.685;2.9,12.685;2.9,12.735;2.85,12.735;2.85,12.735;2.85,12.785;2.8,12.785;2.8,12.785;2.8,12.835;2.75,12.835;2.75,12.835;2.75,12.885;2.7,12.885;2.7,12.885;2.7,12.935;2.65,12.935;2.65,12.935;2.65,12.985;2.6,12.985;2.6,12.985;2.6,13.035;2.55,13.035;2.55,13.035;2.55,13.085;2.5,13.085;2.5,13.085;2.5,13.135;2.45,13.135;2.45,13.135;2.45,13.185;2.4,13.185;2.4,13.185;2.4,13.235;2.35,13.235;2.35,13.235;2.35,13.285;2.3,13.285;2.3,13.285;2.3,13.335;2.25,13.335;2.25,13.335;2.25,13.385;2.2,13.385;2.2,13.385;2.2,13.435;2.15,13.435;2.15,13.435;2.15,13.485",TRANSFERIDO
L3,L3_P_LB_c1_r0,L3_P_LB_c1_r0_T179,BEAM,L3_V002,L3_V002,2042.0,3.527406,6.22935,21.973446,"3.85,0.05;3.85,0.1;3.85,0.1;3.9,0.1;3.9,0.15;3.9,0.15;3.95,0.15;3.95,0.2;3.95,0.2;4.0,0.2;4.0,0.25;4.0,0.25;4.05,0.25;4.05,0.3;4.05,0.3;4.1,0.3;4.1,0.35;4.1,0.35;4.15,0.35;4.15,0.4;4.15,0.4;4.2,0.4;4.2,0.45;4.2,0.45;4.25,0.45;4.25,0.5;4.25,0.5;4.3,0.5;4.3,0.55;4.3,0.55;4.35,0.55;4.35,0.6;4.35,0.6;4.4,0.6;4.4,0.65;4.4,0.65;4.45,0.65;4.45,0.7;4.45,0.7;4.5,0.7;4.5,0.75;4.5,0.75;4.55,0.75;4.55,0.8;4.55,0.8;4.6,0.8;4.6,0.85;4.6,0.85;4.65,0.85;4.65,0.9;4.65,0.9;4.7,0.9;4.7,0.95;4.7,0.95;4.75,0.95;4.75,1.0;4.75,1.0;4.8,1.0;4.8,1.05;4.8,1.05;4.85,1.05;4.85,1.1;4.85,1.1;4.9,1.1;4.9,1.15;4.9,1.15;4.95,1.15;4.95,1.2;4.95,1.2;5.0,1.2;5.0,1.25;5.0,1.25;5.05,1.25;5.05,1.3;5.05,1.3;5.1,1.3;5.1,1.35;5.1,1.35;5.15,1.35;5.15,1.4;5.15,1.4;5.2,1.4;5.2,1.45;5.2,1.45;5.25,1.45;5.25,1.5;5.25,1.5;5.3,1.5;5.3,1.55;5.3,1.55;5.35,1.55;5.35,1.6;5.35,1.6;5.4,1.6;5.4,1.65;5.4,1.65;5.45,1.65;5.45,1.7;5.45,1.7;5.5,1.7;5.5,1.75;5.5,1.75;5.55,1.75;5.55,1.8;5.55,1.8;5.6,1.8;5.6,1.85;5.6,1.85;5.7,1.85;5.7,1.85;5.7,1.8;5.75,1.8;5.75,1.8;5.75,1.75;5.8,1.75;5.8,1.75;5.8,1.7;5.85,1.7;5.85,1.7;5.85,1.65;5.9,1.65;5.9,1.65;5.9,1.6;5.95,1.6;5.95,1.6;5.95,1.55;6.0,1.55;6.0,1.55;6.0,1.5;6.05,1.5;6.05,1.5;6.05,1.45;6.1,1.45;6.1,1.45;6.1,1.4;6.15,1.4;6.15,1.4;6.15,1.35;6.2,1.35;6.2,1.35;6.2,1.3;6.25,1.3;6.25,1.3;6.25,1.25;6.3,1.25;6.3,1.25;6.3,1.2;6.35,1.2;6.35,1.2;6.35,1.15;6.4,1.15;6.4,1.15;6.4,1.1;6.45,1.1;6.45,1.1;6.45,1.05;6.5,1.05;6.5,1.05;6.5,1.0;6.55,1.0;6.55,1.0;6.55,0.95;6.6,0.95;6.6,0.95;6.6,0.9;6.65,0.9;6.65,0.9;6.65,0.85;6.7,0.85;6.7,0.85;6.7,0.8;6.75,0.8;6.75,0.8;6.75,0.75;6.8,0.75;6.8,0.75;6.8,0.7;6.85,0.7;6.85,0.7;6.85,0.65;6.9,0.65;6.9,0.65;6.9,0.6;6.95,0.6;6.95,0.6;6.95,0.55;7.0,0.55;7.0,0.55;7.0,0.5;7.05,0.5;7.05,0.5;7.05,0.45;7.1,0.45;7.1,0.45;7.1,0.4;7.15,0.4;7.15,0.4;7.15,0.35;7.2,0.35;7.2,0.35;7.2,0.3;7.25,0.3;7.25,0.3;7.25,0.25;7.3,0.25;7.3,0.25;7.3,0.2;7.35,0.2;7.35,0.2;7.35,0.15;7.4,0.15;7.4,0.15;7.4,0.1;7.45,0.1;7.45,0.1;7.45,0.05;7.5,0.05;7.5,0.05;7.5,0.0;7.5,-0.0;3.8,-0.0;3.8,0.0;3.8,0.05;3.8,0.05",TRANSFERIDO
L3,L3_P_LB_c1_r0,L3_P_LB_c1_r0_T180,BEAM,L3_V30_02,L3_V30_02,2090.0,3.434579,6.22935,21.395197,"4.1,3.9;4.1,3.9;4.1,3.95;4.05,3.95;4.05,3.95;4.05,4.0;4.0,4.0;4.0,4.0;4.0,4.05;3.95,4.05;3.95,4.05;3.95,4.1;3.9,4.1;3.9,4.1;3.9,4.15;3.85,4.15;3.85,4.15;3.85,4.2;3.8,4.2;3.8,4.2;3.8,4.25;3.8,4.25;7.45,4.25;7.45,4.25;7.45,4.2;7.45,4.2;7.4,4.2;7.4,4.15;7.4,4.15;7.35,4.15;7.35,4.1;7.35,4.1;7.3,4.1;7.3,4.05;7.3,4.05;7.25,4.05;7.25,4.0;7.25,4.0;7.2,4.0;7.2,3.95;7.2,3.95;7.15,3.95;7.15,3.9;7.15,3.9;7.1,3.9;7.1,3.85;7.1,3.85;7.05,3.85;7.05,3.8;7.05,3.8;7.0,3.8;7.0,3.75;7.0,3.75;6.95,3.75;6.95,3.7;6.95,3.7;6.9,3.7;6.9,3.65;6.9,3.65;6.85,3.65;6.85,3.6;6.85,3.6;6.8,3.6;6.8,3.55;6.8,3.55;6.75,3.55;6.75,3.5;6.75,3.5;6.7,3.5;6.7,3.45;6.7,3.45;6.65,3.45;6.65,3.4;6.65,3.4;6.6,3.4;6.6,3.35;6.6,3.35;6.55,3.35;6.55,3.3;6.55,3.3;6.5,3.3;6.5,3.25;6.5,3.25;6.45,3.25;6.45,3.2;6.45,3.2;6.4,3.2;6.4,3.15;6.4,3.15;6.35,3.15;6.35,3.1;6.35,3.1;6.3,3.1;6.3,3.05;6.3,3.05;6.25,3.05;6.25,3.0;6.25,3.0;6.2,3.0;6.2,2.95;6.2,2.95;6.15,2.95;6.15,2.9;6.15,2.9;6.1,2.9;6.1,2.85;6.1,2.85;6.05,2.85;6.05,2.8;6.05,2.8;6.0,2.8;6.0,2.75;6.0,2.75;5.95,2.75;5.95,2.7;5.95,2.7;5.9,2.7;5.9,2.65;5.9,2.65;5.85,2.65;5.85,2.6;5.85,2.6;5.8,2.6;5.8,2.55;5.8,2.55;5.75,2.55;5.75,2.5;5.75,2.5;5.7,2.5;5.7,2.45;5.7,2.45;5.65,2.45;5.65,2.4;5.65,2.4;5.6,2.4;5.6,2.4;5.6,2.45;5.55,2.45;5.55,2.45;5.55,2.5;5.5,2.5;5.5,2.5;5.5,2.55;5.45,2.55;5.45,2.55;5.45,2.6;5.4,2.6;5.4,2.6;5.4,2.65;5.35,2.65;5.35,2.65;5.35,2.7;5.3,2.7;5.3,2.7;5.3,2.75;5.25,2.75;5.25,2.75;5.25,2.8;5.2,2.8;5.2,2.8;5.2,2.85;5.15,2.85;5.15,2.85;5.15,2.9;5.1,2.9;5.1,2.9;5.1,2.95;5.05,2.95;5.05,2.95;5.05,3.0;5.0,3.0;5.0,3.0;5.0,3.05;4.95,3.05;4.95,3.05;4.95,3.1;4.9,3.1;4.9,3.1;4.9,3.15;4.85,3.15;4.85,3.15;4.85,3.2;4.8,3.2;4.8,3.2;4.8,3.25;4.75,3.25;4.75,3.25;4.75,3.3;4.7,3.3;4.7,3.3;4.7,3.35;4.65,3.35;4.65,3.35;4.65,3.4;4.6,3.4;4.6,3.4;4.6,3.45;4.55,3.45;4.55,3.45;4.55,3.5;4.5,3.5;4.5,3.5;4.5,3.55;4.45,3.55;4.45,3.55;4.45,3.6;4.4,3.6;4.4,3.6;4.4,3.65;4.35,3.65;4.35,3.65;4.35,3.7;4.3,3.7;4.3,3.7;4.3,3.75;4.25,3.75;4.25,3.75;4.25,3.8;4.2,3.8;4.2,3.8;4.2,3.85;4.15,3.85;4.15,3.85;4.15,3.9",TRANSFERIDO
L3,L3_P_LB_c1_r0,L3_P_LB_c1_r0_T181,BEAM,L3_V009,L3_V009,2049.0,4.576094,6.22935,28.506092,"3.75,0.05;3.75,0.1;3.75,0.2;3.75,1.05;3.75,1.1;3.75,1.2;3.75,1.25;3.75,1.3;3.75,1.35;3.75,1.4;3.75,1.5;3.75,1.55;3.75,1.6;3.75,1.65;3.75,1.7;3.75,1.75;3.75,1.85;3.75,1.9;3.75,1.95;3.75,2.1;3.75,2.2;3.75,2.35;3.75,2.45;3.75,2.55;3.75,2.7;3.75,2.8;3.75,2.95;3.75,3.05;3.75,3.15;3.75,3.3;3.75,3.4;3.75,3.5;3.75,3.65;3.75,3.75;3.75,3.9;3.75,4.25;3.75,4.25;3.8,4.25;3.8,4.25;3.8,4.2;3.85,4.2;3.85,4.2;3.85,4.15;3.9,4.15;3.9,4.15;3.9,4.1;3.95,4.1;3.95,4.1;3.95,4.05;4.0,4.05;4.0,4.05;4.0,4.0;4.05,4.0;4.05,4.0;4.05,3.95;4.1,3.95;4.1,3.95;4.1,3.9;4.15,3.9;4.15,3.9;4.15,3.85;4.2,3.85;4.2,3.85;4.2,3.8;4.25,3.8;4.25,3.8;4.25,3.75;4.3,3.75;4.3,3.75;4.3,3.7;4.35,3.7;4.35,3.7;4.35,3.65;4.4,3.65;4.4,3.65;4.4,3.6;4.45,3.6;4.45,3.6;4.45,3.55;4.5,3.55;4.5,3.55;4.5,3.5;4.55,3.5;4.55,3.5;4.55,3.45;4.6,3.45;4.6,3.45;4.6,3.4;4.65,3.4;4.65,3.4;4.65,3.35;4.7,3.35;4.7,3.35;4.7,3.3;4.75,3.3;4.75,3.3;4.75,3.25;4.8,3.25;4.8,3.25;4.8,3.2;4.85,3.2;4.85,3.2;4.85,3.15;4.9,3.15;4.9,3.15;4.9,3.1;4.95,3.1;4.95,3.1;4.95,3.05;5.0,3.05;5.0,3.05;5.0,3.0;5.05,3.0;5.05,3.0;5.05,2.95;5.1,2.95;5.1,2.95;5.1,2.9;5.15,2.9;5.15,2.9;5.15,2.85;5.2,2.85;5.2,2.85;5.2,2.8;5.25,2.8;5.25,2.8;5.25,2.75;5.3,2.75;5.3,2.75;5.3,2.7;5.35,2.7;5.35,2.7;5.35,2.65;5.4,2.65;5.4,2.65;5.4,2.6;5.45,2.6;5.45,2.6;5.45,2.55;5.5,2.55;5.5,2.55;5.5,2.5;5.55,2.5;5.55,2.5;5.55,2.45;5.6,2.45;5.6,2.45;5.6,2.4;5.65,2.4;5.65,2.4;5.65,2.35;5.65,2.2;5.65,2.1;5.65,1.95;5.65,1.9;5.65,1.85;5.65,1.85;5.6,1.85;5.6,1.8;5.6,1.8;5.55,1.8;5.55,1.75;5.55,1.75;5.5,1.75;5.5,1.7;5.5,1.7;5.45,1.7;5.45,1.65;5.45,1.65;5.4,1.65;5.4,1.6;5.4,1.6;5.35,1.6;5.35,1.55;5.35,1.55;5.3,1.55;5.3,1.5;5.3,1.5;5.25,1.5;5.25,1.45;5.25,1.45;5.2,1.45;5.2,1.4;5.2,1.4;5.15,1.4;5.15,1.35;5.15,1.35;5.1,1.35;5.1,1.3;5.1,1.3;5.05,1.3;5.05,1.25;5.05,1.25;5.0,1.25;5.0,1.2;5.0,1.2;4.95,1.2;4.95,1.15;4.95,1.15;4.9,1.15;4.9,1.1;4.9,1.1;4.85,1.1;4.85,1.05;4.85,1.05;4.8,1.05;4.8,1.0;4.8,1.0;4.75,1.0;4.75,0.95;4.75,0.95;4.7,0.95;4.7,0.9;4.7,0.9;4.65,0.9;4.65,0.85;4.65,0.85;4.6,0.85;4.6,0.8;4.6,0.8;4.55,0.8;4.55,0.75;4.55,0.75;4.5,0.75;4.5,0.7;4.5,0.7;4.45,0.7;4.45,0.65;4.45,0.65;4.4,0.65;4.4,0.6;4.4,0.6;4.35,0.6;4.35,0.55;4.35,0.55;4.3,0.55;4.3,0.5;4.3,0.5;4.25,0.5;4.25,0.45;4.25,0.45;4.2,0.45;4.2,0.4;4.2,0.4;4.15,0.4;4.15,0.35;4.15,0.35;4.1,0.35;4.1,0.3;4.1,0.3;4.05,0.3;4.05,0.25;4.05,0.25;4.0,0.25;4.0,0.2;4.0,0.2;3.95,0.2;3.95,0.15;3.95,0.15;3.9,0.15;3.9,0.1;3.9,0.1;3.85,0.1;3.85,0.05;3.85,0.05;3.8,0.05;3.8,0.0;3.8,-0.0;3.75,-0.0;3.75,0.0",TRANSFERIDO
L3,L3_P_LB_c1_r0,L3_P_LB_c1_r0_T182,BEAM,L3_V013,L3_V013,2053.0,4.455671,6.22935,27.755932,"5.65,1.9;5.65,1.95;5.65,2.1;5.65,2.2;5.65,2.35;5.65,2.45;5.65,2.45;5.7,2.45;5.7,2.5;5.7,2.5;5.75,2.5;5.75,2.55;5.75,2.55;5.8,2.55;5.8,2.6;5.8,2.6;5.85,2.6;5.85,2.65;5.85,2.65;5.9,2.65;5.9,2.7;5.9,2.7;5.95,2.7;5.95,2.75;5.95,2.75;6.0,2.75;6.0,2.8;6.0,2.8;6.05,2.8;6.05,2.85;6.05,2.85;6.1,2.85;6.1,2.9;6.1,2.9;6.15,2.9;6.15,2.95;6.15,2.95;6.2,2.95;6.2,3.0;6.2,3.0;6.25,3.0;6.25,3.05;6.25,3.05;6.3,3.05;6.3,3.1;6.3,3.1;6.35,3.1;6.35,3.15;6.35,3.15;6.4,3.15;6.4,3.2;6.4,3.2;6.45,3.2;6.45,3.25;6.45,3.25;6.5,3.25;6.5,3.3;6.5,3.3;6.55,3.3;6.55,3.35;6.55,3.35;6.6,3.35;6.6,3.4;6.6,3.4;6.65,3.4;6.65,3.45;6.65,3.45;6.7,3.45;6.7,3.5;6.7,3.5;6.75,3.5;6.75,3.55;6.75,3.55;6.8,3.55;6.8,3.6;6.8,3.6;6.85,3.6;6.85,3.65;6.85,3.65;6.9,3.65;6.9,3.7;6.9,3.7;6.95,3.7;6.95,3.75;6.95,3.75;7.0,3.75;7.0,3.8;7.0,3.8;7.05,3.8;7.05,3.85;7.05,3.85;7.1,3.85;7.1,3.9;7.1,3.9;7.15,3.9;7.15,3.95;7.15,3.95;7.2,3.95;7.2,4.0;7.2,4.0;7.25,4.0;7.25,4.05;7.25,4.05;7.3,4.05;7.3,4.1;7.3,4.1;7.35,4.1;7.35,4.15;7.35,4.15;7.4,4.15;7.4,4.2;7.4,4.2;7.45,4.2;7.45,4.25;7.45,4.25;7.5,4.25;7.5,4.25;7.5,3.9;7.5,3.75;7.5,3.65;7.5,3.5;7.5,3.4;7.5,3.3;7.5,3.15;7.5,3.05;7.5,2.95;7.5,2.8;7.5,2.7;7.5,2.55;7.5,2.45;7.5,2.35;7.5,2.2;7.5,2.1;7.5,1.95;7.5,1.9;7.5,1.85;7.5,1.75;7.5,1.7;7.5,1.65;7.5,1.6;7.5,1.55;7.5,1.5;7.5,1.4;7.5,1.35;7.5,1.3;7.5,1.25;7.5,1.2;7.5,1.1;7.5,1.05;7.5,0.2;7.5,0.1;7.5,0.05;7.5,0.05;7.45,0.05;7.45,0.05;7.45,0.1;7.4,0.1;7.4,0.1;7.4,0.15;7.35,0.15;7.35,0.15;7.35,0.2;7.3,0.2;7.3,0.2;7.3,0.25;7.25,0.25;7.25,0.25;7.25,0.3;7.2,0.3;7.2,0.3;7.2,0.35;7.15,0.35;7.15,0.35;7.15,0.4;7.1,0.4;7.1,0.4;7.1,0.45;7.05,0.45;7.05,0.45;7.05,0.5;7.0,0.5;7.0,0.5;7.0,0.55;6.95,0.55;6.95,0.55;6.95,0.6;6.9,0.6;6.9,0.6;6.9,0.65;6.85,0.65;6.85,0.65;6.85,0.7;6.8,0.7;6.8,0.7;6.8,0.75;6.75,0.75;6.75,0.75;6.75,0.8;6.7,0.8;6.7,0.8;6.7,0.85;6.65,0.85;6.65,0.85;6.65,0.9;6.6,0.9;6.6,0.9;6.6,0.95;6.55,0.95;6.55,0.95;6.55,1.0;6.5,1.0;6.5,1.0;6.5,1.05;6.45,1.05;6.45,1.05;6.45,1.1;6.4,1.1;6.4,1.1;6.4,1.15;6.35,1.15;6.35,1.15;6.35,1.2;6.3,1.2;6.3,1.2;6.3,1.25;6.25,1.25;6.25,1.25;6.25,1.3;6.2,1.3;6.2,1.3;6.2,1.35;6.15,1.35;6.15,1.35;6.15,1.4;6.1,1.4;6.1,1.4;6.1,1.45;6.05,1.45;6.05,1.45;6.05,1.5;6.0,1.5;6.0,1.5;6.0,1.55;5.95,1.55;5.95,1.55;5.95,1.6;5.9,1.6;5.9,1.6;5.9,1.65;5.85,1.65;5.85,1.65;5.85,1.7;5.8,1.7;5.8,1.7;5.8,1.75;5.75,1.75;5.75,1.75;5.75,1.8;5.7,1.8;5.7,1.8;5.7,1.85;5.65,1.85;5.65,1.85;5.65,1.9",TRANSFERIDO
L3,L3_P_LB_c1_r1,L3_P_LB_c1_r1_T183,BEAM,L3_V30_02,L3_V30_02,2090.0,3.543532,6.22935,22.073903,"4.4,4.265;4.35,4.265;4.3,4.265;4.25,4.265;4.2,4.265;4.15,4.265;4.1,4.265;4.05,4.265;4.0,4.265;3.95,4.265;3.9,4.265;3.85,4.265;3.8,4.265;3.8,4.315;3.85,4.315;3.85,4.365;3.9,4.365;3.9,4.415;3.95,4.415;3.95,4.465;4.0,4.465;4.0,4.515;4.05,4.515;4.05,4.565;4.05,4.615;4.1,4.615;4.15,4.615;4.15,4.665;4.15,4.715;4.2,4.715;4.25,4.715;4.25,4.765;4.25,4.815;4.3,4.815;4.35,4.815;4.35,4.865;4.35,4.915;4.4,4.915;4.45,4.915;4.45,4.965;4.45,5.015;4.5,5.015;4.55,5.015;4.55,5.065;4.55,5.115;4.6,5.115;4.65,5.115;4.65,5.165;4.65,5.215;4.7,5.215;4.75,5.215;4.75,5.265;4.75,5.315;4.8,5.315;4.85,5.315;4.85,5.365;4.85,5.415;4.9,5.415;4.95,5.415;4.95,5.465;4.95,5.515;5.0,5.515;5.05,5.515;5.05,5.565;5.05,5.615;5.1,5.615;5.15,5.615;5.15,5.665;5.15,5.715;5.2,5.715;5.25,5.715;5.25,5.765;5.25,5.815;5.3,5.815;5.35,5.815;5.35,5.865;5.35,5.915;5.4,5.915;5.45,5.915;5.45,5.965;5.45,6.015;5.5,6.015;5.55,6.015;5.55,6.065;5.55,6.115;5.6,6.115;5.65,6.115;5.7,6.115;5.7,6.065;5.75,6.065;5.75,6.015;5.8,6.015;5.8,5.965;5.85,5.965;5.85,5.915;5.9,5.915;5.9,5.865;5.95,5.865;5.95,5.815;6.0,5.815;6.0,5.765;6.05,5.765;6.05,5.715;6.1,5.715;6.1,5.665;6.15,5.665;6.15,5.615;6.2,5.615;6.2,5.565;6.25,5.565;6.25,5.515;6.3,5.515;6.3,5.465;6.35,5.465;6.35,5.415;6.4,5.415;6.4,5.365;6.45,5.365;6.45,5.315;6.5,5.315;6.5,5.265;6.55,5.265;6.55,5.215;6.6,5.215;6.6,5.165;6.65,5.165;6.65,5.115;6.7,5.115;6.7,5.065;6.75,5.065;6.75,5.015;6.8,5.015;6.8,4.965;6.85,4.965;6.85,4.915;6.9,4.915;6.9,4.865;6.95,4.865;6.95,4.815;7.0,4.815;7.0,4.765;7.05,4.765;7.05,4.715;7.1,4.715;7.1,4.665;7.15,4.665;7.15,4.615;7.2,4.615;7.2,4.565;7.25,4.565;7.25,4.515;7.3,4.515;7.3,4.465;7.35,4.465;7.35,4.415;7.4,4.415;7.4,4.365;7.45,4.365;7.45,4.315;7.5,4.315;7.5,4.265;7.45,4.265;7.4,4.265;7.35,4.265;7.3,4.265;7.25,4.265;7.2,4.265;7.15,4.265;7.1,4.265;7.05,4.265;7.0,4.265;6.95,4.265;6.9,4.265;6.85,4.265;6.8,4.265;6.75,4.265;6.7,4.265;6.65,4.265;6.6,4.265;6.55,4.265;6.5,4.265;6.45,4.265;6.4,4.265;6.35,4.265;6.3,4.265;6.25,4.265;6.2,4.265;6.15,4.265;6.1,4.265;6.05,4.265;6.0,4.265;5.95,4.265;5.9,4.265;5.85,4.265;5.8,4.265;5.75,4.265;5.7,4.265;5.65,4.265;5.6,4.265;5.55,4.265;5.5,4.265;5.45,4.265;5.4,4.265;5.35,4.265;5.3,4.265;5.25,4.265;5.2,4.265;5.15,4.265;5.1,4.265;5.05,4.265;5.0,4.265;4.95,4.265;4.9,4.265;4.85,4.265;4.8,4.265;4.75,4.265;4.7,4.265;4.65,4.265;4.6,4.265;4.55,4.265;4.5,4.265;4.45,4.265",TRANSFERIDO
L3,L3_P_LB_c1_r1,L3_P_LB_c1_r1_T184,BEAM,L3_V004,L3_V004,2044.0,3.598355,6.22935,22.415412,"4.3,8.365;4.25,8.365;4.25,8.415;4.2,8.415;4.2,8.465;4.15,8.465;4.15,8.515;4.1,8.515;4.1,8.565;4.05,8.565;4.05,8.615;4.0,8.615;4.0,8.665;3.95,8.665;3.95,8.715;3.9,8.715;3.9,8.765;3.85,8.765;3.85,8.815;3.8,8.815;3.8,8.865;3.75,8.865;3.75,8.915;3.8,8.915;3.85,8.915;3.9,8.915;3.95,8.915;4.0,8.915;4.05,8.915;4.1,8.915;4.15,8.915;4.2,8.915;4.25,8.915;4.3,8.915;4.35,8.915;4.4,8.915;4.45,8.915;4.5,8.915;4.55,8.915;4.6,8.915;4.65,8.915;4.7,8.915;4.75,8.915;4.8,8.915;4.85,8.915;4.9,8.915;4.95,8.915;5.0,8.915;5.05,8.915;5.1,8.915;5.15,8.915;5.2,8.915;5.25,8.915;5.3,8.915;5.35,8.915;5.4,8.915;5.45,8.915;5.5,8.915;5.55,8.915;5.6,8.915;5.65,8.915;5.7,8.915;5.75,8.915;5.8,8.915;5.85,8.915;5.9,8.915;5.95,8.915;6.0,8.915;6.05,8.915;6.1,8.915;6.15,8.915;6.2,8.915;6.25,8.915;6.3,8.915;6.35,8.915;6.4,8.915;6.45,8.915;6.5,8.915;6.55,8.915;6.6,8.915;6.65,8.915;6.7,8.915;6.75,8.915;6.8,8.915;6.85,8.915;6.9,8.915;6.95,8.915;7.0,8.915;7.05,8.915;7.1,8.915;7.15,8.915;7.2,8.915;7.25,8.915;7.3,8.915;7.35,8.915;7.4,8.915;7.45,8.915;7.5,8.915;7.5,8.865;7.45,8.865;7.45,8.815;7.4,8.815;7.4,8.765;7.35,8.765;7.35,8.715;7.3,8.715;7.3,8.665;7.25,8.665;7.25,8.615;7.2,8.615;7.2,8.565;7.15,8.565;7.15,8.515;7.1,8.515;7.1,8.465;7.05,8.465;7.05,8.415;7.0,8.415;7.0,8.365;6.95,8.365;6.95,8.315;6.9,8.315;6.9,8.265;6.85,8.265;6.85,8.215;6.8,8.215;6.8,8.165;6.75,8.165;6.75,8.115;6.7,8.115;6.7,8.065;6.65,8.065;6.65,8.015;6.6,8.015;6.6,7.965;6.55,7.965;6.55,7.915;6.5,7.915;6.5,7.865;6.45,7.865;6.45,7.815;6.4,7.815;6.4,7.765;6.35,7.765;6.35,7.715;6.3,7.715;6.3,7.665;6.25,7.665;6.25,7.615;6.2,7.615;6.2,7.565;6.15,7.565;6.15,7.515;6.1,7.515;6.1,7.465;6.05,7.465;6.05,7.415;6.0,7.415;6.0,7.365;5.95,7.365;5.95,7.315;5.9,7.315;5.9,7.265;5.85,7.265;5.85,7.215;5.8,7.215;5.8,7.165;5.75,7.165;5.75,7.115;5.7,7.115;5.7,7.065;5.65,7.065;5.65,7.015;5.6,7.015;5.6,7.065;5.55,7.065;5.55,7.115;5.5,7.115;5.5,7.165;5.45,7.165;5.45,7.215;5.4,7.215;5.4,7.265;5.35,7.265;5.35,7.315;5.3,7.315;5.3,7.365;5.25,7.365;5.25,7.415;5.2,7.415;5.2,7.465;5.15,7.465;5.15,7.515;5.1,7.515;5.1,7.565;5.05,7.565;5.05,7.615;5.0,7.615;5.0,7.665;4.95,7.665;4.95,7.715;4.9,7.715;4.9,7.765;4.85,7.765;4.85,7.815;4.8,7.815;4.8,7.865;4.75,7.865;4.75,7.915;4.7,7.915;4.7,7.965;4.65,7.965;4.65,8.015;4.6,8.015;4.6,8.065;4.55,8.065;4.55,8.115;4.5,8.115;4.5,8.165;4.45,8.165;4.45,8.215;4.4,8.215;4.4,8.265;4.35,8.265;4.35,8.315;4.3,8.315",TRANSFERIDO
L3,L3_P_LB_c1_r1,L3_P_LB_c1_r1_T185,BEAM,L3_V010,L3_V010,2050.0,5.168274,6.22935,32.194989,"3.75,4.515;3.75,4.565;3.75,4.615;3.75,4.665;3.75,4.715;3.75,4.765;3.75,4.815;3.75,4.865;3.75,4.915;3.75,4.965;3.75,5.015;3.75,5.065;3.75,5.115;3.75,5.165;3.75,5.215;3.75,5.265;3.75,5.315;3.75,5.365;3.75,5.415;3.75,5.465;3.75,5.515;3.75,5.565;3.75,5.615;3.75,5.665;3.75,5.715;3.75,5.765;3.75,5.815;3.75,5.865;3.75,5.915;3.75,5.965;3.75,6.015;3.75,6.065;3.75,6.115;3.75,6.165;3.75,6.215;3.75,6.265;3.75,6.315;3.75,6.365;3.75,6.415;3.75,6.465;3.75,6.515;3.75,6.565;3.75,6.615;3.75,6.665;3.75,6.715;3.75,6.765;3.75,6.815;3.75,6.865;3.75,6.915;3.75,6.965;3.75,7.015;3.75,7.065;3.75,7.115;3.75,7.165;3.75,7.215;3.75,7.265;3.75,7.315;3.75,7.365;3.75,7.415;3.75,7.465;3.75,7.515;3.75,7.565;3.75,7.615;3.75,7.665;3.75,7.715;3.75,7.765;3.75,7.815;3.75,7.865;3.75,7.915;3.75,7.965;3.75,8.015;3.75,8.065;3.75,8.115;3.75,8.165;3.75,8.215;3.75,8.265;3.75,8.315;3.75,8.365;3.75,8.415;3.75,8.465;3.75,8.515;3.75,8.565;3.75,8.615;3.75,8.665;3.75,8.715;3.75,8.765;3.75,8.815;3.75,8.865;3.8,8.865;3.8,8.815;3.85,8.815;3.85,8.765;3.9,8.765;3.9,8.715;3.95,8.715;3.95,8.665;4.0,8.665;4.0,8.615;4.05,8.615;4.05,8.565;4.1,8.565;4.1,8.515;4.15,8.515;4.15,8.465;4.2,8.465;4.2,8.415;4.25,8.415;4.25,8.365;4.3,8.365;4.3,8.315;4.35,8.315;4.35,8.265;4.4,8.265;4.4,8.215;4.45,8.215;4.45,8.165;4.5,8.165;4.5,8.115;4.55,8.115;4.55,8.065;4.6,8.065;4.6,8.015;4.65,8.015;4.65,7.965;4.7,7.965;4.7,7.915;4.75,7.915;4.75,7.865;4.8,7.865;4.8,7.815;4.85,7.815;4.85,7.765;4.9,7.765;4.9,7.715;4.95,7.715;4.95,7.665;5.0,7.665;5.0,7.615;5.05,7.615;5.05,7.565;5.1,7.565;5.1,7.515;5.15,7.515;5.15,7.465;5.2,7.465;5.2,7.415;5.25,7.415;5.25,7.365;5.3,7.365;5.3,7.315;5.35,7.315;5.35,7.265;5.4,7.265;5.4,7.215;5.45,7.215;5.45,7.165;5.5,7.165;5.5,7.115;5.55,7.115;5.55,7.065;5.6,7.065;5.6,7.015;5.65,7.015;5.65,6.965;5.65,6.915;5.65,6.865;5.65,6.815;5.65,6.765;5.65,6.715;5.65,6.665;5.65,6.615;5.65,6.565;5.65,6.515;5.65,6.465;5.65,6.415;5.65,6.365;5.65,6.315;5.65,6.265;5.65,6.215;5.65,6.165;5.65,6.115;5.6,6.115;5.55,6.115;5.55,6.065;5.55,6.015;5.5,6.015;5.45,6.015;5.45,5.965;5.45,5.915;5.4,5.915;5.35,5.915;5.35,5.865;5.35,5.815;5.3,5.815;5.25,5.815;5.25,5.765;5.25,5.715;5.2,5.715;5.15,5.715;5.15,5.665;5.15,5.615;5.1,5.615;5.05,5.615;5.05,5.565;5.05,5.515;5.0,5.515;4.95,5.515;4.95,5.465;4.95,5.415;4.9,5.415;4.85,5.415;4.85,5.365;4.85,5.315;4.8,5.315;4.75,5.315;4.75,5.265;4.75,5.215;4.7,5.215;4.65,5.215;4.65,5.165;4.65,5.115;4.6,5.115;4.55,5.115;4.55,5.065;4.55,5.015;4.5,5.015;4.45,5.015;4.45,4.965;4.45,4.915;4.4,4.915;4.35,4.915;4.35,4.865;4.35,4.815;4.3,4.815;4.25,4.815;4.25,4.765;4.25,4.715;4.2,4.715;4.15,4.715;4.15,4.665;4.15,4.615;4.1,4.615;4.05,4.615;4.05,4.565;4.05,4.515;4.0,4.515;4.0,4.465;3.95,4.465;3.95,4.415;3.9,4.415;3.9,4.365;3.85,4.365;3.85,4.315;3.8,4.315;3.8,4.265;3.75,4.265;3.75,4.315;3.75,4.365;3.75,4.415;3.75,4.465",TRANSFERIDO
L3,L3_P_LB_c1_r1,L3_P_LB_c1_r1_T186,BEAM,L3_V014,L3_V014,2054.0,5.071089,6.22935,31.589586,"5.75,6.065;5.7,6.065;5.7,6.115;5.65,6.115;5.65,6.165;5.65,6.215;5.65,6.265;5.65,6.315;5.65,6.365;5.65,6.415;5.65,6.465;5.65,6.515;5.65,6.565;5.65,6.615;5.65,6.665;5.65,6.715;5.65,6.765;5.65,6.815;5.65,6.865;5.65,6.915;5.65,6.965;5.65,7.015;5.65,7.065;5.7,7.065;5.7,7.115;5.75,7.115;5.75,7.165;5.8,7.165;5.8,7.215;5.85,7.215;5.85,7.265;5.9,7.265;5.9,7.315;5.95,7.315;5.95,7.365;6.0,7.365;6.0,7.415;6.05,7.415;6.05,7.465;6.1,7.465;6.1,7.515;6.15,7.515;6.15,7.565;6.2,7.565;6.2,7.615;6.25,7.615;6.25,7.665;6.3,7.665;6.3,7.715;6.35,7.715;6.35,7.765;6.4,7.765;6.4,7.815;6.45,7.815;6.45,7.865;6.5,7.865;6.5,7.915;6.55,7.915;6.55,7.965;6.6,7.965;6.6,8.015;6.65,8.015;6.65,8.065;6.7,8.065;6.7,8.115;6.75,8.115;6.75,8.165;6.8,8.165;6.8,8.215;6.85,8.215;6.85,8.265;6.9,8.265;6.9,8.315;6.95,8.315;6.95,8.365;7.0,8.365;7.0,8.415;7.05,8.415;7.05,8.465;7.1,8.465;7.1,8.515;7.15,8.515;7.15,8.565;7.2,8.565;7.2,8.615;7.25,8.615;7.25,8.665;7.3,8.665;7.3,8.715;7.35,8.715;7.35,8.765;7.4,8.765;7.4,8.815;7.45,8.815;7.45,8.865;7.5,8.865;7.5,8.815;7.5,8.765;7.5,8.715;7.5,8.665;7.5,8.615;7.5,8.565;7.5,8.515;7.5,8.465;7.5,8.415;7.5,8.365;7.5,8.315;7.5,8.265;7.5,8.215;7.5,8.165;7.5,8.115;7.5,8.065;7.5,8.015;7.5,7.965;7.5,7.915;7.5,7.865;7.5,7.815;7.5,7.765;7.5,7.715;7.5,7.665;7.5,7.615;7.5,7.565;7.5,7.515;7.5,7.465;7.5,7.415;7.5,7.365;7.5,7.315;7.5,7.265;7.5,7.215;7.5,7.165;7.5,7.115;7.5,7.065;7.5,7.015;7.5,6.965;7.5,6.915;7.5,6.865;7.5,6.815;7.5,6.765;7.5,6.715;7.5,6.665;7.5,6.615;7.5,6.565;7.5,6.515;7.5,6.465;7.5,6.415;7.5,6.365;7.5,6.315;7.5,6.265;7.5,6.215;7.5,6.165;7.5,6.115;7.5,6.065;7.5,6.015;7.5,5.965;7.5,5.915;7.5,5.865;7.5,5.815;7.5,5.765;7.5,5.715;7.5,5.665;7.5,5.615;7.5,5.565;7.5,5.515;7.5,5.465;7.5,5.415;7.5,5.365;7.5,5.315;7.5,5.265;7.5,5.215;7.5,5.165;7.5,5.115;7.5,5.065;7.5,5.015;7.5,4.965;7.5,4.915;7.5,4.865;7.5,4.815;7.5,4.765;7.5,4.715;7.5,4.665;7.5,4.615;7.5,4.565;7.5,4.515;7.5,4.465;7.5,4.415;7.5,4.365;7.5,4.315;7.45,4.315;7.45,4.365;7.4,4.365;7.4,4.415;7.35,4.415;7.35,4.465;7.3,4.465;7.3,4.515;7.25,4.515;7.25,4.565;7.2,4.565;7.2,4.615;7.15,4.615;7.15,4.665;7.1,4.665;7.1,4.715;7.05,4.715;7.05,4.765;7.0,4.765;7.0,4.815;6.95,4.815;6.95,4.865;6.9,4.865;6.9,4.915;6.85,4.915;6.85,4.965;6.8,4.965;6.8,5.015;6.75,5.015;6.75,5.065;6.7,5.065;6.7,5.115;6.65,5.115;6.65,5.165;6.6,5.165;6.6,5.215;6.55,5.215;6.55,5.265;6.5,5.265;6.5,5.315;6.45,5.315;6.45,5.365;6.4,5.365;6.4,5.415;6.35,5.415;6.35,5.465;6.3,5.465;6.3,5.515;6.25,5.515;6.25,5.565;6.2,5.565;6.2,5.615;6.15,5.615;6.15,5.665;6.1,5.665;6.1,5.715;6.05,5.715;6.05,5.765;6.0,5.765;6.0,5.815;5.95,5.815;5.95,5.865;5.9,5.865;5.9,5.915;5.85,5.915;5.85,5.965;5.8,5.965;5.8,6.015;5.75,6.015",TRANSFERIDO
L3,L3_P_LB_c1_r2,L3_P_LB_c1_r2_T187,BEAM,L3_V004,L3_V004,2044.0,3.3233,6.22935,20.701999,"3.85,8.95;3.85,9.0;3.9,9.0;3.9,9.05;3.95,9.05;3.95,9.1;4.0,9.1;4.0,9.15;4.05,9.15;4.05,9.2;4.1,9.2;4.1,9.25;4.15,9.25;4.15,9.3;4.2,9.3;4.2,9.35;4.25,9.35;4.25,9.4;4.3,9.4;4.3,9.45;4.35,9.45;4.35,9.5;4.4,9.5;4.4,9.55;4.45,9.55;4.45,9.6;4.5,9.6;4.5,9.65;4.55,9.65;4.55,9.7;4.6,9.7;4.6,9.75;4.65,9.75;4.65,9.8;4.7,9.8;4.7,9.85;4.75,9.85;4.75,9.9;4.8,9.9;4.8,9.95;4.85,9.95;4.85,10.0;4.9,10.0;4.9,10.05;4.95,10.05;4.95,10.1;5.0,10.1;5.0,10.15;5.05,10.15;5.05,10.2;5.1,10.2;5.1,10.25;5.15,10.25;5.15,10.3;5.2,10.3;5.2,10.35;5.25,10.35;5.25,10.4;5.3,10.4;5.35,10.4;5.4,10.4;5.45,10.4;5.5,10.4;5.55,10.4;5.6,10.4;5.65,10.4;5.7,10.4;5.75,10.4;5.8,10.4;5.85,10.4;5.9,10.4;5.95,10.4;6.0,10.4;6.0,10.35;6.05,10.35;6.05,10.3;6.1,10.3;6.1,10.25;6.15,10.25;6.15,10.2;6.2,10.2;6.2,10.15;6.25,10.15;6.25,10.1;6.3,10.1;6.3,10.05;6.35,10.05;6.35,10.0;6.4,10.0;6.4,9.95;6.45,9.95;6.45,9.9;6.5,9.9;6.5,9.85;6.55,9.85;6.55,9.8;6.6,9.8;6.6,9.75;6.65,9.75;6.65,9.7;6.7,9.7;6.75,9.7;6.75,9.65;6.8,9.65;6.8,9.6;6.85,9.6;6.85,9.55;6.9,9.55;6.9,9.5;6.95,9.5;6.95,9.45;7.0,9.45;7.0,9.4;7.05,9.4;7.05,9.35;7.1,9.35;7.1,9.3;7.15,9.3;7.15,9.25;7.2,9.25;7.2,9.2;7.25,9.2;7.25,9.15;7.3,9.15;7.3,9.1;7.35,9.1;7.35,9.05;7.4,9.05;7.4,9.0;7.45,9.0;7.45,8.95;7.5,8.95;7.5,8.9;7.45,8.9;7.4,8.9;7.35,8.9;7.3,8.9;7.25,8.9;7.2,8.9;7.15,8.9;7.1,8.9;7.05,8.9;7.0,8.9;6.95,8.9;6.9,8.9;6.85,8.9;6.8,8.9;6.75,8.9;6.7,8.9;6.65,8.9;6.6,8.9;6.55,8.9;6.5,8.9;6.45,8.9;6.4,8.9;6.35,8.9;6.3,8.9;6.25,8.9;6.2,8.9;6.15,8.9;6.1,8.9;6.05,8.9;6.0,8.9;5.95,8.9;5.9,8.9;5.85,8.9;5.8,8.9;5.75,8.9;5.7,8.9;5.65,8.9;5.6,8.9;5.55,8.9;5.5,8.9;5.45,8.9;5.4,8.9;5.35,8.9;5.3,8.9;5.25,8.9;5.2,8.9;5.15,8.9;5.1,8.9;5.05,8.9;5.0,8.9;4.95,8.9;4.9,8.9;4.85,8.9;4.8,8.9;4.75,8.9;4.7,8.9;4.65,8.9;4.6,8.9;4.55,8.9;4.5,8.9;4.45,8.9;4.4,8.9;4.35,8.9;4.3,8.9;4.25,8.9;4.2,8.9;4.15,8.9;4.1,8.9;4.05,8.9;4.0,8.9;3.95,8.9;3.9,8.9;3.85,8.9;3.8,8.9;3.8,8.95",TRANSFERIDO
L3,L3_P_LB_c1_r2,L3_P_LB_c1_r2_T188,BEAM,L3_V30_04,L3_V30_04,2092.0,3.43275,6.22935,21.383801,"4.25,11.35;4.25,11.4;4.2,11.4;4.2,11.45;4.15,11.45;4.15,11.5;4.1,11.5;4.1,11.55;4.05,11.55;4.05,11.6;4.0,11.6;4.0,11.65;3.95,11.65;3.95,11.7;3.9,11.7;3.9,11.75;3.85,11.75;3.85,11.8;3.8,11.8;3.8,11.85;3.75,11.85;3.75,11.9;3.8,11.9;3.85,11.9;3.9,11.9;3.95,11.9;4.0,11.9;4.05,11.9;4.1,11.9;4.15,11.9;4.2,11.9;4.25,11.9;4.3,11.9;4.35,11.9;4.4,11.9;4.45,11.9;4.5,11.9;4.55,11.9;4.6,11.9;4.65,11.9;4.7,11.9;4.75,11.9;4.8,11.9;4.85,11.9;4.9,11.9;4.95,11.9;5.0,11.9;5.05,11.9;5.1,11.9;5.15,11.9;5.2,11.9;5.25,11.9;5.3,11.9;5.35,11.9;5.4,11.9;5.45,11.9;5.5,11.9;5.55,11.9;5.6,11.9;5.65,11.9;5.7,11.9;5.75,11.9;5.8,11.9;5.85,11.9;5.9,11.9;5.95,11.9;6.0,11.9;6.05,11.9;6.1,11.9;6.15,11.9;6.2,11.9;6.25,11.9;6.3,11.9;6.35,11.9;6.4,11.9;6.45,11.9;6.5,11.9;6.55,11.9;6.6,11.9;6.65,11.9;6.7,11.9;6.75,11.9;6.8,11.9;6.85,11.9;6.9,11.9;6.95,11.9;7.0,11.9;7.05,11.9;7.1,11.9;7.15,11.9;7.2,11.9;7.25,11.9;7.3,11.9;7.35,11.9;7.4,11.9;7.45,11.9;7.5,11.9;7.5,11.85;7.45,11.85;7.45,11.8;7.4,11.8;7.4,11.75;7.35,11.75;7.35,11.7;7.3,11.7;7.3,11.65;7.25,11.65;7.25,11.6;7.2,11.6;7.2,11.55;7.15,11.55;7.15,11.5;7.1,11.5;7.1,11.45;7.05,11.45;7.05,11.4;7.0,11.4;7.0,11.35;6.95,11.35;6.95,11.3;6.9,11.3;6.9,11.25;6.85,11.25;6.85,11.2;6.8,11.2;6.8,11.15;6.75,11.15;6.75,11.1;6.7,11.1;6.7,11.05;6.65,11.05;6.65,11.0;6.6,11.0;6.6,10.95;6.55,10.95;6.55,10.9;6.5,10.9;6.5,10.85;6.45,10.85;6.45,10.8;6.4,10.8;6.4,10.75;6.35,10.75;6.35,10.7;6.3,10.7;6.3,10.65;6.25,10.65;6.25,10.6;6.2,10.6;6.2,10.55;6.15,10.55;6.15,10.5;6.1,10.5;6.1,10.45;6.05,10.45;6.05,10.4;6.0,10.4;5.95,10.4;5.9,10.4;5.85,10.4;5.8,10.4;5.75,10.4;5.7,10.4;5.65,10.4;5.6,10.4;5.55,10.4;5.5,10.4;5.45,10.4;5.4,10.4;5.35,10.4;5.3,10.4;5.25,10.4;5.2,10.4;5.2,10.45;5.15,10.45;5.15,10.5;5.1,10.5;5.1,10.55;5.05,10.55;5.05,10.6;5.0,10.6;5.0,10.65;4.95,10.65;4.95,10.7;4.9,10.7;4.9,10.75;4.85,10.75;4.85,10.8;4.8,10.8;4.8,10.85;4.75,10.85;4.75,10.9;4.7,10.9;4.7,10.95;4.65,10.95;4.65,11.0;4.6,11.0;4.6,11.05;4.55,11.05;4.55,11.1;4.5,11.1;4.5,11.15;4.45,11.15;4.45,11.2;4.4,11.2;4.4,11.25;4.35,11.25;4.35,11.3;4.3,11.3;4.3,11.35",TRANSFERIDO
L3,L3_P_LB_c1_r2,L3_P_LB_c1_r2_T189,BEAM,L3_V011,L3_V011,2051.0,2.23875,6.22935,13.945957,"3.75,9.25;3.75,9.3;3.75,9.35;3.75,9.4;3.75,9.45;3.75,9.5;3.75,9.55;3.75,9.6;3.75,9.65;3.75,9.7;3.75,9.75;3.75,9.8;3.75,9.85;3.75,9.9;3.75,9.95;3.75,10.0;3.75,10.05;3.75,10.1;3.75,10.15;3.75,10.2;3.75,10.25;3.75,10.3;3.75,10.35;3.75,10.4;3.75,10.45;3.75,10.5;3.75,10.55;3.75,10.6;3.75,10.65;3.75,10.7;3.75,10.75;3.75,10.8;3.75,10.85;3.75,10.9;3.75,10.95;3.75,11.0;3.75,11.05;3.75,11.1;3.75,11.15;3.75,11.2;3.75,11.25;3.75,11.3;3.75,11.35;3.75,11.4;3.75,11.45;3.75,11.5;3.75,11.55;3.75,11.6;3.75,11.65;3.75,11.7;3.75,11.75;3.75,11.8;3.75,11.85;3.8,11.85;3.8,11.8;3.85,11.8;3.85,11.75;3.9,11.75;3.9,11.7;3.95,11.7;3.95,11.65;4.0,11.65;4.0,11.6;4.05,11.6;4.05,11.55;4.1,11.55;4.1,11.5;4.15,11.5;4.15,11.45;4.2,11.45;4.2,11.4;4.25,11.4;4.25,11.35;4.3,11.35;4.3,11.3;4.35,11.3;4.35,11.25;4.4,11.25;4.4,11.2;4.45,11.2;4.45,11.15;4.5,11.15;4.5,11.1;4.55,11.1;4.55,11.05;4.6,11.05;4.6,11.0;4.65,11.0;4.65,10.95;4.7,10.95;4.7,10.9;4.75,10.9;4.75,10.85;4.8,10.85;4.8,10.8;4.85,10.8;4.85,10.75;4.9,10.75;4.9,10.7;4.95,10.7;4.95,10.65;5.0,10.65;5.0,10.6;5.05,10.6;5.05,10.55;5.1,10.55;5.1,10.5;5.15,10.5;5.15,10.45;5.2,10.45;5.2,10.4;5.25,10.4;5.25,10.35;5.2,10.35;5.2,10.3;5.15,10.3;5.15,10.25;5.1,10.25;5.1,10.2;5.05,10.2;5.05,10.15;5.0,10.15;5.0,10.1;4.95,10.1;4.95,10.05;4.9,10.05;4.9,10.0;4.85,10.0;4.85,9.95;4.8,9.95;4.8,9.9;4.75,9.9;4.75,9.85;4.7,9.85;4.7,9.8;4.65,9.8;4.65,9.75;4.6,9.75;4.6,9.7;4.55,9.7;4.55,9.65;4.5,9.65;4.5,9.6;4.45,9.6;4.45,9.55;4.4,9.55;4.4,9.5;4.35,9.5;4.35,9.45;4.3,9.45;4.3,9.4;4.25,9.4;4.25,9.35;4.2,9.35;4.2,9.3;4.15,9.3;4.15,9.25;4.1,9.25;4.1,9.2;4.05,9.2;4.05,9.15;4.0,9.15;4.0,9.1;3.95,9.1;3.95,9.05;3.9,9.05;3.9,9.0;3.85,9.0;3.85,8.95;3.8,8.95;3.8,8.9;3.75,8.9;3.75,8.95;3.75,9.0;3.75,9.05;3.75,9.1;3.75,9.15;3.75,9.2",TRANSFERIDO
L3,L3_P_LB_c1_r2,L3_P_LB_c1_r2_T190,BEAM,L3_V015,L3_V015,2055.0,2.19895,6.22935,13.698029,"6.3,10.1;6.25,10.1;6.25,10.15;6.2,10.15;6.2,10.2;6.15,10.2;6.15,10.25;6.1,10.25;6.1,10.3;6.05,10.3;6.05,10.35;6.0,10.35;6.0,10.4;6.05,10.4;6.05,10.45;6.1,10.45;6.1,10.5;6.15,10.5;6.15,10.55;6.2,10.55;6.2,10.6;6.25,10.6;6.25,10.65;6.3,10.65;6.3,10.7;6.35,10.7;6.35,10.75;6.4,10.75;6.4,10.8;6.45,10.8;6.45,10.85;6.5,10.85;6.5,10.9;6.55,10.9;6.55,10.95;6.6,10.95;6.6,11.0;6.65,11.0;6.65,11.05;6.7,11.05;6.7,11.1;6.75,11.1;6.75,11.15;6.8,11.15;6.8,11.2;6.85,11.2;6.85,11.25;6.9,11.25;6.9,11.3;6.95,11.3;6.95,11.35;7.0,11.35;7.0,11.4;7.05,11.4;7.05,11.45;7.1,11.45;7.1,11.5;7.15,11.5;7.15,11.55;7.2,11.55;7.2,11.6;7.25,11.6;7.25,11.65;7.3,11.65;7.3,11.7;7.35,11.7;7.35,11.75;7.4,11.75;7.4,11.8;7.45,11.8;7.45,11.85;7.5,11.85;7.5,11.8;7.5,11.75;7.5,11.7;7.5,11.65;7.5,11.6;7.5,11.55;7.5,11.5;7.5,11.45;7.5,11.4;7.5,11.35;7.5,11.3;7.5,11.25;7.5,11.2;7.5,11.15;7.5,11.1;7.5,11.05;7.5,11.0;7.5,10.95;7.5,10.9;7.5,10.85;7.5,10.8;7.5,10.75;7.5,10.7;7.5,10.65;7.5,10.6;7.5,10.55;7.5,10.5;7.5,10.45;7.5,10.4;7.5,10.35;7.5,10.3;7.5,10.25;7.5,10.2;7.5,10.15;7.5,10.1;7.5,10.05;7.5,10.0;7.5,9.95;7.5,9.9;7.5,9.85;7.5,9.8;7.5,9.75;7.5,9.7;7.5,9.65;7.5,9.6;7.5,9.55;7.5,9.5;7.5,9.45;7.5,9.4;7.5,9.35;7.5,9.3;7.5,9.25;7.5,9.2;7.5,9.15;7.5,9.1;7.5,9.05;7.5,9.0;7.5,8.95;7.45,8.95;7.45,9.0;7.4,9.0;7.4,9.05;7.35,9.05;7.35,9.1;7.3,9.1;7.3,9.15;7.25,9.15;7.25,9.2;7.2,9.2;7.2,9.25;7.15,9.25;7.15,9.3;7.1,9.3;7.1,9.35;7.05,9.35;7.05,9.4;7.0,9.4;7.0,9.45;6.95,9.45;6.95,9.5;6.9,9.5;6.9,9.55;6.85,9.55;6.85,9.6;6.8,9.6;6.8,9.65;6.75,9.65;6.75,9.7;6.7,9.7;6.65,9.7;6.65,9.75;6.6,9.75;6.6,9.8;6.55,9.8;6.55,9.85;6.5,9.85;6.5,9.9;6.45,9.9;6.45,9.95;6.4,9.95;6.4,10.0;6.35,10.0;6.35,10.05;6.3,10.05",TRANSFERIDO
L3,L3_P_LB_c1_r3,L3_P_LB_c1_r3_T191,BEAM,L3_V30_04,L3_V30_04,2092.0,3.474721,6.22935,21.645251,"3.85,11.935;3.85,11.985;3.9,11.985;3.9,12.035;3.95,12.035;3.95,12.085;4.0,12.085;4.0,12.135;4.05,12.135;4.05,12.185;4.1,12.185;4.1,12.235;4.15,12.235;4.15,12.285;4.2,12.285;4.2,12.335;4.25,12.335;4.25,12.385;4.3,12.385;4.3,12.435;4.35,12.435;4.35,12.485;4.4,12.485;4.4,12.535;4.45,12.535;4.45,12.585;4.5,12.585;4.5,12.635;4.55,12.635;4.55,12.685;4.6,12.685;4.6,12.735;4.65,12.735;4.65,12.785;4.7,12.785;4.7,12.835;4.75,12.835;4.75,12.885;4.8,12.885;4.8,12.935;4.85,12.935;4.85,12.985;4.9,12.985;4.9,13.035;4.95,13.035;4.95,13.085;5.0,13.085;5.0,13.135;5.05,13.135;5.05,13.185;5.1,13.185;5.1,13.235;5.15,13.235;5.15,13.285;5.2,13.285;5.2,13.335;5.25,13.335;5.25,13.385;5.3,13.385;5.3,13.435;5.35,13.435;5.35,13.485;5.4,13.485;5.4,13.535;5.45,13.535;5.45,13.585;5.5,13.585;5.5,13.635;5.55,13.635;5.55,13.685;5.6,13.685;5.6,13.735;5.65,13.735;5.65,13.685;5.7,13.685;5.7,13.635;5.75,13.635;5.75,13.585;5.8,13.585;5.8,13.535;5.85,13.535;5.85,13.485;5.9,13.485;5.9,13.435;5.95,13.435;5.95,13.385;6.0,13.385;6.0,13.335;6.05,13.335;6.05,13.285;6.1,13.285;6.1,13.235;6.15,13.235;6.15,13.185;6.2,13.185;6.2,13.135;6.25,13.135;6.25,13.085;6.3,13.085;6.3,13.035;6.35,13.035;6.35,12.985;6.4,12.985;6.4,12.935;6.45,12.935;6.45,12.885;6.5,12.885;6.5,12.835;6.55,12.835;6.55,12.785;6.6,12.785;6.6,12.735;6.65,12.735;6.65,12.685;6.7,12.685;6.75,12.685;6.75,12.635;6.8,12.635;6.8,12.585;6.85,12.585;6.85,12.535;6.9,12.535;6.9,12.485;6.95,12.485;6.95,12.435;7.0,12.435;7.0,12.385;7.05,12.385;7.05,12.335;7.1,12.335;7.1,12.285;7.15,12.285;7.15,12.235;7.2,12.235;7.2,12.185;7.25,12.185;7.25,12.135;7.3,12.135;7.3,12.085;7.35,12.085;7.35,12.035;7.4,12.035;7.4,11.985;7.45,11.985;7.45,11.935;7.5,11.935;7.5,11.885;7.45,11.885;7.4,11.885;7.35,11.885;7.3,11.885;7.25,11.885;7.2,11.885;7.15,11.885;7.1,11.885;7.05,11.885;7.0,11.885;6.95,11.885;6.9,11.885;6.85,11.885;6.8,11.885;6.75,11.885;6.7,11.885;6.65,11.885;6.6,11.885;6.55,11.885;6.5,11.885;6.45,11.885;6.4,11.885;6.35,11.885;6.3,11.885;6.25,11.885;6.2,11.885;6.15,11.885;6.1,11.885;6.05,11.885;6.0,11.885;5.95,11.885;5.9,11.885;5.85,11.885;5.8,11.885;5.75,11.885;5.7,11.885;5.65,11.885;5.6,11.885;5.55,11.885;5.5,11.885;5.45,11.885;5.4,11.885;5.35,11.885;5.3,11.885;5.25,11.885;5.2,11.885;5.15,11.885;5.1,11.885;5.05,11.885;5.0,11.885;4.95,11.885;4.9,11.885;4.85,11.885;4.8,11.885;4.75,11.885;4.7,11.885;4.65,11.885;4.6,11.885;4.55,11.885;4.5,11.885;4.45,11.885;4.4,11.885;4.35,11.885;4.3,11.885;4.25,11.885;4.2,11.885;4.15,11.885;4.1,11.885;4.05,11.885;4.0,11.885;3.95,11.885;3.9,11.885;3.85,11.885;3.8,11.885;3.8,11.935",TRANSFERIDO
L3,L3_P_LB_c1_r3,L3_P_LB_c1_r3_T192,BEAM,L3_V007,L3_V007,2047.0,3.434579,6.22935,21.395197,"3.85,16.085;3.8,16.085;3.8,16.085;3.8,16.135;3.8,16.135;7.45,16.135;7.45,16.135;7.45,16.085;7.45,16.085;7.4,16.085;7.4,16.035;7.4,16.035;7.35,16.035;7.35,15.985;7.35,15.985;7.3,15.985;7.3,15.935;7.3,15.935;7.25,15.935;7.25,15.885;7.25,15.885;7.2,15.885;7.2,15.835;7.2,15.835;7.15,15.835;7.15,15.785;7.15,15.785;7.1,15.785;7.1,15.735;7.1,15.735;7.05,15.735;7.05,15.685;7.05,15.685;7.0,15.685;7.0,15.635;7.0,15.635;6.95,15.635;6.95,15.585;6.95,15.585;6.9,15.585;6.9,15.535;6.9,15.535;6.85,15.535;6.85,15.485;6.85,15.485;6.8,15.485;6.8,15.435;6.8,15.435;6.75,15.435;6.75,15.385;6.75,15.385;6.7,15.385;6.7,15.335;6.7,15.335;6.65,15.335;6.65,15.285;6.65,15.285;6.6,15.285;6.6,15.235;6.6,15.235;6.55,15.235;6.55,15.185;6.55,15.185;6.5,15.185;6.5,15.135;6.5,15.135;6.45,15.135;6.45,15.085;6.45,15.085;6.4,15.085;6.4,15.035;6.4,15.035;6.35,15.035;6.35,14.985;6.35,14.985;6.3,14.985;6.3,14.935;6.3,14.935;6.25,14.935;6.25,14.885;6.25,14.885;6.2,14.885;6.2,14.835;6.2,14.835;6.15,14.835;6.15,14.785;6.15,14.785;6.1,14.785;6.1,14.735;6.1,14.735;6.05,14.735;6.05,14.685;6.05,14.685;6.0,14.685;6.0,14.635;6.0,14.635;5.95,14.635;5.95,14.585;5.95,14.585;5.9,14.585;5.9,14.535;5.9,14.535;5.85,14.535;5.85,14.485;5.85,14.485;5.8,14.485;5.8,14.435;5.8,14.435;5.75,14.435;5.75,14.385;5.75,14.385;5.7,14.385;5.7,14.335;5.7,14.335;5.65,14.335;5.65,14.285;5.65,14.285;5.6,14.285;5.6,14.285;5.6,14.335;5.55,14.335;5.55,14.335;5.55,14.385;5.5,14.385;5.5,14.385;5.5,14.435;5.45,14.435;5.45,14.435;5.45,14.485;5.4,14.485;5.4,14.485;5.4,14.535;5.35,14.535;5.35,14.535;5.35,14.585;5.3,14.585;5.3,14.585;5.3,14.635;5.25,14.635;5.25,14.635;5.25,14.685;5.2,14.685;5.2,14.685;5.2,14.735;5.15,14.735;5.15,14.735;5.15,14.785;5.1,14.785;5.1,14.785;5.1,14.835;5.05,14.835;5.05,14.835;5.05,14.885;5.0,14.885;5.0,14.885;5.0,14.935;4.95,14.935;4.95,14.935;4.95,14.985;4.9,14.985;4.9,14.985;4.9,15.035;4.85,15.035;4.85,15.035;4.85,15.085;4.8,15.085;4.8,15.085;4.8,15.135;4.75,15.135;4.75,15.135;4.75,15.185;4.7,15.185;4.7,15.185;4.7,15.235;4.65,15.235;4.65,15.235;4.65,15.285;4.6,15.285;4.6,15.285;4.6,15.335;4.55,15.335;4.55,15.335;4.55,15.385;4.5,15.385;4.5,15.385;4.5,15.435;4.45,15.435;4.45,15.435;4.45,15.485;4.4,15.485;4.4,15.485;4.4,15.535;4.35,15.535;4.35,15.535;4.35,15.585;4.3,15.585;4.3,15.585;4.3,15.635;4.25,15.635;4.25,15.635;4.25,15.685;4.2,15.685;4.2,15.685;4.2,15.735;4.15,15.735;4.15,15.735;4.15,15.785;4.1,15.785;4.1,15.785;4.1,15.835;4.05,15.835;4.05,15.835;4.05,15.885;4.0,15.885;4.0,15.885;4.0,15.935;3.95,15.935;3.95,15.935;3.95,15.985;3.9,15.985;3.9,15.985;3.9,16.035;3.85,16.035;3.85,16.035",TRANSFERIDO
L3,L3_P_LB_c1_r3,L3_P_LB_c1_r3_T193,BEAM,L3_V012,L3_V012,2052.0,4.576094,6.22935,28.506092,"3.75,16.035;3.75,16.085;3.75,16.135;3.75,16.135;3.8,16.135;3.8,16.135;3.8,16.085;3.85,16.085;3.85,16.085;3.85,16.035;3.9,16.035;3.9,16.035;3.9,15.985;3.95,15.985;3.95,15.985;3.95,15.935;4.0,15.935;4.0,15.935;4.0,15.885;4.05,15.885;4.05,15.885;4.05,15.835;4.1,15.835;4.1,15.835;4.1,15.785;4.15,15.785;4.15,15.785;4.15,15.735;4.2,15.735;4.2,15.735;4.2,15.685;4.25,15.685;4.25,15.685;4.25,15.635;4.3,15.635;4.3,15.635;4.3,15.585;4.35,15.585;4.35,15.585;4.35,15.535;4.4,15.535;4.4,15.535;4.4,15.485;4.45,15.485;4.45,15.485;4.45,15.435;4.5,15.435;4.5,15.435;4.5,15.385;4.55,15.385;4.55,15.385;4.55,15.335;4.6,15.335;4.6,15.335;4.6,15.285;4.65,15.285;4.65,15.285;4.65,15.235;4.7,15.235;4.7,15.235;4.7,15.185;4.75,15.185;4.75,15.185;4.75,15.135;4.8,15.135;4.8,15.135;4.8,15.085;4.85,15.085;4.85,15.085;4.85,15.035;4.9,15.035;4.9,15.035;4.9,14.985;4.95,14.985;4.95,14.985;4.95,14.935;5.0,14.935;5.0,14.935;5.0,14.885;5.05,14.885;5.05,14.885;5.05,14.835;5.1,14.835;5.1,14.835;5.1,14.785;5.15,14.785;5.15,14.785;5.15,14.735;5.2,14.735;5.2,14.735;5.2,14.685;5.25,14.685;5.25,14.685;5.25,14.635;5.3,14.635;5.3,14.635;5.3,14.585;5.35,14.585;5.35,14.585;5.35,14.535;5.4,14.535;5.4,14.535;5.4,14.485;5.45,14.485;5.45,14.485;5.45,14.435;5.5,14.435;5.5,14.435;5.5,14.385;5.55,14.385;5.55,14.385;5.55,14.335;5.6,14.335;5.6,14.335;5.6,14.285;5.65,14.285;5.65,14.285;5.65,13.735;5.65,13.735;5.6,13.735;5.6,13.685;5.6,13.685;5.55,13.685;5.55,13.635;5.55,13.635;5.5,13.635;5.5,13.585;5.5,13.585;5.45,13.585;5.45,13.535;5.45,13.535;5.4,13.535;5.4,13.485;5.4,13.485;5.35,13.485;5.35,13.435;5.35,13.435;5.3,13.435;5.3,13.385;5.3,13.385;5.25,13.385;5.25,13.335;5.25,13.335;5.2,13.335;5.2,13.285;5.2,13.285;5.15,13.285;5.15,13.235;5.15,13.235;5.1,13.235;5.1,13.185;5.1,13.185;5.05,13.185;5.05,13.135;5.05,13.135;5.0,13.135;5.0,13.085;5.0,13.085;4.95,13.085;4.95,13.035;4.95,13.035;4.9,13.035;4.9,12.985;4.9,12.985;4.85,12.985;4.85,12.935;4.85,12.935;4.8,12.935;4.8,12.885;4.8,12.885;4.75,12.885;4.75,12.835;4.75,12.835;4.7,12.835;4.7,12.785;4.7,12.785;4.65,12.785;4.65,12.735;4.65,12.735;4.6,12.735;4.6,12.685;4.6,12.685;4.55,12.685;4.55,12.635;4.55,12.635;4.5,12.635;4.5,12.585;4.5,12.585;4.45,12.585;4.45,12.535;4.45,12.535;4.4,12.535;4.4,12.485;4.4,12.485;4.35,12.485;4.35,12.435;4.35,12.435;4.3,12.435;4.3,12.385;4.3,12.385;4.25,12.385;4.25,12.335;4.25,12.335;4.2,12.335;4.2,12.285;4.2,12.285;4.15,12.285;4.15,12.235;4.15,12.235;4.1,12.235;4.1,12.185;4.1,12.185;4.05,12.185;4.05,12.135;4.05,12.135;4.0,12.135;4.0,12.085;4.0,12.085;3.95,12.085;3.95,12.035;3.95,12.035;3.9,12.035;3.9,11.985;3.9,11.985;3.85,11.985;3.85,11.935;3.85,11.935;3.8,11.935;3.8,11.885;3.8,11.885;3.75,11.885;3.75,11.885",TRANSFERIDO
L3,L3_P_LB_c1_r3,L3_P_LB_c1_r3_T194,BEAM,L3_V016,L3_V016,2056.0,4.508356,6.22935,28.084127,"5.75,13.635;5.7,13.635;5.7,13.635;5.7,13.685;5.65,13.685;5.65,13.685;5.65,14.335;5.65,14.335;5.7,14.335;5.7,14.385;5.7,14.385;5.75,14.385;5.75,14.435;5.75,14.435;5.8,14.435;5.8,14.485;5.8,14.485;5.85,14.485;5.85,14.535;5.85,14.535;5.9,14.535;5.9,14.585;5.9,14.585;5.95,14.585;5.95,14.635;5.95,14.635;6.0,14.635;6.0,14.685;6.0,14.685;6.05,14.685;6.05,14.735;6.05,14.735;6.1,14.735;6.1,14.785;6.1,14.785;6.15,14.785;6.15,14.835;6.15,14.835;6.2,14.835;6.2,14.885;6.2,14.885;6.25,14.885;6.25,14.935;6.25,14.935;6.3,14.935;6.3,14.985;6.3,14.985;6.35,14.985;6.35,15.035;6.35,15.035;6.4,15.035;6.4,15.085;6.4,15.085;6.45,15.085;6.45,15.135;6.45,15.135;6.5,15.135;6.5,15.185;6.5,15.185;6.55,15.185;6.55,15.235;6.55,15.235;6.6,15.235;6.6,15.285;6.6,15.285;6.65,15.285;6.65,15.335;6.65,15.335;6.7,15.335;6.7,15.385;6.7,15.385;6.75,15.385;6.75,15.435;6.75,15.435;6.8,15.435;6.8,15.485;6.8,15.485;6.85,15.485;6.85,15.535;6.85,15.535;6.9,15.535;6.9,15.585;6.9,15.585;6.95,15.585;6.95,15.635;6.95,15.635;7.0,15.635;7.0,15.685;7.0,15.685;7.05,15.685;7.05,15.735;7.05,15.735;7.1,15.735;7.1,15.785;7.1,15.785;7.15,15.785;7.15,15.835;7.15,15.835;7.2,15.835;7.2,15.885;7.2,15.885;7.25,15.885;7.25,15.935;7.25,15.935;7.3,15.935;7.3,15.985;7.3,15.985;7.35,15.985;7.35,16.035;7.35,16.035;7.4,16.035;7.4,16.085;7.4,16.085;7.45,16.085;7.45,16.135;7.45,16.135;7.5,16.135;7.5,16.135;7.5,16.085;7.5,16.035;7.5,11.935;7.5,11.935;7.45,11.935;7.45,11.935;7.45,11.985;7.4,11.985;7.4,11.985;7.4,12.035;7.35,12.035;7.35,12.035;7.35,12.085;7.3,12.085;7.3,12.085;7.3,12.135;7.25,12.135;7.25,12.135;7.25,12.185;7.2,12.185;7.2,12.185;7.2,12.235;7.15,12.235;7.15,12.235;7.15,12.285;7.1,12.285;7.1,12.285;7.1,12.335;7.05,12.335;7.05,12.335;7.05,12.385;7.0,12.385;7.0,12.385;7.0,12.435;6.95,12.435;6.95,12.435;6.95,12.485;6.9,12.485;6.9,12.485;6.9,12.535;6.85,12.535;6.85,12.535;6.85,12.585;6.8,12.585;6.8,12.585;6.8,12.635;6.75,12.635;6.75,12.635;6.75,12.685;6.65,12.685;6.65,12.685;6.65,12.735;6.6,12.735;6.6,12.735;6.6,12.785;6.55,12.785;6.55,12.785;6.55,12.835;6.5,12.835;6.5,12.835;6.5,12.885;6.45,12.885;6.45,12.885;6.45,12.935;6.4,12.935;6.4,12.935;6.4,12.985;6.35,12.985;6.35,12.985;6.35,13.035;6.3,13.035;6.3,13.035;6.3,13.085;6.25,13.085;6.25,13.085;6.25,13.135;6.2,13.135;6.2,13.135;6.2,13.185;6.15,13.185;6.15,13.185;6.15,13.235;6.1,13.235;6.1,13.235;6.1,13.285;6.05,13.285;6.05,13.285;6.05,13.335;6.0,13.335;6.0,13.335;6.0,13.385;5.95,13.385;5.95,13.385;5.95,13.435;5.9,13.435;5.9,13.435;5.9,13.485;5.85,13.485;5.85,13.485;5.85,13.535;5.8,13.535;5.8,13.535;5.8,13.585;5.75,13.585;5.75,13.585",TRANSFERIDO
L3,L3_P_LB_c2_r0,L3_P_LB_c2_r0_T195,BEAM,L3_V003,L3_V003,2043.0,3.532424,6.22935,22.004703,"7.55,0.05;7.55,0.1;7.55,0.1;7.65,0.1;7.65,0.15;7.65,0.15;7.7,0.15;7.7,0.2;7.7,0.2;7.75,0.2;7.75,0.25;7.75,0.25;7.8,0.25;7.8,0.3;7.8,0.3;7.85,0.3;7.85,0.35;7.85,0.35;7.9,0.35;7.9,0.4;7.9,0.4;7.95,0.4;7.95,0.45;7.95,0.45;8.0,0.45;8.0,0.5;8.0,0.5;8.05,0.5;8.05,0.55;8.05,0.55;8.1,0.55;8.1,0.6;8.1,0.6;8.15,0.6;8.15,0.65;8.15,0.65;8.2,0.65;8.2,0.7;8.2,0.7;8.25,0.7;8.25,0.75;8.25,0.75;8.3,0.75;8.3,0.8;8.3,0.8;8.35,0.8;8.35,0.85;8.35,0.85;8.4,0.85;8.4,0.9;8.4,0.9;8.45,0.9;8.45,0.95;8.45,0.95;8.5,0.95;8.5,1.0;8.5,1.0;8.55,1.0;8.55,1.05;8.55,1.05;8.6,1.05;8.6,1.1;8.6,1.1;8.65,1.1;8.65,1.15;8.65,1.15;8.7,1.15;8.7,1.2;8.7,1.2;8.75,1.2;8.75,1.25;8.75,1.25;8.8,1.25;8.8,1.3;8.8,1.3;8.85,1.3;8.85,1.35;8.85,1.35;8.9,1.35;8.9,1.4;8.9,1.4;8.95,1.4;8.95,1.45;8.95,1.45;9.0,1.45;9.0,1.5;9.0,1.5;9.05,1.5;9.05,1.55;9.05,1.55;9.1,1.55;9.1,1.6;9.1,1.6;9.15,1.6;9.15,1.65;9.15,1.65;9.2,1.65;9.2,1.7;9.2,1.7;9.25,1.7;9.25,1.75;9.25,1.75;9.3,1.75;9.3,1.8;9.3,1.8;9.35,1.8;9.35,1.85;9.35,1.85;9.45,1.85;9.45,1.85;9.45,1.8;9.5,1.8;9.5,1.8;9.5,1.75;9.55,1.75;9.55,1.75;9.55,1.7;9.6,1.7;9.6,1.7;9.6,1.65;9.65,1.65;9.65,1.65;9.65,1.6;9.7,1.6;9.7,1.6;9.7,1.55;9.75,1.55;9.75,1.55;9.75,1.5;9.8,1.5;9.8,1.5;9.8,1.45;9.85,1.45;9.85,1.45;9.85,1.4;9.9,1.4;9.9,1.4;9.9,1.35;9.95,1.35;9.95,1.35;9.95,1.3;10.0,1.3;10.0,1.3;10.0,1.25;10.05,1.25;10.05,1.25;10.05,1.2;10.1,1.2;10.1,1.2;10.1,1.15;10.15,1.15;10.15,1.15;10.15,1.1;10.2,1.1;10.2,1.1;10.2,1.05;10.25,1.05;10.25,1.05;10.25,1.0;10.3,1.0;10.3,1.0;10.3,0.95;10.35,0.95;10.35,0.95;10.35,0.9;10.4,0.9;10.4,0.9;10.4,0.85;10.45,0.85;10.45,0.85;10.45,0.8;10.5,0.8;10.5,0.8;10.5,0.75;10.55,0.75;10.55,0.75;10.55,0.7;10.6,0.7;10.6,0.7;10.6,0.65;10.65,0.65;10.65,0.65;10.65,0.6;10.7,0.6;10.7,0.6;10.7,0.55;10.75,0.55;10.75,0.55;10.75,0.5;10.8,0.5;10.8,0.5;10.8,0.45;10.85,0.45;10.85,0.45;10.85,0.4;10.9,0.4;10.9,0.4;10.9,0.35;10.95,0.35;10.95,0.35;10.95,0.3;11.0,0.3;11.0,0.3;11.0,0.25;11.05,0.25;11.05,0.25;11.05,0.2;11.1,0.2;11.1,0.2;11.1,0.15;11.15,0.15;11.15,0.15;11.15,0.1;11.2,0.1;11.2,0.1;11.2,0.05;11.25,0.05;11.25,0.05;11.25,0.0;11.25,-0.0;7.5,-0.0;7.5,0.0;7.5,0.05;7.5,0.05",TRANSFERIDO
L3,L3_P_LB_c2_r0,L3_P_LB_c2_r0_T196,BEAM,L3_V013,L3_V013,2053.0,6.334779,6.22935,39.461558,"7.5,0.1;7.5,0.2;7.5,1.05;7.5,1.1;7.5,1.2;7.5,1.25;7.5,1.3;7.5,1.35;7.5,1.4;7.5,1.5;7.5,1.55;7.5,1.6;7.5,1.65;7.5,1.7;7.5,1.75;7.5,1.85;7.5,1.9;7.5,1.95;7.5,2.1;7.5,2.2;7.5,2.35;7.5,2.45;7.5,2.55;7.5,2.7;7.5,2.8;7.5,2.95;7.5,3.05;7.5,3.15;7.5,3.3;7.5,3.4;7.5,3.5;7.5,3.65;7.5,3.75;7.5,3.9;7.5,4.25;7.5,4.25;9.4,4.25;9.4,4.25;9.4,3.9;9.4,3.75;9.4,3.65;9.4,3.5;9.4,3.4;9.4,3.3;9.4,3.15;9.4,3.05;9.4,2.95;9.4,2.8;9.4,2.7;9.4,2.55;9.4,2.45;9.4,2.35;9.4,2.2;9.4,2.1;9.4,1.95;9.4,1.9;9.4,1.85;9.4,1.85;9.35,1.85;9.35,1.8;9.35,1.8;9.3,1.8;9.3,1.75;9.3,1.75;9.25,1.75;9.25,1.7;9.25,1.7;9.2,1.7;9.2,1.65;9.2,1.65;9.15,1.65;9.15,1.6;9.15,1.6;9.1,1.6;9.1,1.55;9.1,1.55;9.05,1.55;9.05,1.5;9.05,1.5;9.0,1.5;9.0,1.45;9.0,1.45;8.95,1.45;8.95,1.4;8.95,1.4;8.9,1.4;8.9,1.35;8.9,1.35;8.85,1.35;8.85,1.3;8.85,1.3;8.8,1.3;8.8,1.25;8.8,1.25;8.75,1.25;8.75,1.2;8.75,1.2;8.7,1.2;8.7,1.15;8.7,1.15;8.65,1.15;8.65,1.1;8.65,1.1;8.6,1.1;8.6,1.05;8.6,1.05;8.55,1.05;8.55,1.0;8.55,1.0;8.5,1.0;8.5,0.95;8.5,0.95;8.45,0.95;8.45,0.9;8.45,0.9;8.4,0.9;8.4,0.85;8.4,0.85;8.35,0.85;8.35,0.8;8.35,0.8;8.3,0.8;8.3,0.75;8.3,0.75;8.25,0.75;8.25,0.7;8.25,0.7;8.2,0.7;8.2,0.65;8.2,0.65;8.15,0.65;8.15,0.6;8.15,0.6;8.1,0.6;8.1,0.55;8.1,0.55;8.05,0.55;8.05,0.5;8.05,0.5;8.0,0.5;8.0,0.45;8.0,0.45;7.95,0.45;7.95,0.4;7.95,0.4;7.9,0.4;7.9,0.35;7.9,0.35;7.85,0.35;7.85,0.3;7.85,0.3;7.8,0.3;7.8,0.25;7.8,0.25;7.75,0.25;7.75,0.2;7.75,0.2;7.7,0.2;7.7,0.15;7.7,0.15;7.65,0.15;7.65,0.1;7.65,0.1;7.55,0.1;7.55,0.05;7.55,0.05;7.5,0.05;7.5,0.05;7.5,0.1",TRANSFERIDO
L3,L3_P_LB_c2_r0,L3_P_LB_c2_r0_T197,BEAM,L3_V017,L3_V017,2057.0,6.126547,6.22935,38.164406,"9.4,1.9;9.4,1.95;9.4,2.1;9.4,2.2;9.4,2.35;9.4,2.45;9.4,2.55;9.4,2.7;9.4,2.8;9.4,2.95;9.4,3.05;9.4,3.15;9.4,3.3;9.4,3.4;9.4,3.5;9.4,3.65;9.4,3.75;9.4,3.9;9.4,4.25;9.4,4.25;11.25,4.25;11.25,4.25;11.25,3.9;11.25,3.75;11.25,3.65;11.25,3.5;11.25,3.4;11.25,3.3;11.25,3.15;11.25,3.05;11.25,2.95;11.25,2.8;11.25,2.7;11.25,2.55;11.25,2.45;11.25,2.35;11.25,2.2;11.25,2.1;11.25,1.95;11.25,1.9;11.25,1.85;11.25,1.75;11.25,1.7;11.25,1.65;11.25,1.6;11.25,1.55;11.25,1.5;11.25,1.4;11.25,1.35;11.25,1.3;11.25,1.25;11.25,1.2;11.25,1.1;11.25,1.05;11.25,0.2;11.25,0.1;11.25,0.05;11.25,0.05;11.2,0.05;11.2,0.05;11.2,0.1;11.15,0.1;11.15,0.1;11.15,0.15;11.1,0.15;11.1,0.15;11.1,0.2;11.05,0.2;11.05,0.2;11.05,0.25;11.0,0.25;11.0,0.25;11.0,0.3;10.95,0.3;10.95,0.3;10.95,0.35;10.9,0.35;10.9,0.35;10.9,0.4;10.85,0.4;10.85,0.4;10.85,0.45;10.8,0.45;10.8,0.45;10.8,0.5;10.75,0.5;10.75,0.5;10.75,0.55;10.7,0.55;10.7,0.55;10.7,0.6;10.65,0.6;10.65,0.6;10.65,0.65;10.6,0.65;10.6,0.65;10.6,0.7;10.55,0.7;10.55,0.7;10.55,0.75;10.5,0.75;10.5,0.75;10.5,0.8;10.45,0.8;10.45,0.8;10.45,0.85;10.4,0.85;10.4,0.85;10.4,0.9;10.35,0.9;10.35,0.9;10.35,0.95;10.3,0.95;10.3,0.95;10.3,1.0;10.25,1.0;10.25,1.0;10.25,1.05;10.2,1.05;10.2,1.05;10.2,1.1;10.15,1.1;10.15,1.1;10.15,1.15;10.1,1.15;10.1,1.15;10.1,1.2;10.05,1.2;10.05,1.2;10.05,1.25;10.0,1.25;10.0,1.25;10.0,1.3;9.95,1.3;9.95,1.3;9.95,1.35;9.9,1.35;9.9,1.35;9.9,1.4;9.85,1.4;9.85,1.4;9.85,1.45;9.8,1.45;9.8,1.45;9.8,1.5;9.75,1.5;9.75,1.5;9.75,1.55;9.7,1.55;9.7,1.55;9.7,1.6;9.65,1.6;9.65,1.6;9.65,1.65;9.6,1.65;9.6,1.65;9.6,1.7;9.55,1.7;9.55,1.7;9.55,1.75;9.5,1.75;9.5,1.75;9.5,1.8;9.45,1.8;9.45,1.8;9.45,1.85;9.4,1.85;9.4,1.85",TRANSFERIDO
L3,L3_P_LB_c2_r1,L3_P_LB_c2_r1_T198,BEAM,L3_V005,L3_V005,2045.0,3.598355,6.22935,22.415412,"8.05,8.365;8.0,8.365;8.0,8.415;7.95,8.415;7.95,8.465;7.9,8.465;7.9,8.515;7.85,8.515;7.85,8.565;7.8,8.565;7.8,8.615;7.75,8.615;7.75,8.665;7.7,8.665;7.7,8.715;7.65,8.715;7.65,8.765;7.6,8.765;7.6,8.815;7.55,8.815;7.55,8.865;7.5,8.865;7.5,8.915;7.55,8.915;7.6,8.915;7.65,8.915;7.7,8.915;7.75,8.915;7.8,8.915;7.85,8.915;7.9,8.915;7.95,8.915;8.0,8.915;8.05,8.915;8.1,8.915;8.15,8.915;8.2,8.915;8.25,8.915;8.3,8.915;8.35,8.915;8.4,8.915;8.45,8.915;8.5,8.915;8.55,8.915;8.6,8.915;8.65,8.915;8.7,8.915;8.75,8.915;8.8,8.915;8.85,8.915;8.9,8.915;8.95,8.915;9.0,8.915;9.05,8.915;9.1,8.915;9.15,8.915;9.2,8.915;9.25,8.915;9.3,8.915;9.35,8.915;9.4,8.915;9.45,8.915;9.5,8.915;9.55,8.915;9.6,8.915;9.65,8.915;9.7,8.915;9.75,8.915;9.8,8.915;9.85,8.915;9.9,8.915;9.95,8.915;10.0,8.915;10.05,8.915;10.1,8.915;10.15,8.915;10.2,8.915;10.25,8.915;10.3,8.915;10.35,8.915;10.4,8.915;10.45,8.915;10.5,8.915;10.55,8.915;10.6,8.915;10.65,8.915;10.7,8.915;10.75,8.915;10.8,8.915;10.85,8.915;10.9,8.915;10.95,8.915;11.0,8.915;11.05,8.915;11.1,8.915;11.15,8.915;11.2,8.915;11.25,8.915;11.25,8.865;11.2,8.865;11.2,8.815;11.15,8.815;11.15,8.765;11.1,8.765;11.1,8.715;11.05,8.715;11.05,8.665;11.0,8.665;11.0,8.615;10.95,8.615;10.95,8.565;10.9,8.565;10.9,8.515;10.85,8.515;10.85,8.465;10.8,8.465;10.8,8.415;10.75,8.415;10.75,8.365;10.7,8.365;10.7,8.315;10.65,8.315;10.65,8.265;10.6,8.265;10.6,8.215;10.55,8.215;10.55,8.165;10.5,8.165;10.5,8.115;10.45,8.115;10.45,8.065;10.4,8.065;10.4,8.015;10.35,8.015;10.35,7.965;10.3,7.965;10.3,7.915;10.25,7.915;10.25,7.865;10.2,7.865;10.2,7.815;10.15,7.815;10.15,7.765;10.1,7.765;10.1,7.715;10.05,7.715;10.05,7.665;10.0,7.665;10.0,7.615;9.95,7.615;9.95,7.565;9.9,7.565;9.9,7.515;9.85,7.515;9.85,7.465;9.8,7.465;9.8,7.415;9.75,7.415;9.75,7.365;9.7,7.365;9.7,7.315;9.65,7.315;9.65,7.265;9.6,7.265;9.6,7.215;9.55,7.215;9.55,7.165;9.5,7.165;9.5,7.115;9.45,7.115;9.45,7.065;9.4,7.065;9.4,7.015;9.35,7.015;9.35,7.065;9.3,7.065;9.3,7.115;9.25,7.115;9.25,7.165;9.2,7.165;9.2,7.215;9.15,7.215;9.15,7.265;9.1,7.265;9.1,7.315;9.05,7.315;9.05,7.365;9.0,7.365;9.0,7.415;8.95,7.415;8.95,7.465;8.9,7.465;8.9,7.515;8.85,7.515;8.85,7.565;8.8,7.565;8.8,7.615;8.75,7.615;8.75,7.665;8.7,7.665;8.7,7.715;8.65,7.715;8.65,7.765;8.6,7.765;8.6,7.815;8.55,7.815;8.55,7.865;8.5,7.865;8.5,7.915;8.45,7.915;8.45,7.965;8.4,7.965;8.4,8.015;8.35,8.015;8.35,8.065;8.3,8.065;8.3,8.115;8.25,8.115;8.25,8.165;8.2,8.165;8.2,8.215;8.15,8.215;8.15,8.265;8.1,8.265;8.1,8.315;8.05,8.315",TRANSFERIDO
L3,L3_P_LB_c2_r1,L3_P_LB_c2_r1_T199,BEAM,L3_V014,L3_V014,2054.0,6.959976,6.22935,43.356125,"7.5,4.415;7.5,4.465;7.5,4.515;7.5,4.565;7.5,4.615;7.5,4.665;7.5,4.715;7.5,4.765;7.5,4.815;7.5,4.865;7.5,4.915;7.5,4.965;7.5,5.015;7.5,5.065;7.5,5.115;7.5,5.165;7.5,5.215;7.5,5.265;7.5,5.315;7.5,5.365;7.5,5.415;7.5,5.465;7.5,5.515;7.5,5.565;7.5,5.615;7.5,5.665;7.5,5.715;7.5,5.765;7.5,5.815;7.5,5.865;7.5,5.915;7.5,5.965;7.5,6.015;7.5,6.065;7.5,6.115;7.5,6.165;7.5,6.215;7.5,6.265;7.5,6.315;7.5,6.365;7.5,6.415;7.5,6.465;7.5,6.515;7.5,6.565;7.5,6.615;7.5,6.665;7.5,6.715;7.5,6.765;7.5,6.815;7.5,6.865;7.5,6.915;7.5,6.965;7.5,7.015;7.5,7.065;7.5,7.115;7.5,7.165;7.5,7.215;7.5,7.265;7.5,7.315;7.5,7.365;7.5,7.415;7.5,7.465;7.5,7.515;7.5,7.565;7.5,7.615;7.5,7.665;7.5,7.715;7.5,7.765;7.5,7.815;7.5,7.865;7.5,7.915;7.5,7.965;7.5,8.015;7.5,8.065;7.5,8.115;7.5,8.165;7.5,8.215;7.5,8.265;7.5,8.315;7.5,8.365;7.5,8.415;7.5,8.465;7.5,8.515;7.5,8.565;7.5,8.615;7.5,8.665;7.5,8.715;7.5,8.765;7.5,8.815;7.5,8.865;7.55,8.865;7.55,8.815;7.6,8.815;7.6,8.765;7.65,8.765;7.65,8.715;7.7,8.715;7.7,8.665;7.75,8.665;7.75,8.615;7.8,8.615;7.8,8.565;7.85,8.565;7.85,8.515;7.9,8.515;7.9,8.465;7.95,8.465;7.95,8.415;8.0,8.415;8.0,8.365;8.05,8.365;8.05,8.315;8.1,8.315;8.1,8.265;8.15,8.265;8.15,8.215;8.2,8.215;8.2,8.165;8.25,8.165;8.25,8.115;8.3,8.115;8.3,8.065;8.35,8.065;8.35,8.015;8.4,8.015;8.4,7.965;8.45,7.965;8.45,7.915;8.5,7.915;8.5,7.865;8.55,7.865;8.55,7.815;8.6,7.815;8.6,7.765;8.65,7.765;8.65,7.715;8.7,7.715;8.7,7.665;8.75,7.665;8.75,7.615;8.8,7.615;8.8,7.565;8.85,7.565;8.85,7.515;8.9,7.515;8.9,7.465;8.95,7.465;8.95,7.415;9.0,7.415;9.0,7.365;9.05,7.365;9.05,7.315;9.1,7.315;9.1,7.265;9.15,7.265;9.15,7.215;9.2,7.215;9.2,7.165;9.25,7.165;9.25,7.115;9.3,7.115;9.3,7.065;9.35,7.065;9.35,7.015;9.4,7.015;9.4,6.965;9.4,6.915;9.4,6.865;9.4,6.815;9.4,6.765;9.4,6.715;9.4,6.665;9.4,6.615;9.4,6.565;9.4,6.515;9.4,6.465;9.4,6.415;9.4,6.365;9.4,6.315;9.4,6.265;9.4,6.215;9.4,6.165;9.4,6.115;9.4,6.065;9.4,6.015;9.4,5.965;9.4,5.915;9.4,5.865;9.4,5.815;9.4,5.765;9.4,5.715;9.4,5.665;9.4,5.615;9.4,5.565;9.4,5.515;9.4,5.465;9.4,5.415;9.4,5.365;9.4,5.315;9.4,5.265;9.4,5.215;9.4,5.165;9.4,5.115;9.4,5.065;9.4,5.015;9.4,4.965;9.4,4.915;9.4,4.865;9.4,4.815;9.4,4.765;9.4,4.715;9.4,4.665;9.4,4.615;9.4,4.565;9.4,4.515;9.4,4.465;9.4,4.415;9.4,4.365;9.4,4.315;9.4,4.265;9.35,4.265;9.3,4.265;9.25,4.265;9.2,4.265;9.15,4.265;9.1,4.265;9.05,4.265;9.0,4.265;8.95,4.265;8.9,4.265;8.85,4.265;8.8,4.265;8.75,4.265;8.7,4.265;8.65,4.265;8.6,4.265;8.55,4.265;8.5,4.265;8.45,4.265;8.4,4.265;8.35,4.265;8.3,4.265;8.25,4.265;8.2,4.265;8.15,4.265;8.1,4.265;8.05,4.265;8.0,4.265;7.95,4.265;7.9,4.265;7.85,4.265;7.8,4.265;7.75,4.265;7.7,4.265;7.65,4.265;7.6,4.265;7.55,4.265;7.5,4.265;7.5,4.315;7.5,4.365",TRANSFERIDO
L3,L3_P_LB_c2_r1,L3_P_LB_c2_r1_T200,BEAM,L3_V018,L3_V018,2058.0,6.822919,6.22935,42.502353,"9.4,4.515;9.4,4.565;9.4,4.615;9.4,4.665;9.4,4.715;9.4,4.765;9.4,4.815;9.4,4.865;9.4,4.915;9.4,4.965;9.4,5.015;9.4,5.065;9.4,5.115;9.4,5.165;9.4,5.215;9.4,5.265;9.4,5.315;9.4,5.365;9.4,5.415;9.4,5.465;9.4,5.515;9.4,5.565;9.4,5.615;9.4,5.665;9.4,5.715;9.4,5.765;9.4,5.815;9.4,5.865;9.4,5.915;9.4,5.965;9.4,6.015;9.4,6.065;9.4,6.115;9.4,6.165;9.4,6.215;9.4,6.265;9.4,6.315;9.4,6.365;9.4,6.415;9.4,6.465;9.4,6.515;9.4,6.565;9.4,6.615;9.4,6.665;9.4,6.715;9.4,6.765;9.4,6.815;9.4,6.865;9.4,6.915;9.4,6.965;9.4,7.015;9.4,7.065;9.45,7.065;9.45,7.115;9.5,7.115;9.5,7.165;9.55,7.165;9.55,7.215;9.6,7.215;9.6,7.265;9.65,7.265;9.65,7.315;9.7,7.315;9.7,7.365;9.75,7.365;9.75,7.415;9.8,7.415;9.8,7.465;9.85,7.465;9.85,7.515;9.9,7.515;9.9,7.565;9.95,7.565;9.95,7.615;10.0,7.615;10.0,7.665;10.05,7.665;10.05,7.715;10.1,7.715;10.1,7.765;10.15,7.765;10.15,7.815;10.2,7.815;10.2,7.865;10.25,7.865;10.25,7.915;10.3,7.915;10.3,7.965;10.35,7.965;10.35,8.015;10.4,8.015;10.4,8.065;10.45,8.065;10.45,8.115;10.5,8.115;10.5,8.165;10.55,8.165;10.55,8.215;10.6,8.215;10.6,8.265;10.65,8.265;10.65,8.315;10.7,8.315;10.7,8.365;10.75,8.365;10.75,8.415;10.8,8.415;10.8,8.465;10.85,8.465;10.85,8.515;10.9,8.515;10.9,8.565;10.95,8.565;10.95,8.615;11.0,8.615;11.0,8.665;11.05,8.665;11.05,8.715;11.1,8.715;11.1,8.765;11.15,8.765;11.15,8.815;11.2,8.815;11.2,8.865;11.25,8.865;11.25,8.815;11.25,8.765;11.25,8.715;11.25,8.665;11.25,8.615;11.25,8.565;11.25,8.515;11.25,8.465;11.25,8.415;11.25,8.365;11.25,8.315;11.25,8.265;11.25,8.215;11.25,8.165;11.25,8.115;11.25,8.065;11.25,8.015;11.25,7.965;11.25,7.915;11.25,7.865;11.25,7.815;11.25,7.765;11.25,7.715;11.25,7.665;11.25,7.615;11.25,7.565;11.25,7.515;11.25,7.465;11.25,7.415;11.25,7.365;11.25,7.315;11.25,7.265;11.25,7.215;11.25,7.165;11.25,7.115;11.25,7.065;11.25,7.015;11.25,6.965;11.25,6.915;11.25,6.865;11.25,6.815;11.25,6.765;11.25,6.715;11.25,6.665;11.25,6.615;11.25,6.565;11.25,6.515;11.25,6.465;11.25,6.415;11.25,6.365;11.25,6.315;11.25,6.265;11.25,6.215;11.25,6.165;11.25,6.115;11.25,6.065;11.25,6.015;11.25,5.965;11.25,5.915;11.25,5.865;11.25,5.815;11.25,5.765;11.25,5.715;11.25,5.665;11.25,5.615;11.25,5.565;11.25,5.515;11.25,5.465;11.25,5.415;11.25,5.365;11.25,5.315;11.25,5.265;11.25,5.215;11.25,5.165;11.25,5.115;11.25,5.065;11.25,5.015;11.25,4.965;11.25,4.915;11.25,4.865;11.25,4.815;11.25,4.765;11.25,4.715;11.25,4.665;11.25,4.615;11.25,4.565;11.25,4.515;11.25,4.465;11.25,4.415;11.25,4.365;11.25,4.315;11.25,4.265;11.2,4.265;11.15,4.265;11.1,4.265;11.05,4.265;11.0,4.265;10.95,4.265;10.9,4.265;10.85,4.265;10.8,4.265;10.75,4.265;10.7,4.265;10.65,4.265;10.6,4.265;10.55,4.265;10.5,4.265;10.45,4.265;10.4,4.265;10.35,4.265;10.3,4.265;10.25,4.265;10.2,4.265;10.15,4.265;10.1,4.265;10.05,4.265;10.0,4.265;9.95,4.265;9.9,4.265;9.85,4.265;9.8,4.265;9.75,4.265;9.7,4.265;9.65,4.265;9.6,4.265;9.55,4.265;9.5,4.265;9.45,4.265;9.4,4.265;9.4,4.315;9.4,4.365;9.4,4.415;9.4,4.465;9.4,4.515",TRANSFERIDO
L3,L3_P_LB_c2_r2,L3_P_LB_c2_r2_T201,BEAM,L3_V005,L3_V005,2045.0,3.445188,6.22935,21.461279,"8.1,8.9;8.05,8.9;8.0,8.9;7.95,8.9;7.9,8.9;7.85,8.9;7.8,8.9;7.75,8.9;7.7,8.9;7.65,8.9;7.6,8.9;7.55,8.9;7.5,8.9;7.5,8.95;7.55,8.95;7.6,8.95;7.6,9.0;7.65,9.0;7.65,9.05;7.7,9.05;7.7,9.1;7.75,9.1;7.75,9.15;7.8,9.15;7.8,9.2;7.85,9.2;7.85,9.25;7.9,9.25;7.9,9.3;7.95,9.3;7.95,9.35;8.0,9.35;8.0,9.4;8.05,9.4;8.05,9.45;8.1,9.45;8.1,9.5;8.15,9.5;8.15,9.55;8.2,9.55;8.2,9.6;8.25,9.6;8.25,9.65;8.3,9.65;8.3,9.7;8.35,9.7;8.35,9.75;8.4,9.75;8.4,9.8;8.45,9.8;8.45,9.85;8.5,9.85;8.5,9.9;8.55,9.9;8.55,9.95;8.6,9.95;8.6,10.0;8.65,10.0;8.65,10.05;8.7,10.05;8.7,10.1;8.75,10.1;8.75,10.15;8.8,10.15;8.8,10.2;8.85,10.2;8.85,10.25;8.9,10.25;8.9,10.3;8.95,10.3;8.95,10.35;9.0,10.35;9.0,10.4;9.05,10.4;9.05,10.45;9.1,10.45;9.1,10.5;9.15,10.5;9.15,10.55;9.2,10.55;9.2,10.6;9.25,10.6;9.25,10.65;9.3,10.65;9.3,10.7;9.35,10.7;9.35,10.75;9.4,10.75;9.4,10.7;9.45,10.7;9.45,10.65;9.5,10.65;9.5,10.6;9.55,10.6;9.55,10.55;9.6,10.55;9.6,10.5;9.65,10.5;9.65,10.45;9.7,10.45;9.7,10.4;9.75,10.4;9.75,10.35;9.8,10.35;9.8,10.3;9.85,10.3;9.85,10.25;9.9,10.25;9.9,10.2;9.95,10.2;9.95,10.15;10.0,10.15;10.0,10.1;10.05,10.1;10.05,10.05;10.1,10.05;10.1,10.0;10.15,10.0;10.15,9.95;10.2,9.95;10.2,9.9;10.25,9.9;10.25,9.85;10.3,9.85;10.3,9.8;10.35,9.8;10.35,9.75;10.4,9.75;10.4,9.7;10.45,9.7;10.45,9.65;10.5,9.65;10.55,9.65;10.55,9.6;10.6,9.6;10.6,9.55;10.65,9.55;10.65,9.5;10.7,9.5;10.7,9.45;10.75,9.45;10.75,9.4;10.8,9.4;10.8,9.35;10.85,9.35;10.85,9.3;10.9,9.3;10.9,9.25;10.95,9.25;10.95,9.2;11.0,9.2;11.0,9.15;11.05,9.15;11.05,9.1;11.1,9.1;11.1,9.05;11.15,9.05;11.15,9.0;11.2,9.0;11.2,8.95;11.25,8.95;11.25,8.9;11.2,8.9;11.15,8.9;11.1,8.9;11.05,8.9;11.0,8.9;10.95,8.9;10.9,8.9;10.85,8.9;10.8,8.9;10.75,8.9;10.7,8.9;10.65,8.9;10.6,8.9;10.55,8.9;10.5,8.9;10.45,8.9;10.4,8.9;10.35,8.9;10.3,8.9;10.25,8.9;10.2,8.9;10.15,8.9;10.1,8.9;10.05,8.9;10.0,8.9;9.95,8.9;9.9,8.9;9.85,8.9;9.8,8.9;9.75,8.9;9.7,8.9;9.65,8.9;9.6,8.9;9.55,8.9;9.5,8.9;9.45,8.9;9.4,8.9;9.35,8.9;9.3,8.9;9.25,8.9;9.2,8.9;9.15,8.9;9.1,8.9;9.05,8.9;9.0,8.9;8.95,8.9;8.9,8.9;8.85,8.9;8.8,8.9;8.75,8.9;8.7,8.9;8.65,8.9;8.6,8.9;8.55,8.9;8.5,8.9;8.45,8.9;8.4,8.9;8.35,8.9;8.3,8.9;8.25,8.9;8.2,8.9;8.15,8.9",TRANSFERIDO
L3,L3_P_LB_c2_r2,L3_P_LB_c2_r2_T202,BEAM,L3_V015,L3_V015,2055.0,3.9203,6.22935,24.420921,"7.5,9.4;7.5,9.45;7.5,9.5;7.5,9.55;7.5,9.6;7.5,9.65;7.5,9.7;7.5,9.75;7.5,9.8;7.5,9.85;7.5,9.9;7.5,9.95;7.5,10.0;7.5,10.05;7.5,10.1;7.5,10.15;7.5,10.2;7.5,10.25;7.5,10.3;7.5,10.35;7.5,10.4;7.5,10.45;7.5,10.5;7.5,10.55;7.5,10.6;7.5,10.65;7.5,10.7;7.5,10.75;7.5,10.8;7.5,10.85;7.5,10.9;7.5,10.95;7.5,11.0;7.5,11.05;7.5,11.1;7.5,11.15;7.5,11.2;7.5,11.25;7.5,11.3;7.5,11.35;7.5,11.4;7.5,11.45;7.5,11.5;7.5,11.55;7.5,11.6;7.5,11.65;7.5,11.7;7.5,11.75;7.5,11.8;7.5,11.85;7.5,11.9;7.55,11.9;7.6,11.9;7.65,11.9;7.7,11.9;7.75,11.9;7.8,11.9;7.85,11.9;7.9,11.9;7.95,11.9;8.0,11.9;8.05,11.9;8.1,11.9;8.15,11.9;8.2,11.9;8.25,11.9;8.3,11.9;8.35,11.9;8.4,11.9;8.45,11.9;8.5,11.9;8.55,11.9;8.6,11.9;8.65,11.9;8.7,11.9;8.75,11.9;8.8,11.9;8.85,11.9;8.9,11.9;8.95,11.9;9.0,11.9;9.05,11.9;9.1,11.9;9.15,11.9;9.2,11.9;9.25,11.9;9.3,11.9;9.35,11.9;9.4,11.9;9.4,11.85;9.4,11.8;9.4,11.75;9.4,11.7;9.4,11.65;9.4,11.6;9.4,11.55;9.4,11.5;9.4,11.45;9.4,11.4;9.4,11.35;9.4,11.3;9.4,11.25;9.4,11.2;9.4,11.15;9.4,11.1;9.4,11.05;9.4,11.0;9.4,10.95;9.4,10.9;9.4,10.85;9.4,10.8;9.4,10.75;9.35,10.75;9.35,10.7;9.3,10.7;9.3,10.65;9.25,10.65;9.25,10.6;9.2,10.6;9.2,10.55;9.15,10.55;9.15,10.5;9.1,10.5;9.1,10.45;9.05,10.45;9.05,10.4;9.0,10.4;9.0,10.35;8.95,10.35;8.95,10.3;8.9,10.3;8.9,10.25;8.85,10.25;8.85,10.2;8.8,10.2;8.8,10.15;8.75,10.15;8.75,10.1;8.7,10.1;8.7,10.05;8.65,10.05;8.65,10.0;8.6,10.0;8.6,9.95;8.55,9.95;8.55,9.9;8.5,9.9;8.5,9.85;8.45,9.85;8.45,9.8;8.4,9.8;8.4,9.75;8.35,9.75;8.35,9.7;8.3,9.7;8.3,9.65;8.25,9.65;8.25,9.6;8.2,9.6;8.2,9.55;8.15,9.55;8.15,9.5;8.1,9.5;8.1,9.45;8.05,9.45;8.05,9.4;8.0,9.4;8.0,9.35;7.95,9.35;7.95,9.3;7.9,9.3;7.9,9.25;7.85,9.25;7.85,9.2;7.8,9.2;7.8,9.15;7.75,9.15;7.75,9.1;7.7,9.1;7.7,9.05;7.65,9.05;7.65,9.0;7.6,9.0;7.6,8.95;7.55,8.95;7.5,8.95;7.5,9.0;7.5,9.05;7.5,9.1;7.5,9.15;7.5,9.2;7.5,9.25;7.5,9.3;7.5,9.35",TRANSFERIDO
L3,L3_P_LB_c2_r2,L3_P_LB_c2_r2_T203,BEAM,L3_V019,L3_V019,2059.0,3.828262,6.22935,23.847587,"9.4,10.8;9.4,10.85;9.4,10.9;9.4,10.95;9.4,11.0;9.4,11.05;9.4,11.1;9.4,11.15;9.4,11.2;9.4,11.25;9.4,11.3;9.4,11.35;9.4,11.4;9.4,11.45;9.4,11.5;9.4,11.55;9.4,11.6;9.4,11.65;9.4,11.7;9.4,11.75;9.4,11.8;9.4,11.85;9.4,11.9;9.45,11.9;9.5,11.9;9.55,11.9;9.6,11.9;9.65,11.9;9.7,11.9;9.75,11.9;9.8,11.9;9.85,11.9;9.9,11.9;9.95,11.9;10.0,11.9;10.05,11.9;10.1,11.9;10.15,11.9;10.2,11.9;10.25,11.9;10.3,11.9;10.35,11.9;10.4,11.9;10.45,11.9;10.5,11.9;10.55,11.9;10.6,11.9;10.65,11.9;10.7,11.9;10.75,11.9;10.8,11.9;10.85,11.9;10.9,11.9;10.95,11.9;11.0,11.9;11.05,11.9;11.1,11.9;11.15,11.9;11.2,11.9;11.25,11.9;11.25,11.85;11.25,11.8;11.25,11.75;11.25,11.7;11.25,11.65;11.25,11.6;11.25,11.55;11.25,11.5;11.25,11.45;11.25,11.4;11.25,11.35;11.25,11.3;11.25,11.25;11.25,11.2;11.25,11.15;11.25,11.1;11.25,11.05;11.25,11.0;11.25,10.95;11.25,10.9;11.25,10.85;11.25,10.8;11.25,10.75;11.25,10.7;11.25,10.65;11.25,10.6;11.25,10.55;11.25,10.5;11.25,10.45;11.25,10.4;11.25,10.35;11.25,10.3;11.25,10.25;11.25,10.2;11.25,10.15;11.25,10.1;11.25,10.05;11.25,10.0;11.25,9.95;11.25,9.9;11.25,9.85;11.25,9.8;11.25,9.75;11.25,9.7;11.25,9.65;11.25,9.6;11.25,9.55;11.25,9.5;11.25,9.45;11.25,9.4;11.25,9.35;11.25,9.3;11.25,9.25;11.25,9.2;11.25,9.15;11.25,9.1;11.25,9.05;11.25,9.0;11.25,8.95;11.2,8.95;11.2,9.0;11.15,9.0;11.15,9.05;11.1,9.05;11.1,9.1;11.05,9.1;11.05,9.15;11.0,9.15;11.0,9.2;10.95,9.2;10.95,9.25;10.9,9.25;10.9,9.3;10.85,9.3;10.85,9.35;10.8,9.35;10.8,9.4;10.75,9.4;10.75,9.45;10.7,9.45;10.7,9.5;10.65,9.5;10.65,9.55;10.6,9.55;10.6,9.6;10.55,9.6;10.55,9.65;10.5,9.65;10.45,9.65;10.45,9.7;10.4,9.7;10.4,9.75;10.35,9.75;10.35,9.8;10.3,9.8;10.3,9.85;10.25,9.85;10.25,9.9;10.2,9.9;10.2,9.95;10.15,9.95;10.15,10.0;10.1,10.0;10.1,10.05;10.05,10.05;10.05,10.1;10.0,10.1;10.0,10.15;9.95,10.15;9.95,10.2;9.9,10.2;9.9,10.25;9.85,10.25;9.85,10.3;9.8,10.3;9.8,10.35;9.75,10.35;9.75,10.4;9.7,10.4;9.7,10.45;9.65,10.45;9.65,10.5;9.6,10.5;9.6,10.55;9.55,10.55;9.55,10.6;9.5,10.6;9.5,10.65;9.45,10.65;9.45,10.7;9.4,10.7;9.4,10.75",TRANSFERIDO
L3,L3_P_LB_c2_r3,L3_P_LB_c2_r3_T204,BEAM,L3_V008,L3_V008,2048.0,3.434579,6.22935,21.395197,"7.6,16.085;7.55,16.085;7.55,16.085;7.55,16.135;7.55,16.135;11.2,16.135;11.2,16.135;11.2,16.085;11.2,16.085;11.15,16.085;11.15,16.035;11.15,16.035;11.1,16.035;11.1,15.985;11.1,15.985;11.05,15.985;11.05,15.935;11.05,15.935;11.0,15.935;11.0,15.885;11.0,15.885;10.95,15.885;10.95,15.835;10.95,15.835;10.9,15.835;10.9,15.785;10.9,15.785;10.85,15.785;10.85,15.735;10.85,15.735;10.8,15.735;10.8,15.685;10.8,15.685;10.75,15.685;10.75,15.635;10.75,15.635;10.7,15.635;10.7,15.585;10.7,15.585;10.65,15.585;10.65,15.535;10.65,15.535;10.6,15.535;10.6,15.485;10.6,15.485;10.55,15.485;10.55,15.435;10.55,15.435;10.5,15.435;10.5,15.385;10.5,15.385;10.45,15.385;10.45,15.335;10.45,15.335;10.4,15.335;10.4,15.285;10.4,15.285;10.35,15.285;10.35,15.235;10.35,15.235;10.3,15.235;10.3,15.185;10.3,15.185;10.25,15.185;10.25,15.135;10.25,15.135;10.2,15.135;10.2,15.085;10.2,15.085;10.15,15.085;10.15,15.035;10.15,15.035;10.1,15.035;10.1,14.985;10.1,14.985;10.05,14.985;10.05,14.935;10.05,14.935;10.0,14.935;10.0,14.885;10.0,14.885;9.95,14.885;9.95,14.835;9.95,14.835;9.9,14.835;9.9,14.785;9.9,14.785;9.85,14.785;9.85,14.735;9.85,14.735;9.8,14.735;9.8,14.685;9.8,14.685;9.75,14.685;9.75,14.635;9.75,14.635;9.7,14.635;9.7,14.585;9.7,14.585;9.65,14.585;9.65,14.535;9.65,14.535;9.6,14.535;9.6,14.485;9.6,14.485;9.55,14.485;9.55,14.435;9.55,14.435;9.5,14.435;9.5,14.385;9.5,14.385;9.45,14.385;9.45,14.335;9.45,14.335;9.4,14.335;9.4,14.285;9.4,14.285;9.35,14.285;9.35,14.285;9.35,14.335;9.3,14.335;9.3,14.335;9.3,14.385;9.25,14.385;9.25,14.385;9.25,14.435;9.2,14.435;9.2,14.435;9.2,14.485;9.15,14.485;9.15,14.485;9.15,14.535;9.1,14.535;9.1,14.535;9.1,14.585;9.05,14.585;9.05,14.585;9.05,14.635;9.0,14.635;9.0,14.635;9.0,14.685;8.95,14.685;8.95,14.685;8.95,14.735;8.9,14.735;8.9,14.735;8.9,14.785;8.85,14.785;8.85,14.785;8.85,14.835;8.8,14.835;8.8,14.835;8.8,14.885;8.75,14.885;8.75,14.885;8.75,14.935;8.7,14.935;8.7,14.935;8.7,14.985;8.65,14.985;8.65,14.985;8.65,15.035;8.6,15.035;8.6,15.035;8.6,15.085;8.55,15.085;8.55,15.085;8.55,15.135;8.5,15.135;8.5,15.135;8.5,15.185;8.45,15.185;8.45,15.185;8.45,15.235;8.4,15.235;8.4,15.235;8.4,15.285;8.35,15.285;8.35,15.285;8.35,15.335;8.3,15.335;8.3,15.335;8.3,15.385;8.25,15.385;8.25,15.385;8.25,15.435;8.2,15.435;8.2,15.435;8.2,15.485;8.15,15.485;8.15,15.485;8.15,15.535;8.1,15.535;8.1,15.535;8.1,15.585;8.05,15.585;8.05,15.585;8.05,15.635;8.0,15.635;8.0,15.635;8.0,15.685;7.95,15.685;7.95,15.685;7.95,15.735;7.9,15.735;7.9,15.735;7.9,15.785;7.85,15.785;7.85,15.785;7.85,15.835;7.8,15.835;7.8,15.835;7.8,15.885;7.75,15.885;7.75,15.885;7.75,15.935;7.7,15.935;7.7,15.935;7.7,15.985;7.65,15.985;7.65,15.985;7.65,16.035;7.6,16.035;7.6,16.035",TRANSFERIDO
L3,L3_P_LB_c2_r3,L3_P_LB_c2_r3_T205,BEAM,L3_V016,L3_V016,2056.0,6.339797,6.22935,39.492815,"7.5,16.035;7.5,16.085;7.5,16.135;7.5,16.135;7.55,16.135;7.55,16.135;7.55,16.085;7.6,16.085;7.6,16.085;7.6,16.035;7.65,16.035;7.65,16.035;7.65,15.985;7.7,15.985;7.7,15.985;7.7,15.935;7.75,15.935;7.75,15.935;7.75,15.885;7.8,15.885;7.8,15.885;7.8,15.835;7.85,15.835;7.85,15.835;7.85,15.785;7.9,15.785;7.9,15.785;7.9,15.735;7.95,15.735;7.95,15.735;7.95,15.685;8.0,15.685;8.0,15.685;8.0,15.635;8.05,15.635;8.05,15.635;8.05,15.585;8.1,15.585;8.1,15.585;8.1,15.535;8.15,15.535;8.15,15.535;8.15,15.485;8.2,15.485;8.2,15.485;8.2,15.435;8.25,15.435;8.25,15.435;8.25,15.385;8.3,15.385;8.3,15.385;8.3,15.335;8.35,15.335;8.35,15.335;8.35,15.285;8.4,15.285;8.4,15.285;8.4,15.235;8.45,15.235;8.45,15.235;8.45,15.185;8.5,15.185;8.5,15.185;8.5,15.135;8.55,15.135;8.55,15.135;8.55,15.085;8.6,15.085;8.6,15.085;8.6,15.035;8.65,15.035;8.65,15.035;8.65,14.985;8.7,14.985;8.7,14.985;8.7,14.935;8.75,14.935;8.75,14.935;8.75,14.885;8.8,14.885;8.8,14.885;8.8,14.835;8.85,14.835;8.85,14.835;8.85,14.785;8.9,14.785;8.9,14.785;8.9,14.735;8.95,14.735;8.95,14.735;8.95,14.685;9.0,14.685;9.0,14.685;9.0,14.635;9.05,14.635;9.05,14.635;9.05,14.585;9.1,14.585;9.1,14.585;9.1,14.535;9.15,14.535;9.15,14.535;9.15,14.485;9.2,14.485;9.2,14.485;9.2,14.435;9.25,14.435;9.25,14.435;9.25,14.385;9.3,14.385;9.3,14.385;9.3,14.335;9.35,14.335;9.35,14.335;9.35,14.285;9.4,14.285;9.4,14.285;9.4,11.885;9.4,11.885;7.5,11.885;7.5,11.885",TRANSFERIDO
L3,L3_P_LB_c2_r3,L3_P_LB_c2_r3_T206,BEAM,L3_V020,L3_V020,2060.0,6.219374,6.22935,38.742654,"9.4,14.335;9.4,14.335;9.45,14.335;9.45,14.385;9.45,14.385;9.5,14.385;9.5,14.435;9.5,14.435;9.55,14.435;9.55,14.485;9.55,14.485;9.6,14.485;9.6,14.535;9.6,14.535;9.65,14.535;9.65,14.585;9.65,14.585;9.7,14.585;9.7,14.635;9.7,14.635;9.75,14.635;9.75,14.685;9.75,14.685;9.8,14.685;9.8,14.735;9.8,14.735;9.85,14.735;9.85,14.785;9.85,14.785;9.9,14.785;9.9,14.835;9.9,14.835;9.95,14.835;9.95,14.885;9.95,14.885;10.0,14.885;10.0,14.935;10.0,14.935;10.05,14.935;10.05,14.985;10.05,14.985;10.1,14.985;10.1,15.035;10.1,15.035;10.15,15.035;10.15,15.085;10.15,15.085;10.2,15.085;10.2,15.135;10.2,15.135;10.25,15.135;10.25,15.185;10.25,15.185;10.3,15.185;10.3,15.235;10.3,15.235;10.35,15.235;10.35,15.285;10.35,15.285;10.4,15.285;10.4,15.335;10.4,15.335;10.45,15.335;10.45,15.385;10.45,15.385;10.5,15.385;10.5,15.435;10.5,15.435;10.55,15.435;10.55,15.485;10.55,15.485;10.6,15.485;10.6,15.535;10.6,15.535;10.65,15.535;10.65,15.585;10.65,15.585;10.7,15.585;10.7,15.635;10.7,15.635;10.75,15.635;10.75,15.685;10.75,15.685;10.8,15.685;10.8,15.735;10.8,15.735;10.85,15.735;10.85,15.785;10.85,15.785;10.9,15.785;10.9,15.835;10.9,15.835;10.95,15.835;10.95,15.885;10.95,15.885;11.0,15.885;11.0,15.935;11.0,15.935;11.05,15.935;11.05,15.985;11.05,15.985;11.1,15.985;11.1,16.035;11.1,16.035;11.15,16.035;11.15,16.085;11.15,16.085;11.2,16.085;11.2,16.135;11.2,16.135;11.25,16.135;11.25,16.135;11.25,16.085;11.25,16.035;11.25,11.885;11.25,11.885;9.4,11.885;9.4,11.885",TRANSFERIDO
L3,L3_P_RB_c0_r0,L3_P_RB_c0_r0_T207,BEAM,L3_BD_V60_01,L3_BD_V60_01,2149.0,6.25,6.22935,38.933438,"11.3,0.05;11.3,0.1;11.3,0.1;11.35,0.1;11.35,0.15;11.35,0.15;11.4,0.15;11.4,0.2;11.4,0.2;11.45,0.2;11.45,0.25;11.45,0.25;11.5,0.25;11.5,0.3;11.5,0.3;11.55,0.3;11.55,0.35;11.55,0.35;11.6,0.35;11.6,0.4;11.6,0.4;11.65,0.4;11.65,0.45;11.65,0.45;11.7,0.45;11.7,0.5;11.7,0.5;11.75,0.5;11.75,0.55;11.75,0.55;11.8,0.55;11.8,0.6;11.8,0.6;11.85,0.6;11.85,0.65;11.85,0.65;11.9,0.65;11.9,0.7;11.9,0.7;11.95,0.7;11.95,0.75;11.95,0.75;12.0,0.75;12.0,0.8;12.0,0.8;12.05,0.8;12.05,0.85;12.05,0.85;12.1,0.85;12.1,0.9;12.1,0.9;12.15,0.9;12.15,0.95;12.15,0.95;12.2,0.95;12.2,1.0;12.2,1.0;12.25,1.0;12.25,1.05;12.25,1.05;12.3,1.05;12.3,1.1;12.3,1.1;12.35,1.1;12.35,1.15;12.35,1.15;12.4,1.15;12.4,1.2;12.4,1.2;12.45,1.2;12.45,1.25;12.45,1.25;12.5,1.25;12.5,1.3;12.5,1.3;12.55,1.3;12.55,1.35;12.55,1.35;12.6,1.35;12.6,1.4;12.6,1.4;12.65,1.4;12.65,1.45;12.65,1.45;12.7,1.45;12.7,1.5;12.7,1.5;12.75,1.5;12.75,1.55;12.75,1.55;12.8,1.55;12.8,1.6;12.8,1.6;12.85,1.6;12.85,1.65;12.85,1.65;12.9,1.65;12.9,1.7;12.9,1.7;12.95,1.7;12.95,1.75;12.95,1.75;13.0,1.75;13.0,1.8;13.0,1.8;13.05,1.8;13.05,1.85;13.05,1.85;13.1,1.85;13.1,1.9;13.1,1.9;13.15,1.9;13.15,1.95;13.15,1.95;13.2,1.95;13.2,2.0;13.2,2.0;13.25,2.0;13.25,2.05;13.25,2.05;13.3,2.05;13.3,2.1;13.3,2.1;13.35,2.1;13.35,2.15;13.35,2.15;13.4,2.15;13.4,2.2;13.4,2.2;13.45,2.2;13.45,2.25;13.45,2.25;13.5,2.25;13.5,2.3;13.5,2.3;13.55,2.3;13.55,2.35;13.55,2.35;13.6,2.35;13.6,2.4;13.6,2.4;13.65,2.4;13.65,2.45;13.65,2.45;13.7,2.45;13.7,2.5;13.7,2.5;13.75,2.5;13.75,2.5;13.75,2.45;13.8,2.45;13.8,2.45;13.8,2.4;13.85,2.4;13.85,2.4;13.85,2.35;13.9,2.35;13.9,2.35;13.9,2.3;13.95,2.3;13.95,2.3;13.95,2.25;14.0,2.25;14.0,2.25;14.0,2.2;14.05,2.2;14.05,2.2;14.05,2.15;14.1,2.15;14.1,2.15;14.1,2.1;14.15,2.1;14.15,2.1;14.15,2.05;14.2,2.05;14.2,2.05;14.2,2.0;14.25,2.0;14.25,2.0;14.25,1.95;14.3,1.95;14.3,1.95;14.3,1.9;14.35,1.9;14.35,1.9;14.35,1.85;14.4,1.85;14.4,1.85;14.4,1.8;14.45,1.8;14.45,1.8;14.45,1.75;14.5,1.75;14.5,1.75;14.5,1.7;14.55,1.7;14.55,1.7;14.55,1.65;14.6,1.65;14.6,1.65;14.6,1.6;14.65,1.6;14.65,1.6;14.65,1.55;14.7,1.55;14.7,1.55;14.7,1.5;14.75,1.5;14.75,1.5;14.75,1.45;14.8,1.45;14.8,1.45;14.8,1.4;14.85,1.4;14.85,1.4;14.85,1.35;14.9,1.35;14.9,1.35;14.9,1.3;14.95,1.3;14.95,1.3;14.95,1.25;15.0,1.25;15.0,1.25;15.0,1.2;15.05,1.2;15.05,1.2;15.05,1.15;15.1,1.15;15.1,1.15;15.1,1.1;15.15,1.1;15.15,1.1;15.15,1.05;15.2,1.05;15.2,1.05;15.2,1.0;15.25,1.0;15.25,1.0;15.25,0.95;15.3,0.95;15.3,0.95;15.3,0.9;15.35,0.9;15.35,0.9;15.35,0.85;15.4,0.85;15.4,0.85;15.4,0.8;15.45,0.8;15.45,0.8;15.45,0.75;15.5,0.75;15.5,0.75;15.5,0.7;15.55,0.7;15.55,0.7;15.55,0.65;15.6,0.65;15.6,0.65;15.6,0.6;15.65,0.6;15.65,0.6;15.65,0.55;15.7,0.55;15.7,0.55;15.7,0.5;15.75,0.5;15.75,0.5;15.75,0.45;15.8,0.45;15.8,0.45;15.8,0.4;15.85,0.4;15.85,0.4;15.85,0.35;15.9,0.35;15.9,0.35;15.9,0.3;15.95,0.3;15.95,0.3;15.95,0.25;16.0,0.25;16.0,0.25;16.0,0.2;16.05,0.2;16.05,0.2;16.05,0.15;16.1,0.15;16.1,0.15;16.1,0.1;16.15,0.1;16.15,0.1;16.15,0.05;16.2,0.05;16.2,0.05;16.2,0.0;16.2,-0.0;16.1,-0.0;16.0,-0.0;11.25,-0.0;11.25,0.0;11.25,0.05;11.25,0.05",TRANSFERIDO
L3,L3_P_RB_c0_r0,L3_P_RB_c0_r0_T208,BEAM,L3_BD_V60_05,L3_BD_V60_05,2153.0,6.25,6.22935,38.933438,"11.85,8.3;11.8,8.3;11.8,8.3;11.8,8.35;11.75,8.35;11.75,8.35;11.75,8.4;11.7,8.4;11.7,8.4;11.7,8.45;11.65,8.45;11.65,8.45;11.65,8.5;11.6,8.5;11.6,8.5;11.6,8.55;11.55,8.55;11.55,8.55;11.55,8.6;11.5,8.6;11.5,8.6;11.5,8.65;11.45,8.65;11.45,8.65;11.45,8.7;11.4,8.7;11.4,8.7;11.4,8.75;11.35,8.75;11.35,8.75;11.35,8.8;11.3,8.8;11.3,8.8;11.3,8.85;11.25,8.85;11.25,8.85;11.25,8.9;11.25,8.9;16.0,8.9;16.1,8.9;16.2,8.9;16.2,8.9;16.2,8.85;16.2,8.85;16.15,8.85;16.15,8.8;16.15,8.8;16.1,8.8;16.1,8.75;16.1,8.75;16.05,8.75;16.05,8.7;16.05,8.7;16.0,8.7;16.0,8.65;16.0,8.65;15.95,8.65;15.95,8.6;15.95,8.6;15.9,8.6;15.9,8.55;15.9,8.55;15.85,8.55;15.85,8.5;15.85,8.5;15.8,8.5;15.8,8.45;15.8,8.45;15.75,8.45;15.75,8.4;15.75,8.4;15.7,8.4;15.7,8.35;15.7,8.35;15.65,8.35;15.65,8.3;15.65,8.3;15.6,8.3;15.6,8.25;15.6,8.25;15.55,8.25;15.55,8.2;15.55,8.2;15.5,8.2;15.5,8.15;15.5,8.15;15.45,8.15;15.45,8.1;15.45,8.1;15.4,8.1;15.4,8.05;15.4,8.05;15.35,8.05;15.35,8.0;15.35,8.0;15.3,8.0;15.3,7.95;15.3,7.95;15.25,7.95;15.25,7.9;15.25,7.9;15.2,7.9;15.2,7.85;15.2,7.85;15.15,7.85;15.15,7.8;15.15,7.8;15.1,7.8;15.1,7.75;15.1,7.75;15.05,7.75;15.05,7.7;15.05,7.7;15.0,7.7;15.0,7.65;15.0,7.65;14.95,7.65;14.95,7.6;14.95,7.6;14.9,7.6;14.9,7.55;14.9,7.55;14.85,7.55;14.85,7.5;14.85,7.5;14.8,7.5;14.8,7.45;14.8,7.45;14.75,7.45;14.75,7.4;14.75,7.4;14.7,7.4;14.7,7.35;14.7,7.35;14.65,7.35;14.65,7.3;14.65,7.3;14.6,7.3;14.6,7.25;14.6,7.25;14.55,7.25;14.55,7.2;14.55,7.2;14.5,7.2;14.5,7.15;14.5,7.15;14.45,7.15;14.45,7.1;14.45,7.1;14.4,7.1;14.4,7.05;14.4,7.05;14.35,7.05;14.35,7.0;14.35,7.0;14.3,7.0;14.3,6.95;14.3,6.95;14.25,6.95;14.25,6.9;14.25,6.9;14.2,6.9;14.2,6.85;14.2,6.85;14.15,6.85;14.15,6.8;14.15,6.8;14.1,6.8;14.1,6.75;14.1,6.75;14.05,6.75;14.05,6.7;14.05,6.7;14.0,6.7;14.0,6.65;14.0,6.65;13.95,6.65;13.95,6.6;13.95,6.6;13.9,6.6;13.9,6.55;13.9,6.55;13.85,6.55;13.85,6.5;13.85,6.5;13.8,6.5;13.8,6.45;13.8,6.45;13.75,6.45;13.75,6.4;13.75,6.4;13.7,6.4;13.7,6.4;13.7,6.45;13.65,6.45;13.65,6.45;13.65,6.5;13.6,6.5;13.6,6.5;13.6,6.55;13.55,6.55;13.55,6.55;13.55,6.6;13.5,6.6;13.5,6.6;13.5,6.65;13.45,6.65;13.45,6.65;13.45,6.7;13.4,6.7;13.4,6.7;13.4,6.75;13.35,6.75;13.35,6.75;13.35,6.8;13.3,6.8;13.3,6.8;13.3,6.85;13.25,6.85;13.25,6.85;13.25,6.9;13.2,6.9;13.2,6.9;13.2,6.95;13.15,6.95;13.15,6.95;13.15,7.0;13.1,7.0;13.1,7.0;13.1,7.05;13.05,7.05;13.05,7.05;13.05,7.1;13.0,7.1;13.0,7.1;13.0,7.15;12.95,7.15;12.95,7.15;12.95,7.2;12.9,7.2;12.9,7.2;12.9,7.25;12.85,7.25;12.85,7.25;12.85,7.3;12.8,7.3;12.8,7.3;12.8,7.35;12.75,7.35;12.75,7.35;12.75,7.4;12.7,7.4;12.7,7.4;12.7,7.45;12.65,7.45;12.65,7.45;12.65,7.5;12.6,7.5;12.6,7.5;12.6,7.55;12.55,7.55;12.55,7.55;12.55,7.6;12.5,7.6;12.5,7.6;12.5,7.65;12.45,7.65;12.45,7.65;12.45,7.7;12.4,7.7;12.4,7.7;12.4,7.75;12.35,7.75;12.35,7.75;12.35,7.8;12.3,7.8;12.3,7.8;12.3,7.85;12.25,7.85;12.25,7.85;12.25,7.9;12.2,7.9;12.2,7.9;12.2,7.95;12.15,7.95;12.15,7.95;12.15,8.0;12.1,8.0;12.1,8.0;12.1,8.05;12.05,8.05;12.05,8.05;12.05,8.1;12.0,8.1;12.0,8.1;12.0,8.15;11.95,8.15;11.95,8.15;11.95,8.2;11.9,8.2;11.9,8.2;11.9,8.25;11.85,8.25;11.85,8.25",TRANSFERIDO
L3,L3_P_RB_c0_r0,L3_P_RB_c0_r0_T209,BEAM,L3_V017,L3_V017,2057.0,7.4375,6.22935,46.330791,"11.25,0.1;11.25,0.2;11.25,1.05;11.25,1.1;11.25,1.2;11.25,1.25;11.25,1.3;11.25,1.35;11.25,1.4;11.25,1.5;11.25,1.55;11.25,1.6;11.25,1.65;11.25,1.7;11.25,1.75;11.25,1.85;11.25,1.9;11.25,1.95;11.25,2.1;11.25,2.2;11.25,2.35;11.25,2.45;11.25,2.55;11.25,2.7;11.25,2.8;11.25,2.95;11.25,3.05;11.25,3.15;11.25,3.3;11.25,3.4;11.25,3.5;11.25,3.65;11.25,3.75;11.25,3.9;11.25,4.25;11.25,4.25;13.75,4.25;13.75,4.25;13.75,3.9;13.75,3.75;13.75,3.65;13.75,3.5;13.75,3.4;13.75,3.3;13.75,3.15;13.75,3.05;13.75,2.95;13.75,2.8;13.75,2.7;13.75,2.55;13.75,2.5;13.75,2.5;13.7,2.5;13.7,2.45;13.7,2.45;13.65,2.45;13.65,2.4;13.65,2.4;13.6,2.4;13.6,2.35;13.6,2.35;13.55,2.35;13.55,2.3;13.55,2.3;13.5,2.3;13.5,2.25;13.5,2.25;13.45,2.25;13.45,2.2;13.45,2.2;13.4,2.2;13.4,2.15;13.4,2.15;13.35,2.15;13.35,2.1;13.35,2.1;13.3,2.1;13.3,2.05;13.3,2.05;13.25,2.05;13.25,2.0;13.25,2.0;13.2,2.0;13.2,1.95;13.2,1.95;13.15,1.95;13.15,1.9;13.15,1.9;13.1,1.9;13.1,1.85;13.1,1.85;13.05,1.85;13.05,1.8;13.05,1.8;13.0,1.8;13.0,1.75;13.0,1.75;12.95,1.75;12.95,1.7;12.95,1.7;12.9,1.7;12.9,1.65;12.9,1.65;12.85,1.65;12.85,1.6;12.85,1.6;12.8,1.6;12.8,1.55;12.8,1.55;12.75,1.55;12.75,1.5;12.75,1.5;12.7,1.5;12.7,1.45;12.7,1.45;12.65,1.45;12.65,1.4;12.65,1.4;12.6,1.4;12.6,1.35;12.6,1.35;12.55,1.35;12.55,1.3;12.55,1.3;12.5,1.3;12.5,1.25;12.5,1.25;12.45,1.25;12.45,1.2;12.45,1.2;12.4,1.2;12.4,1.15;12.4,1.15;12.35,1.15;12.35,1.1;12.35,1.1;12.3,1.1;12.3,1.05;12.3,1.05;12.25,1.05;12.25,1.0;12.25,1.0;12.2,1.0;12.2,0.95;12.2,0.95;12.15,0.95;12.15,0.9;12.15,0.9;12.1,0.9;12.1,0.85;12.1,0.85;12.05,0.85;12.05,0.8;12.05,0.8;12.0,0.8;12.0,0.75;12.0,0.75;11.95,0.75;11.95,0.7;11.95,0.7;11.9,0.7;11.9,0.65;11.9,0.65;11.85,0.65;11.85,0.6;11.85,0.6;11.8,0.6;11.8,0.55;11.8,0.55;11.75,0.55;11.75,0.5;11.75,0.5;11.7,0.5;11.7,0.45;11.7,0.45;11.65,0.45;11.65,0.4;11.65,0.4;11.6,0.4;11.6,0.35;11.6,0.35;11.55,0.35;11.55,0.3;11.55,0.3;11.5,0.3;11.5,0.25;11.5,0.25;11.45,0.25;11.45,0.2;11.45,0.2;11.4,0.2;11.4,0.15;11.4,0.15;11.35,0.15;11.35,0.1;11.35,0.1;11.3,0.1;11.3,0.05;11.3,0.05;11.25,0.05;11.25,0.05;11.25,0.1",TRANSFERIDO
L3,L3_P_RB_c0_r0,L3_P_RB_c0_r0_T210,BEAM,L3_V018,L3_V018,2058.0,8.4375,6.22935,52.560141,"11.25,4.5;11.25,4.55;11.25,4.6;11.25,4.65;11.25,4.7;11.25,4.75;11.25,4.8;11.25,4.85;11.25,4.9;11.25,4.95;11.25,5.0;11.25,5.05;11.25,5.1;11.25,5.15;11.25,5.2;11.25,5.25;11.25,5.3;11.25,5.35;11.25,5.4;11.25,5.45;11.25,5.5;11.25,5.55;11.25,5.6;11.25,5.65;11.25,5.7;11.25,5.75;11.25,5.8;11.25,5.85;11.25,5.9;11.25,5.95;11.25,6.0;11.25,6.05;11.25,6.1;11.25,6.15;11.25,6.2;11.25,6.25;11.25,6.3;11.25,6.35;11.25,6.4;11.25,6.45;11.25,6.5;11.25,6.55;11.25,6.6;11.25,6.65;11.25,6.7;11.25,6.75;11.25,6.8;11.25,6.85;11.25,6.9;11.25,6.95;11.25,7.0;11.25,7.05;11.25,7.1;11.25,7.15;11.25,7.2;11.25,7.25;11.25,7.3;11.25,7.35;11.25,7.4;11.25,7.45;11.25,7.5;11.25,7.55;11.25,7.6;11.25,7.65;11.25,7.7;11.25,7.75;11.25,7.8;11.25,7.85;11.25,7.9;11.25,7.95;11.25,8.0;11.25,8.05;11.25,8.1;11.25,8.15;11.25,8.2;11.25,8.25;11.25,8.3;11.25,8.35;11.25,8.4;11.25,8.45;11.25,8.5;11.25,8.55;11.25,8.6;11.25,8.65;11.25,8.7;11.25,8.75;11.25,8.8;11.25,8.85;11.3,8.85;11.3,8.8;11.35,8.8;11.35,8.75;11.4,8.75;11.4,8.7;11.45,8.7;11.45,8.65;11.5,8.65;11.5,8.6;11.55,8.6;11.55,8.55;11.6,8.55;11.6,8.5;11.65,8.5;11.65,8.45;11.7,8.45;11.7,8.4;11.75,8.4;11.75,8.35;11.8,8.35;11.8,8.3;11.85,8.3;11.85,8.25;11.9,8.25;11.9,8.2;11.95,8.2;11.95,8.15;12.0,8.15;12.0,8.1;12.05,8.1;12.05,8.05;12.1,8.05;12.1,8.0;12.15,8.0;12.15,7.95;12.2,7.95;12.2,7.9;12.25,7.9;12.25,7.85;12.3,7.85;12.3,7.8;12.35,7.8;12.35,7.75;12.4,7.75;12.4,7.7;12.45,7.7;12.45,7.65;12.5,7.65;12.5,7.6;12.55,7.6;12.55,7.55;12.6,7.55;12.6,7.5;12.65,7.5;12.65,7.45;12.7,7.45;12.7,7.4;12.75,7.4;12.75,7.35;12.8,7.35;12.8,7.3;12.85,7.3;12.85,7.25;12.9,7.25;12.9,7.2;12.95,7.2;12.95,7.15;13.0,7.15;13.0,7.1;13.05,7.1;13.05,7.05;13.1,7.05;13.1,7.0;13.15,7.0;13.15,6.95;13.2,6.95;13.2,6.9;13.25,6.9;13.25,6.85;13.3,6.85;13.3,6.8;13.35,6.8;13.35,6.75;13.4,6.75;13.4,6.7;13.45,6.7;13.45,6.65;13.5,6.65;13.5,6.6;13.55,6.6;13.55,6.55;13.6,6.55;13.6,6.5;13.65,6.5;13.65,6.45;13.7,6.45;13.7,6.4;13.75,6.4;13.75,6.35;13.75,6.3;13.75,6.25;13.75,6.2;13.75,6.15;13.75,6.1;13.75,6.05;13.75,6.0;13.75,5.95;13.75,5.9;13.75,5.85;13.75,5.8;13.75,5.75;13.75,5.7;13.75,5.65;13.75,5.6;13.75,5.55;13.75,5.5;13.75,5.45;13.75,5.4;13.75,5.35;13.75,5.3;13.75,5.25;13.75,5.2;13.75,5.15;13.75,5.1;13.75,5.05;13.75,5.0;13.75,4.95;13.75,4.9;13.75,4.85;13.75,4.8;13.75,4.75;13.75,4.7;13.75,4.65;13.75,4.6;13.75,4.55;13.75,4.5;13.75,4.45;13.75,4.4;13.75,4.35;13.75,4.3;13.75,4.25;13.7,4.25;13.65,4.25;13.6,4.25;13.55,4.25;13.5,4.25;13.45,4.25;13.4,4.25;13.35,4.25;13.3,4.25;13.25,4.25;13.2,4.25;13.15,4.25;13.1,4.25;13.05,4.25;13.0,4.25;12.95,4.25;12.9,4.25;12.85,4.25;12.8,4.25;12.75,4.25;12.7,4.25;12.65,4.25;12.6,4.25;12.55,4.25;12.5,4.25;12.45,4.25;12.4,4.25;12.35,4.25;12.3,4.25;12.25,4.25;12.2,4.25;12.15,4.25;12.1,4.25;12.05,4.25;12.0,4.25;11.95,4.25;11.9,4.25;11.85,4.25;11.8,4.25;11.75,4.25;11.7,4.25;11.65,4.25;11.6,4.25;11.55,4.25;11.5,4.25;11.45,4.25;11.4,4.25;11.35,4.25;11.3,4.25;11.25,4.25;11.25,4.3;11.25,4.35;11.25,4.4;11.25,4.45;11.25,4.5",TRANSFERIDO
L3,L3_P_RB_c0_r0,L3_P_RB_c0_r0_T211,BEAM,L3_BD_V60_13,L3_BD_V60_13,2161.0,16.125,6.22935,100.448269,"13.75,2.55;13.75,2.7;13.75,2.8;13.75,2.95;13.75,3.05;13.75,3.15;13.75,3.3;13.75,3.4;13.75,3.5;13.75,3.65;13.75,3.75;13.75,3.9;13.75,6.45;13.75,6.45;13.8,6.45;13.8,6.5;13.8,6.5;13.85,6.5;13.85,6.55;13.85,6.55;13.9,6.55;13.9,6.6;13.9,6.6;13.95,6.6;13.95,6.65;13.95,6.65;14.0,6.65;14.0,6.7;14.0,6.7;14.05,6.7;14.05,6.75;14.05,6.75;14.1,6.75;14.1,6.8;14.1,6.8;14.15,6.8;14.15,6.85;14.15,6.85;14.2,6.85;14.2,6.9;14.2,6.9;14.25,6.9;14.25,6.95;14.25,6.95;14.3,6.95;14.3,7.0;14.3,7.0;14.35,7.0;14.35,7.05;14.35,7.05;14.4,7.05;14.4,7.1;14.4,7.1;14.45,7.1;14.45,7.15;14.45,7.15;14.5,7.15;14.5,7.2;14.5,7.2;14.55,7.2;14.55,7.25;14.55,7.25;14.6,7.25;14.6,7.3;14.6,7.3;14.65,7.3;14.65,7.35;14.65,7.35;14.7,7.35;14.7,7.4;14.7,7.4;14.75,7.4;14.75,7.45;14.75,7.45;14.8,7.45;14.8,7.5;14.8,7.5;14.85,7.5;14.85,7.55;14.85,7.55;14.9,7.55;14.9,7.6;14.9,7.6;14.95,7.6;14.95,7.65;14.95,7.65;15.0,7.65;15.0,7.7;15.0,7.7;15.05,7.7;15.05,7.75;15.05,7.75;15.1,7.75;15.1,7.8;15.1,7.8;15.15,7.8;15.15,7.85;15.15,7.85;15.2,7.85;15.2,7.9;15.2,7.9;15.25,7.9;15.25,7.95;15.25,7.95;15.3,7.95;15.3,8.0;15.3,8.0;15.35,8.0;15.35,8.05;15.35,8.05;15.4,8.05;15.4,8.1;15.4,8.1;15.45,8.1;15.45,8.15;15.45,8.15;15.5,8.15;15.5,8.2;15.5,8.2;15.55,8.2;15.55,8.25;15.55,8.25;15.6,8.25;15.6,8.3;15.6,8.3;15.65,8.3;15.65,8.35;15.65,8.35;15.7,8.35;15.7,8.4;15.7,8.4;15.75,8.4;15.75,8.45;15.75,8.45;15.8,8.45;15.8,8.5;15.8,8.5;15.85,8.5;15.85,8.55;15.85,8.55;15.9,8.55;15.9,8.6;15.9,8.6;15.95,8.6;15.95,8.65;15.95,8.65;16.0,8.65;16.0,8.7;16.0,8.7;16.05,8.7;16.05,8.75;16.05,8.75;16.1,8.75;16.1,8.8;16.1,8.8;16.15,8.8;16.15,8.85;16.15,8.85;16.2,8.85;16.2,8.9;16.2,8.9;16.25,8.9;16.25,8.9;16.25,3.9;16.25,3.75;16.25,3.65;16.25,3.5;16.25,3.4;16.25,3.3;16.25,3.15;16.25,3.05;16.25,2.95;16.25,2.8;16.25,2.7;16.25,2.55;16.25,2.45;16.25,2.35;16.25,2.2;16.25,2.1;16.25,1.95;16.25,1.9;16.25,1.85;16.25,1.75;16.25,1.7;16.25,1.65;16.25,1.6;16.25,1.55;16.25,1.5;16.25,1.4;16.25,1.35;16.25,1.3;16.25,1.25;16.25,1.2;16.25,1.1;16.25,1.05;16.25,0.2;16.25,0.1;16.25,0.05;16.25,0.0;16.25,-0.0;16.2,-0.0;16.2,0.0;16.2,0.05;16.15,0.05;16.15,0.05;16.15,0.1;16.1,0.1;16.1,0.1;16.1,0.15;16.05,0.15;16.05,0.15;16.05,0.2;16.0,0.2;16.0,0.2;16.0,0.25;15.95,0.25;15.95,0.25;15.95,0.3;15.9,0.3;15.9,0.3;15.9,0.35;15.85,0.35;15.85,0.35;15.85,0.4;15.8,0.4;15.8,0.4;15.8,0.45;15.75,0.45;15.75,0.45;15.75,0.5;15.7,0.5;15.7,0.5;15.7,0.55;15.65,0.55;15.65,0.55;15.65,0.6;15.6,0.6;15.6,0.6;15.6,0.65;15.55,0.65;15.55,0.65;15.55,0.7;15.5,0.7;15.5,0.7;15.5,0.75;15.45,0.75;15.45,0.75;15.45,0.8;15.4,0.8;15.4,0.8;15.4,0.85;15.35,0.85;15.35,0.85;15.35,0.9;15.3,0.9;15.3,0.9;15.3,0.95;15.25,0.95;15.25,0.95;15.25,1.0;15.2,1.0;15.2,1.0;15.2,1.05;15.15,1.05;15.15,1.05;15.15,1.1;15.1,1.1;15.1,1.1;15.1,1.15;15.05,1.15;15.05,1.15;15.05,1.2;15.0,1.2;15.0,1.2;15.0,1.25;14.95,1.25;14.95,1.25;14.95,1.3;14.9,1.3;14.9,1.3;14.9,1.35;14.85,1.35;14.85,1.35;14.85,1.4;14.8,1.4;14.8,1.4;14.8,1.45;14.75,1.45;14.75,1.45;14.75,1.5;14.7,1.5;14.7,1.5;14.7,1.55;14.65,1.55;14.65,1.55;14.65,1.6;14.6,1.6;14.6,1.6;14.6,1.65;14.55,1.65;14.55,1.65;14.55,1.7;14.5,1.7;14.5,1.7;14.5,1.75;14.45,1.75;14.45,1.75;14.45,1.8;14.4,1.8;14.4,1.8;14.4,1.85;14.35,1.85;14.35,1.85;14.35,1.9;14.3,1.9;14.3,1.9;14.3,1.95;14.25,1.95;14.25,1.95;14.25,2.0;14.2,2.0;14.2,2.0;14.2,2.05;14.15,2.05;14.15,2.05;14.15,2.1;14.1,2.1;14.1,2.1;14.1,2.15;14.05,2.15;14.05,2.15;14.05,2.2;14.0,2.2;14.0,2.2;14.0,2.25;13.95,2.25;13.95,2.25;13.95,2.3;13.9,2.3;13.9,2.3;13.9,2.35;13.85,2.35;13.85,2.35;13.85,2.4;13.8,2.4;13.8,2.4;13.8,2.45;13.75,2.45;13.75,2.45;13.75,2.55",TRANSFERIDO
L3,L3_P_RB_c0_r1,L3_P_RB_c0_r1_T212,BEAM,L3_BD_V60_05,L3_BD_V60_05,2153.0,6.25,6.22935,38.933438,"11.25,8.9;11.25,8.9;11.25,8.95;11.25,8.95;11.3,8.95;11.3,9.0;11.3,9.0;11.35,9.0;11.35,9.05;11.35,9.05;11.4,9.05;11.4,9.1;11.4,9.1;11.45,9.1;11.45,9.15;11.45,9.15;11.5,9.15;11.5,9.2;11.5,9.2;11.55,9.2;11.55,9.25;11.55,9.25;11.6,9.25;11.6,9.3;11.6,9.3;11.65,9.3;11.65,9.35;11.65,9.35;11.7,9.35;11.7,9.4;11.7,9.4;11.75,9.4;11.75,9.45;11.75,9.45;11.8,9.45;11.8,9.5;11.8,9.5;11.85,9.5;11.85,9.55;11.85,9.55;11.9,9.55;11.9,9.6;11.9,9.6;11.95,9.6;11.95,9.65;11.95,9.65;12.0,9.65;12.0,9.7;12.0,9.7;12.05,9.7;12.05,9.75;12.05,9.75;12.1,9.75;12.1,9.8;12.1,9.8;12.15,9.8;12.15,9.85;12.15,9.85;12.2,9.85;12.2,9.9;12.2,9.9;12.25,9.9;12.25,9.95;12.25,9.95;12.3,9.95;12.3,10.0;12.3,10.0;12.35,10.0;12.35,10.05;12.35,10.05;12.4,10.05;12.4,10.1;12.4,10.1;12.45,10.1;12.45,10.15;12.45,10.15;12.5,10.15;12.5,10.2;12.5,10.2;12.55,10.2;12.55,10.25;12.55,10.25;12.6,10.25;12.6,10.3;12.6,10.3;12.65,10.3;12.65,10.35;12.65,10.35;12.7,10.35;12.7,10.4;12.7,10.4;12.75,10.4;12.75,10.45;12.75,10.45;12.8,10.45;12.8,10.5;12.8,10.5;12.85,10.5;12.85,10.55;12.85,10.55;12.9,10.55;12.9,10.6;12.9,10.6;12.95,10.6;12.95,10.65;12.95,10.65;13.0,10.65;13.0,10.7;13.0,10.7;13.05,10.7;13.05,10.75;13.05,10.75;13.1,10.75;13.1,10.8;13.1,10.8;13.15,10.8;13.15,10.85;13.15,10.85;13.2,10.85;13.2,10.9;13.2,10.9;13.25,10.9;13.25,10.95;13.25,10.95;13.3,10.95;13.3,11.0;13.3,11.0;13.35,11.0;13.35,11.05;13.35,11.05;13.4,11.05;13.4,11.1;13.4,11.1;13.45,11.1;13.45,11.15;13.45,11.15;13.5,11.15;13.5,11.2;13.5,11.2;13.55,11.2;13.55,11.25;13.55,11.25;13.6,11.25;13.6,11.3;13.6,11.3;13.65,11.3;13.65,11.35;13.65,11.35;13.7,11.35;13.7,11.4;13.7,11.4;13.75,11.4;13.75,11.4;13.75,11.35;13.8,11.35;13.8,11.35;13.8,11.3;13.85,11.3;13.85,11.3;13.85,11.25;13.9,11.25;13.9,11.25;13.9,11.2;13.95,11.2;13.95,11.2;13.95,11.15;14.0,11.15;14.0,11.15;14.0,11.1;14.05,11.1;14.05,11.1;14.05,11.05;14.1,11.05;14.1,11.05;14.1,11.0;14.15,11.0;14.15,11.0;14.15,10.95;14.2,10.95;14.2,10.95;14.2,10.9;14.25,10.9;14.25,10.9;14.25,10.85;14.3,10.85;14.3,10.85;14.3,10.8;14.35,10.8;14.35,10.8;14.35,10.75;14.4,10.75;14.4,10.75;14.4,10.7;14.45,10.7;14.45,10.7;14.45,10.65;14.5,10.65;14.5,10.65;14.5,10.6;14.55,10.6;14.55,10.6;14.55,10.55;14.6,10.55;14.6,10.55;14.6,10.5;14.65,10.5;14.65,10.5;14.65,10.45;14.7,10.45;14.7,10.45;14.7,10.4;14.75,10.4;14.75,10.4;14.75,10.35;14.8,10.35;14.8,10.35;14.8,10.3;14.85,10.3;14.85,10.3;14.85,10.25;14.9,10.25;14.9,10.25;14.9,10.2;14.95,10.2;14.95,10.2;14.95,10.15;15.0,10.15;15.0,10.15;15.0,10.1;15.05,10.1;15.05,10.1;15.05,10.05;15.1,10.05;15.1,10.05;15.1,10.0;15.15,10.0;15.15,10.0;15.15,9.95;15.2,9.95;15.2,9.95;15.2,9.9;15.25,9.9;15.25,9.9;15.25,9.85;15.3,9.85;15.3,9.85;15.3,9.8;15.35,9.8;15.35,9.8;15.35,9.75;15.4,9.75;15.4,9.75;15.4,9.7;15.45,9.7;15.45,9.7;15.45,9.65;15.5,9.65;15.5,9.65;15.5,9.6;15.55,9.6;15.55,9.6;15.55,9.55;15.6,9.55;15.6,9.55;15.6,9.5;15.65,9.5;15.65,9.5;15.65,9.45;15.7,9.45;15.7,9.45;15.7,9.4;15.75,9.4;15.75,9.4;15.75,9.35;15.8,9.35;15.8,9.35;15.8,9.3;15.85,9.3;15.85,9.3;15.85,9.25;15.9,9.25;15.9,9.25;15.9,9.2;15.95,9.2;15.95,9.2;15.95,9.15;16.0,9.15;16.0,9.15;16.0,9.1;16.05,9.1;16.05,9.1;16.05,9.05;16.1,9.05;16.1,9.05;16.1,9.0;16.15,9.0;16.15,9.0;16.15,8.95;16.2,8.95;16.2,8.95;16.2,8.9;16.2,8.9;16.1,8.9;16.0,8.9",TRANSFERIDO
L3,L3_P_RB_c0_r1,L3_P_RB_c0_r1_T213,BEAM,L3_BD_V60_09,L3_BD_V60_09,2157.0,6.375,6.22935,39.712106,"11.3,16.1;11.25,16.1;11.25,16.1;11.25,16.15;11.25,16.15;16.0,16.15;16.1,16.15;16.2,16.15;16.25,16.15;16.25,16.15;16.25,16.1;16.25,16.1;16.2,16.1;16.2,16.05;16.2,16.05;16.15,16.05;16.15,16.0;16.15,16.0;16.1,16.0;16.1,15.95;16.1,15.95;16.05,15.95;16.05,15.9;16.05,15.9;16.0,15.9;16.0,15.85;16.0,15.85;15.95,15.85;15.95,15.8;15.95,15.8;15.9,15.8;15.9,15.75;15.9,15.75;15.85,15.75;15.85,15.7;15.85,15.7;15.8,15.7;15.8,15.65;15.8,15.65;15.75,15.65;15.75,15.6;15.75,15.6;15.7,15.6;15.7,15.55;15.7,15.55;15.65,15.55;15.65,15.5;15.65,15.5;15.6,15.5;15.6,15.45;15.6,15.45;15.55,15.45;15.55,15.4;15.55,15.4;15.5,15.4;15.5,15.35;15.5,15.35;15.45,15.35;15.45,15.3;15.45,15.3;15.4,15.3;15.4,15.25;15.4,15.25;15.35,15.25;15.35,15.2;15.35,15.2;15.3,15.2;15.3,15.15;15.3,15.15;15.25,15.15;15.25,15.1;15.25,15.1;15.2,15.1;15.2,15.05;15.2,15.05;15.15,15.05;15.15,15.0;15.15,15.0;15.1,15.0;15.1,14.95;15.1,14.95;15.05,14.95;15.05,14.9;15.05,14.9;15.0,14.9;15.0,14.85;15.0,14.85;14.95,14.85;14.95,14.8;14.95,14.8;14.9,14.8;14.9,14.75;14.9,14.75;14.85,14.75;14.85,14.7;14.85,14.7;14.8,14.7;14.8,14.65;14.8,14.65;14.75,14.65;14.75,14.6;14.75,14.6;14.7,14.6;14.7,14.55;14.7,14.55;14.65,14.55;14.65,14.5;14.65,14.5;14.6,14.5;14.6,14.45;14.6,14.45;14.55,14.45;14.55,14.4;14.55,14.4;14.5,14.4;14.5,14.35;14.5,14.35;14.45,14.35;14.45,14.3;14.45,14.3;14.4,14.3;14.4,14.25;14.4,14.25;14.35,14.25;14.35,14.2;14.35,14.2;14.3,14.2;14.3,14.15;14.3,14.15;14.25,14.15;14.25,14.1;14.25,14.1;14.2,14.1;14.2,14.05;14.2,14.05;14.15,14.05;14.15,14.0;14.15,14.0;14.1,14.0;14.1,13.95;14.1,13.95;14.05,13.95;14.05,13.9;14.05,13.9;14.0,13.9;14.0,13.85;14.0,13.85;13.95,13.85;13.95,13.8;13.95,13.8;13.9,13.8;13.9,13.75;13.9,13.75;13.85,13.75;13.85,13.7;13.85,13.7;13.8,13.7;13.8,13.65;13.8,13.65;13.7,13.65;13.7,13.65;13.7,13.7;13.65,13.7;13.65,13.7;13.65,13.75;13.6,13.75;13.6,13.75;13.6,13.8;13.55,13.8;13.55,13.8;13.55,13.85;13.5,13.85;13.5,13.85;13.5,13.9;13.45,13.9;13.45,13.9;13.45,13.95;13.4,13.95;13.4,13.95;13.4,14.0;13.35,14.0;13.35,14.0;13.35,14.05;13.3,14.05;13.3,14.05;13.3,14.1;13.25,14.1;13.25,14.1;13.25,14.15;13.2,14.15;13.2,14.15;13.2,14.2;13.15,14.2;13.15,14.2;13.15,14.25;13.1,14.25;13.1,14.25;13.1,14.3;13.05,14.3;13.05,14.3;13.05,14.35;13.0,14.35;13.0,14.35;13.0,14.4;12.95,14.4;12.95,14.4;12.95,14.45;12.9,14.45;12.9,14.45;12.9,14.5;12.85,14.5;12.85,14.5;12.85,14.55;12.8,14.55;12.8,14.55;12.8,14.6;12.75,14.6;12.75,14.6;12.75,14.65;12.7,14.65;12.7,14.65;12.7,14.7;12.65,14.7;12.65,14.7;12.65,14.75;12.6,14.75;12.6,14.75;12.6,14.8;12.55,14.8;12.55,14.8;12.55,14.85;12.5,14.85;12.5,14.85;12.5,14.9;12.45,14.9;12.45,14.9;12.45,14.95;12.4,14.95;12.4,14.95;12.4,15.0;12.35,15.0;12.35,15.0;12.35,15.05;12.3,15.05;12.3,15.05;12.3,15.1;12.25,15.1;12.25,15.1;12.25,15.15;12.2,15.15;12.2,15.15;12.2,15.2;12.15,15.2;12.15,15.2;12.15,15.25;12.1,15.25;12.1,15.25;12.1,15.3;12.05,15.3;12.05,15.3;12.05,15.35;12.0,15.35;12.0,15.35;12.0,15.4;11.95,15.4;11.95,15.4;11.95,15.45;11.9,15.45;11.9,15.45;11.9,15.5;11.85,15.5;11.85,15.5;11.85,15.55;11.8,15.55;11.8,15.55;11.8,15.6;11.75,15.6;11.75,15.6;11.75,15.65;11.7,15.65;11.7,15.65;11.7,15.7;11.65,15.7;11.65,15.7;11.65,15.75;11.6,15.75;11.6,15.75;11.6,15.8;11.55,15.8;11.55,15.8;11.55,15.85;11.5,15.85;11.5,15.85;11.5,15.9;11.45,15.9;11.45,15.9;11.45,15.95;11.4,15.95;11.4,15.95;11.4,16.0;11.35,16.0;11.35,16.0;11.35,16.05;11.3,16.05;11.3,16.05",TRANSFERIDO
L3,L3_P_RB_c0_r1,L3_P_RB_c0_r1_T214,BEAM,L3_V019,L3_V019,2059.0,4.3125,6.22935,26.864072,"11.25,9.35;11.25,9.4;11.25,9.45;11.25,9.5;11.25,9.55;11.25,9.6;11.25,9.65;11.25,9.7;11.25,9.75;11.25,9.8;11.25,9.85;11.25,9.9;11.25,9.95;11.25,10.0;11.25,10.05;11.25,10.1;11.25,10.15;11.25,10.2;11.25,10.25;11.25,10.3;11.25,10.35;11.25,10.4;11.25,10.45;11.25,10.5;11.25,10.55;11.25,10.6;11.25,10.65;11.25,10.7;11.25,10.75;11.25,10.8;11.25,10.85;11.25,10.9;11.25,10.95;11.25,11.0;11.25,11.05;11.25,11.1;11.25,11.15;11.25,11.2;11.25,11.25;11.25,11.3;11.25,11.35;11.25,11.4;11.25,11.45;11.25,11.5;11.25,11.55;11.25,11.6;11.25,11.65;11.25,11.7;11.25,11.75;11.25,11.8;11.25,11.85;11.25,11.9;11.3,11.9;11.35,11.9;11.4,11.9;11.45,11.9;11.5,11.9;11.55,11.9;11.6,11.9;11.65,11.9;11.7,11.9;11.75,11.9;11.8,11.9;11.85,11.9;11.9,11.9;11.95,11.9;12.0,11.9;12.05,11.9;12.1,11.9;12.15,11.9;12.2,11.9;12.25,11.9;12.3,11.9;12.35,11.9;12.4,11.9;12.45,11.9;12.5,11.9;12.55,11.9;12.6,11.9;12.65,11.9;12.7,11.9;12.75,11.9;12.8,11.9;12.85,11.9;12.9,11.9;12.95,11.9;13.0,11.9;13.05,11.9;13.1,11.9;13.15,11.9;13.2,11.9;13.25,11.9;13.3,11.9;13.35,11.9;13.4,11.9;13.45,11.9;13.5,11.9;13.55,11.9;13.6,11.9;13.65,11.9;13.7,11.9;13.75,11.9;13.75,11.85;13.75,11.8;13.75,11.75;13.75,11.7;13.75,11.65;13.75,11.6;13.75,11.55;13.75,11.5;13.75,11.45;13.75,11.4;13.7,11.4;13.7,11.35;13.65,11.35;13.65,11.3;13.6,11.3;13.6,11.25;13.55,11.25;13.55,11.2;13.5,11.2;13.5,11.15;13.45,11.15;13.45,11.1;13.4,11.1;13.4,11.05;13.35,11.05;13.35,11.0;13.3,11.0;13.3,10.95;13.25,10.95;13.25,10.9;13.2,10.9;13.2,10.85;13.15,10.85;13.15,10.8;13.1,10.8;13.1,10.75;13.05,10.75;13.05,10.7;13.0,10.7;13.0,10.65;12.95,10.65;12.95,10.6;12.9,10.6;12.9,10.55;12.85,10.55;12.85,10.5;12.8,10.5;12.8,10.45;12.75,10.45;12.75,10.4;12.7,10.4;12.7,10.35;12.65,10.35;12.65,10.3;12.6,10.3;12.6,10.25;12.55,10.25;12.55,10.2;12.5,10.2;12.5,10.15;12.45,10.15;12.45,10.1;12.4,10.1;12.4,10.05;12.35,10.05;12.35,10.0;12.3,10.0;12.3,9.95;12.25,9.95;12.25,9.9;12.2,9.9;12.2,9.85;12.15,9.85;12.15,9.8;12.1,9.8;12.1,9.75;12.05,9.75;12.05,9.7;12.0,9.7;12.0,9.65;11.95,9.65;11.95,9.6;11.9,9.6;11.9,9.55;11.85,9.55;11.85,9.5;11.8,9.5;11.8,9.45;11.75,9.45;11.75,9.4;11.7,9.4;11.7,9.35;11.65,9.35;11.65,9.3;11.6,9.3;11.6,9.25;11.55,9.25;11.55,9.2;11.5,9.2;11.5,9.15;11.45,9.15;11.45,9.1;11.4,9.1;11.4,9.05;11.35,9.05;11.35,9.0;11.3,9.0;11.3,8.95;11.25,8.95;11.25,9.0;11.25,9.05;11.25,9.1;11.25,9.15;11.25,9.2;11.25,9.25;11.25,9.3",TRANSFERIDO
L3,L3_P_RB_c0_r1,L3_P_RB_c0_r1_T215,BEAM,L3_V020,L3_V020,2060.0,7.4375,6.22935,46.330791,"11.25,16.0;11.25,16.05;11.25,16.1;11.25,16.1;11.3,16.1;11.3,16.1;11.3,16.05;11.35,16.05;11.35,16.05;11.35,16.0;11.4,16.0;11.4,16.0;11.4,15.95;11.45,15.95;11.45,15.95;11.45,15.9;11.5,15.9;11.5,15.9;11.5,15.85;11.55,15.85;11.55,15.85;11.55,15.8;11.6,15.8;11.6,15.8;11.6,15.75;11.65,15.75;11.65,15.75;11.65,15.7;11.7,15.7;11.7,15.7;11.7,15.65;11.75,15.65;11.75,15.65;11.75,15.6;11.8,15.6;11.8,15.6;11.8,15.55;11.85,15.55;11.85,15.55;11.85,15.5;11.9,15.5;11.9,15.5;11.9,15.45;11.95,15.45;11.95,15.45;11.95,15.4;12.0,15.4;12.0,15.4;12.0,15.35;12.05,15.35;12.05,15.35;12.05,15.3;12.1,15.3;12.1,15.3;12.1,15.25;12.15,15.25;12.15,15.25;12.15,15.2;12.2,15.2;12.2,15.2;12.2,15.15;12.25,15.15;12.25,15.15;12.25,15.1;12.3,15.1;12.3,15.1;12.3,15.05;12.35,15.05;12.35,15.05;12.35,15.0;12.4,15.0;12.4,15.0;12.4,14.95;12.45,14.95;12.45,14.95;12.45,14.9;12.5,14.9;12.5,14.9;12.5,14.85;12.55,14.85;12.55,14.85;12.55,14.8;12.6,14.8;12.6,14.8;12.6,14.75;12.65,14.75;12.65,14.75;12.65,14.7;12.7,14.7;12.7,14.7;12.7,14.65;12.75,14.65;12.75,14.65;12.75,14.6;12.8,14.6;12.8,14.6;12.8,14.55;12.85,14.55;12.85,14.55;12.85,14.5;12.9,14.5;12.9,14.5;12.9,14.45;12.95,14.45;12.95,14.45;12.95,14.4;13.0,14.4;13.0,14.4;13.0,14.35;13.05,14.35;13.05,14.35;13.05,14.3;13.1,14.3;13.1,14.3;13.1,14.25;13.15,14.25;13.15,14.25;13.15,14.2;13.2,14.2;13.2,14.2;13.2,14.15;13.25,14.15;13.25,14.15;13.25,14.1;13.3,14.1;13.3,14.1;13.3,14.05;13.35,14.05;13.35,14.05;13.35,14.0;13.4,14.0;13.4,14.0;13.4,13.95;13.45,13.95;13.45,13.95;13.45,13.9;13.5,13.9;13.5,13.9;13.5,13.85;13.55,13.85;13.55,13.85;13.55,13.8;13.6,13.8;13.6,13.8;13.6,13.75;13.65,13.75;13.65,13.75;13.65,13.7;13.7,13.7;13.7,13.7;13.7,13.65;13.75,13.65;13.75,13.65;13.75,11.9;13.75,11.9;11.25,11.9;11.25,11.9",TRANSFERIDO
L3,L3_P_RB_c0_r1,L3_P_RB_c0_r1_T216,BEAM,L3_BD_V60_14,L3_BD_V60_14,2162.0,11.875,6.22935,73.973531,"13.75,13.65;13.75,13.65;13.8,13.65;13.8,13.7;13.8,13.7;13.85,13.7;13.85,13.75;13.85,13.75;13.9,13.75;13.9,13.8;13.9,13.8;13.95,13.8;13.95,13.85;13.95,13.85;14.0,13.85;14.0,13.9;14.0,13.9;14.05,13.9;14.05,13.95;14.05,13.95;14.1,13.95;14.1,14.0;14.1,14.0;14.15,14.0;14.15,14.05;14.15,14.05;14.2,14.05;14.2,14.1;14.2,14.1;14.25,14.1;14.25,14.15;14.25,14.15;14.3,14.15;14.3,14.2;14.3,14.2;14.35,14.2;14.35,14.25;14.35,14.25;14.4,14.25;14.4,14.3;14.4,14.3;14.45,14.3;14.45,14.35;14.45,14.35;14.5,14.35;14.5,14.4;14.5,14.4;14.55,14.4;14.55,14.45;14.55,14.45;14.6,14.45;14.6,14.5;14.6,14.5;14.65,14.5;14.65,14.55;14.65,14.55;14.7,14.55;14.7,14.6;14.7,14.6;14.75,14.6;14.75,14.65;14.75,14.65;14.8,14.65;14.8,14.7;14.8,14.7;14.85,14.7;14.85,14.75;14.85,14.75;14.9,14.75;14.9,14.8;14.9,14.8;14.95,14.8;14.95,14.85;14.95,14.85;15.0,14.85;15.0,14.9;15.0,14.9;15.05,14.9;15.05,14.95;15.05,14.95;15.1,14.95;15.1,15.0;15.1,15.0;15.15,15.0;15.15,15.05;15.15,15.05;15.2,15.05;15.2,15.1;15.2,15.1;15.25,15.1;15.25,15.15;15.25,15.15;15.3,15.15;15.3,15.2;15.3,15.2;15.35,15.2;15.35,15.25;15.35,15.25;15.4,15.25;15.4,15.3;15.4,15.3;15.45,15.3;15.45,15.35;15.45,15.35;15.5,15.35;15.5,15.4;15.5,15.4;15.55,15.4;15.55,15.45;15.55,15.45;15.6,15.45;15.6,15.5;15.6,15.5;15.65,15.5;15.65,15.55;15.65,15.55;15.7,15.55;15.7,15.6;15.7,15.6;15.75,15.6;15.75,15.65;15.75,15.65;15.8,15.65;15.8,15.7;15.8,15.7;15.85,15.7;15.85,15.75;15.85,15.75;15.9,15.75;15.9,15.8;15.9,15.8;15.95,15.8;15.95,15.85;15.95,15.85;16.0,15.85;16.0,15.9;16.0,15.9;16.05,15.9;16.05,15.95;16.05,15.95;16.1,15.95;16.1,16.0;16.1,16.0;16.15,16.0;16.15,16.05;16.15,16.05;16.2,16.05;16.2,16.1;16.2,16.1;16.25,16.1;16.25,16.1;16.25,16.05;16.25,16.0;16.25,8.9;16.25,8.9;16.2,8.9;16.2,8.9;16.2,8.95;16.15,8.95;16.15,8.95;16.15,9.0;16.1,9.0;16.1,9.0;16.1,9.05;16.05,9.05;16.05,9.05;16.05,9.1;16.0,9.1;16.0,9.1;16.0,9.15;15.95,9.15;15.95,9.15;15.95,9.2;15.9,9.2;15.9,9.2;15.9,9.25;15.85,9.25;15.85,9.25;15.85,9.3;15.8,9.3;15.8,9.3;15.8,9.35;15.75,9.35;15.75,9.35;15.75,9.4;15.7,9.4;15.7,9.4;15.7,9.45;15.65,9.45;15.65,9.45;15.65,9.5;15.6,9.5;15.6,9.5;15.6,9.55;15.55,9.55;15.55,9.55;15.55,9.6;15.5,9.6;15.5,9.6;15.5,9.65;15.45,9.65;15.45,9.65;15.45,9.7;15.4,9.7;15.4,9.7;15.4,9.75;15.35,9.75;15.35,9.75;15.35,9.8;15.3,9.8;15.3,9.8;15.3,9.85;15.25,9.85;15.25,9.85;15.25,9.9;15.2,9.9;15.2,9.9;15.2,9.95;15.15,9.95;15.15,9.95;15.15,10.0;15.1,10.0;15.1,10.0;15.1,10.05;15.05,10.05;15.05,10.05;15.05,10.1;15.0,10.1;15.0,10.1;15.0,10.15;14.95,10.15;14.95,10.15;14.95,10.2;14.9,10.2;14.9,10.2;14.9,10.25;14.85,10.25;14.85,10.25;14.85,10.3;14.8,10.3;14.8,10.3;14.8,10.35;14.75,10.35;14.75,10.35;14.75,10.4;14.7,10.4;14.7,10.4;14.7,10.45;14.65,10.45;14.65,10.45;14.65,10.5;14.6,10.5;14.6,10.5;14.6,10.55;14.55,10.55;14.55,10.55;14.55,10.6;14.5,10.6;14.5,10.6;14.5,10.65;14.45,10.65;14.45,10.65;14.45,10.7;14.4,10.7;14.4,10.7;14.4,10.75;14.35,10.75;14.35,10.75;14.35,10.8;14.3,10.8;14.3,10.8;14.3,10.85;14.25,10.85;14.25,10.85;14.25,10.9;14.2,10.9;14.2,10.9;14.2,10.95;14.15,10.95;14.15,10.95;14.15,11.0;14.1,11.0;14.1,11.0;14.1,11.05;14.05,11.05;14.05,11.05;14.05,11.1;14.0,11.1;14.0,11.1;14.0,11.15;13.95,11.15;13.95,11.15;13.95,11.2;13.9,11.2;13.9,11.2;13.9,11.25;13.85,11.25;13.85,11.25;13.85,11.3;13.8,11.3;13.8,11.3;13.8,11.35;13.75,11.35;13.75,11.35",TRANSFERIDO
L3,L3_P_RB_c1_r0,L3_P_RB_c1_r0_T217,BEAM,L3_BD_V60_02,L3_BD_V60_02,2150.0,6.2425,6.22935,38.886717,"16.35,-0.0;16.3,-0.0;16.3,0.0;16.3,0.05;16.3,0.05;16.35,0.05;16.35,0.1;16.35,0.1;16.4,0.1;16.4,0.2;16.4,0.2;16.45,0.2;16.45,0.25;16.45,0.25;16.5,0.25;16.5,0.3;16.5,0.3;16.55,0.3;16.55,0.35;16.55,0.35;16.6,0.35;16.6,0.4;16.6,0.4;16.65,0.4;16.65,0.45;16.65,0.45;16.7,0.45;16.7,0.5;16.7,0.5;16.75,0.5;16.75,0.55;16.75,0.55;16.8,0.55;16.8,0.6;16.8,0.6;16.85,0.6;16.85,0.65;16.85,0.65;16.9,0.65;16.9,0.7;16.9,0.7;16.95,0.7;16.95,0.75;16.95,0.75;17.0,0.75;17.0,0.8;17.0,0.8;17.05,0.8;17.05,0.85;17.05,0.85;17.1,0.85;17.1,0.9;17.1,0.9;17.15,0.9;17.15,0.95;17.15,0.95;17.2,0.95;17.2,1.0;17.2,1.0;17.25,1.0;17.25,1.05;17.25,1.05;17.3,1.05;17.3,1.1;17.3,1.1;17.35,1.1;17.35,1.15;17.35,1.15;17.4,1.15;17.4,1.2;17.4,1.2;17.45,1.2;17.45,1.25;17.45,1.25;17.5,1.25;17.5,1.3;17.5,1.3;17.55,1.3;17.55,1.35;17.55,1.35;17.6,1.35;17.6,1.4;17.6,1.4;17.65,1.4;17.65,1.45;17.65,1.45;17.7,1.45;17.7,1.5;17.7,1.5;17.75,1.5;17.75,1.55;17.75,1.55;17.8,1.55;17.8,1.6;17.8,1.6;17.85,1.6;17.85,1.65;17.85,1.65;17.9,1.65;17.9,1.7;17.9,1.7;17.95,1.7;17.95,1.75;17.95,1.75;18.0,1.75;18.0,1.8;18.0,1.8;18.05,1.8;18.05,1.85;18.05,1.85;18.1,1.85;18.1,1.9;18.1,1.9;18.15,1.9;18.15,1.95;18.15,1.95;18.2,1.95;18.2,2.0;18.2,2.0;18.25,2.0;18.25,2.05;18.25,2.05;18.3,2.05;18.3,2.1;18.3,2.1;18.35,2.1;18.35,2.15;18.35,2.15;18.4,2.15;18.4,2.2;18.4,2.2;18.45,2.2;18.45,2.25;18.45,2.25;18.5,2.25;18.5,2.3;18.5,2.3;18.55,2.3;18.55,2.35;18.55,2.35;18.6,2.35;18.6,2.4;18.6,2.4;18.65,2.4;18.65,2.45;18.65,2.45;18.7,2.45;18.7,2.5;18.7,2.5;18.75,2.5;18.75,2.5;18.75,2.45;18.8,2.45;18.8,2.45;18.8,2.4;18.85,2.4;18.85,2.4;18.85,2.35;18.9,2.35;18.9,2.35;18.9,2.3;18.95,2.3;18.95,2.3;18.95,2.25;19.0,2.25;19.0,2.25;19.0,2.2;19.05,2.2;19.05,2.2;19.05,2.15;19.1,2.15;19.1,2.15;19.1,2.1;19.15,2.1;19.15,2.1;19.15,2.05;19.2,2.05;19.2,2.05;19.2,2.0;19.25,2.0;19.25,2.0;19.25,1.95;19.3,1.95;19.3,1.95;19.3,1.9;19.35,1.9;19.35,1.9;19.35,1.85;19.4,1.85;19.4,1.85;19.4,1.8;19.45,1.8;19.45,1.8;19.45,1.75;19.5,1.75;19.5,1.75;19.5,1.7;19.55,1.7;19.55,1.7;19.55,1.65;19.6,1.65;19.6,1.65;19.6,1.6;19.65,1.6;19.65,1.6;19.65,1.55;19.7,1.55;19.7,1.55;19.7,1.5;19.75,1.5;19.75,1.5;19.75,1.45;19.8,1.45;19.8,1.45;19.8,1.4;19.85,1.4;19.85,1.4;19.85,1.35;19.9,1.35;19.9,1.35;19.9,1.3;19.95,1.3;19.95,1.3;19.95,1.25;20.0,1.25;20.0,1.25;20.0,1.2;20.05,1.2;20.05,1.2;20.05,1.15;20.1,1.15;20.1,1.15;20.1,1.1;20.15,1.1;20.15,1.1;20.15,1.05;20.2,1.05;20.2,1.05;20.2,1.0;20.25,1.0;20.25,1.0;20.25,0.95;20.3,0.95;20.3,0.95;20.3,0.9;20.35,0.9;20.35,0.9;20.35,0.85;20.4,0.85;20.4,0.85;20.4,0.8;20.45,0.8;20.45,0.8;20.45,0.75;20.5,0.75;20.5,0.75;20.5,0.7;20.55,0.7;20.55,0.7;20.55,0.65;20.6,0.65;20.6,0.65;20.6,0.6;20.65,0.6;20.65,0.6;20.65,0.55;20.7,0.55;20.7,0.55;20.7,0.5;20.75,0.5;20.75,0.5;20.75,0.45;20.8,0.45;20.8,0.45;20.8,0.4;20.85,0.4;20.85,0.4;20.85,0.35;20.9,0.35;20.9,0.35;20.9,0.3;20.95,0.3;20.95,0.3;20.95,0.25;21.0,0.25;21.0,0.25;21.0,0.2;21.05,0.2;21.05,0.2;21.05,0.15;21.1,0.15;21.1,0.15;21.1,0.1;21.15,0.1;21.15,0.1;21.15,0.05;21.2,0.05;21.2,0.05;21.2,0.0;21.2,-0.0;21.15,-0.0;21.1,-0.0;21.05,-0.0;21.0,-0.0;20.95,-0.0;20.9,-0.0;20.85,-0.0;20.8,-0.0;20.75,-0.0;20.7,-0.0;20.65,-0.0;20.6,-0.0;20.55,-0.0;20.5,-0.0;20.45,-0.0;20.4,-0.0;20.35,-0.0;20.3,-0.0;20.25,-0.0;20.2,-0.0;20.15,-0.0;20.1,-0.0;20.05,-0.0;20.0,-0.0;19.95,-0.0;19.9,-0.0;19.85,-0.0;19.8,-0.0;19.75,-0.0;19.7,-0.0;19.65,-0.0;19.6,-0.0;19.55,-0.0;19.5,-0.0;19.45,-0.0;19.4,-0.0;19.35,-0.0;19.3,-0.0;19.25,-0.0;19.2,-0.0;19.15,-0.0;19.1,-0.0;19.05,-0.0;19.0,-0.0;18.95,-0.0;18.9,-0.0;18.85,-0.0;18.8,-0.0;18.75,-0.0;18.7,-0.0;18.65,-0.0;18.6,-0.0;18.55,-0.0;18.5,-0.0;18.45,-0.0;18.4,-0.0;18.35,-0.0;18.3,-0.0;18.25,-0.0;18.2,-0.0;18.15,-0.0;18.1,-0.0;18.05,-0.0;18.0,-0.0;17.95,-0.0;17.9,-0.0;17.85,-0.0;17.8,-0.0;17.75,-0.0;17.7,-0.0;17.65,-0.0;17.6,-0.0;17.55,-0.0;17.5,-0.0;17.45,-0.0;17.4,-0.0;17.35,-0.0;17.3,-0.0;17.25,-0.0;17.2,-0.0;17.15,-0.0;17.1,-0.0;17.05,-0.0;17.0,-0.0;16.95,-0.0;16.9,-0.0;16.85,-0.0;16.8,-0.0;16.75,-0.0;16.7,-0.0;16.65,-0.0;16.6,-0.0;16.55,-0.0;16.5,-0.0;16.45,-0.0;16.4,-0.0;16.35,-0.0",TRANSFERIDO
L3,L3_P_RB_c1_r0,L3_P_RB_c1_r0_T218,BEAM,L3_BD_V60_06,L3_BD_V60_06,2154.0,6.25,6.22935,38.933438,"16.3,8.85;16.25,8.85;16.25,8.85;16.25,8.9;16.25,8.9;16.3,8.9;16.35,8.9;16.4,8.9;16.45,8.9;16.5,8.9;16.55,8.9;16.6,8.9;16.65,8.9;16.7,8.9;16.75,8.9;16.8,8.9;16.85,8.9;16.9,8.9;16.95,8.9;17.0,8.9;17.05,8.9;17.1,8.9;17.15,8.9;17.2,8.9;17.25,8.9;17.3,8.9;17.35,8.9;17.4,8.9;17.45,8.9;17.5,8.9;17.55,8.9;17.6,8.9;17.65,8.9;17.7,8.9;17.75,8.9;17.8,8.9;17.85,8.9;17.9,8.9;17.95,8.9;18.0,8.9;18.05,8.9;18.1,8.9;18.15,8.9;18.2,8.9;18.25,8.9;18.3,8.9;18.35,8.9;18.4,8.9;18.45,8.9;18.5,8.9;18.55,8.9;18.6,8.9;18.65,8.9;18.7,8.9;18.75,8.9;18.8,8.9;18.85,8.9;18.9,8.9;18.95,8.9;19.0,8.9;19.05,8.9;19.1,8.9;19.15,8.9;19.2,8.9;19.25,8.9;19.3,8.9;19.35,8.9;19.4,8.9;19.45,8.9;19.5,8.9;19.55,8.9;19.6,8.9;19.65,8.9;19.7,8.9;19.75,8.9;19.8,8.9;19.85,8.9;19.9,8.9;19.95,8.9;20.0,8.9;20.05,8.9;20.1,8.9;20.15,8.9;20.2,8.9;20.25,8.9;20.3,8.9;20.35,8.9;20.4,8.9;20.45,8.9;20.5,8.9;20.55,8.9;20.6,8.9;20.65,8.9;20.7,8.9;20.75,8.9;20.8,8.9;20.85,8.9;20.9,8.9;20.95,8.9;21.0,8.9;21.05,8.9;21.1,8.9;21.15,8.9;21.2,8.9;21.2,8.9;21.2,8.85;21.2,8.85;21.15,8.85;21.15,8.8;21.15,8.8;21.1,8.8;21.1,8.75;21.1,8.75;21.05,8.75;21.05,8.7;21.05,8.7;21.0,8.7;21.0,8.65;21.0,8.65;20.95,8.65;20.95,8.6;20.95,8.6;20.9,8.6;20.9,8.55;20.9,8.55;20.85,8.55;20.85,8.5;20.85,8.5;20.8,8.5;20.8,8.45;20.8,8.45;20.75,8.45;20.75,8.4;20.75,8.4;20.7,8.4;20.7,8.35;20.7,8.35;20.65,8.35;20.65,8.3;20.65,8.3;20.6,8.3;20.6,8.25;20.6,8.25;20.55,8.25;20.55,8.2;20.55,8.2;20.5,8.2;20.5,8.15;20.5,8.15;20.45,8.15;20.45,8.1;20.45,8.1;20.4,8.1;20.4,8.05;20.4,8.05;20.35,8.05;20.35,8.0;20.35,8.0;20.3,8.0;20.3,7.95;20.3,7.95;20.25,7.95;20.25,7.9;20.25,7.9;20.2,7.9;20.2,7.85;20.2,7.85;20.15,7.85;20.15,7.8;20.15,7.8;20.1,7.8;20.1,7.75;20.1,7.75;20.05,7.75;20.05,7.7;20.05,7.7;20.0,7.7;20.0,7.65;20.0,7.65;19.95,7.65;19.95,7.6;19.95,7.6;19.9,7.6;19.9,7.55;19.9,7.55;19.85,7.55;19.85,7.5;19.85,7.5;19.8,7.5;19.8,7.45;19.8,7.45;19.75,7.45;19.75,7.4;19.75,7.4;19.7,7.4;19.7,7.35;19.7,7.35;19.65,7.35;19.65,7.3;19.65,7.3;19.6,7.3;19.6,7.25;19.6,7.25;19.55,7.25;19.55,7.2;19.55,7.2;19.5,7.2;19.5,7.15;19.5,7.15;19.45,7.15;19.45,7.1;19.45,7.1;19.4,7.1;19.4,7.05;19.4,7.05;19.35,7.05;19.35,7.0;19.35,7.0;19.3,7.0;19.3,6.95;19.3,6.95;19.25,6.95;19.25,6.9;19.25,6.9;19.2,6.9;19.2,6.85;19.2,6.85;19.15,6.85;19.15,6.8;19.15,6.8;19.1,6.8;19.1,6.75;19.1,6.75;19.05,6.75;19.05,6.7;19.05,6.7;19.0,6.7;19.0,6.65;19.0,6.65;18.95,6.65;18.95,6.6;18.95,6.6;18.9,6.6;18.9,6.55;18.9,6.55;18.85,6.55;18.85,6.5;18.85,6.5;18.8,6.5;18.8,6.45;18.8,6.45;18.75,6.45;18.75,6.4;18.75,6.4;18.7,6.4;18.7,6.4;18.7,6.45;18.65,6.45;18.65,6.45;18.65,6.5;18.6,6.5;18.6,6.5;18.6,6.55;18.55,6.55;18.55,6.55;18.55,6.6;18.5,6.6;18.5,6.6;18.5,6.65;18.45,6.65;18.45,6.65;18.45,6.7;18.4,6.7;18.4,6.7;18.4,6.75;18.35,6.75;18.35,6.75;18.35,6.8;18.3,6.8;18.3,6.8;18.3,6.85;18.25,6.85;18.25,6.85;18.25,6.9;18.2,6.9;18.2,6.9;18.2,6.95;18.15,6.95;18.15,6.95;18.15,7.0;18.1,7.0;18.1,7.0;18.1,7.05;18.05,7.05;18.05,7.05;18.05,7.1;18.0,7.1;18.0,7.1;18.0,7.15;17.95,7.15;17.95,7.15;17.95,7.2;17.9,7.2;17.9,7.2;17.9,7.25;17.85,7.25;17.85,7.25;17.85,7.3;17.8,7.3;17.8,7.3;17.8,7.35;17.75,7.35;17.75,7.35;17.75,7.4;17.7,7.4;17.7,7.4;17.7,7.45;17.65,7.45;17.65,7.45;17.65,7.5;17.6,7.5;17.6,7.5;17.6,7.55;17.55,7.55;17.55,7.55;17.55,7.6;17.5,7.6;17.5,7.6;17.5,7.65;17.45,7.65;17.45,7.65;17.45,7.7;17.4,7.7;17.4,7.7;17.4,7.75;17.35,7.75;17.35,7.75;17.35,7.8;17.3,7.8;17.3,7.8;17.3,7.85;17.25,7.85;17.25,7.85;17.25,7.9;17.2,7.9;17.2,7.9;17.2,7.95;17.15,7.95;17.15,7.95;17.15,8.0;17.1,8.0;17.1,8.0;17.1,8.05;17.05,8.05;17.05,8.05;17.05,8.1;17.0,8.1;17.0,8.1;17.0,8.15;16.95,8.15;16.95,8.15;16.95,8.2;16.9,8.2;16.9,8.2;16.9,8.25;16.85,8.25;16.85,8.25;16.85,8.3;16.8,8.3;16.8,8.3;16.8,8.35;16.75,8.35;16.75,8.35;16.75,8.4;16.7,8.4;16.7,8.4;16.7,8.45;16.65,8.45;16.65,8.45;16.65,8.5;16.6,8.5;16.6,8.5;16.6,8.55;16.55,8.55;16.55,8.55;16.55,8.6;16.5,8.6;16.5,8.6;16.5,8.65;16.45,8.65;16.45,8.65;16.45,8.7;16.4,8.7;16.4,8.7;16.4,8.75;16.35,8.75;16.35,8.75;16.35,8.8;16.3,8.8;16.3,8.8",TRANSFERIDO
L3,L3_P_RB_c1_r0,L3_P_RB_c1_r0_T219,BEAM,L3_BD_V60_13,L3_BD_V60_13,2161.0,15.8825,6.22935,98.937651,"16.25,0.05;16.25,0.1;16.25,0.2;16.25,1.05;16.25,1.1;16.25,1.2;16.25,1.25;16.25,1.3;16.25,1.35;16.25,1.4;16.25,1.5;16.25,1.55;16.25,1.6;16.25,1.65;16.25,1.7;16.25,1.75;16.25,1.85;16.25,1.9;16.25,1.95;16.25,2.1;16.25,2.2;16.25,2.35;16.25,2.45;16.25,2.55;16.25,2.7;16.25,2.8;16.25,2.95;16.25,3.05;16.25,3.15;16.25,3.3;16.25,3.4;16.25,3.5;16.25,3.65;16.25,3.75;16.25,3.9;16.25,8.85;16.25,8.85;16.3,8.85;16.3,8.85;16.3,8.8;16.35,8.8;16.35,8.8;16.35,8.75;16.4,8.75;16.4,8.75;16.4,8.7;16.45,8.7;16.45,8.7;16.45,8.65;16.5,8.65;16.5,8.65;16.5,8.6;16.55,8.6;16.55,8.6;16.55,8.55;16.6,8.55;16.6,8.55;16.6,8.5;16.65,8.5;16.65,8.5;16.65,8.45;16.7,8.45;16.7,8.45;16.7,8.4;16.75,8.4;16.75,8.4;16.75,8.35;16.8,8.35;16.8,8.35;16.8,8.3;16.85,8.3;16.85,8.3;16.85,8.25;16.9,8.25;16.9,8.25;16.9,8.2;16.95,8.2;16.95,8.2;16.95,8.15;17.0,8.15;17.0,8.15;17.0,8.1;17.05,8.1;17.05,8.1;17.05,8.05;17.1,8.05;17.1,8.05;17.1,8.0;17.15,8.0;17.15,8.0;17.15,7.95;17.2,7.95;17.2,7.95;17.2,7.9;17.25,7.9;17.25,7.9;17.25,7.85;17.3,7.85;17.3,7.85;17.3,7.8;17.35,7.8;17.35,7.8;17.35,7.75;17.4,7.75;17.4,7.75;17.4,7.7;17.45,7.7;17.45,7.7;17.45,7.65;17.5,7.65;17.5,7.65;17.5,7.6;17.55,7.6;17.55,7.6;17.55,7.55;17.6,7.55;17.6,7.55;17.6,7.5;17.65,7.5;17.65,7.5;17.65,7.45;17.7,7.45;17.7,7.45;17.7,7.4;17.75,7.4;17.75,7.4;17.75,7.35;17.8,7.35;17.8,7.35;17.8,7.3;17.85,7.3;17.85,7.3;17.85,7.25;17.9,7.25;17.9,7.25;17.9,7.2;17.95,7.2;17.95,7.2;17.95,7.15;18.0,7.15;18.0,7.15;18.0,7.1;18.05,7.1;18.05,7.1;18.05,7.05;18.1,7.05;18.1,7.05;18.1,7.0;18.15,7.0;18.15,7.0;18.15,6.95;18.2,6.95;18.2,6.95;18.2,6.9;18.25,6.9;18.25,6.9;18.25,6.85;18.3,6.85;18.3,6.85;18.3,6.8;18.35,6.8;18.35,6.8;18.35,6.75;18.4,6.75;18.4,6.75;18.4,6.7;18.45,6.7;18.45,6.7;18.45,6.65;18.5,6.65;18.5,6.65;18.5,6.6;18.55,6.6;18.55,6.6;18.55,6.55;18.6,6.55;18.6,6.55;18.6,6.5;18.65,6.5;18.65,6.5;18.65,6.45;18.7,6.45;18.7,6.45;18.7,6.4;18.75,6.4;18.75,6.4;18.75,3.9;18.75,3.75;18.75,3.65;18.75,3.5;18.75,3.4;18.75,3.3;18.75,3.15;18.75,3.05;18.75,2.95;18.75,2.8;18.75,2.7;18.75,2.55;18.75,2.5;18.75,2.5;18.7,2.5;18.7,2.45;18.7,2.45;18.65,2.45;18.65,2.4;18.65,2.4;18.6,2.4;18.6,2.35;18.6,2.35;18.55,2.35;18.55,2.3;18.55,2.3;18.5,2.3;18.5,2.25;18.5,2.25;18.45,2.25;18.45,2.2;18.45,2.2;18.4,2.2;18.4,2.15;18.4,2.15;18.35,2.15;18.35,2.1;18.35,2.1;18.3,2.1;18.3,2.05;18.3,2.05;18.25,2.05;18.25,2.0;18.25,2.0;18.2,2.0;18.2,1.95;18.2,1.95;18.15,1.95;18.15,1.9;18.15,1.9;18.1,1.9;18.1,1.85;18.1,1.85;18.05,1.85;18.05,1.8;18.05,1.8;18.0,1.8;18.0,1.75;18.0,1.75;17.95,1.75;17.95,1.7;17.95,1.7;17.9,1.7;17.9,1.65;17.9,1.65;17.85,1.65;17.85,1.6;17.85,1.6;17.8,1.6;17.8,1.55;17.8,1.55;17.75,1.55;17.75,1.5;17.75,1.5;17.7,1.5;17.7,1.45;17.7,1.45;17.65,1.45;17.65,1.4;17.65,1.4;17.6,1.4;17.6,1.35;17.6,1.35;17.55,1.35;17.55,1.3;17.55,1.3;17.5,1.3;17.5,1.25;17.5,1.25;17.45,1.25;17.45,1.2;17.45,1.2;17.4,1.2;17.4,1.15;17.4,1.15;17.35,1.15;17.35,1.1;17.35,1.1;17.3,1.1;17.3,1.05;17.3,1.05;17.25,1.05;17.25,1.0;17.25,1.0;17.2,1.0;17.2,0.95;17.2,0.95;17.15,0.95;17.15,0.9;17.15,0.9;17.1,0.9;17.1,0.85;17.1,0.85;17.05,0.85;17.05,0.8;17.05,0.8;17.0,0.8;17.0,0.75;17.0,0.75;16.95,0.75;16.95,0.7;16.95,0.7;16.9,0.7;16.9,0.65;16.9,0.65;16.85,0.65;16.85,0.6;16.85,0.6;16.8,0.6;16.8,0.55;16.8,0.55;16.75,0.55;16.75,0.5;16.75,0.5;16.7,0.5;16.7,0.45;16.7,0.45;16.65,0.45;16.65,0.4;16.65,0.4;16.6,0.4;16.6,0.35;16.6,0.35;16.55,0.35;16.55,0.3;16.55,0.3;16.5,0.3;16.5,0.25;16.5,0.25;16.45,0.25;16.45,0.2;16.45,0.2;16.4,0.2;16.4,0.1;16.4,0.1;16.35,0.1;16.35,0.05;16.35,0.05;16.3,0.05;16.3,0.0;16.3,-0.0;16.25,-0.0;16.25,0.0",TRANSFERIDO
L3,L3_P_RB_c1_r0,L3_P_RB_c1_r0_T220,BEAM,L3_BD_V60_15,L3_BD_V60_15,2163.0,16.125,6.22935,100.448269,"18.75,2.55;18.75,2.7;18.75,2.8;18.75,2.95;18.75,3.05;18.75,3.15;18.75,3.3;18.75,3.4;18.75,3.5;18.75,3.65;18.75,3.75;18.75,3.9;18.75,6.45;18.75,6.45;18.8,6.45;18.8,6.5;18.8,6.5;18.85,6.5;18.85,6.55;18.85,6.55;18.9,6.55;18.9,6.6;18.9,6.6;18.95,6.6;18.95,6.65;18.95,6.65;19.0,6.65;19.0,6.7;19.0,6.7;19.05,6.7;19.05,6.75;19.05,6.75;19.1,6.75;19.1,6.8;19.1,6.8;19.15,6.8;19.15,6.85;19.15,6.85;19.2,6.85;19.2,6.9;19.2,6.9;19.25,6.9;19.25,6.95;19.25,6.95;19.3,6.95;19.3,7.0;19.3,7.0;19.35,7.0;19.35,7.05;19.35,7.05;19.4,7.05;19.4,7.1;19.4,7.1;19.45,7.1;19.45,7.15;19.45,7.15;19.5,7.15;19.5,7.2;19.5,7.2;19.55,7.2;19.55,7.25;19.55,7.25;19.6,7.25;19.6,7.3;19.6,7.3;19.65,7.3;19.65,7.35;19.65,7.35;19.7,7.35;19.7,7.4;19.7,7.4;19.75,7.4;19.75,7.45;19.75,7.45;19.8,7.45;19.8,7.5;19.8,7.5;19.85,7.5;19.85,7.55;19.85,7.55;19.9,7.55;19.9,7.6;19.9,7.6;19.95,7.6;19.95,7.65;19.95,7.65;20.0,7.65;20.0,7.7;20.0,7.7;20.05,7.7;20.05,7.75;20.05,7.75;20.1,7.75;20.1,7.8;20.1,7.8;20.15,7.8;20.15,7.85;20.15,7.85;20.2,7.85;20.2,7.9;20.2,7.9;20.25,7.9;20.25,7.95;20.25,7.95;20.3,7.95;20.3,8.0;20.3,8.0;20.35,8.0;20.35,8.05;20.35,8.05;20.4,8.05;20.4,8.1;20.4,8.1;20.45,8.1;20.45,8.15;20.45,8.15;20.5,8.15;20.5,8.2;20.5,8.2;20.55,8.2;20.55,8.25;20.55,8.25;20.6,8.25;20.6,8.3;20.6,8.3;20.65,8.3;20.65,8.35;20.65,8.35;20.7,8.35;20.7,8.4;20.7,8.4;20.75,8.4;20.75,8.45;20.75,8.45;20.8,8.45;20.8,8.5;20.8,8.5;20.85,8.5;20.85,8.55;20.85,8.55;20.9,8.55;20.9,8.6;20.9,8.6;20.95,8.6;20.95,8.65;20.95,8.65;21.0,8.65;21.0,8.7;21.0,8.7;21.05,8.7;21.05,8.75;21.05,8.75;21.1,8.75;21.1,8.8;21.1,8.8;21.15,8.8;21.15,8.85;21.15,8.85;21.2,8.85;21.2,8.9;21.2,8.9;21.25,8.9;21.25,8.9;21.25,3.9;21.25,3.75;21.25,3.65;21.25,3.5;21.25,3.4;21.25,3.3;21.25,3.15;21.25,3.05;21.25,2.95;21.25,2.8;21.25,2.7;21.25,2.55;21.25,2.45;21.25,2.35;21.25,2.2;21.25,2.1;21.25,1.95;21.25,1.9;21.25,1.85;21.25,1.75;21.25,1.7;21.25,1.65;21.25,1.6;21.25,1.55;21.25,1.5;21.25,1.4;21.25,1.35;21.25,1.3;21.25,1.25;21.25,1.2;21.25,1.1;21.25,1.05;21.25,0.2;21.25,0.1;21.25,0.05;21.25,0.0;21.25,-0.0;21.2,-0.0;21.2,0.0;21.2,0.05;21.15,0.05;21.15,0.05;21.15,0.1;21.1,0.1;21.1,0.1;21.1,0.15;21.05,0.15;21.05,0.15;21.05,0.2;21.0,0.2;21.0,0.2;21.0,0.25;20.95,0.25;20.95,0.25;20.95,0.3;20.9,0.3;20.9,0.3;20.9,0.35;20.85,0.35;20.85,0.35;20.85,0.4;20.8,0.4;20.8,0.4;20.8,0.45;20.75,0.45;20.75,0.45;20.75,0.5;20.7,0.5;20.7,0.5;20.7,0.55;20.65,0.55;20.65,0.55;20.65,0.6;20.6,0.6;20.6,0.6;20.6,0.65;20.55,0.65;20.55,0.65;20.55,0.7;20.5,0.7;20.5,0.7;20.5,0.75;20.45,0.75;20.45,0.75;20.45,0.8;20.4,0.8;20.4,0.8;20.4,0.85;20.35,0.85;20.35,0.85;20.35,0.9;20.3,0.9;20.3,0.9;20.3,0.95;20.25,0.95;20.25,0.95;20.25,1.0;20.2,1.0;20.2,1.0;20.2,1.05;20.15,1.05;20.15,1.05;20.15,1.1;20.1,1.1;20.1,1.1;20.1,1.15;20.05,1.15;20.05,1.15;20.05,1.2;20.0,1.2;20.0,1.2;20.0,1.25;19.95,1.25;19.95,1.25;19.95,1.3;19.9,1.3;19.9,1.3;19.9,1.35;19.85,1.35;19.85,1.35;19.85,1.4;19.8,1.4;19.8,1.4;19.8,1.45;19.75,1.45;19.75,1.45;19.75,1.5;19.7,1.5;19.7,1.5;19.7,1.55;19.65,1.55;19.65,1.55;19.65,1.6;19.6,1.6;19.6,1.6;19.6,1.65;19.55,1.65;19.55,1.65;19.55,1.7;19.5,1.7;19.5,1.7;19.5,1.75;19.45,1.75;19.45,1.75;19.45,1.8;19.4,1.8;19.4,1.8;19.4,1.85;19.35,1.85;19.35,1.85;19.35,1.9;19.3,1.9;19.3,1.9;19.3,1.95;19.25,1.95;19.25,1.95;19.25,2.0;19.2,2.0;19.2,2.0;19.2,2.05;19.15,2.05;19.15,2.05;19.15,2.1;19.1,2.1;19.1,2.1;19.1,2.15;19.05,2.15;19.05,2.15;19.05,2.2;19.0,2.2;19.0,2.2;19.0,2.25;18.95,2.25;18.95,2.25;18.95,2.3;18.9,2.3;18.9,2.3;18.9,2.35;18.85,2.35;18.85,2.35;18.85,2.4;18.8,2.4;18.8,2.4;18.8,2.45;18.75,2.45;18.75,2.45",TRANSFERIDO
L3,L3_P_RB_c1_r1,L3_P_RB_c1_r1_T221,BEAM,L3_BD_V60_06,L3_BD_V60_06,2154.0,6.125,6.22935,38.154769,"16.35,8.95;16.35,9.0;16.35,9.0;16.4,9.0;16.4,9.05;16.4,9.05;16.45,9.05;16.45,9.1;16.45,9.1;16.5,9.1;16.5,9.15;16.5,9.15;16.55,9.15;16.55,9.2;16.55,9.2;16.6,9.2;16.6,9.25;16.6,9.25;16.65,9.25;16.65,9.3;16.65,9.3;16.7,9.3;16.7,9.35;16.7,9.35;16.75,9.35;16.75,9.4;16.75,9.4;16.8,9.4;16.8,9.45;16.8,9.45;16.85,9.45;16.85,9.5;16.85,9.5;16.9,9.5;16.9,9.55;16.9,9.55;16.95,9.55;16.95,9.6;16.95,9.6;17.0,9.6;17.0,9.65;17.0,9.65;17.05,9.65;17.05,9.7;17.05,9.7;17.1,9.7;17.1,9.75;17.1,9.75;17.15,9.75;17.15,9.8;17.15,9.8;17.2,9.8;17.2,9.85;17.2,9.85;17.25,9.85;17.25,9.9;17.25,9.9;17.3,9.9;17.3,9.95;17.3,9.95;17.35,9.95;17.35,10.0;17.35,10.0;17.4,10.0;17.4,10.05;17.4,10.05;17.45,10.05;17.45,10.1;17.45,10.1;17.5,10.1;17.5,10.15;17.5,10.15;17.55,10.15;17.55,10.2;17.55,10.2;17.6,10.2;17.6,10.25;17.6,10.25;17.65,10.25;17.65,10.3;17.65,10.3;17.7,10.3;17.7,10.35;17.7,10.35;17.75,10.35;17.75,10.4;17.75,10.4;17.8,10.4;17.8,10.45;17.8,10.45;17.85,10.45;17.85,10.5;17.85,10.5;17.9,10.5;17.9,10.55;17.9,10.55;17.95,10.55;17.95,10.6;17.95,10.6;18.0,10.6;18.0,10.65;18.0,10.65;18.05,10.65;18.05,10.7;18.05,10.7;18.1,10.7;18.1,10.75;18.1,10.75;18.15,10.75;18.15,10.8;18.15,10.8;18.2,10.8;18.2,10.85;18.2,10.85;18.25,10.85;18.25,10.9;18.25,10.9;18.3,10.9;18.3,10.95;18.3,10.95;18.35,10.95;18.35,11.0;18.35,11.0;18.4,11.0;18.4,11.05;18.4,11.05;18.45,11.05;18.45,11.1;18.45,11.1;18.5,11.1;18.5,11.15;18.5,11.15;18.55,11.15;18.55,11.2;18.55,11.2;18.6,11.2;18.6,11.25;18.6,11.25;18.65,11.25;18.65,11.3;18.65,11.3;18.7,11.3;18.7,11.35;18.7,11.35;18.75,11.35;18.8,11.35;18.8,11.35;18.8,11.3;18.85,11.3;18.85,11.3;18.85,11.25;18.9,11.25;18.9,11.25;18.9,11.2;18.95,11.2;18.95,11.2;18.95,11.15;19.0,11.15;19.0,11.15;19.0,11.1;19.05,11.1;19.05,11.1;19.05,11.05;19.1,11.05;19.1,11.05;19.1,11.0;19.15,11.0;19.15,11.0;19.15,10.95;19.2,10.95;19.2,10.95;19.2,10.9;19.25,10.9;19.25,10.9;19.25,10.85;19.3,10.85;19.3,10.85;19.3,10.8;19.35,10.8;19.35,10.8;19.35,10.75;19.4,10.75;19.4,10.75;19.4,10.7;19.45,10.7;19.45,10.7;19.45,10.65;19.5,10.65;19.5,10.65;19.5,10.6;19.55,10.6;19.55,10.6;19.55,10.55;19.6,10.55;19.6,10.55;19.6,10.5;19.65,10.5;19.65,10.5;19.65,10.45;19.7,10.45;19.7,10.45;19.7,10.4;19.75,10.4;19.75,10.4;19.75,10.35;19.8,10.35;19.8,10.35;19.8,10.3;19.85,10.3;19.85,10.3;19.85,10.25;19.9,10.25;19.9,10.25;19.9,10.2;19.95,10.2;19.95,10.2;19.95,10.15;20.0,10.15;20.0,10.15;20.0,10.1;20.05,10.1;20.05,10.1;20.05,10.05;20.1,10.05;20.1,10.05;20.1,10.0;20.15,10.0;20.15,10.0;20.15,9.95;20.2,9.95;20.2,9.95;20.2,9.9;20.25,9.9;20.25,9.9;20.25,9.85;20.3,9.85;20.3,9.85;20.3,9.8;20.35,9.8;20.35,9.8;20.35,9.75;20.4,9.75;20.4,9.75;20.4,9.7;20.45,9.7;20.45,9.7;20.45,9.65;20.5,9.65;20.5,9.65;20.5,9.6;20.55,9.6;20.55,9.6;20.55,9.55;20.6,9.55;20.6,9.55;20.6,9.5;20.65,9.5;20.65,9.5;20.65,9.45;20.7,9.45;20.7,9.45;20.7,9.4;20.75,9.4;20.75,9.4;20.75,9.35;20.8,9.35;20.8,9.35;20.8,9.3;20.85,9.3;20.85,9.3;20.85,9.25;20.9,9.25;20.9,9.25;20.9,9.2;20.95,9.2;20.95,9.2;20.95,9.15;21.0,9.15;21.0,9.15;21.0,9.1;21.05,9.1;21.05,9.1;21.05,9.05;21.1,9.05;21.1,9.05;21.1,9.0;21.15,9.0;21.15,9.0;21.15,8.95;21.2,8.95;21.2,8.95;21.2,8.9;21.2,8.9;21.15,8.9;21.1,8.9;21.05,8.9;21.0,8.9;20.95,8.9;20.9,8.9;20.85,8.9;20.8,8.9;20.75,8.9;20.7,8.9;20.65,8.9;20.6,8.9;20.55,8.9;20.5,8.9;20.45,8.9;20.4,8.9;20.35,8.9;20.3,8.9;20.25,8.9;20.2,8.9;20.15,8.9;20.1,8.9;20.05,8.9;20.0,8.9;19.95,8.9;19.9,8.9;19.85,8.9;19.8,8.9;19.75,8.9;19.7,8.9;19.65,8.9;19.6,8.9;19.55,8.9;19.5,8.9;19.45,8.9;19.4,8.9;19.35,8.9;19.3,8.9;19.25,8.9;19.2,8.9;19.15,8.9;19.1,8.9;19.05,8.9;19.0,8.9;18.95,8.9;18.9,8.9;18.85,8.9;18.8,8.9;18.75,8.9;18.7,8.9;18.65,8.9;18.6,8.9;18.55,8.9;18.5,8.9;18.45,8.9;18.4,8.9;18.35,8.9;18.3,8.9;18.25,8.9;18.2,8.9;18.15,8.9;18.1,8.9;18.05,8.9;18.0,8.9;17.95,8.9;17.9,8.9;17.85,8.9;17.8,8.9;17.75,8.9;17.7,8.9;17.65,8.9;17.6,8.9;17.55,8.9;17.5,8.9;17.45,8.9;17.4,8.9;17.35,8.9;17.3,8.9;17.25,8.9;17.2,8.9;17.15,8.9;17.1,8.9;17.05,8.9;17.0,8.9;16.95,8.9;16.9,8.9;16.85,8.9;16.8,8.9;16.75,8.9;16.7,8.9;16.65,8.9;16.6,8.9;16.55,8.9;16.5,8.9;16.45,8.9;16.4,8.9;16.35,8.9;16.3,8.9;16.3,8.9;16.3,8.95;16.3,8.95",TRANSFERIDO
L3,L3_P_RB_c1_r1,L3_P_RB_c1_r1_T222,BEAM,L3_BD_V60_10,L3_BD_V60_10,2158.0,6.375,6.22935,39.712106,"16.3,16.1;16.25,16.1;16.25,16.1;16.25,16.15;16.25,16.15;16.3,16.15;16.35,16.15;16.4,16.15;16.45,16.15;16.5,16.15;16.55,16.15;16.6,16.15;16.65,16.15;16.7,16.15;16.75,16.15;16.8,16.15;16.85,16.15;16.9,16.15;16.95,16.15;17.0,16.15;17.05,16.15;17.1,16.15;17.15,16.15;17.2,16.15;17.25,16.15;17.3,16.15;17.35,16.15;17.4,16.15;17.45,16.15;17.5,16.15;17.55,16.15;17.6,16.15;17.65,16.15;17.7,16.15;17.75,16.15;17.8,16.15;17.85,16.15;17.9,16.15;17.95,16.15;18.0,16.15;18.05,16.15;18.1,16.15;18.15,16.15;18.2,16.15;18.25,16.15;18.3,16.15;18.35,16.15;18.4,16.15;18.45,16.15;18.5,16.15;18.55,16.15;18.6,16.15;18.65,16.15;18.7,16.15;18.75,16.15;18.8,16.15;18.85,16.15;18.9,16.15;18.95,16.15;19.0,16.15;19.05,16.15;19.1,16.15;19.15,16.15;19.2,16.15;19.25,16.15;19.3,16.15;19.35,16.15;19.4,16.15;19.45,16.15;19.5,16.15;19.55,16.15;19.6,16.15;19.65,16.15;19.7,16.15;19.75,16.15;19.8,16.15;19.85,16.15;19.9,16.15;19.95,16.15;20.0,16.15;20.05,16.15;20.1,16.15;20.15,16.15;20.2,16.15;20.25,16.15;20.3,16.15;20.35,16.15;20.4,16.15;20.45,16.15;20.5,16.15;20.55,16.15;20.6,16.15;20.65,16.15;20.7,16.15;20.75,16.15;20.8,16.15;20.85,16.15;20.9,16.15;20.95,16.15;21.0,16.15;21.05,16.15;21.1,16.15;21.15,16.15;21.2,16.15;21.25,16.15;21.25,16.15;21.25,16.1;21.25,16.1;21.2,16.1;21.2,16.05;21.2,16.05;21.15,16.05;21.15,16.0;21.15,16.0;21.1,16.0;21.1,15.95;21.1,15.95;21.05,15.95;21.05,15.9;21.05,15.9;21.0,15.9;21.0,15.85;21.0,15.85;20.95,15.85;20.95,15.8;20.95,15.8;20.9,15.8;20.9,15.75;20.9,15.75;20.85,15.75;20.85,15.7;20.85,15.7;20.8,15.7;20.8,15.65;20.8,15.65;20.75,15.65;20.75,15.6;20.75,15.6;20.7,15.6;20.7,15.55;20.7,15.55;20.65,15.55;20.65,15.5;20.65,15.5;20.6,15.5;20.6,15.45;20.6,15.45;20.55,15.45;20.55,15.4;20.55,15.4;20.5,15.4;20.5,15.35;20.5,15.35;20.45,15.35;20.45,15.3;20.45,15.3;20.4,15.3;20.4,15.25;20.4,15.25;20.35,15.25;20.35,15.2;20.35,15.2;20.3,15.2;20.3,15.15;20.3,15.15;20.25,15.15;20.25,15.1;20.25,15.1;20.2,15.1;20.2,15.05;20.2,15.05;20.15,15.05;20.15,15.0;20.15,15.0;20.1,15.0;20.1,14.95;20.1,14.95;20.05,14.95;20.05,14.9;20.05,14.9;20.0,14.9;20.0,14.85;20.0,14.85;19.95,14.85;19.95,14.8;19.95,14.8;19.9,14.8;19.9,14.75;19.9,14.75;19.85,14.75;19.85,14.7;19.85,14.7;19.8,14.7;19.8,14.65;19.8,14.65;19.75,14.65;19.75,14.6;19.75,14.6;19.7,14.6;19.7,14.55;19.7,14.55;19.65,14.55;19.65,14.5;19.65,14.5;19.6,14.5;19.6,14.45;19.6,14.45;19.55,14.45;19.55,14.4;19.55,14.4;19.5,14.4;19.5,14.35;19.5,14.35;19.45,14.35;19.45,14.3;19.45,14.3;19.4,14.3;19.4,14.25;19.4,14.25;19.35,14.25;19.35,14.2;19.35,14.2;19.3,14.2;19.3,14.15;19.3,14.15;19.25,14.15;19.25,14.1;19.25,14.1;19.2,14.1;19.2,14.05;19.2,14.05;19.15,14.05;19.15,14.0;19.15,14.0;19.1,14.0;19.1,13.95;19.1,13.95;19.05,13.95;19.05,13.9;19.05,13.9;19.0,13.9;19.0,13.85;19.0,13.85;18.95,13.85;18.95,13.8;18.95,13.8;18.9,13.8;18.9,13.75;18.9,13.75;18.85,13.75;18.85,13.7;18.85,13.7;18.8,13.7;18.8,13.65;18.8,13.65;18.75,13.65;18.7,13.65;18.7,13.65;18.7,13.7;18.65,13.7;18.65,13.7;18.65,13.75;18.6,13.75;18.6,13.75;18.6,13.8;18.55,13.8;18.55,13.8;18.55,13.85;18.5,13.85;18.5,13.85;18.5,13.9;18.45,13.9;18.45,13.9;18.45,13.95;18.4,13.95;18.4,13.95;18.4,14.0;18.35,14.0;18.35,14.0;18.35,14.05;18.3,14.05;18.3,14.05;18.3,14.1;18.25,14.1;18.25,14.1;18.25,14.15;18.2,14.15;18.2,14.15;18.2,14.2;18.15,14.2;18.15,14.2;18.15,14.25;18.1,14.25;18.1,14.25;18.1,14.3;18.05,14.3;18.05,14.3;18.05,14.35;18.0,14.35;18.0,14.35;18.0,14.4;17.95,14.4;17.95,14.4;17.95,14.45;17.9,14.45;17.9,14.45;17.9,14.5;17.85,14.5;17.85,14.5;17.85,14.55;17.8,14.55;17.8,14.55;17.8,14.6;17.75,14.6;17.75,14.6;17.75,14.65;17.7,14.65;17.7,14.65;17.7,14.7;17.65,14.7;17.65,14.7;17.65,14.75;17.6,14.75;17.6,14.75;17.6,14.8;17.55,14.8;17.55,14.8;17.55,14.85;17.5,14.85;17.5,14.85;17.5,14.9;17.45,14.9;17.45,14.9;17.45,14.95;17.4,14.95;17.4,14.95;17.4,15.0;17.35,15.0;17.35,15.0;17.35,15.05;17.3,15.05;17.3,15.05;17.3,15.1;17.25,15.1;17.25,15.1;17.25,15.15;17.2,15.15;17.2,15.15;17.2,15.2;17.15,15.2;17.15,15.2;17.15,15.25;17.1,15.25;17.1,15.25;17.1,15.3;17.05,15.3;17.05,15.3;17.05,15.35;17.0,15.35;17.0,15.35;17.0,15.4;16.95,15.4;16.95,15.4;16.95,15.45;16.9,15.45;16.9,15.45;16.9,15.5;16.85,15.5;16.85,15.5;16.85,15.55;16.8,15.55;16.8,15.55;16.8,15.6;16.75,15.6;16.75,15.6;16.75,15.65;16.7,15.65;16.7,15.65;16.7,15.7;16.65,15.7;16.65,15.7;16.65,15.75;16.6,15.75;16.6,15.75;16.6,15.8;16.55,15.8;16.55,15.8;16.55,15.85;16.5,15.85;16.5,15.85;16.5,15.9;16.45,15.9;16.45,15.9;16.45,15.95;16.4,15.95;16.4,15.95;16.4,16.0;16.35,16.0;16.35,16.0;16.35,16.05;16.3,16.05;16.3,16.05",TRANSFERIDO
L3,L3_P_RB_c1_r1,L3_P_RB_c1_r1_T223,BEAM,L3_BD_V60_14,L3_BD_V60_14,2162.0,11.875,6.22935,73.973531,"16.25,16.0;16.25,16.05;16.25,16.1;16.25,16.1;16.3,16.1;16.3,16.1;16.3,16.05;16.35,16.05;16.35,16.05;16.35,16.0;16.4,16.0;16.4,16.0;16.4,15.95;16.45,15.95;16.45,15.95;16.45,15.9;16.5,15.9;16.5,15.9;16.5,15.85;16.55,15.85;16.55,15.85;16.55,15.8;16.6,15.8;16.6,15.8;16.6,15.75;16.65,15.75;16.65,15.75;16.65,15.7;16.7,15.7;16.7,15.7;16.7,15.65;16.75,15.65;16.75,15.65;16.75,15.6;16.8,15.6;16.8,15.6;16.8,15.55;16.85,15.55;16.85,15.55;16.85,15.5;16.9,15.5;16.9,15.5;16.9,15.45;16.95,15.45;16.95,15.45;16.95,15.4;17.0,15.4;17.0,15.4;17.0,15.35;17.05,15.35;17.05,15.35;17.05,15.3;17.1,15.3;17.1,15.3;17.1,15.25;17.15,15.25;17.15,15.25;17.15,15.2;17.2,15.2;17.2,15.2;17.2,15.15;17.25,15.15;17.25,15.15;17.25,15.1;17.3,15.1;17.3,15.1;17.3,15.05;17.35,15.05;17.35,15.05;17.35,15.0;17.4,15.0;17.4,15.0;17.4,14.95;17.45,14.95;17.45,14.95;17.45,14.9;17.5,14.9;17.5,14.9;17.5,14.85;17.55,14.85;17.55,14.85;17.55,14.8;17.6,14.8;17.6,14.8;17.6,14.75;17.65,14.75;17.65,14.75;17.65,14.7;17.7,14.7;17.7,14.7;17.7,14.65;17.75,14.65;17.75,14.65;17.75,14.6;17.8,14.6;17.8,14.6;17.8,14.55;17.85,14.55;17.85,14.55;17.85,14.5;17.9,14.5;17.9,14.5;17.9,14.45;17.95,14.45;17.95,14.45;17.95,14.4;18.0,14.4;18.0,14.4;18.0,14.35;18.05,14.35;18.05,14.35;18.05,14.3;18.1,14.3;18.1,14.3;18.1,14.25;18.15,14.25;18.15,14.25;18.15,14.2;18.2,14.2;18.2,14.2;18.2,14.15;18.25,14.15;18.25,14.15;18.25,14.1;18.3,14.1;18.3,14.1;18.3,14.05;18.35,14.05;18.35,14.05;18.35,14.0;18.4,14.0;18.4,14.0;18.4,13.95;18.45,13.95;18.45,13.95;18.45,13.9;18.5,13.9;18.5,13.9;18.5,13.85;18.55,13.85;18.55,13.85;18.55,13.8;18.6,13.8;18.6,13.8;18.6,13.75;18.65,13.75;18.65,13.75;18.65,13.7;18.7,13.7;18.7,13.7;18.7,13.65;18.75,13.65;18.75,13.65;18.75,11.35;18.75,11.35;18.7,11.35;18.7,11.3;18.7,11.3;18.65,11.3;18.65,11.25;18.65,11.25;18.6,11.25;18.6,11.2;18.6,11.2;18.55,11.2;18.55,11.15;18.55,11.15;18.5,11.15;18.5,11.1;18.5,11.1;18.45,11.1;18.45,11.05;18.45,11.05;18.4,11.05;18.4,11.0;18.4,11.0;18.35,11.0;18.35,10.95;18.35,10.95;18.3,10.95;18.3,10.9;18.3,10.9;18.25,10.9;18.25,10.85;18.25,10.85;18.2,10.85;18.2,10.8;18.2,10.8;18.15,10.8;18.15,10.75;18.15,10.75;18.1,10.75;18.1,10.7;18.1,10.7;18.05,10.7;18.05,10.65;18.05,10.65;18.0,10.65;18.0,10.6;18.0,10.6;17.95,10.6;17.95,10.55;17.95,10.55;17.9,10.55;17.9,10.5;17.9,10.5;17.85,10.5;17.85,10.45;17.85,10.45;17.8,10.45;17.8,10.4;17.8,10.4;17.75,10.4;17.75,10.35;17.75,10.35;17.7,10.35;17.7,10.3;17.7,10.3;17.65,10.3;17.65,10.25;17.65,10.25;17.6,10.25;17.6,10.2;17.6,10.2;17.55,10.2;17.55,10.15;17.55,10.15;17.5,10.15;17.5,10.1;17.5,10.1;17.45,10.1;17.45,10.05;17.45,10.05;17.4,10.05;17.4,10.0;17.4,10.0;17.35,10.0;17.35,9.95;17.35,9.95;17.3,9.95;17.3,9.9;17.3,9.9;17.25,9.9;17.25,9.85;17.25,9.85;17.2,9.85;17.2,9.8;17.2,9.8;17.15,9.8;17.15,9.75;17.15,9.75;17.1,9.75;17.1,9.7;17.1,9.7;17.05,9.7;17.05,9.65;17.05,9.65;17.0,9.65;17.0,9.6;17.0,9.6;16.95,9.6;16.95,9.55;16.95,9.55;16.9,9.55;16.9,9.5;16.9,9.5;16.85,9.5;16.85,9.45;16.85,9.45;16.8,9.45;16.8,9.4;16.8,9.4;16.75,9.4;16.75,9.35;16.75,9.35;16.7,9.35;16.7,9.3;16.7,9.3;16.65,9.3;16.65,9.25;16.65,9.25;16.6,9.25;16.6,9.2;16.6,9.2;16.55,9.2;16.55,9.15;16.55,9.15;16.5,9.15;16.5,9.1;16.5,9.1;16.45,9.1;16.45,9.05;16.45,9.05;16.4,9.05;16.4,9.0;16.4,9.0;16.35,9.0;16.35,8.95;16.35,8.95;16.3,8.95;16.3,8.9;16.3,8.9;16.25,8.9;16.25,8.9",TRANSFERIDO
L3,L3_P_RB_c1_r1,L3_P_RB_c1_r1_T224,BEAM,L3_BD_V60_16,L3_BD_V60_16,2164.0,11.875,6.22935,73.973531,"18.75,13.65;18.75,13.65;18.8,13.65;18.8,13.7;18.8,13.7;18.85,13.7;18.85,13.75;18.85,13.75;18.9,13.75;18.9,13.8;18.9,13.8;18.95,13.8;18.95,13.85;18.95,13.85;19.0,13.85;19.0,13.9;19.0,13.9;19.05,13.9;19.05,13.95;19.05,13.95;19.1,13.95;19.1,14.0;19.1,14.0;19.15,14.0;19.15,14.05;19.15,14.05;19.2,14.05;19.2,14.1;19.2,14.1;19.25,14.1;19.25,14.15;19.25,14.15;19.3,14.15;19.3,14.2;19.3,14.2;19.35,14.2;19.35,14.25;19.35,14.25;19.4,14.25;19.4,14.3;19.4,14.3;19.45,14.3;19.45,14.35;19.45,14.35;19.5,14.35;19.5,14.4;19.5,14.4;19.55,14.4;19.55,14.45;19.55,14.45;19.6,14.45;19.6,14.5;19.6,14.5;19.65,14.5;19.65,14.55;19.65,14.55;19.7,14.55;19.7,14.6;19.7,14.6;19.75,14.6;19.75,14.65;19.75,14.65;19.8,14.65;19.8,14.7;19.8,14.7;19.85,14.7;19.85,14.75;19.85,14.75;19.9,14.75;19.9,14.8;19.9,14.8;19.95,14.8;19.95,14.85;19.95,14.85;20.0,14.85;20.0,14.9;20.0,14.9;20.05,14.9;20.05,14.95;20.05,14.95;20.1,14.95;20.1,15.0;20.1,15.0;20.15,15.0;20.15,15.05;20.15,15.05;20.2,15.05;20.2,15.1;20.2,15.1;20.25,15.1;20.25,15.15;20.25,15.15;20.3,15.15;20.3,15.2;20.3,15.2;20.35,15.2;20.35,15.25;20.35,15.25;20.4,15.25;20.4,15.3;20.4,15.3;20.45,15.3;20.45,15.35;20.45,15.35;20.5,15.35;20.5,15.4;20.5,15.4;20.55,15.4;20.55,15.45;20.55,15.45;20.6,15.45;20.6,15.5;20.6,15.5;20.65,15.5;20.65,15.55;20.65,15.55;20.7,15.55;20.7,15.6;20.7,15.6;20.75,15.6;20.75,15.65;20.75,15.65;20.8,15.65;20.8,15.7;20.8,15.7;20.85,15.7;20.85,15.75;20.85,15.75;20.9,15.75;20.9,15.8;20.9,15.8;20.95,15.8;20.95,15.85;20.95,15.85;21.0,15.85;21.0,15.9;21.0,15.9;21.05,15.9;21.05,15.95;21.05,15.95;21.1,15.95;21.1,16.0;21.1,16.0;21.15,16.0;21.15,16.05;21.15,16.05;21.2,16.05;21.2,16.1;21.2,16.1;21.25,16.1;21.25,16.1;21.25,16.05;21.25,16.0;21.25,8.9;21.25,8.9;21.2,8.9;21.2,8.9;21.2,8.95;21.15,8.95;21.15,8.95;21.15,9.0;21.1,9.0;21.1,9.0;21.1,9.05;21.05,9.05;21.05,9.05;21.05,9.1;21.0,9.1;21.0,9.1;21.0,9.15;20.95,9.15;20.95,9.15;20.95,9.2;20.9,9.2;20.9,9.2;20.9,9.25;20.85,9.25;20.85,9.25;20.85,9.3;20.8,9.3;20.8,9.3;20.8,9.35;20.75,9.35;20.75,9.35;20.75,9.4;20.7,9.4;20.7,9.4;20.7,9.45;20.65,9.45;20.65,9.45;20.65,9.5;20.6,9.5;20.6,9.5;20.6,9.55;20.55,9.55;20.55,9.55;20.55,9.6;20.5,9.6;20.5,9.6;20.5,9.65;20.45,9.65;20.45,9.65;20.45,9.7;20.4,9.7;20.4,9.7;20.4,9.75;20.35,9.75;20.35,9.75;20.35,9.8;20.3,9.8;20.3,9.8;20.3,9.85;20.25,9.85;20.25,9.85;20.25,9.9;20.2,9.9;20.2,9.9;20.2,9.95;20.15,9.95;20.15,9.95;20.15,10.0;20.1,10.0;20.1,10.0;20.1,10.05;20.05,10.05;20.05,10.05;20.05,10.1;20.0,10.1;20.0,10.1;20.0,10.15;19.95,10.15;19.95,10.15;19.95,10.2;19.9,10.2;19.9,10.2;19.9,10.25;19.85,10.25;19.85,10.25;19.85,10.3;19.8,10.3;19.8,10.3;19.8,10.35;19.75,10.35;19.75,10.35;19.75,10.4;19.7,10.4;19.7,10.4;19.7,10.45;19.65,10.45;19.65,10.45;19.65,10.5;19.6,10.5;19.6,10.5;19.6,10.55;19.55,10.55;19.55,10.55;19.55,10.6;19.5,10.6;19.5,10.6;19.5,10.65;19.45,10.65;19.45,10.65;19.45,10.7;19.4,10.7;19.4,10.7;19.4,10.75;19.35,10.75;19.35,10.75;19.35,10.8;19.3,10.8;19.3,10.8;19.3,10.85;19.25,10.85;19.25,10.85;19.25,10.9;19.2,10.9;19.2,10.9;19.2,10.95;19.15,10.95;19.15,10.95;19.15,11.0;19.1,11.0;19.1,11.0;19.1,11.05;19.05,11.05;19.05,11.05;19.05,11.1;19.0,11.1;19.0,11.1;19.0,11.15;18.95,11.15;18.95,11.15;18.95,11.2;18.9,11.2;18.9,11.2;18.9,11.25;18.85,11.25;18.85,11.25;18.85,11.3;18.8,11.3;18.8,11.3;18.8,11.35;18.75,11.35;18.75,11.35",TRANSFERIDO
L3,L3_P_RB_c2_r0,L3_P_RB_c2_r0_T225,BEAM,L3_BD_V60_03,L3_BD_V60_03,2151.0,6.2425,6.22935,38.886717,"21.35,-0.0;21.3,-0.0;21.3,0.0;21.3,0.05;21.3,0.05;21.35,0.05;21.35,0.1;21.35,0.1;21.4,0.1;21.4,0.2;21.4,0.2;21.45,0.2;21.45,0.25;21.45,0.25;21.5,0.25;21.5,0.3;21.5,0.3;21.55,0.3;21.55,0.35;21.55,0.35;21.6,0.35;21.6,0.4;21.6,0.4;21.65,0.4;21.65,0.45;21.65,0.45;21.7,0.45;21.7,0.5;21.7,0.5;21.75,0.5;21.75,0.55;21.75,0.55;21.8,0.55;21.8,0.6;21.8,0.6;21.85,0.6;21.85,0.65;21.85,0.65;21.9,0.65;21.9,0.7;21.9,0.7;21.95,0.7;21.95,0.75;21.95,0.75;22.0,0.75;22.0,0.8;22.0,0.8;22.05,0.8;22.05,0.85;22.05,0.85;22.1,0.85;22.1,0.9;22.1,0.9;22.15,0.9;22.15,0.95;22.15,0.95;22.2,0.95;22.2,1.0;22.2,1.0;22.25,1.0;22.25,1.05;22.25,1.05;22.3,1.05;22.3,1.1;22.3,1.1;22.35,1.1;22.35,1.15;22.35,1.15;22.4,1.15;22.4,1.2;22.4,1.2;22.45,1.2;22.45,1.25;22.45,1.25;22.5,1.25;22.5,1.3;22.5,1.3;22.55,1.3;22.55,1.35;22.55,1.35;22.6,1.35;22.6,1.4;22.6,1.4;22.65,1.4;22.65,1.45;22.65,1.45;22.7,1.45;22.7,1.5;22.7,1.5;22.75,1.5;22.75,1.55;22.75,1.55;22.8,1.55;22.8,1.6;22.8,1.6;22.85,1.6;22.85,1.65;22.85,1.65;22.9,1.65;22.9,1.7;22.9,1.7;22.95,1.7;22.95,1.75;22.95,1.75;23.0,1.75;23.0,1.8;23.0,1.8;23.05,1.8;23.05,1.85;23.05,1.85;23.1,1.85;23.1,1.9;23.1,1.9;23.15,1.9;23.15,1.95;23.15,1.95;23.2,1.95;23.2,2.0;23.2,2.0;23.25,2.0;23.25,2.05;23.25,2.05;23.3,2.05;23.3,2.1;23.3,2.1;23.35,2.1;23.35,2.15;23.35,2.15;23.4,2.15;23.4,2.2;23.4,2.2;23.45,2.2;23.45,2.25;23.45,2.25;23.5,2.25;23.5,2.3;23.5,2.3;23.55,2.3;23.55,2.35;23.55,2.35;23.6,2.35;23.6,2.4;23.6,2.4;23.65,2.4;23.65,2.45;23.65,2.45;23.7,2.45;23.7,2.5;23.7,2.5;23.75,2.5;23.75,2.5;23.75,2.45;23.8,2.45;23.8,2.45;23.8,2.4;23.85,2.4;23.85,2.4;23.85,2.35;23.9,2.35;23.9,2.35;23.9,2.3;23.95,2.3;23.95,2.3;23.95,2.25;24.0,2.25;24.0,2.25;24.0,2.2;24.05,2.2;24.05,2.2;24.05,2.15;24.1,2.15;24.1,2.15;24.1,2.1;24.15,2.1;24.15,2.1;24.15,2.05;24.2,2.05;24.2,2.05;24.2,2.0;24.25,2.0;24.25,2.0;24.25,1.95;24.3,1.95;24.3,1.95;24.3,1.9;24.35,1.9;24.35,1.9;24.35,1.85;24.4,1.85;24.4,1.85;24.4,1.8;24.45,1.8;24.45,1.8;24.45,1.75;24.5,1.75;24.5,1.75;24.5,1.7;24.55,1.7;24.55,1.7;24.55,1.65;24.6,1.65;24.6,1.65;24.6,1.6;24.65,1.6;24.65,1.6;24.65,1.55;24.7,1.55;24.7,1.55;24.7,1.5;24.75,1.5;24.75,1.5;24.75,1.45;24.8,1.45;24.8,1.45;24.8,1.4;24.85,1.4;24.85,1.4;24.85,1.35;24.9,1.35;24.9,1.35;24.9,1.3;24.95,1.3;24.95,1.3;24.95,1.25;25.0,1.25;25.0,1.25;25.0,1.2;25.05,1.2;25.05,1.2;25.05,1.15;25.1,1.15;25.1,1.15;25.1,1.1;25.15,1.1;25.15,1.1;25.15,1.05;25.2,1.05;25.2,1.05;25.2,1.0;25.25,1.0;25.25,1.0;25.25,0.95;25.3,0.95;25.3,0.95;25.3,0.9;25.35,0.9;25.35,0.9;25.35,0.85;25.4,0.85;25.4,0.85;25.4,0.8;25.45,0.8;25.45,0.8;25.45,0.75;25.5,0.75;25.5,0.75;25.5,0.7;25.55,0.7;25.55,0.7;25.55,0.65;25.6,0.65;25.6,0.65;25.6,0.6;25.65,0.6;25.65,0.6;25.65,0.55;25.7,0.55;25.7,0.55;25.7,0.5;25.75,0.5;25.75,0.5;25.75,0.45;25.8,0.45;25.8,0.45;25.8,0.4;25.85,0.4;25.85,0.4;25.85,0.35;25.9,0.35;25.9,0.35;25.9,0.3;25.95,0.3;25.95,0.3;25.95,0.25;26.0,0.25;26.0,0.25;26.0,0.2;26.05,0.2;26.05,0.2;26.05,0.15;26.1,0.15;26.1,0.15;26.1,0.1;26.15,0.1;26.15,0.1;26.15,0.05;26.2,0.05;26.2,0.05;26.2,0.0;26.2,-0.0;26.15,-0.0;26.1,-0.0;26.05,-0.0;26.0,-0.0;25.95,-0.0;25.9,-0.0;25.85,-0.0;25.8,-0.0;25.75,-0.0;25.7,-0.0;25.65,-0.0;25.6,-0.0;25.55,-0.0;25.5,-0.0;25.45,-0.0;25.4,-0.0;25.35,-0.0;25.3,-0.0;25.25,-0.0;25.2,-0.0;25.15,-0.0;25.1,-0.0;25.05,-0.0;25.0,-0.0;24.95,-0.0;24.9,-0.0;24.85,-0.0;24.8,-0.0;24.75,-0.0;24.7,-0.0;24.65,-0.0;24.6,-0.0;24.55,-0.0;24.5,-0.0;24.45,-0.0;24.4,-0.0;24.35,-0.0;24.3,-0.0;24.25,-0.0;24.2,-0.0;24.15,-0.0;24.1,-0.0;24.05,-0.0;24.0,-0.0;23.95,-0.0;23.9,-0.0;23.85,-0.0;23.8,-0.0;23.75,-0.0;23.7,-0.0;23.65,-0.0;23.6,-0.0;23.55,-0.0;23.5,-0.0;23.45,-0.0;23.4,-0.0;23.35,-0.0;23.3,-0.0;23.25,-0.0;23.2,-0.0;23.15,-0.0;23.1,-0.0;23.05,-0.0;23.0,-0.0;22.95,-0.0;22.9,-0.0;22.85,-0.0;22.8,-0.0;22.75,-0.0;22.7,-0.0;22.65,-0.0;22.6,-0.0;22.55,-0.0;22.5,-0.0;22.45,-0.0;22.4,-0.0;22.35,-0.0;22.3,-0.0;22.25,-0.0;22.2,-0.0;22.15,-0.0;22.1,-0.0;22.05,-0.0;22.0,-0.0;21.95,-0.0;21.9,-0.0;21.85,-0.0;21.8,-0.0;21.75,-0.0;21.7,-0.0;21.65,-0.0;21.6,-0.0;21.55,-0.0;21.5,-0.0;21.45,-0.0;21.4,-0.0;21.35,-0.0",TRANSFERIDO
L3,L3_P_RB_c2_r0,L3_P_RB_c2_r0_T226,BEAM,L3_BD_V60_07,L3_BD_V60_07,2155.0,6.25,6.22935,38.933438,"21.3,8.85;21.25,8.85;21.25,8.85;21.25,8.9;21.25,8.9;21.3,8.9;21.35,8.9;21.4,8.9;21.45,8.9;21.5,8.9;21.55,8.9;21.6,8.9;21.65,8.9;21.7,8.9;21.75,8.9;21.8,8.9;21.85,8.9;21.9,8.9;21.95,8.9;22.0,8.9;22.05,8.9;22.1,8.9;22.15,8.9;22.2,8.9;22.25,8.9;22.3,8.9;22.35,8.9;22.4,8.9;22.45,8.9;22.5,8.9;22.55,8.9;22.6,8.9;22.65,8.9;22.7,8.9;22.75,8.9;22.8,8.9;22.85,8.9;22.9,8.9;22.95,8.9;23.0,8.9;23.05,8.9;23.1,8.9;23.15,8.9;23.2,8.9;23.25,8.9;23.3,8.9;23.35,8.9;23.4,8.9;23.45,8.9;23.5,8.9;23.55,8.9;23.6,8.9;23.65,8.9;23.7,8.9;23.75,8.9;23.8,8.9;23.85,8.9;23.9,8.9;23.95,8.9;24.0,8.9;24.05,8.9;24.1,8.9;24.15,8.9;24.2,8.9;24.25,8.9;24.3,8.9;24.35,8.9;24.4,8.9;24.45,8.9;24.5,8.9;24.55,8.9;24.6,8.9;24.65,8.9;24.7,8.9;24.75,8.9;24.8,8.9;24.85,8.9;24.9,8.9;24.95,8.9;25.0,8.9;25.05,8.9;25.1,8.9;25.15,8.9;25.2,8.9;25.25,8.9;25.3,8.9;25.35,8.9;25.4,8.9;25.45,8.9;25.5,8.9;25.55,8.9;25.6,8.9;25.65,8.9;25.7,8.9;25.75,8.9;25.8,8.9;25.85,8.9;25.9,8.9;25.95,8.9;26.0,8.9;26.05,8.9;26.1,8.9;26.15,8.9;26.2,8.9;26.2,8.9;26.2,8.85;26.2,8.85;26.15,8.85;26.15,8.8;26.15,8.8;26.1,8.8;26.1,8.75;26.1,8.75;26.05,8.75;26.05,8.7;26.05,8.7;26.0,8.7;26.0,8.65;26.0,8.65;25.95,8.65;25.95,8.6;25.95,8.6;25.9,8.6;25.9,8.55;25.9,8.55;25.85,8.55;25.85,8.5;25.85,8.5;25.8,8.5;25.8,8.45;25.8,8.45;25.75,8.45;25.75,8.4;25.75,8.4;25.7,8.4;25.7,8.35;25.7,8.35;25.65,8.35;25.65,8.3;25.65,8.3;25.6,8.3;25.6,8.25;25.6,8.25;25.55,8.25;25.55,8.2;25.55,8.2;25.5,8.2;25.5,8.15;25.5,8.15;25.45,8.15;25.45,8.1;25.45,8.1;25.4,8.1;25.4,8.05;25.4,8.05;25.35,8.05;25.35,8.0;25.35,8.0;25.3,8.0;25.3,7.95;25.3,7.95;25.25,7.95;25.25,7.9;25.25,7.9;25.2,7.9;25.2,7.85;25.2,7.85;25.15,7.85;25.15,7.8;25.15,7.8;25.1,7.8;25.1,7.75;25.1,7.75;25.05,7.75;25.05,7.7;25.05,7.7;25.0,7.7;25.0,7.65;25.0,7.65;24.95,7.65;24.95,7.6;24.95,7.6;24.9,7.6;24.9,7.55;24.9,7.55;24.85,7.55;24.85,7.5;24.85,7.5;24.8,7.5;24.8,7.45;24.8,7.45;24.75,7.45;24.75,7.4;24.75,7.4;24.7,7.4;24.7,7.35;24.7,7.35;24.65,7.35;24.65,7.3;24.65,7.3;24.6,7.3;24.6,7.25;24.6,7.25;24.55,7.25;24.55,7.2;24.55,7.2;24.5,7.2;24.5,7.15;24.5,7.15;24.45,7.15;24.45,7.1;24.45,7.1;24.4,7.1;24.4,7.05;24.4,7.05;24.35,7.05;24.35,7.0;24.35,7.0;24.3,7.0;24.3,6.95;24.3,6.95;24.25,6.95;24.25,6.9;24.25,6.9;24.2,6.9;24.2,6.85;24.2,6.85;24.15,6.85;24.15,6.8;24.15,6.8;24.1,6.8;24.1,6.75;24.1,6.75;24.05,6.75;24.05,6.7;24.05,6.7;24.0,6.7;24.0,6.65;24.0,6.65;23.95,6.65;23.95,6.6;23.95,6.6;23.9,6.6;23.9,6.55;23.9,6.55;23.85,6.55;23.85,6.5;23.85,6.5;23.8,6.5;23.8,6.45;23.8,6.45;23.75,6.45;23.75,6.4;23.75,6.4;23.7,6.4;23.7,6.4;23.7,6.45;23.65,6.45;23.65,6.45;23.65,6.5;23.6,6.5;23.6,6.5;23.6,6.55;23.55,6.55;23.55,6.55;23.55,6.6;23.5,6.6;23.5,6.6;23.5,6.65;23.45,6.65;23.45,6.65;23.45,6.7;23.4,6.7;23.4,6.7;23.4,6.75;23.35,6.75;23.35,6.75;23.35,6.8;23.3,6.8;23.3,6.8;23.3,6.85;23.25,6.85;23.25,6.85;23.25,6.9;23.2,6.9;23.2,6.9;23.2,6.95;23.15,6.95;23.15,6.95;23.15,7.0;23.1,7.0;23.1,7.0;23.1,7.05;23.05,7.05;23.05,7.05;23.05,7.1;23.0,7.1;23.0,7.1;23.0,7.15;22.95,7.15;22.95,7.15;22.95,7.2;22.9,7.2;22.9,7.2;22.9,7.25;22.85,7.25;22.85,7.25;22.85,7.3;22.8,7.3;22.8,7.3;22.8,7.35;22.75,7.35;22.75,7.35;22.75,7.4;22.7,7.4;22.7,7.4;22.7,7.45;22.65,7.45;22.65,7.45;22.65,7.5;22.6,7.5;22.6,7.5;22.6,7.55;22.55,7.55;22.55,7.55;22.55,7.6;22.5,7.6;22.5,7.6;22.5,7.65;22.45,7.65;22.45,7.65;22.45,7.7;22.4,7.7;22.4,7.7;22.4,7.75;22.35,7.75;22.35,7.75;22.35,7.8;22.3,7.8;22.3,7.8;22.3,7.85;22.25,7.85;22.25,7.85;22.25,7.9;22.2,7.9;22.2,7.9;22.2,7.95;22.15,7.95;22.15,7.95;22.15,8.0;22.1,8.0;22.1,8.0;22.1,8.05;22.05,8.05;22.05,8.05;22.05,8.1;22.0,8.1;22.0,8.1;22.0,8.15;21.95,8.15;21.95,8.15;21.95,8.2;21.9,8.2;21.9,8.2;21.9,8.25;21.85,8.25;21.85,8.25;21.85,8.3;21.8,8.3;21.8,8.3;21.8,8.35;21.75,8.35;21.75,8.35;21.75,8.4;21.7,8.4;21.7,8.4;21.7,8.45;21.65,8.45;21.65,8.45;21.65,8.5;21.6,8.5;21.6,8.5;21.6,8.55;21.55,8.55;21.55,8.55;21.55,8.6;21.5,8.6;21.5,8.6;21.5,8.65;21.45,8.65;21.45,8.65;21.45,8.7;21.4,8.7;21.4,8.7;21.4,8.75;21.35,8.75;21.35,8.75;21.35,8.8;21.3,8.8;21.3,8.8",TRANSFERIDO
L3,L3_P_RB_c2_r0,L3_P_RB_c2_r0_T227,BEAM,L3_BD_V60_15,L3_BD_V60_15,2163.0,15.8825,6.22935,98.937651,"21.25,0.05;21.25,0.1;21.25,0.2;21.25,1.05;21.25,1.1;21.25,1.2;21.25,1.25;21.25,1.3;21.25,1.35;21.25,1.4;21.25,1.5;21.25,1.55;21.25,1.6;21.25,1.65;21.25,1.7;21.25,1.75;21.25,1.85;21.25,1.9;21.25,1.95;21.25,2.1;21.25,2.2;21.25,2.35;21.25,2.45;21.25,2.55;21.25,2.7;21.25,2.8;21.25,2.95;21.25,3.05;21.25,3.15;21.25,3.3;21.25,3.4;21.25,3.5;21.25,3.65;21.25,3.75;21.25,3.9;21.25,8.85;21.25,8.85;21.3,8.85;21.3,8.85;21.3,8.8;21.35,8.8;21.35,8.8;21.35,8.75;21.4,8.75;21.4,8.75;21.4,8.7;21.45,8.7;21.45,8.7;21.45,8.65;21.5,8.65;21.5,8.65;21.5,8.6;21.55,8.6;21.55,8.6;21.55,8.55;21.6,8.55;21.6,8.55;21.6,8.5;21.65,8.5;21.65,8.5;21.65,8.45;21.7,8.45;21.7,8.45;21.7,8.4;21.75,8.4;21.75,8.4;21.75,8.35;21.8,8.35;21.8,8.35;21.8,8.3;21.85,8.3;21.85,8.3;21.85,8.25;21.9,8.25;21.9,8.25;21.9,8.2;21.95,8.2;21.95,8.2;21.95,8.15;22.0,8.15;22.0,8.15;22.0,8.1;22.05,8.1;22.05,8.1;22.05,8.05;22.1,8.05;22.1,8.05;22.1,8.0;22.15,8.0;22.15,8.0;22.15,7.95;22.2,7.95;22.2,7.95;22.2,7.9;22.25,7.9;22.25,7.9;22.25,7.85;22.3,7.85;22.3,7.85;22.3,7.8;22.35,7.8;22.35,7.8;22.35,7.75;22.4,7.75;22.4,7.75;22.4,7.7;22.45,7.7;22.45,7.7;22.45,7.65;22.5,7.65;22.5,7.65;22.5,7.6;22.55,7.6;22.55,7.6;22.55,7.55;22.6,7.55;22.6,7.55;22.6,7.5;22.65,7.5;22.65,7.5;22.65,7.45;22.7,7.45;22.7,7.45;22.7,7.4;22.75,7.4;22.75,7.4;22.75,7.35;22.8,7.35;22.8,7.35;22.8,7.3;22.85,7.3;22.85,7.3;22.85,7.25;22.9,7.25;22.9,7.25;22.9,7.2;22.95,7.2;22.95,7.2;22.95,7.15;23.0,7.15;23.0,7.15;23.0,7.1;23.05,7.1;23.05,7.1;23.05,7.05;23.1,7.05;23.1,7.05;23.1,7.0;23.15,7.0;23.15,7.0;23.15,6.95;23.2,6.95;23.2,6.95;23.2,6.9;23.25,6.9;23.25,6.9;23.25,6.85;23.3,6.85;23.3,6.85;23.3,6.8;23.35,6.8;23.35,6.8;23.35,6.75;23.4,6.75;23.4,6.75;23.4,6.7;23.45,6.7;23.45,6.7;23.45,6.65;23.5,6.65;23.5,6.65;23.5,6.6;23.55,6.6;23.55,6.6;23.55,6.55;23.6,6.55;23.6,6.55;23.6,6.5;23.65,6.5;23.65,6.5;23.65,6.45;23.7,6.45;23.7,6.45;23.7,6.4;23.75,6.4;23.75,6.4;23.75,3.9;23.75,3.75;23.75,3.65;23.75,3.5;23.75,3.4;23.75,3.3;23.75,3.15;23.75,3.05;23.75,2.95;23.75,2.8;23.75,2.7;23.75,2.55;23.75,2.5;23.75,2.5;23.7,2.5;23.7,2.45;23.7,2.45;23.65,2.45;23.65,2.4;23.65,2.4;23.6,2.4;23.6,2.35;23.6,2.35;23.55,2.35;23.55,2.3;23.55,2.3;23.5,2.3;23.5,2.25;23.5,2.25;23.45,2.25;23.45,2.2;23.45,2.2;23.4,2.2;23.4,2.15;23.4,2.15;23.35,2.15;23.35,2.1;23.35,2.1;23.3,2.1;23.3,2.05;23.3,2.05;23.25,2.05;23.25,2.0;23.25,2.0;23.2,2.0;23.2,1.95;23.2,1.95;23.15,1.95;23.15,1.9;23.15,1.9;23.1,1.9;23.1,1.85;23.1,1.85;23.05,1.85;23.05,1.8;23.05,1.8;23.0,1.8;23.0,1.75;23.0,1.75;22.95,1.75;22.95,1.7;22.95,1.7;22.9,1.7;22.9,1.65;22.9,1.65;22.85,1.65;22.85,1.6;22.85,1.6;22.8,1.6;22.8,1.55;22.8,1.55;22.75,1.55;22.75,1.5;22.75,1.5;22.7,1.5;22.7,1.45;22.7,1.45;22.65,1.45;22.65,1.4;22.65,1.4;22.6,1.4;22.6,1.35;22.6,1.35;22.55,1.35;22.55,1.3;22.55,1.3;22.5,1.3;22.5,1.25;22.5,1.25;22.45,1.25;22.45,1.2;22.45,1.2;22.4,1.2;22.4,1.15;22.4,1.15;22.35,1.15;22.35,1.1;22.35,1.1;22.3,1.1;22.3,1.05;22.3,1.05;22.25,1.05;22.25,1.0;22.25,1.0;22.2,1.0;22.2,0.95;22.2,0.95;22.15,0.95;22.15,0.9;22.15,0.9;22.1,0.9;22.1,0.85;22.1,0.85;22.05,0.85;22.05,0.8;22.05,0.8;22.0,0.8;22.0,0.75;22.0,0.75;21.95,0.75;21.95,0.7;21.95,0.7;21.9,0.7;21.9,0.65;21.9,0.65;21.85,0.65;21.85,0.6;21.85,0.6;21.8,0.6;21.8,0.55;21.8,0.55;21.75,0.55;21.75,0.5;21.75,0.5;21.7,0.5;21.7,0.45;21.7,0.45;21.65,0.45;21.65,0.4;21.65,0.4;21.6,0.4;21.6,0.35;21.6,0.35;21.55,0.35;21.55,0.3;21.55,0.3;21.5,0.3;21.5,0.25;21.5,0.25;21.45,0.25;21.45,0.2;21.45,0.2;21.4,0.2;21.4,0.1;21.4,0.1;21.35,0.1;21.35,0.05;21.35,0.05;21.3,0.05;21.3,0.0;21.3,-0.0;21.25,-0.0;21.25,0.0",TRANSFERIDO
L3,L3_P_RB_c2_r0,L3_P_RB_c2_r0_T228,BEAM,L3_BD_V60_17,L3_BD_V60_17,2165.0,16.125,6.22935,100.448269,"23.75,2.55;23.75,2.7;23.75,2.8;23.75,2.95;23.75,3.05;23.75,3.15;23.75,3.3;23.75,3.4;23.75,3.5;23.75,3.65;23.75,3.75;23.75,3.9;23.75,6.45;23.75,6.45;23.8,6.45;23.8,6.5;23.8,6.5;23.85,6.5;23.85,6.55;23.85,6.55;23.9,6.55;23.9,6.6;23.9,6.6;23.95,6.6;23.95,6.65;23.95,6.65;24.0,6.65;24.0,6.7;24.0,6.7;24.05,6.7;24.05,6.75;24.05,6.75;24.1,6.75;24.1,6.8;24.1,6.8;24.15,6.8;24.15,6.85;24.15,6.85;24.2,6.85;24.2,6.9;24.2,6.9;24.25,6.9;24.25,6.95;24.25,6.95;24.3,6.95;24.3,7.0;24.3,7.0;24.35,7.0;24.35,7.05;24.35,7.05;24.4,7.05;24.4,7.1;24.4,7.1;24.45,7.1;24.45,7.15;24.45,7.15;24.5,7.15;24.5,7.2;24.5,7.2;24.55,7.2;24.55,7.25;24.55,7.25;24.6,7.25;24.6,7.3;24.6,7.3;24.65,7.3;24.65,7.35;24.65,7.35;24.7,7.35;24.7,7.4;24.7,7.4;24.75,7.4;24.75,7.45;24.75,7.45;24.8,7.45;24.8,7.5;24.8,7.5;24.85,7.5;24.85,7.55;24.85,7.55;24.9,7.55;24.9,7.6;24.9,7.6;24.95,7.6;24.95,7.65;24.95,7.65;25.0,7.65;25.0,7.7;25.0,7.7;25.05,7.7;25.05,7.75;25.05,7.75;25.1,7.75;25.1,7.8;25.1,7.8;25.15,7.8;25.15,7.85;25.15,7.85;25.2,7.85;25.2,7.9;25.2,7.9;25.25,7.9;25.25,7.95;25.25,7.95;25.3,7.95;25.3,8.0;25.3,8.0;25.35,8.0;25.35,8.05;25.35,8.05;25.4,8.05;25.4,8.1;25.4,8.1;25.45,8.1;25.45,8.15;25.45,8.15;25.5,8.15;25.5,8.2;25.5,8.2;25.55,8.2;25.55,8.25;25.55,8.25;25.6,8.25;25.6,8.3;25.6,8.3;25.65,8.3;25.65,8.35;25.65,8.35;25.7,8.35;25.7,8.4;25.7,8.4;25.75,8.4;25.75,8.45;25.75,8.45;25.8,8.45;25.8,8.5;25.8,8.5;25.85,8.5;25.85,8.55;25.85,8.55;25.9,8.55;25.9,8.6;25.9,8.6;25.95,8.6;25.95,8.65;25.95,8.65;26.0,8.65;26.0,8.7;26.0,8.7;26.05,8.7;26.05,8.75;26.05,8.75;26.1,8.75;26.1,8.8;26.1,8.8;26.15,8.8;26.15,8.85;26.15,8.85;26.2,8.85;26.2,8.9;26.2,8.9;26.25,8.9;26.25,8.9;26.25,3.9;26.25,3.75;26.25,3.65;26.25,3.5;26.25,3.4;26.25,3.3;26.25,3.15;26.25,3.05;26.25,2.95;26.25,2.8;26.25,2.7;26.25,2.55;26.25,2.45;26.25,2.35;26.25,2.2;26.25,2.1;26.25,1.95;26.25,1.9;26.25,1.85;26.25,1.75;26.25,1.7;26.25,1.65;26.25,1.6;26.25,1.55;26.25,1.5;26.25,1.4;26.25,1.35;26.25,1.3;26.25,1.25;26.25,1.2;26.25,1.1;26.25,1.05;26.25,0.2;26.25,0.1;26.25,0.05;26.25,0.0;26.25,-0.0;26.2,-0.0;26.2,0.0;26.2,0.05;26.15,0.05;26.15,0.05;26.15,0.1;26.1,0.1;26.1,0.1;26.1,0.15;26.05,0.15;26.05,0.15;26.05,0.2;26.0,0.2;26.0,0.2;26.0,0.25;25.95,0.25;25.95,0.25;25.95,0.3;25.9,0.3;25.9,0.3;25.9,0.35;25.85,0.35;25.85,0.35;25.85,0.4;25.8,0.4;25.8,0.4;25.8,0.45;25.75,0.45;25.75,0.45;25.75,0.5;25.7,0.5;25.7,0.5;25.7,0.55;25.65,0.55;25.65,0.55;25.65,0.6;25.6,0.6;25.6,0.6;25.6,0.65;25.55,0.65;25.55,0.65;25.55,0.7;25.5,0.7;25.5,0.7;25.5,0.75;25.45,0.75;25.45,0.75;25.45,0.8;25.4,0.8;25.4,0.8;25.4,0.85;25.35,0.85;25.35,0.85;25.35,0.9;25.3,0.9;25.3,0.9;25.3,0.95;25.25,0.95;25.25,0.95;25.25,1.0;25.2,1.0;25.2,1.0;25.2,1.05;25.15,1.05;25.15,1.05;25.15,1.1;25.1,1.1;25.1,1.1;25.1,1.15;25.05,1.15;25.05,1.15;25.05,1.2;25.0,1.2;25.0,1.2;25.0,1.25;24.95,1.25;24.95,1.25;24.95,1.3;24.9,1.3;24.9,1.3;24.9,1.35;24.85,1.35;24.85,1.35;24.85,1.4;24.8,1.4;24.8,1.4;24.8,1.45;24.75,1.45;24.75,1.45;24.75,1.5;24.7,1.5;24.7,1.5;24.7,1.55;24.65,1.55;24.65,1.55;24.65,1.6;24.6,1.6;24.6,1.6;24.6,1.65;24.55,1.65;24.55,1.65;24.55,1.7;24.5,1.7;24.5,1.7;24.5,1.75;24.45,1.75;24.45,1.75;24.45,1.8;24.4,1.8;24.4,1.8;24.4,1.85;24.35,1.85;24.35,1.85;24.35,1.9;24.3,1.9;24.3,1.9;24.3,1.95;24.25,1.95;24.25,1.95;24.25,2.0;24.2,2.0;24.2,2.0;24.2,2.05;24.15,2.05;24.15,2.05;24.15,2.1;24.1,2.1;24.1,2.1;24.1,2.15;24.05,2.15;24.05,2.15;24.05,2.2;24.0,2.2;24.0,2.2;24.0,2.25;23.95,2.25;23.95,2.25;23.95,2.3;23.9,2.3;23.9,2.3;23.9,2.35;23.85,2.35;23.85,2.35;23.85,2.4;23.8,2.4;23.8,2.4;23.8,2.45;23.75,2.45;23.75,2.45",TRANSFERIDO
L3,L3_P_RB_c2_r1,L3_P_RB_c2_r1_T229,BEAM,L3_BD_V60_07,L3_BD_V60_07,2155.0,6.125,6.22935,38.154769,"21.35,8.95;21.35,9.0;21.35,9.0;21.4,9.0;21.4,9.05;21.4,9.05;21.45,9.05;21.45,9.1;21.45,9.1;21.5,9.1;21.5,9.15;21.5,9.15;21.55,9.15;21.55,9.2;21.55,9.2;21.6,9.2;21.6,9.25;21.6,9.25;21.65,9.25;21.65,9.3;21.65,9.3;21.7,9.3;21.7,9.35;21.7,9.35;21.75,9.35;21.75,9.4;21.75,9.4;21.8,9.4;21.8,9.45;21.8,9.45;21.85,9.45;21.85,9.5;21.85,9.5;21.9,9.5;21.9,9.55;21.9,9.55;21.95,9.55;21.95,9.6;21.95,9.6;22.0,9.6;22.0,9.65;22.0,9.65;22.05,9.65;22.05,9.7;22.05,9.7;22.1,9.7;22.1,9.75;22.1,9.75;22.15,9.75;22.15,9.8;22.15,9.8;22.2,9.8;22.2,9.85;22.2,9.85;22.25,9.85;22.25,9.9;22.25,9.9;22.3,9.9;22.3,9.95;22.3,9.95;22.35,9.95;22.35,10.0;22.35,10.0;22.4,10.0;22.4,10.05;22.4,10.05;22.45,10.05;22.45,10.1;22.45,10.1;22.5,10.1;22.5,10.15;22.5,10.15;22.55,10.15;22.55,10.2;22.55,10.2;22.6,10.2;22.6,10.25;22.6,10.25;22.65,10.25;22.65,10.3;22.65,10.3;22.7,10.3;22.7,10.35;22.7,10.35;22.75,10.35;22.75,10.4;22.75,10.4;22.8,10.4;22.8,10.45;22.8,10.45;22.85,10.45;22.85,10.5;22.85,10.5;22.9,10.5;22.9,10.55;22.9,10.55;22.95,10.55;22.95,10.6;22.95,10.6;23.0,10.6;23.0,10.65;23.0,10.65;23.05,10.65;23.05,10.7;23.05,10.7;23.1,10.7;23.1,10.75;23.1,10.75;23.15,10.75;23.15,10.8;23.15,10.8;23.2,10.8;23.2,10.85;23.2,10.85;23.25,10.85;23.25,10.9;23.25,10.9;23.3,10.9;23.3,10.95;23.3,10.95;23.35,10.95;23.35,11.0;23.35,11.0;23.4,11.0;23.4,11.05;23.4,11.05;23.45,11.05;23.45,11.1;23.45,11.1;23.5,11.1;23.5,11.15;23.5,11.15;23.55,11.15;23.55,11.2;23.55,11.2;23.6,11.2;23.6,11.25;23.6,11.25;23.65,11.25;23.65,11.3;23.65,11.3;23.7,11.3;23.7,11.35;23.7,11.35;23.75,11.35;23.8,11.35;23.8,11.35;23.8,11.3;23.85,11.3;23.85,11.3;23.85,11.25;23.9,11.25;23.9,11.25;23.9,11.2;23.95,11.2;23.95,11.2;23.95,11.15;24.0,11.15;24.0,11.15;24.0,11.1;24.05,11.1;24.05,11.1;24.05,11.05;24.1,11.05;24.1,11.05;24.1,11.0;24.15,11.0;24.15,11.0;24.15,10.95;24.2,10.95;24.2,10.95;24.2,10.9;24.25,10.9;24.25,10.9;24.25,10.85;24.3,10.85;24.3,10.85;24.3,10.8;24.35,10.8;24.35,10.8;24.35,10.75;24.4,10.75;24.4,10.75;24.4,10.7;24.45,10.7;24.45,10.7;24.45,10.65;24.5,10.65;24.5,10.65;24.5,10.6;24.55,10.6;24.55,10.6;24.55,10.55;24.6,10.55;24.6,10.55;24.6,10.5;24.65,10.5;24.65,10.5;24.65,10.45;24.7,10.45;24.7,10.45;24.7,10.4;24.75,10.4;24.75,10.4;24.75,10.35;24.8,10.35;24.8,10.35;24.8,10.3;24.85,10.3;24.85,10.3;24.85,10.25;24.9,10.25;24.9,10.25;24.9,10.2;24.95,10.2;24.95,10.2;24.95,10.15;25.0,10.15;25.0,10.15;25.0,10.1;25.05,10.1;25.05,10.1;25.05,10.05;25.1,10.05;25.1,10.05;25.1,10.0;25.15,10.0;25.15,10.0;25.15,9.95;25.2,9.95;25.2,9.95;25.2,9.9;25.25,9.9;25.25,9.9;25.25,9.85;25.3,9.85;25.3,9.85;25.3,9.8;25.35,9.8;25.35,9.8;25.35,9.75;25.4,9.75;25.4,9.75;25.4,9.7;25.45,9.7;25.45,9.7;25.45,9.65;25.5,9.65;25.5,9.65;25.5,9.6;25.55,9.6;25.55,9.6;25.55,9.55;25.6,9.55;25.6,9.55;25.6,9.5;25.65,9.5;25.65,9.5;25.65,9.45;25.7,9.45;25.7,9.45;25.7,9.4;25.75,9.4;25.75,9.4;25.75,9.35;25.8,9.35;25.8,9.35;25.8,9.3;25.85,9.3;25.85,9.3;25.85,9.25;25.9,9.25;25.9,9.25;25.9,9.2;25.95,9.2;25.95,9.2;25.95,9.15;26.0,9.15;26.0,9.15;26.0,9.1;26.05,9.1;26.05,9.1;26.05,9.05;26.1,9.05;26.1,9.05;26.1,9.0;26.15,9.0;26.15,9.0;26.15,8.95;26.2,8.95;26.2,8.95;26.2,8.9;26.2,8.9;26.15,8.9;26.1,8.9;26.05,8.9;26.0,8.9;25.95,8.9;25.9,8.9;25.85,8.9;25.8,8.9;25.75,8.9;25.7,8.9;25.65,8.9;25.6,8.9;25.55,8.9;25.5,8.9;25.45,8.9;25.4,8.9;25.35,8.9;25.3,8.9;25.25,8.9;25.2,8.9;25.15,8.9;25.1,8.9;25.05,8.9;25.0,8.9;24.95,8.9;24.9,8.9;24.85,8.9;24.8,8.9;24.75,8.9;24.7,8.9;24.65,8.9;24.6,8.9;24.55,8.9;24.5,8.9;24.45,8.9;24.4,8.9;24.35,8.9;24.3,8.9;24.25,8.9;24.2,8.9;24.15,8.9;24.1,8.9;24.05,8.9;24.0,8.9;23.95,8.9;23.9,8.9;23.85,8.9;23.8,8.9;23.75,8.9;23.7,8.9;23.65,8.9;23.6,8.9;23.55,8.9;23.5,8.9;23.45,8.9;23.4,8.9;23.35,8.9;23.3,8.9;23.25,8.9;23.2,8.9;23.15,8.9;23.1,8.9;23.05,8.9;23.0,8.9;22.95,8.9;22.9,8.9;22.85,8.9;22.8,8.9;22.75,8.9;22.7,8.9;22.65,8.9;22.6,8.9;22.55,8.9;22.5,8.9;22.45,8.9;22.4,8.9;22.35,8.9;22.3,8.9;22.25,8.9;22.2,8.9;22.15,8.9;22.1,8.9;22.05,8.9;22.0,8.9;21.95,8.9;21.9,8.9;21.85,8.9;21.8,8.9;21.75,8.9;21.7,8.9;21.65,8.9;21.6,8.9;21.55,8.9;21.5,8.9;21.45,8.9;21.4,8.9;21.35,8.9;21.3,8.9;21.3,8.9;21.3,8.95;21.3,8.95",TRANSFERIDO
L3,L3_P_RB_c2_r1,L3_P_RB_c2_r1_T230,BEAM,L3_BD_V60_11,L3_BD_V60_11,2159.0,6.375,6.22935,39.712106,"21.3,16.1;21.25,16.1;21.25,16.1;21.25,16.15;21.25,16.15;21.3,16.15;21.35,16.15;21.4,16.15;21.45,16.15;21.5,16.15;21.55,16.15;21.6,16.15;21.65,16.15;21.7,16.15;21.75,16.15;21.8,16.15;21.85,16.15;21.9,16.15;21.95,16.15;22.0,16.15;22.05,16.15;22.1,16.15;22.15,16.15;22.2,16.15;22.25,16.15;22.3,16.15;22.35,16.15;22.4,16.15;22.45,16.15;22.5,16.15;22.55,16.15;22.6,16.15;22.65,16.15;22.7,16.15;22.75,16.15;22.8,16.15;22.85,16.15;22.9,16.15;22.95,16.15;23.0,16.15;23.05,16.15;23.1,16.15;23.15,16.15;23.2,16.15;23.25,16.15;23.3,16.15;23.35,16.15;23.4,16.15;23.45,16.15;23.5,16.15;23.55,16.15;23.6,16.15;23.65,16.15;23.7,16.15;23.75,16.15;23.8,16.15;23.85,16.15;23.9,16.15;23.95,16.15;24.0,16.15;24.05,16.15;24.1,16.15;24.15,16.15;24.2,16.15;24.25,16.15;24.3,16.15;24.35,16.15;24.4,16.15;24.45,16.15;24.5,16.15;24.55,16.15;24.6,16.15;24.65,16.15;24.7,16.15;24.75,16.15;24.8,16.15;24.85,16.15;24.9,16.15;24.95,16.15;25.0,16.15;25.05,16.15;25.1,16.15;25.15,16.15;25.2,16.15;25.25,16.15;25.3,16.15;25.35,16.15;25.4,16.15;25.45,16.15;25.5,16.15;25.55,16.15;25.6,16.15;25.65,16.15;25.7,16.15;25.75,16.15;25.8,16.15;25.85,16.15;25.9,16.15;25.95,16.15;26.0,16.15;26.05,16.15;26.1,16.15;26.15,16.15;26.2,16.15;26.25,16.15;26.25,16.15;26.25,16.1;26.25,16.1;26.2,16.1;26.2,16.05;26.2,16.05;26.15,16.05;26.15,16.0;26.15,16.0;26.1,16.0;26.1,15.95;26.1,15.95;26.05,15.95;26.05,15.9;26.05,15.9;26.0,15.9;26.0,15.85;26.0,15.85;25.95,15.85;25.95,15.8;25.95,15.8;25.9,15.8;25.9,15.75;25.9,15.75;25.85,15.75;25.85,15.7;25.85,15.7;25.8,15.7;25.8,15.65;25.8,15.65;25.75,15.65;25.75,15.6;25.75,15.6;25.7,15.6;25.7,15.55;25.7,15.55;25.65,15.55;25.65,15.5;25.65,15.5;25.6,15.5;25.6,15.45;25.6,15.45;25.55,15.45;25.55,15.4;25.55,15.4;25.5,15.4;25.5,15.35;25.5,15.35;25.45,15.35;25.45,15.3;25.45,15.3;25.4,15.3;25.4,15.25;25.4,15.25;25.35,15.25;25.35,15.2;25.35,15.2;25.3,15.2;25.3,15.15;25.3,15.15;25.25,15.15;25.25,15.1;25.25,15.1;25.2,15.1;25.2,15.05;25.2,15.05;25.15,15.05;25.15,15.0;25.15,15.0;25.1,15.0;25.1,14.95;25.1,14.95;25.05,14.95;25.05,14.9;25.05,14.9;25.0,14.9;25.0,14.85;25.0,14.85;24.95,14.85;24.95,14.8;24.95,14.8;24.9,14.8;24.9,14.75;24.9,14.75;24.85,14.75;24.85,14.7;24.85,14.7;24.8,14.7;24.8,14.65;24.8,14.65;24.75,14.65;24.75,14.6;24.75,14.6;24.7,14.6;24.7,14.55;24.7,14.55;24.65,14.55;24.65,14.5;24.65,14.5;24.6,14.5;24.6,14.45;24.6,14.45;24.55,14.45;24.55,14.4;24.55,14.4;24.5,14.4;24.5,14.35;24.5,14.35;24.45,14.35;24.45,14.3;24.45,14.3;24.4,14.3;24.4,14.25;24.4,14.25;24.35,14.25;24.35,14.2;24.35,14.2;24.3,14.2;24.3,14.15;24.3,14.15;24.25,14.15;24.25,14.1;24.25,14.1;24.2,14.1;24.2,14.05;24.2,14.05;24.15,14.05;24.15,14.0;24.15,14.0;24.1,14.0;24.1,13.95;24.1,13.95;24.05,13.95;24.05,13.9;24.05,13.9;24.0,13.9;24.0,13.85;24.0,13.85;23.95,13.85;23.95,13.8;23.95,13.8;23.9,13.8;23.9,13.75;23.9,13.75;23.85,13.75;23.85,13.7;23.85,13.7;23.8,13.7;23.8,13.65;23.8,13.65;23.75,13.65;23.7,13.65;23.7,13.65;23.7,13.7;23.65,13.7;23.65,13.7;23.65,13.75;23.6,13.75;23.6,13.75;23.6,13.8;23.55,13.8;23.55,13.8;23.55,13.85;23.5,13.85;23.5,13.85;23.5,13.9;23.45,13.9;23.45,13.9;23.45,13.95;23.4,13.95;23.4,13.95;23.4,14.0;23.35,14.0;23.35,14.0;23.35,14.05;23.3,14.05;23.3,14.05;23.3,14.1;23.25,14.1;23.25,14.1;23.25,14.15;23.2,14.15;23.2,14.15;23.2,14.2;23.15,14.2;23.15,14.2;23.15,14.25;23.1,14.25;23.1,14.25;23.1,14.3;23.05,14.3;23.05,14.3;23.05,14.35;23.0,14.35;23.0,14.35;23.0,14.4;22.95,14.4;22.95,14.4;22.95,14.45;22.9,14.45;22.9,14.45;22.9,14.5;22.85,14.5;22.85,14.5;22.85,14.55;22.8,14.55;22.8,14.55;22.8,14.6;22.75,14.6;22.75,14.6;22.75,14.65;22.7,14.65;22.7,14.65;22.7,14.7;22.65,14.7;22.65,14.7;22.65,14.75;22.6,14.75;22.6,14.75;22.6,14.8;22.55,14.8;22.55,14.8;22.55,14.85;22.5,14.85;22.5,14.85;22.5,14.9;22.45,14.9;22.45,14.9;22.45,14.95;22.4,14.95;22.4,14.95;22.4,15.0;22.35,15.0;22.35,15.0;22.35,15.05;22.3,15.05;22.3,15.05;22.3,15.1;22.25,15.1;22.25,15.1;22.25,15.15;22.2,15.15;22.2,15.15;22.2,15.2;22.15,15.2;22.15,15.2;22.15,15.25;22.1,15.25;22.1,15.25;22.1,15.3;22.05,15.3;22.05,15.3;22.05,15.35;22.0,15.35;22.0,15.35;22.0,15.4;21.95,15.4;21.95,15.4;21.95,15.45;21.9,15.45;21.9,15.45;21.9,15.5;21.85,15.5;21.85,15.5;21.85,15.55;21.8,15.55;21.8,15.55;21.8,15.6;21.75,15.6;21.75,15.6;21.75,15.65;21.7,15.65;21.7,15.65;21.7,15.7;21.65,15.7;21.65,15.7;21.65,15.75;21.6,15.75;21.6,15.75;21.6,15.8;21.55,15.8;21.55,15.8;21.55,15.85;21.5,15.85;21.5,15.85;21.5,15.9;21.45,15.9;21.45,15.9;21.45,15.95;21.4,15.95;21.4,15.95;21.4,16.0;21.35,16.0;21.35,16.0;21.35,16.05;21.3,16.05;21.3,16.05",TRANSFERIDO
L3,L3_P_RB_c2_r1,L3_P_RB_c2_r1_T231,BEAM,L3_BD_V60_16,L3_BD_V60_16,2164.0,11.875,6.22935,73.973531,"21.25,16.0;21.25,16.05;21.25,16.1;21.25,16.1;21.3,16.1;21.3,16.1;21.3,16.05;21.35,16.05;21.35,16.05;21.35,16.0;21.4,16.0;21.4,16.0;21.4,15.95;21.45,15.95;21.45,15.95;21.45,15.9;21.5,15.9;21.5,15.9;21.5,15.85;21.55,15.85;21.55,15.85;21.55,15.8;21.6,15.8;21.6,15.8;21.6,15.75;21.65,15.75;21.65,15.75;21.65,15.7;21.7,15.7;21.7,15.7;21.7,15.65;21.75,15.65;21.75,15.65;21.75,15.6;21.8,15.6;21.8,15.6;21.8,15.55;21.85,15.55;21.85,15.55;21.85,15.5;21.9,15.5;21.9,15.5;21.9,15.45;21.95,15.45;21.95,15.45;21.95,15.4;22.0,15.4;22.0,15.4;22.0,15.35;22.05,15.35;22.05,15.35;22.05,15.3;22.1,15.3;22.1,15.3;22.1,15.25;22.15,15.25;22.15,15.25;22.15,15.2;22.2,15.2;22.2,15.2;22.2,15.15;22.25,15.15;22.25,15.15;22.25,15.1;22.3,15.1;22.3,15.1;22.3,15.05;22.35,15.05;22.35,15.05;22.35,15.0;22.4,15.0;22.4,15.0;22.4,14.95;22.45,14.95;22.45,14.95;22.45,14.9;22.5,14.9;22.5,14.9;22.5,14.85;22.55,14.85;22.55,14.85;22.55,14.8;22.6,14.8;22.6,14.8;22.6,14.75;22.65,14.75;22.65,14.75;22.65,14.7;22.7,14.7;22.7,14.7;22.7,14.65;22.75,14.65;22.75,14.65;22.75,14.6;22.8,14.6;22.8,14.6;22.8,14.55;22.85,14.55;22.85,14.55;22.85,14.5;22.9,14.5;22.9,14.5;22.9,14.45;22.95,14.45;22.95,14.45;22.95,14.4;23.0,14.4;23.0,14.4;23.0,14.35;23.05,14.35;23.05,14.35;23.05,14.3;23.1,14.3;23.1,14.3;23.1,14.25;23.15,14.25;23.15,14.25;23.15,14.2;23.2,14.2;23.2,14.2;23.2,14.15;23.25,14.15;23.25,14.15;23.25,14.1;23.3,14.1;23.3,14.1;23.3,14.05;23.35,14.05;23.35,14.05;23.35,14.0;23.4,14.0;23.4,14.0;23.4,13.95;23.45,13.95;23.45,13.95;23.45,13.9;23.5,13.9;23.5,13.9;23.5,13.85;23.55,13.85;23.55,13.85;23.55,13.8;23.6,13.8;23.6,13.8;23.6,13.75;23.65,13.75;23.65,13.75;23.65,13.7;23.7,13.7;23.7,13.7;23.7,13.65;23.75,13.65;23.75,13.65;23.75,11.35;23.75,11.35;23.7,11.35;23.7,11.3;23.7,11.3;23.65,11.3;23.65,11.25;23.65,11.25;23.6,11.25;23.6,11.2;23.6,11.2;23.55,11.2;23.55,11.15;23.55,11.15;23.5,11.15;23.5,11.1;23.5,11.1;23.45,11.1;23.45,11.05;23.45,11.05;23.4,11.05;23.4,11.0;23.4,11.0;23.35,11.0;23.35,10.95;23.35,10.95;23.3,10.95;23.3,10.9;23.3,10.9;23.25,10.9;23.25,10.85;23.25,10.85;23.2,10.85;23.2,10.8;23.2,10.8;23.15,10.8;23.15,10.75;23.15,10.75;23.1,10.75;23.1,10.7;23.1,10.7;23.05,10.7;23.05,10.65;23.05,10.65;23.0,10.65;23.0,10.6;23.0,10.6;22.95,10.6;22.95,10.55;22.95,10.55;22.9,10.55;22.9,10.5;22.9,10.5;22.85,10.5;22.85,10.45;22.85,10.45;22.8,10.45;22.8,10.4;22.8,10.4;22.75,10.4;22.75,10.35;22.75,10.35;22.7,10.35;22.7,10.3;22.7,10.3;22.65,10.3;22.65,10.25;22.65,10.25;22.6,10.25;22.6,10.2;22.6,10.2;22.55,10.2;22.55,10.15;22.55,10.15;22.5,10.15;22.5,10.1;22.5,10.1;22.45,10.1;22.45,10.05;22.45,10.05;22.4,10.05;22.4,10.0;22.4,10.0;22.35,10.0;22.35,9.95;22.35,9.95;22.3,9.95;22.3,9.9;22.3,9.9;22.25,9.9;22.25,9.85;22.25,9.85;22.2,9.85;22.2,9.8;22.2,9.8;22.15,9.8;22.15,9.75;22.15,9.75;22.1,9.75;22.1,9.7;22.1,9.7;22.05,9.7;22.05,9.65;22.05,9.65;22.0,9.65;22.0,9.6;22.0,9.6;21.95,9.6;21.95,9.55;21.95,9.55;21.9,9.55;21.9,9.5;21.9,9.5;21.85,9.5;21.85,9.45;21.85,9.45;21.8,9.45;21.8,9.4;21.8,9.4;21.75,9.4;21.75,9.35;21.75,9.35;21.7,9.35;21.7,9.3;21.7,9.3;21.65,9.3;21.65,9.25;21.65,9.25;21.6,9.25;21.6,9.2;21.6,9.2;21.55,9.2;21.55,9.15;21.55,9.15;21.5,9.15;21.5,9.1;21.5,9.1;21.45,9.1;21.45,9.05;21.45,9.05;21.4,9.05;21.4,9.0;21.4,9.0;21.35,9.0;21.35,8.95;21.35,8.95;21.3,8.95;21.3,8.9;21.3,8.9;21.25,8.9;21.25,8.9",TRANSFERIDO
L3,L3_P_RB_c2_r1,L3_P_RB_c2_r1_T232,BEAM,L3_BD_V60_18,L3_BD_V60_18,2166.0,11.875,6.22935,73.973531,"23.75,13.65;23.75,13.65;23.8,13.65;23.8,13.7;23.8,13.7;23.85,13.7;23.85,13.75;23.85,13.75;23.9,13.75;23.9,13.8;23.9,13.8;23.95,13.8;23.95,13.85;23.95,13.85;24.0,13.85;24.0,13.9;24.0,13.9;24.05,13.9;24.05,13.95;24.05,13.95;24.1,13.95;24.1,14.0;24.1,14.0;24.15,14.0;24.15,14.05;24.15,14.05;24.2,14.05;24.2,14.1;24.2,14.1;24.25,14.1;24.25,14.15;24.25,14.15;24.3,14.15;24.3,14.2;24.3,14.2;24.35,14.2;24.35,14.25;24.35,14.25;24.4,14.25;24.4,14.3;24.4,14.3;24.45,14.3;24.45,14.35;24.45,14.35;24.5,14.35;24.5,14.4;24.5,14.4;24.55,14.4;24.55,14.45;24.55,14.45;24.6,14.45;24.6,14.5;24.6,14.5;24.65,14.5;24.65,14.55;24.65,14.55;24.7,14.55;24.7,14.6;24.7,14.6;24.75,14.6;24.75,14.65;24.75,14.65;24.8,14.65;24.8,14.7;24.8,14.7;24.85,14.7;24.85,14.75;24.85,14.75;24.9,14.75;24.9,14.8;24.9,14.8;24.95,14.8;24.95,14.85;24.95,14.85;25.0,14.85;25.0,14.9;25.0,14.9;25.05,14.9;25.05,14.95;25.05,14.95;25.1,14.95;25.1,15.0;25.1,15.0;25.15,15.0;25.15,15.05;25.15,15.05;25.2,15.05;25.2,15.1;25.2,15.1;25.25,15.1;25.25,15.15;25.25,15.15;25.3,15.15;25.3,15.2;25.3,15.2;25.35,15.2;25.35,15.25;25.35,15.25;25.4,15.25;25.4,15.3;25.4,15.3;25.45,15.3;25.45,15.35;25.45,15.35;25.5,15.35;25.5,15.4;25.5,15.4;25.55,15.4;25.55,15.45;25.55,15.45;25.6,15.45;25.6,15.5;25.6,15.5;25.65,15.5;25.65,15.55;25.65,15.55;25.7,15.55;25.7,15.6;25.7,15.6;25.75,15.6;25.75,15.65;25.75,15.65;25.8,15.65;25.8,15.7;25.8,15.7;25.85,15.7;25.85,15.75;25.85,15.75;25.9,15.75;25.9,15.8;25.9,15.8;25.95,15.8;25.95,15.85;25.95,15.85;26.0,15.85;26.0,15.9;26.0,15.9;26.05,15.9;26.05,15.95;26.05,15.95;26.1,15.95;26.1,16.0;26.1,16.0;26.15,16.0;26.15,16.05;26.15,16.05;26.2,16.05;26.2,16.1;26.2,16.1;26.25,16.1;26.25,16.1;26.25,16.05;26.25,16.0;26.25,8.9;26.25,8.9;26.2,8.9;26.2,8.9;26.2,8.95;26.15,8.95;26.15,8.95;26.15,9.0;26.1,9.0;26.1,9.0;26.1,9.05;26.05,9.05;26.05,9.05;26.05,9.1;26.0,9.1;26.0,9.1;26.0,9.15;25.95,9.15;25.95,9.15;25.95,9.2;25.9,9.2;25.9,9.2;25.9,9.25;25.85,9.25;25.85,9.25;25.85,9.3;25.8,9.3;25.8,9.3;25.8,9.35;25.75,9.35;25.75,9.35;25.75,9.4;25.7,9.4;25.7,9.4;25.7,9.45;25.65,9.45;25.65,9.45;25.65,9.5;25.6,9.5;25.6,9.5;25.6,9.55;25.55,9.55;25.55,9.55;25.55,9.6;25.5,9.6;25.5,9.6;25.5,9.65;25.45,9.65;25.45,9.65;25.45,9.7;25.4,9.7;25.4,9.7;25.4,9.75;25.35,9.75;25.35,9.75;25.35,9.8;25.3,9.8;25.3,9.8;25.3,9.85;25.25,9.85;25.25,9.85;25.25,9.9;25.2,9.9;25.2,9.9;25.2,9.95;25.15,9.95;25.15,9.95;25.15,10.0;25.1,10.0;25.1,10.0;25.1,10.05;25.05,10.05;25.05,10.05;25.05,10.1;25.0,10.1;25.0,10.1;25.0,10.15;24.95,10.15;24.95,10.15;24.95,10.2;24.9,10.2;24.9,10.2;24.9,10.25;24.85,10.25;24.85,10.25;24.85,10.3;24.8,10.3;24.8,10.3;24.8,10.35;24.75,10.35;24.75,10.35;24.75,10.4;24.7,10.4;24.7,10.4;24.7,10.45;24.65,10.45;24.65,10.45;24.65,10.5;24.6,10.5;24.6,10.5;24.6,10.55;24.55,10.55;24.55,10.55;24.55,10.6;24.5,10.6;24.5,10.6;24.5,10.65;24.45,10.65;24.45,10.65;24.45,10.7;24.4,10.7;24.4,10.7;24.4,10.75;24.35,10.75;24.35,10.75;24.35,10.8;24.3,10.8;24.3,10.8;24.3,10.85;24.25,10.85;24.25,10.85;24.25,10.9;24.2,10.9;24.2,10.9;24.2,10.95;24.15,10.95;24.15,10.95;24.15,11.0;24.1,11.0;24.1,11.0;24.1,11.05;24.05,11.05;24.05,11.05;24.05,11.1;24.0,11.1;24.0,11.1;24.0,11.15;23.95,11.15;23.95,11.15;23.95,11.2;23.9,11.2;23.9,11.2;23.9,11.25;23.85,11.25;23.85,11.25;23.85,11.3;23.8,11.3;23.8,11.3;23.8,11.35;23.75,11.35;23.75,11.35",TRANSFERIDO
L3,L3_P_RB_c3_r0,L3_P_RB_c3_r0_T233,BEAM,L3_BD_V60_04,L3_BD_V60_04,2152.0,6.247973,6.22935,38.920811,"26.35,-0.0;26.3,-0.0;26.3,0.0;26.3,0.05;26.3,0.05;26.35,0.05;26.35,0.1;26.35,0.1;26.4,0.1;26.4,0.2;26.4,0.2;26.45,0.2;26.45,0.25;26.45,0.25;26.5,0.25;26.5,0.3;26.5,0.3;26.55,0.3;26.55,0.35;26.55,0.35;26.6,0.35;26.6,0.4;26.6,0.4;26.65,0.4;26.65,0.45;26.65,0.45;26.7,0.45;26.7,0.5;26.7,0.5;26.75,0.5;26.75,0.55;26.75,0.55;26.8,0.55;26.8,0.6;26.8,0.6;26.85,0.6;26.85,0.65;26.85,0.65;26.9,0.65;26.9,0.7;26.9,0.7;26.95,0.7;26.95,0.75;26.95,0.75;27.0,0.75;27.0,0.8;27.0,0.8;27.05,0.8;27.05,0.85;27.05,0.85;27.1,0.85;27.1,0.9;27.1,0.9;27.15,0.9;27.15,0.95;27.15,0.95;27.2,0.95;27.2,1.0;27.2,1.0;27.25,1.0;27.25,1.05;27.25,1.05;27.3,1.05;27.3,1.1;27.3,1.1;27.35,1.1;27.35,1.15;27.35,1.15;27.4,1.15;27.4,1.2;27.4,1.2;27.45,1.2;27.45,1.25;27.45,1.25;27.5,1.25;27.5,1.3;27.5,1.3;27.55,1.3;27.55,1.35;27.55,1.35;27.6,1.35;27.6,1.4;27.6,1.4;27.65,1.4;27.65,1.45;27.65,1.45;27.7,1.45;27.7,1.5;27.7,1.5;27.75,1.5;27.75,1.55;27.75,1.55;27.8,1.55;27.8,1.6;27.8,1.6;27.85,1.6;27.85,1.65;27.85,1.65;27.9,1.65;27.9,1.7;27.9,1.7;27.95,1.7;27.95,1.75;27.95,1.75;28.0,1.75;28.0,1.8;28.0,1.8;28.05,1.8;28.05,1.85;28.05,1.85;28.1,1.85;28.1,1.9;28.1,1.9;28.15,1.9;28.15,1.95;28.15,1.95;28.2,1.95;28.2,2.0;28.2,2.0;28.25,2.0;28.25,2.05;28.25,2.05;28.3,2.05;28.3,2.1;28.3,2.1;28.35,2.1;28.35,2.15;28.35,2.15;28.4,2.15;28.4,2.2;28.4,2.2;28.45,2.2;28.45,2.25;28.45,2.25;28.5,2.25;28.5,2.3;28.5,2.3;28.55,2.3;28.55,2.35;28.55,2.35;28.6,2.35;28.6,2.4;28.6,2.4;28.65,2.4;28.65,2.45;28.65,2.45;28.7,2.45;28.7,2.5;28.7,2.5;28.75,2.5;28.75,2.5;28.75,2.45;28.8,2.45;28.8,2.45;28.8,2.4;28.85,2.4;28.85,2.4;28.85,2.35;28.9,2.35;28.9,2.35;28.9,2.3;28.95,2.3;28.95,2.3;28.95,2.25;29.0,2.25;29.0,2.25;29.0,2.2;29.05,2.2;29.05,2.2;29.05,2.15;29.1,2.15;29.1,2.15;29.1,2.1;29.15,2.1;29.15,2.1;29.15,2.05;29.2,2.05;29.2,2.05;29.2,2.0;29.25,2.0;29.25,2.0;29.25,1.95;29.3,1.95;29.3,1.95;29.3,1.9;29.35,1.9;29.35,1.9;29.35,1.85;29.4,1.85;29.4,1.85;29.4,1.8;29.45,1.8;29.45,1.8;29.45,1.75;29.5,1.75;29.5,1.75;29.5,1.7;29.55,1.7;29.55,1.7;29.55,1.65;29.6,1.65;29.6,1.65;29.6,1.6;29.65,1.6;29.65,1.6;29.65,1.55;29.7,1.55;29.7,1.55;29.7,1.5;29.75,1.5;29.75,1.5;29.75,1.45;29.8,1.45;29.8,1.45;29.8,1.4;29.85,1.4;29.85,1.4;29.85,1.35;29.9,1.35;29.9,1.35;29.9,1.3;29.95,1.3;29.95,1.3;29.95,1.25;30.0,1.25;30.0,1.25;30.0,1.2;30.05,1.2;30.05,1.2;30.05,1.15;30.1,1.15;30.1,1.15;30.1,1.1;30.15,1.1;30.15,1.1;30.15,1.05;30.2,1.05;30.2,1.05;30.2,1.0;30.25,1.0;30.25,1.0;30.25,0.95;30.3,0.95;30.3,0.95;30.3,0.9;30.35,0.9;30.35,0.9;30.35,0.85;30.4,0.85;30.4,0.85;30.4,0.8;30.45,0.8;30.45,0.8;30.45,0.75;30.5,0.75;30.5,0.75;30.5,0.7;30.55,0.7;30.55,0.7;30.55,0.65;30.6,0.65;30.6,0.65;30.6,0.6;30.65,0.6;30.65,0.6;30.65,0.55;30.7,0.55;30.7,0.55;30.7,0.5;30.75,0.5;30.75,0.5;30.75,0.45;30.8,0.45;30.8,0.45;30.8,0.4;30.85,0.4;30.85,0.4;30.85,0.35;30.9,0.35;30.9,0.35;30.9,0.3;30.95,0.3;30.95,0.3;30.95,0.25;31.0,0.25;31.0,0.25;31.0,0.2;31.05,0.2;31.05,0.2;31.05,0.15;31.1,0.15;31.1,0.15;31.1,0.1;31.15,0.1;31.15,0.1;31.15,0.05;31.2,0.05;31.2,0.05;31.2,0.0;31.2,-0.0;31.15,-0.0;31.1,-0.0;31.05,-0.0;31.0,-0.0;30.95,-0.0;30.9,-0.0;30.85,-0.0;30.8,-0.0;30.75,-0.0;30.7,-0.0;30.65,-0.0;30.6,-0.0;30.55,-0.0;30.5,-0.0;30.45,-0.0;30.4,-0.0;30.35,-0.0;30.3,-0.0;30.25,-0.0;30.2,-0.0;30.15,-0.0;30.1,-0.0;30.05,-0.0;30.0,-0.0;29.95,-0.0;29.9,-0.0;29.85,-0.0;29.8,-0.0;29.75,-0.0;29.7,-0.0;29.65,-0.0;29.6,-0.0;29.55,-0.0;29.5,-0.0;29.45,-0.0;29.4,-0.0;29.35,-0.0;29.3,-0.0;29.25,-0.0;29.2,-0.0;29.15,-0.0;29.1,-0.0;29.05,-0.0;29.0,-0.0;28.95,-0.0;28.9,-0.0;28.85,-0.0;28.8,-0.0;28.75,-0.0;28.7,-0.0;28.65,-0.0;28.6,-0.0;28.55,-0.0;28.5,-0.0;28.45,-0.0;28.4,-0.0;28.35,-0.0;28.3,-0.0;28.25,-0.0;28.2,-0.0;28.15,-0.0;28.1,-0.0;28.05,-0.0;28.0,-0.0;27.95,-0.0;27.9,-0.0;27.85,-0.0;27.8,-0.0;27.75,-0.0;27.7,-0.0;27.65,-0.0;27.6,-0.0;27.55,-0.0;27.5,-0.0;27.45,-0.0;27.4,-0.0;27.35,-0.0;27.3,-0.0;27.25,-0.0;27.2,-0.0;27.15,-0.0;27.1,-0.0;27.05,-0.0;27.0,-0.0;26.95,-0.0;26.9,-0.0;26.85,-0.0;26.8,-0.0;26.75,-0.0;26.7,-0.0;26.65,-0.0;26.6,-0.0;26.55,-0.0;26.5,-0.0;26.45,-0.0;26.4,-0.0;26.35,-0.0",TRANSFERIDO
L3,L3_P_RB_c3_r0,L3_P_RB_c3_r0_T234,BEAM,L3_BD_V60_08,L3_BD_V60_08,2156.0,6.25548,6.22935,38.967572,"26.3,8.85;26.25,8.85;26.25,8.85;26.25,8.9;26.25,8.9;26.3,8.9;26.35,8.9;26.4,8.9;26.45,8.9;26.5,8.9;26.55,8.9;26.6,8.9;26.65,8.9;26.7,8.9;26.75,8.9;26.8,8.9;26.85,8.9;26.9,8.9;26.95,8.9;27.0,8.9;27.05,8.9;27.1,8.9;27.15,8.9;27.2,8.9;27.25,8.9;27.3,8.9;27.35,8.9;27.4,8.9;27.45,8.9;27.5,8.9;27.55,8.9;27.6,8.9;27.65,8.9;27.7,8.9;27.75,8.9;27.8,8.9;27.85,8.9;27.9,8.9;27.95,8.9;28.0,8.9;28.05,8.9;28.1,8.9;28.15,8.9;28.2,8.9;28.25,8.9;28.3,8.9;28.35,8.9;28.4,8.9;28.45,8.9;28.5,8.9;28.55,8.9;28.6,8.9;28.65,8.9;28.7,8.9;28.75,8.9;28.8,8.9;28.85,8.9;28.9,8.9;28.95,8.9;29.0,8.9;29.05,8.9;29.1,8.9;29.15,8.9;29.2,8.9;29.25,8.9;29.3,8.9;29.35,8.9;29.4,8.9;29.45,8.9;29.5,8.9;29.55,8.9;29.6,8.9;29.65,8.9;29.7,8.9;29.75,8.9;29.8,8.9;29.85,8.9;29.9,8.9;29.95,8.9;30.0,8.9;30.05,8.9;30.1,8.9;30.15,8.9;30.2,8.9;30.25,8.9;30.3,8.9;30.35,8.9;30.4,8.9;30.45,8.9;30.5,8.9;30.55,8.9;30.6,8.9;30.65,8.9;30.7,8.9;30.75,8.9;30.8,8.9;30.85,8.9;30.9,8.9;30.95,8.9;31.0,8.9;31.05,8.9;31.1,8.9;31.15,8.9;31.2,8.9;31.2,8.9;31.2,8.85;31.2,8.85;31.15,8.85;31.15,8.8;31.15,8.8;31.1,8.8;31.1,8.75;31.1,8.75;31.05,8.75;31.05,8.7;31.05,8.7;31.0,8.7;31.0,8.65;31.0,8.65;30.95,8.65;30.95,8.6;30.95,8.6;30.9,8.6;30.9,8.55;30.9,8.55;30.85,8.55;30.85,8.5;30.85,8.5;30.8,8.5;30.8,8.45;30.8,8.45;30.75,8.45;30.75,8.4;30.75,8.4;30.7,8.4;30.7,8.35;30.7,8.35;30.65,8.35;30.65,8.3;30.65,8.3;30.6,8.3;30.6,8.25;30.6,8.25;30.55,8.25;30.55,8.2;30.55,8.2;30.5,8.2;30.5,8.15;30.5,8.15;30.45,8.15;30.45,8.1;30.45,8.1;30.4,8.1;30.4,8.05;30.4,8.05;30.35,8.05;30.35,8.0;30.35,8.0;30.3,8.0;30.3,7.95;30.3,7.95;30.25,7.95;30.25,7.9;30.25,7.9;30.2,7.9;30.2,7.85;30.2,7.85;30.15,7.85;30.15,7.8;30.15,7.8;30.1,7.8;30.1,7.75;30.1,7.75;30.05,7.75;30.05,7.7;30.05,7.7;30.0,7.7;30.0,7.65;30.0,7.65;29.95,7.65;29.95,7.6;29.95,7.6;29.9,7.6;29.9,7.55;29.9,7.55;29.85,7.55;29.85,7.5;29.85,7.5;29.8,7.5;29.8,7.45;29.8,7.45;29.75,7.45;29.75,7.4;29.75,7.4;29.7,7.4;29.7,7.35;29.7,7.35;29.65,7.35;29.65,7.3;29.65,7.3;29.6,7.3;29.6,7.25;29.6,7.25;29.55,7.25;29.55,7.2;29.55,7.2;29.5,7.2;29.5,7.15;29.5,7.15;29.45,7.15;29.45,7.1;29.45,7.1;29.4,7.1;29.4,7.05;29.4,7.05;29.35,7.05;29.35,7.0;29.35,7.0;29.3,7.0;29.3,6.95;29.3,6.95;29.25,6.95;29.25,6.9;29.25,6.9;29.2,6.9;29.2,6.85;29.2,6.85;29.15,6.85;29.15,6.8;29.15,6.8;29.1,6.8;29.1,6.75;29.1,6.75;29.05,6.75;29.05,6.7;29.05,6.7;29.0,6.7;29.0,6.65;29.0,6.65;28.95,6.65;28.95,6.6;28.95,6.6;28.9,6.6;28.9,6.55;28.9,6.55;28.85,6.55;28.85,6.5;28.85,6.5;28.8,6.5;28.8,6.45;28.8,6.45;28.75,6.45;28.75,6.4;28.75,6.4;28.7,6.4;28.7,6.4;28.7,6.45;28.65,6.45;28.65,6.45;28.65,6.5;28.6,6.5;28.6,6.5;28.6,6.55;28.55,6.55;28.55,6.55;28.55,6.6;28.5,6.6;28.5,6.6;28.5,6.65;28.45,6.65;28.45,6.65;28.45,6.7;28.4,6.7;28.4,6.7;28.4,6.75;28.35,6.75;28.35,6.75;28.35,6.8;28.3,6.8;28.3,6.8;28.3,6.85;28.25,6.85;28.25,6.85;28.25,6.9;28.2,6.9;28.2,6.9;28.2,6.95;28.15,6.95;28.15,6.95;28.15,7.0;28.1,7.0;28.1,7.0;28.1,7.05;28.05,7.05;28.05,7.05;28.05,7.1;28.0,7.1;28.0,7.1;28.0,7.15;27.95,7.15;27.95,7.15;27.95,7.2;27.9,7.2;27.9,7.2;27.9,7.25;27.85,7.25;27.85,7.25;27.85,7.3;27.8,7.3;27.8,7.3;27.8,7.35;27.75,7.35;27.75,7.35;27.75,7.4;27.7,7.4;27.7,7.4;27.7,7.45;27.65,7.45;27.65,7.45;27.65,7.5;27.6,7.5;27.6,7.5;27.6,7.55;27.55,7.55;27.55,7.55;27.55,7.6;27.5,7.6;27.5,7.6;27.5,7.65;27.45,7.65;27.45,7.65;27.45,7.7;27.4,7.7;27.4,7.7;27.4,7.75;27.35,7.75;27.35,7.75;27.35,7.8;27.3,7.8;27.3,7.8;27.3,7.85;27.25,7.85;27.25,7.85;27.25,7.9;27.2,7.9;27.2,7.9;27.2,7.95;27.15,7.95;27.15,7.95;27.15,8.0;27.1,8.0;27.1,8.0;27.1,8.05;27.05,8.05;27.05,8.05;27.05,8.1;27.0,8.1;27.0,8.1;27.0,8.15;26.95,8.15;26.95,8.15;26.95,8.2;26.9,8.2;26.9,8.2;26.9,8.25;26.85,8.25;26.85,8.25;26.85,8.3;26.8,8.3;26.8,8.3;26.8,8.35;26.75,8.35;26.75,8.35;26.75,8.4;26.7,8.4;26.7,8.4;26.7,8.45;26.65,8.45;26.65,8.45;26.65,8.5;26.6,8.5;26.6,8.5;26.6,8.55;26.55,8.55;26.55,8.55;26.55,8.6;26.5,8.6;26.5,8.6;26.5,8.65;26.45,8.65;26.45,8.65;26.45,8.7;26.4,8.7;26.4,8.7;26.4,8.75;26.35,8.75;26.35,8.75;26.35,8.8;26.3,8.8;26.3,8.8",TRANSFERIDO
L3,L3_P_RB_c3_r0,L3_P_RB_c3_r0_T235,BEAM,L3_BD_V60_17,L3_BD_V60_17,2165.0,14.18993,6.22935,88.394039,"26.25,0.05;26.25,0.1;26.25,0.2;26.25,1.05;26.25,1.1;26.25,1.2;26.25,1.25;26.25,1.3;26.25,1.35;26.25,1.4;26.25,1.5;26.25,1.55;26.25,1.6;26.25,1.65;26.25,1.7;26.25,1.75;26.25,1.85;26.25,1.9;26.25,1.95;26.25,2.1;26.25,2.2;26.25,2.35;26.25,2.45;26.25,2.55;26.25,2.7;26.25,2.8;26.25,2.95;26.25,3.05;26.25,3.15;26.25,3.3;26.25,3.4;26.25,3.5;26.25,3.65;26.25,3.75;26.25,3.9;26.25,8.85;26.25,8.85;26.3,8.85;26.3,8.85;26.3,8.8;26.35,8.8;26.35,8.8;26.35,8.75;26.4,8.75;26.4,8.75;26.4,8.7;26.45,8.7;26.45,8.7;26.45,8.65;26.5,8.65;26.5,8.65;26.5,8.6;26.55,8.6;26.55,8.6;26.55,8.55;26.6,8.55;26.6,8.55;26.6,8.5;26.65,8.5;26.65,8.5;26.65,8.45;26.7,8.45;26.7,8.45;26.7,8.4;26.75,8.4;26.75,8.4;26.75,8.35;26.8,8.35;26.8,8.35;26.8,8.3;26.85,8.3;26.85,8.3;26.85,8.25;26.9,8.25;26.9,8.25;26.9,8.2;26.95,8.2;26.95,8.2;26.95,8.15;27.0,8.15;27.0,8.15;27.0,8.1;27.05,8.1;27.05,8.1;27.05,8.05;27.1,8.05;27.1,8.05;27.1,8.0;27.15,8.0;27.15,8.0;27.15,7.95;27.2,7.95;27.2,7.95;27.2,7.9;27.25,7.9;27.25,7.9;27.25,7.85;27.3,7.85;27.3,7.85;27.3,7.8;27.35,7.8;27.35,7.8;27.35,7.75;27.4,7.75;27.4,7.75;27.4,7.7;27.45,7.7;27.45,7.7;27.45,7.65;27.5,7.65;27.5,7.65;27.5,7.6;27.55,7.6;27.55,7.6;27.55,7.55;27.6,7.55;27.6,7.55;27.6,7.5;27.65,7.5;27.65,7.5;27.65,7.45;27.7,7.45;27.7,7.45;27.7,7.4;27.75,7.4;27.75,7.4;27.75,7.35;27.8,7.35;27.8,7.35;27.8,7.3;27.85,7.3;27.85,7.3;27.85,7.25;27.9,7.25;27.9,7.25;27.9,7.2;27.95,7.2;27.95,7.2;27.95,7.15;28.0,7.15;28.0,7.15;28.0,7.1;28.05,7.1;28.05,7.1;28.05,7.05;28.1,7.05;28.1,7.05;28.1,7.0;28.15,7.0;28.15,7.0;28.15,6.95;28.2,6.95;28.2,6.95;28.2,6.9;28.25,6.9;28.25,6.9;28.25,6.85;28.3,6.85;28.3,6.85;28.3,6.8;28.35,6.8;28.35,6.8;28.35,6.75;28.4,6.75;28.4,6.75;28.4,6.7;28.45,6.7;28.45,6.7;28.45,6.65;28.5,6.65;28.5,6.65;28.5,6.6;28.55,6.6;28.55,6.6;28.55,6.55;28.6,6.55;28.6,6.55;28.6,6.5;28.65,6.5;28.65,6.5;28.65,6.45;28.7,6.45;28.7,6.45;28.7,6.4;28.75,6.4;28.75,6.4;28.75,6.3;28.75,6.3;28.7,6.3;28.65,6.3;28.6,6.3;28.55,6.3;28.5,6.3;28.45,6.3;28.4,6.3;28.35,6.3;28.3,6.3;28.25,6.3;28.2,6.3;28.2,3.9;28.2,3.75;28.2,3.65;28.2,3.5;28.2,3.4;28.2,3.3;28.2,3.2;28.25,3.2;28.3,3.2;28.35,3.2;28.4,3.2;28.45,3.2;28.5,3.2;28.55,3.2;28.6,3.2;28.65,3.2;28.7,3.2;28.75,3.2;28.75,3.2;28.75,3.15;28.75,3.05;28.75,2.95;28.75,2.8;28.75,2.7;28.75,2.55;28.75,2.5;28.75,2.5;28.7,2.5;28.7,2.45;28.7,2.45;28.65,2.45;28.65,2.4;28.65,2.4;28.6,2.4;28.6,2.35;28.6,2.35;28.55,2.35;28.55,2.3;28.55,2.3;28.5,2.3;28.5,2.25;28.5,2.25;28.45,2.25;28.45,2.2;28.45,2.2;28.4,2.2;28.4,2.15;28.4,2.15;28.35,2.15;28.35,2.1;28.35,2.1;28.3,2.1;28.3,2.05;28.3,2.05;28.25,2.05;28.25,2.0;28.25,2.0;28.2,2.0;28.2,1.95;28.2,1.95;28.15,1.95;28.15,1.9;28.15,1.9;28.1,1.9;28.1,1.85;28.1,1.85;28.05,1.85;28.05,1.8;28.05,1.8;28.0,1.8;28.0,1.75;28.0,1.75;27.95,1.75;27.95,1.7;27.95,1.7;27.9,1.7;27.9,1.65;27.9,1.65;27.85,1.65;27.85,1.6;27.85,1.6;27.8,1.6;27.8,1.55;27.8,1.55;27.75,1.55;27.75,1.5;27.75,1.5;27.7,1.5;27.7,1.45;27.7,1.45;27.65,1.45;27.65,1.4;27.65,1.4;27.6,1.4;27.6,1.35;27.6,1.35;27.55,1.35;27.55,1.3;27.55,1.3;27.5,1.3;27.5,1.25;27.5,1.25;27.45,1.25;27.45,1.2;27.45,1.2;27.4,1.2;27.4,1.15;27.4,1.15;27.35,1.15;27.35,1.1;27.35,1.1;27.3,1.1;27.3,1.05;27.3,1.05;27.25,1.05;27.25,1.0;27.25,1.0;27.2,1.0;27.2,0.95;27.2,0.95;27.15,0.95;27.15,0.9;27.15,0.9;27.1,0.9;27.1,0.85;27.1,0.85;27.05,0.85;27.05,0.8;27.05,0.8;27.0,0.8;27.0,0.75;27.0,0.75;26.95,0.75;26.95,0.7;26.95,0.7;26.9,0.7;26.9,0.65;26.9,0.65;26.85,0.65;26.85,0.6;26.85,0.6;26.8,0.6;26.8,0.55;26.8,0.55;26.75,0.55;26.75,0.5;26.75,0.5;26.7,0.5;26.7,0.45;26.7,0.45;26.65,0.45;26.65,0.4;26.65,0.4;26.6,0.4;26.6,0.35;26.6,0.35;26.55,0.35;26.55,0.3;26.55,0.3;26.5,0.3;26.5,0.25;26.5,0.25;26.45,0.25;26.45,0.2;26.45,0.2;26.4,0.2;26.4,0.1;26.4,0.1;26.35,0.1;26.35,0.05;26.35,0.05;26.3,0.05;26.3,0.0;26.3,-0.0;26.25,-0.0;26.25,0.0",TRANSFERIDO
L3,L3_P_RB_c3_r0,L3_P_RB_c3_r0_T236,WALL,M005..M008,,,8.382343,6.22935,52.216546,"28.75,2.55;28.75,2.7;28.75,2.8;28.75,2.95;28.75,3.05;28.75,3.15;28.75,3.2;28.75,3.2;28.8,3.2;28.85,3.2;28.9,3.2;28.95,3.2;29.0,3.2;29.05,3.2;29.1,3.2;29.15,3.2;29.2,3.2;29.25,3.2;29.3,3.2;29.35,3.2;29.4,3.2;29.45,3.2;29.5,3.2;29.55,3.2;29.6,3.2;29.65,3.2;29.7,3.2;29.75,3.2;29.8,3.2;29.85,3.2;29.9,3.2;29.95,3.2;30.0,3.2;30.05,3.2;30.1,3.2;30.15,3.2;30.2,3.2;30.25,3.2;30.3,3.2;30.35,3.2;30.4,3.2;30.45,3.2;30.5,3.2;30.55,3.2;30.6,3.2;30.65,3.2;30.7,3.2;30.75,3.2;30.8,3.2;30.85,3.2;30.9,3.2;30.95,3.2;31.0,3.2;31.05,3.2;31.1,3.2;31.15,3.2;31.2,3.2;31.25,3.2;31.25,3.2;31.25,3.15;31.25,3.05;31.25,2.95;31.25,2.8;31.25,2.7;31.25,2.55;31.25,2.45;31.25,2.35;31.25,2.2;31.25,2.1;31.25,1.95;31.25,1.9;31.25,1.85;31.25,1.75;31.25,1.7;31.25,1.65;31.25,1.6;31.25,1.55;31.25,1.5;31.25,1.4;31.25,1.35;31.25,1.3;31.25,1.25;31.25,1.2;31.25,1.1;31.25,1.05;31.25,0.2;31.25,0.1;31.25,0.05;31.25,0.0;31.25,-0.0;31.2,-0.0;31.2,0.0;31.2,0.05;31.15,0.05;31.15,0.05;31.15,0.1;31.1,0.1;31.1,0.1;31.1,0.15;31.05,0.15;31.05,0.15;31.05,0.2;31.0,0.2;31.0,0.2;31.0,0.25;30.95,0.25;30.95,0.25;30.95,0.3;30.9,0.3;30.9,0.3;30.9,0.35;30.85,0.35;30.85,0.35;30.85,0.4;30.8,0.4;30.8,0.4;30.8,0.45;30.75,0.45;30.75,0.45;30.75,0.5;30.7,0.5;30.7,0.5;30.7,0.55;30.65,0.55;30.65,0.55;30.65,0.6;30.6,0.6;30.6,0.6;30.6,0.65;30.55,0.65;30.55,0.65;30.55,0.7;30.5,0.7;30.5,0.7;30.5,0.75;30.45,0.75;30.45,0.75;30.45,0.8;30.4,0.8;30.4,0.8;30.4,0.85;30.35,0.85;30.35,0.85;30.35,0.9;30.3,0.9;30.3,0.9;30.3,0.95;30.25,0.95;30.25,0.95;30.25,1.0;30.2,1.0;30.2,1.0;30.2,1.05;30.15,1.05;30.15,1.05;30.15,1.1;30.1,1.1;30.1,1.1;30.1,1.15;30.05,1.15;30.05,1.15;30.05,1.2;30.0,1.2;30.0,1.2;30.0,1.25;29.95,1.25;29.95,1.25;29.95,1.3;29.9,1.3;29.9,1.3;29.9,1.35;29.85,1.35;29.85,1.35;29.85,1.4;29.8,1.4;29.8,1.4;29.8,1.45;29.75,1.45;29.75,1.45;29.75,1.5;29.7,1.5;29.7,1.5;29.7,1.55;29.65,1.55;29.65,1.55;29.65,1.6;29.6,1.6;29.6,1.6;29.6,1.65;29.55,1.65;29.55,1.65;29.55,1.7;29.5,1.7;29.5,1.7;29.5,1.75;29.45,1.75;29.45,1.75;29.45,1.8;29.4,1.8;29.4,1.8;29.4,1.85;29.35,1.85;29.35,1.85;29.35,1.9;29.3,1.9;29.3,1.9;29.3,1.95;29.25,1.95;29.25,1.95;29.25,2.0;29.2,2.0;29.2,2.0;29.2,2.05;29.15,2.05;29.15,2.05;29.15,2.1;29.1,2.1;29.1,2.1;29.1,2.15;29.05,2.15;29.05,2.15;29.05,2.2;29.0,2.2;29.0,2.2;29.0,2.25;28.95,2.25;28.95,2.25;28.95,2.3;28.9,2.3;28.9,2.3;28.9,2.35;28.85,2.35;28.85,2.35;28.85,2.4;28.8,2.4;28.8,2.4;28.8,2.45;28.75,2.45;28.75,2.45;28.75,2.55|28.8,6.45;28.8,6.5;28.8,6.5;28.85,6.5;28.85,6.55;28.85,6.55;28.9,6.55;28.9,6.6;28.9,6.6;28.95,6.6;28.95,6.65;28.95,6.65;29.0,6.65;29.0,6.7;29.0,6.7;29.05,6.7;29.05,6.75;29.05,6.75;29.1,6.75;29.1,6.8;29.1,6.8;29.15,6.8;29.15,6.85;29.15,6.85;29.2,6.85;29.2,6.9;29.2,6.9;29.25,6.9;29.25,6.95;29.25,6.95;29.3,6.95;29.3,7.0;29.3,7.0;29.35,7.0;29.35,7.05;29.35,7.05;29.4,7.05;29.4,7.1;29.4,7.1;29.45,7.1;29.45,7.15;29.45,7.15;29.5,7.15;29.5,7.2;29.5,7.2;29.55,7.2;29.55,7.25;29.55,7.25;29.6,7.25;29.6,7.3;29.6,7.3;29.65,7.3;29.65,7.35;29.65,7.35;29.7,7.35;29.7,7.4;29.7,7.4;29.75,7.4;29.75,7.45;29.75,7.45;29.8,7.45;29.8,7.5;29.8,7.5;29.85,7.5;29.85,7.55;29.85,7.55;29.9,7.55;29.9,7.6;29.9,7.6;29.95,7.6;29.95,7.65;29.95,7.65;30.0,7.65;30.0,7.7;30.0,7.7;30.05,7.7;30.05,7.75;30.05,7.75;30.1,7.75;30.1,7.8;30.1,7.8;30.15,7.8;30.15,7.85;30.15,7.85;30.2,7.85;30.2,7.9;30.2,7.9;30.25,7.9;30.25,7.95;30.25,7.95;30.3,7.95;30.3,8.0;30.3,8.0;30.35,8.0;30.35,8.05;30.35,8.05;30.4,8.05;30.4,8.1;30.4,8.1;30.45,8.1;30.45,8.15;30.45,8.15;30.5,8.15;30.5,8.2;30.5,8.2;30.55,8.2;30.55,8.25;30.55,8.25;30.6,8.25;30.6,8.3;30.6,8.3;30.65,8.3;30.65,8.35;30.65,8.35;30.7,8.35;30.7,8.4;30.7,8.4;30.75,8.4;30.75,8.45;30.75,8.45;30.8,8.45;30.8,8.5;30.8,8.5;30.85,8.5;30.85,8.55;30.85,8.55;30.9,8.55;30.9,8.6;30.9,8.6;30.95,8.6;30.95,8.65;30.95,8.65;31.0,8.65;31.0,8.7;31.0,8.7;31.05,8.7;31.05,8.75;31.05,8.75;31.1,8.75;31.1,8.8;31.1,8.8;31.15,8.8;31.15,8.85;31.15,8.85;31.2,8.85;31.2,8.9;31.2,8.9;31.25,8.9;31.25,8.9;31.25,6.3;31.25,6.3;31.2,6.3;31.15,6.3;31.1,6.3;31.05,6.3;31.0,6.3;30.95,6.3;30.9,6.3;30.85,6.3;30.8,6.3;30.75,6.3;30.7,6.3;30.65,6.3;30.6,6.3;30.55,6.3;30.5,6.3;30.45,6.3;30.4,6.3;30.35,6.3;30.3,6.3;30.25,6.3;30.2,6.3;30.15,6.3;30.1,6.3;30.05,6.3;30.0,6.3;29.95,6.3;29.9,6.3;29.85,6.3;29.8,6.3;29.75,6.3;29.7,6.3;29.65,6.3;29.6,6.3;29.55,6.3;29.5,6.3;29.45,6.3;29.4,6.3;29.35,6.3;29.3,6.3;29.25,6.3;29.2,6.3;29.15,6.3;29.1,6.3;29.05,6.3;29.0,6.3;28.95,6.3;28.9,6.3;28.85,6.3;28.8,6.3;28.75,6.3;28.75,6.3;28.75,6.45;28.75,6.45",WALL_EDGE_PENDING
L3,L3_P_RB_c3_r1,L3_P_RB_c3_r1_T237,BEAM,L3_BD_V60_08,L3_BD_V60_08,2156.0,6.125,6.22935,38.154769,"26.35,8.95;26.35,9.0;26.35,9.0;26.4,9.0;26.4,9.05;26.4,9.05;26.45,9.05;26.45,9.1;26.45,9.1;26.5,9.1;26.5,9.15;26.5,9.15;26.55,9.15;26.55,9.2;26.55,9.2;26.6,9.2;26.6,9.25;26.6,9.25;26.65,9.25;26.65,9.3;26.65,9.3;26.7,9.3;26.7,9.35;26.7,9.35;26.75,9.35;26.75,9.4;26.75,9.4;26.8,9.4;26.8,9.45;26.8,9.45;26.85,9.45;26.85,9.5;26.85,9.5;26.9,9.5;26.9,9.55;26.9,9.55;26.95,9.55;26.95,9.6;26.95,9.6;27.0,9.6;27.0,9.65;27.0,9.65;27.05,9.65;27.05,9.7;27.05,9.7;27.1,9.7;27.1,9.75;27.1,9.75;27.15,9.75;27.15,9.8;27.15,9.8;27.2,9.8;27.2,9.85;27.2,9.85;27.25,9.85;27.25,9.9;27.25,9.9;27.3,9.9;27.3,9.95;27.3,9.95;27.35,9.95;27.35,10.0;27.35,10.0;27.4,10.0;27.4,10.05;27.4,10.05;27.45,10.05;27.45,10.1;27.45,10.1;27.5,10.1;27.5,10.15;27.5,10.15;27.55,10.15;27.55,10.2;27.55,10.2;27.6,10.2;27.6,10.25;27.6,10.25;27.65,10.25;27.65,10.3;27.65,10.3;27.7,10.3;27.7,10.35;27.7,10.35;27.75,10.35;27.75,10.4;27.75,10.4;27.8,10.4;27.8,10.45;27.8,10.45;27.85,10.45;27.85,10.5;27.85,10.5;27.9,10.5;27.9,10.55;27.9,10.55;27.95,10.55;27.95,10.6;27.95,10.6;28.0,10.6;28.0,10.65;28.0,10.65;28.05,10.65;28.05,10.7;28.05,10.7;28.1,10.7;28.1,10.75;28.1,10.75;28.15,10.75;28.15,10.8;28.15,10.8;28.2,10.8;28.2,10.85;28.2,10.85;28.25,10.85;28.25,10.9;28.25,10.9;28.3,10.9;28.3,10.95;28.3,10.95;28.35,10.95;28.35,11.0;28.35,11.0;28.4,11.0;28.4,11.05;28.4,11.05;28.45,11.05;28.45,11.1;28.45,11.1;28.5,11.1;28.5,11.15;28.5,11.15;28.55,11.15;28.55,11.2;28.55,11.2;28.6,11.2;28.6,11.25;28.6,11.25;28.65,11.25;28.65,11.3;28.65,11.3;28.7,11.3;28.7,11.35;28.7,11.35;28.75,11.35;28.8,11.35;28.8,11.35;28.8,11.3;28.85,11.3;28.85,11.3;28.85,11.25;28.9,11.25;28.9,11.25;28.9,11.2;28.95,11.2;28.95,11.2;28.95,11.15;29.0,11.15;29.0,11.15;29.0,11.1;29.05,11.1;29.05,11.1;29.05,11.05;29.1,11.05;29.1,11.05;29.1,11.0;29.15,11.0;29.15,11.0;29.15,10.95;29.2,10.95;29.2,10.95;29.2,10.9;29.25,10.9;29.25,10.9;29.25,10.85;29.3,10.85;29.3,10.85;29.3,10.8;29.35,10.8;29.35,10.8;29.35,10.75;29.4,10.75;29.4,10.75;29.4,10.7;29.45,10.7;29.45,10.7;29.45,10.65;29.5,10.65;29.5,10.65;29.5,10.6;29.55,10.6;29.55,10.6;29.55,10.55;29.6,10.55;29.6,10.55;29.6,10.5;29.65,10.5;29.65,10.5;29.65,10.45;29.7,10.45;29.7,10.45;29.7,10.4;29.75,10.4;29.75,10.4;29.75,10.35;29.8,10.35;29.8,10.35;29.8,10.3;29.85,10.3;29.85,10.3;29.85,10.25;29.9,10.25;29.9,10.25;29.9,10.2;29.95,10.2;29.95,10.2;29.95,10.15;30.0,10.15;30.0,10.15;30.0,10.1;30.05,10.1;30.05,10.1;30.05,10.05;30.1,10.05;30.1,10.05;30.1,10.0;30.15,10.0;30.15,10.0;30.15,9.95;30.2,9.95;30.2,9.95;30.2,9.9;30.25,9.9;30.25,9.9;30.25,9.85;30.3,9.85;30.3,9.85;30.3,9.8;30.35,9.8;30.35,9.8;30.35,9.75;30.4,9.75;30.4,9.75;30.4,9.7;30.45,9.7;30.45,9.7;30.45,9.65;30.5,9.65;30.5,9.65;30.5,9.6;30.55,9.6;30.55,9.6;30.55,9.55;30.6,9.55;30.6,9.55;30.6,9.5;30.65,9.5;30.65,9.5;30.65,9.45;30.7,9.45;30.7,9.45;30.7,9.4;30.75,9.4;30.75,9.4;30.75,9.35;30.8,9.35;30.8,9.35;30.8,9.3;30.85,9.3;30.85,9.3;30.85,9.25;30.9,9.25;30.9,9.25;30.9,9.2;30.95,9.2;30.95,9.2;30.95,9.15;31.0,9.15;31.0,9.15;31.0,9.1;31.05,9.1;31.05,9.1;31.05,9.05;31.1,9.05;31.1,9.05;31.1,9.0;31.15,9.0;31.15,9.0;31.15,8.95;31.2,8.95;31.2,8.95;31.2,8.9;31.2,8.9;31.15,8.9;31.1,8.9;31.05,8.9;31.0,8.9;30.95,8.9;30.9,8.9;30.85,8.9;30.8,8.9;30.75,8.9;30.7,8.9;30.65,8.9;30.6,8.9;30.55,8.9;30.5,8.9;30.45,8.9;30.4,8.9;30.35,8.9;30.3,8.9;30.25,8.9;30.2,8.9;30.15,8.9;30.1,8.9;30.05,8.9;30.0,8.9;29.95,8.9;29.9,8.9;29.85,8.9;29.8,8.9;29.75,8.9;29.7,8.9;29.65,8.9;29.6,8.9;29.55,8.9;29.5,8.9;29.45,8.9;29.4,8.9;29.35,8.9;29.3,8.9;29.25,8.9;29.2,8.9;29.15,8.9;29.1,8.9;29.05,8.9;29.0,8.9;28.95,8.9;28.9,8.9;28.85,8.9;28.8,8.9;28.75,8.9;28.7,8.9;28.65,8.9;28.6,8.9;28.55,8.9;28.5,8.9;28.45,8.9;28.4,8.9;28.35,8.9;28.3,8.9;28.25,8.9;28.2,8.9;28.15,8.9;28.1,8.9;28.05,8.9;28.0,8.9;27.95,8.9;27.9,8.9;27.85,8.9;27.8,8.9;27.75,8.9;27.7,8.9;27.65,8.9;27.6,8.9;27.55,8.9;27.5,8.9;27.45,8.9;27.4,8.9;27.35,8.9;27.3,8.9;27.25,8.9;27.2,8.9;27.15,8.9;27.1,8.9;27.05,8.9;27.0,8.9;26.95,8.9;26.9,8.9;26.85,8.9;26.8,8.9;26.75,8.9;26.7,8.9;26.65,8.9;26.6,8.9;26.55,8.9;26.5,8.9;26.45,8.9;26.4,8.9;26.35,8.9;26.3,8.9;26.3,8.9;26.3,8.95;26.3,8.95",TRANSFERIDO
L3,L3_P_RB_c3_r1,L3_P_RB_c3_r1_T238,BEAM,L3_BD_V60_12,L3_BD_V60_12,2160.0,6.375,6.22935,39.712106,"26.3,16.1;26.25,16.1;26.25,16.1;26.25,16.15;26.25,16.15;26.3,16.15;26.35,16.15;26.4,16.15;26.45,16.15;26.5,16.15;26.55,16.15;26.6,16.15;26.65,16.15;26.7,16.15;26.75,16.15;26.8,16.15;26.85,16.15;26.9,16.15;26.95,16.15;27.0,16.15;27.05,16.15;27.1,16.15;27.15,16.15;27.2,16.15;27.25,16.15;27.3,16.15;27.35,16.15;27.4,16.15;27.45,16.15;27.5,16.15;27.55,16.15;27.6,16.15;27.65,16.15;27.7,16.15;27.75,16.15;27.8,16.15;27.85,16.15;27.9,16.15;27.95,16.15;28.0,16.15;28.05,16.15;28.1,16.15;28.15,16.15;28.2,16.15;28.25,16.15;28.3,16.15;28.35,16.15;28.4,16.15;28.45,16.15;28.5,16.15;28.55,16.15;28.6,16.15;28.65,16.15;28.7,16.15;28.75,16.15;28.8,16.15;28.85,16.15;28.9,16.15;28.95,16.15;29.0,16.15;29.05,16.15;29.1,16.15;29.15,16.15;29.2,16.15;29.25,16.15;29.3,16.15;29.35,16.15;29.4,16.15;29.45,16.15;29.5,16.15;29.55,16.15;29.6,16.15;29.65,16.15;29.7,16.15;29.75,16.15;29.8,16.15;29.85,16.15;29.9,16.15;29.95,16.15;30.0,16.15;30.05,16.15;30.1,16.15;30.15,16.15;30.2,16.15;30.25,16.15;30.3,16.15;30.35,16.15;30.4,16.15;30.45,16.15;30.5,16.15;30.55,16.15;30.6,16.15;30.65,16.15;30.7,16.15;30.75,16.15;30.8,16.15;30.85,16.15;30.9,16.15;30.95,16.15;31.0,16.15;31.05,16.15;31.1,16.15;31.15,16.15;31.2,16.15;31.25,16.15;31.25,16.15;31.25,16.1;31.25,16.1;31.2,16.1;31.2,16.05;31.2,16.05;31.15,16.05;31.15,16.0;31.15,16.0;31.1,16.0;31.1,15.95;31.1,15.95;31.05,15.95;31.05,15.9;31.05,15.9;31.0,15.9;31.0,15.85;31.0,15.85;30.95,15.85;30.95,15.8;30.95,15.8;30.9,15.8;30.9,15.75;30.9,15.75;30.85,15.75;30.85,15.7;30.85,15.7;30.8,15.7;30.8,15.65;30.8,15.65;30.75,15.65;30.75,15.6;30.75,15.6;30.7,15.6;30.7,15.55;30.7,15.55;30.65,15.55;30.65,15.5;30.65,15.5;30.6,15.5;30.6,15.45;30.6,15.45;30.55,15.45;30.55,15.4;30.55,15.4;30.5,15.4;30.5,15.35;30.5,15.35;30.45,15.35;30.45,15.3;30.45,15.3;30.4,15.3;30.4,15.25;30.4,15.25;30.35,15.25;30.35,15.2;30.35,15.2;30.3,15.2;30.3,15.15;30.3,15.15;30.25,15.15;30.25,15.1;30.25,15.1;30.2,15.1;30.2,15.05;30.2,15.05;30.15,15.05;30.15,15.0;30.15,15.0;30.1,15.0;30.1,14.95;30.1,14.95;30.05,14.95;30.05,14.9;30.05,14.9;30.0,14.9;30.0,14.85;30.0,14.85;29.95,14.85;29.95,14.8;29.95,14.8;29.9,14.8;29.9,14.75;29.9,14.75;29.85,14.75;29.85,14.7;29.85,14.7;29.8,14.7;29.8,14.65;29.8,14.65;29.75,14.65;29.75,14.6;29.75,14.6;29.7,14.6;29.7,14.55;29.7,14.55;29.65,14.55;29.65,14.5;29.65,14.5;29.6,14.5;29.6,14.45;29.6,14.45;29.55,14.45;29.55,14.4;29.55,14.4;29.5,14.4;29.5,14.35;29.5,14.35;29.45,14.35;29.45,14.3;29.45,14.3;29.4,14.3;29.4,14.25;29.4,14.25;29.35,14.25;29.35,14.2;29.35,14.2;29.3,14.2;29.3,14.15;29.3,14.15;29.25,14.15;29.25,14.1;29.25,14.1;29.2,14.1;29.2,14.05;29.2,14.05;29.15,14.05;29.15,14.0;29.15,14.0;29.1,14.0;29.1,13.95;29.1,13.95;29.05,13.95;29.05,13.9;29.05,13.9;29.0,13.9;29.0,13.85;29.0,13.85;28.95,13.85;28.95,13.8;28.95,13.8;28.9,13.8;28.9,13.75;28.9,13.75;28.85,13.75;28.85,13.7;28.85,13.7;28.8,13.7;28.8,13.65;28.8,13.65;28.75,13.65;28.7,13.65;28.7,13.65;28.7,13.7;28.65,13.7;28.65,13.7;28.65,13.75;28.6,13.75;28.6,13.75;28.6,13.8;28.55,13.8;28.55,13.8;28.55,13.85;28.5,13.85;28.5,13.85;28.5,13.9;28.45,13.9;28.45,13.9;28.45,13.95;28.4,13.95;28.4,13.95;28.4,14.0;28.35,14.0;28.35,14.0;28.35,14.05;28.3,14.05;28.3,14.05;28.3,14.1;28.25,14.1;28.25,14.1;28.25,14.15;28.2,14.15;28.2,14.15;28.2,14.2;28.15,14.2;28.15,14.2;28.15,14.25;28.1,14.25;28.1,14.25;28.1,14.3;28.05,14.3;28.05,14.3;28.05,14.35;28.0,14.35;28.0,14.35;28.0,14.4;27.95,14.4;27.95,14.4;27.95,14.45;27.9,14.45;27.9,14.45;27.9,14.5;27.85,14.5;27.85,14.5;27.85,14.55;27.8,14.55;27.8,14.55;27.8,14.6;27.75,14.6;27.75,14.6;27.75,14.65;27.7,14.65;27.7,14.65;27.7,14.7;27.65,14.7;27.65,14.7;27.65,14.75;27.6,14.75;27.6,14.75;27.6,14.8;27.55,14.8;27.55,14.8;27.55,14.85;27.5,14.85;27.5,14.85;27.5,14.9;27.45,14.9;27.45,14.9;27.45,14.95;27.4,14.95;27.4,14.95;27.4,15.0;27.35,15.0;27.35,15.0;27.35,15.05;27.3,15.05;27.3,15.05;27.3,15.1;27.25,15.1;27.25,15.1;27.25,15.15;27.2,15.15;27.2,15.15;27.2,15.2;27.15,15.2;27.15,15.2;27.15,15.25;27.1,15.25;27.1,15.25;27.1,15.3;27.05,15.3;27.05,15.3;27.05,15.35;27.0,15.35;27.0,15.35;27.0,15.4;26.95,15.4;26.95,15.4;26.95,15.45;26.9,15.45;26.9,15.45;26.9,15.5;26.85,15.5;26.85,15.5;26.85,15.55;26.8,15.55;26.8,15.55;26.8,15.6;26.75,15.6;26.75,15.6;26.75,15.65;26.7,15.65;26.7,15.65;26.7,15.7;26.65,15.7;26.65,15.7;26.65,15.75;26.6,15.75;26.6,15.75;26.6,15.8;26.55,15.8;26.55,15.8;26.55,15.85;26.5,15.85;26.5,15.85;26.5,15.9;26.45,15.9;26.45,15.9;26.45,15.95;26.4,15.95;26.4,15.95;26.4,16.0;26.35,16.0;26.35,16.0;26.35,16.05;26.3,16.05;26.3,16.05",TRANSFERIDO
L3,L3_P_RB_c3_r1,L3_P_RB_c3_r1_T239,BEAM,L3_BD_V60_18,L3_BD_V60_18,2166.0,11.875,6.22935,73.973531,"26.25,16.0;26.25,16.05;26.25,16.1;26.25,16.1;26.3,16.1;26.3,16.1;26.3,16.05;26.35,16.05;26.35,16.05;26.35,16.0;26.4,16.0;26.4,16.0;26.4,15.95;26.45,15.95;26.45,15.95;26.45,15.9;26.5,15.9;26.5,15.9;26.5,15.85;26.55,15.85;26.55,15.85;26.55,15.8;26.6,15.8;26.6,15.8;26.6,15.75;26.65,15.75;26.65,15.75;26.65,15.7;26.7,15.7;26.7,15.7;26.7,15.65;26.75,15.65;26.75,15.65;26.75,15.6;26.8,15.6;26.8,15.6;26.8,15.55;26.85,15.55;26.85,15.55;26.85,15.5;26.9,15.5;26.9,15.5;26.9,15.45;26.95,15.45;26.95,15.45;26.95,15.4;27.0,15.4;27.0,15.4;27.0,15.35;27.05,15.35;27.05,15.35;27.05,15.3;27.1,15.3;27.1,15.3;27.1,15.25;27.15,15.25;27.15,15.25;27.15,15.2;27.2,15.2;27.2,15.2;27.2,15.15;27.25,15.15;27.25,15.15;27.25,15.1;27.3,15.1;27.3,15.1;27.3,15.05;27.35,15.05;27.35,15.05;27.35,15.0;27.4,15.0;27.4,15.0;27.4,14.95;27.45,14.95;27.45,14.95;27.45,14.9;27.5,14.9;27.5,14.9;27.5,14.85;27.55,14.85;27.55,14.85;27.55,14.8;27.6,14.8;27.6,14.8;27.6,14.75;27.65,14.75;27.65,14.75;27.65,14.7;27.7,14.7;27.7,14.7;27.7,14.65;27.75,14.65;27.75,14.65;27.75,14.6;27.8,14.6;27.8,14.6;27.8,14.55;27.85,14.55;27.85,14.55;27.85,14.5;27.9,14.5;27.9,14.5;27.9,14.45;27.95,14.45;27.95,14.45;27.95,14.4;28.0,14.4;28.0,14.4;28.0,14.35;28.05,14.35;28.05,14.35;28.05,14.3;28.1,14.3;28.1,14.3;28.1,14.25;28.15,14.25;28.15,14.25;28.15,14.2;28.2,14.2;28.2,14.2;28.2,14.15;28.25,14.15;28.25,14.15;28.25,14.1;28.3,14.1;28.3,14.1;28.3,14.05;28.35,14.05;28.35,14.05;28.35,14.0;28.4,14.0;28.4,14.0;28.4,13.95;28.45,13.95;28.45,13.95;28.45,13.9;28.5,13.9;28.5,13.9;28.5,13.85;28.55,13.85;28.55,13.85;28.55,13.8;28.6,13.8;28.6,13.8;28.6,13.75;28.65,13.75;28.65,13.75;28.65,13.7;28.7,13.7;28.7,13.7;28.7,13.65;28.75,13.65;28.75,13.65;28.75,11.35;28.75,11.35;28.7,11.35;28.7,11.3;28.7,11.3;28.65,11.3;28.65,11.25;28.65,11.25;28.6,11.25;28.6,11.2;28.6,11.2;28.55,11.2;28.55,11.15;28.55,11.15;28.5,11.15;28.5,11.1;28.5,11.1;28.45,11.1;28.45,11.05;28.45,11.05;28.4,11.05;28.4,11.0;28.4,11.0;28.35,11.0;28.35,10.95;28.35,10.95;28.3,10.95;28.3,10.9;28.3,10.9;28.25,10.9;28.25,10.85;28.25,10.85;28.2,10.85;28.2,10.8;28.2,10.8;28.15,10.8;28.15,10.75;28.15,10.75;28.1,10.75;28.1,10.7;28.1,10.7;28.05,10.7;28.05,10.65;28.05,10.65;28.0,10.65;28.0,10.6;28.0,10.6;27.95,10.6;27.95,10.55;27.95,10.55;27.9,10.55;27.9,10.5;27.9,10.5;27.85,10.5;27.85,10.45;27.85,10.45;27.8,10.45;27.8,10.4;27.8,10.4;27.75,10.4;27.75,10.35;27.75,10.35;27.7,10.35;27.7,10.3;27.7,10.3;27.65,10.3;27.65,10.25;27.65,10.25;27.6,10.25;27.6,10.2;27.6,10.2;27.55,10.2;27.55,10.15;27.55,10.15;27.5,10.15;27.5,10.1;27.5,10.1;27.45,10.1;27.45,10.05;27.45,10.05;27.4,10.05;27.4,10.0;27.4,10.0;27.35,10.0;27.35,9.95;27.35,9.95;27.3,9.95;27.3,9.9;27.3,9.9;27.25,9.9;27.25,9.85;27.25,9.85;27.2,9.85;27.2,9.8;27.2,9.8;27.15,9.8;27.15,9.75;27.15,9.75;27.1,9.75;27.1,9.7;27.1,9.7;27.05,9.7;27.05,9.65;27.05,9.65;27.0,9.65;27.0,9.6;27.0,9.6;26.95,9.6;26.95,9.55;26.95,9.55;26.9,9.55;26.9,9.5;26.9,9.5;26.85,9.5;26.85,9.45;26.85,9.45;26.8,9.45;26.8,9.4;26.8,9.4;26.75,9.4;26.75,9.35;26.75,9.35;26.7,9.35;26.7,9.3;26.7,9.3;26.65,9.3;26.65,9.25;26.65,9.25;26.6,9.25;26.6,9.2;26.6,9.2;26.55,9.2;26.55,9.15;26.55,9.15;26.5,9.15;26.5,9.1;26.5,9.1;26.45,9.1;26.45,9.05;26.45,9.05;26.4,9.05;26.4,9.0;26.4,9.0;26.35,9.0;26.35,8.95;26.35,8.95;26.3,8.95;26.3,8.9;26.3,8.9;26.25,8.9;26.25,8.9",TRANSFERIDO
L3,L3_P_RB_c3_r1,L3_P_RB_c3_r1_T240,WALL,M005..M008,,,11.875,6.22935,73.973531,"28.75,13.65;28.75,13.65;28.8,13.65;28.8,13.7;28.8,13.7;28.85,13.7;28.85,13.75;28.85,13.75;28.9,13.75;28.9,13.8;28.9,13.8;28.95,13.8;28.95,13.85;28.95,13.85;29.0,13.85;29.0,13.9;29.0,13.9;29.05,13.9;29.05,13.95;29.05,13.95;29.1,13.95;29.1,14.0;29.1,14.0;29.15,14.0;29.15,14.05;29.15,14.05;29.2,14.05;29.2,14.1;29.2,14.1;29.25,14.1;29.25,14.15;29.25,14.15;29.3,14.15;29.3,14.2;29.3,14.2;29.35,14.2;29.35,14.25;29.35,14.25;29.4,14.25;29.4,14.3;29.4,14.3;29.45,14.3;29.45,14.35;29.45,14.35;29.5,14.35;29.5,14.4;29.5,14.4;29.55,14.4;29.55,14.45;29.55,14.45;29.6,14.45;29.6,14.5;29.6,14.5;29.65,14.5;29.65,14.55;29.65,14.55;29.7,14.55;29.7,14.6;29.7,14.6;29.75,14.6;29.75,14.65;29.75,14.65;29.8,14.65;29.8,14.7;29.8,14.7;29.85,14.7;29.85,14.75;29.85,14.75;29.9,14.75;29.9,14.8;29.9,14.8;29.95,14.8;29.95,14.85;29.95,14.85;30.0,14.85;30.0,14.9;30.0,14.9;30.05,14.9;30.05,14.95;30.05,14.95;30.1,14.95;30.1,15.0;30.1,15.0;30.15,15.0;30.15,15.05;30.15,15.05;30.2,15.05;30.2,15.1;30.2,15.1;30.25,15.1;30.25,15.15;30.25,15.15;30.3,15.15;30.3,15.2;30.3,15.2;30.35,15.2;30.35,15.25;30.35,15.25;30.4,15.25;30.4,15.3;30.4,15.3;30.45,15.3;30.45,15.35;30.45,15.35;30.5,15.35;30.5,15.4;30.5,15.4;30.55,15.4;30.55,15.45;30.55,15.45;30.6,15.45;30.6,15.5;30.6,15.5;30.65,15.5;30.65,15.55;30.65,15.55;30.7,15.55;30.7,15.6;30.7,15.6;30.75,15.6;30.75,15.65;30.75,15.65;30.8,15.65;30.8,15.7;30.8,15.7;30.85,15.7;30.85,15.75;30.85,15.75;30.9,15.75;30.9,15.8;30.9,15.8;30.95,15.8;30.95,15.85;30.95,15.85;31.0,15.85;31.0,15.9;31.0,15.9;31.05,15.9;31.05,15.95;31.05,15.95;31.1,15.95;31.1,16.0;31.1,16.0;31.15,16.0;31.15,16.05;31.15,16.05;31.2,16.05;31.2,16.1;31.2,16.1;31.25,16.1;31.25,16.1;31.25,16.05;31.25,16.0;31.25,8.9;31.25,8.9;31.2,8.9;31.2,8.9;31.2,8.95;31.15,8.95;31.15,8.95;31.15,9.0;31.1,9.0;31.1,9.0;31.1,9.05;31.05,9.05;31.05,9.05;31.05,9.1;31.0,9.1;31.0,9.1;31.0,9.15;30.95,9.15;30.95,9.15;30.95,9.2;30.9,9.2;30.9,9.2;30.9,9.25;30.85,9.25;30.85,9.25;30.85,9.3;30.8,9.3;30.8,9.3;30.8,9.35;30.75,9.35;30.75,9.35;30.75,9.4;30.7,9.4;30.7,9.4;30.7,9.45;30.65,9.45;30.65,9.45;30.65,9.5;30.6,9.5;30.6,9.5;30.6,9.55;30.55,9.55;30.55,9.55;30.55,9.6;30.5,9.6;30.5,9.6;30.5,9.65;30.45,9.65;30.45,9.65;30.45,9.7;30.4,9.7;30.4,9.7;30.4,9.75;30.35,9.75;30.35,9.75;30.35,9.8;30.3,9.8;30.3,9.8;30.3,9.85;30.25,9.85;30.25,9.85;30.25,9.9;30.2,9.9;30.2,9.9;30.2,9.95;30.15,9.95;30.15,9.95;30.15,10.0;30.1,10.0;30.1,10.0;30.1,10.05;30.05,10.05;30.05,10.05;30.05,10.1;30.0,10.1;30.0,10.1;30.0,10.15;29.95,10.15;29.95,10.15;29.95,10.2;29.9,10.2;29.9,10.2;29.9,10.25;29.85,10.25;29.85,10.25;29.85,10.3;29.8,10.3;29.8,10.3;29.8,10.35;29.75,10.35;29.75,10.35;29.75,10.4;29.7,10.4;29.7,10.4;29.7,10.45;29.65,10.45;29.65,10.45;29.65,10.5;29.6,10.5;29.6,10.5;29.6,10.55;29.55,10.55;29.55,10.55;29.55,10.6;29.5,10.6;29.5,10.6;29.5,10.65;29.45,10.65;29.45,10.65;29.45,10.7;29.4,10.7;29.4,10.7;29.4,10.75;29.35,10.75;29.35,10.75;29.35,10.8;29.3,10.8;29.3,10.8;29.3,10.85;29.25,10.85;29.25,10.85;29.25,10.9;29.2,10.9;29.2,10.9;29.2,10.95;29.15,10.95;29.15,10.95;29.15,11.0;29.1,11.0;29.1,11.0;29.1,11.05;29.05,11.05;29.05,11.05;29.05,11.1;29.0,11.1;29.0,11.1;29.0,11.15;28.95,11.15;28.95,11.15;28.95,11.2;28.9,11.2;28.9,11.2;28.9,11.25;28.85,11.25;28.85,11.25;28.85,11.3;28.8,11.3;28.8,11.3;28.8,11.35;28.75,11.35;28.75,11.35",WALL_EDGE_PENDING
L4,L4_P_LB_c0_r0,L4_P_LB_c0_r0_T241,BEAM,L4_V001,L4_V001,2061.0,1.793809,6.22935,11.174263,"1.85,0.05;1.85,0.1;1.85,0.2;1.85,1.05;1.85,1.1;1.85,1.2;1.85,1.25;1.85,1.3;1.85,1.35;1.85,1.4;1.85,1.45;1.85,1.45;1.9,1.45;1.9,1.5;1.9,1.5;1.95,1.5;1.95,1.55;1.95,1.55;2.0,1.55;2.0,1.6;2.0,1.6;2.05,1.6;2.05,1.65;2.05,1.65;2.1,1.65;2.1,1.65;2.1,1.6;2.2,1.6;2.2,1.6;2.2,1.55;2.25,1.55;2.25,1.55;2.25,1.5;2.3,1.5;2.3,1.5;2.3,1.45;2.35,1.45;2.35,1.45;2.35,1.4;2.4,1.4;2.4,1.4;2.4,1.35;2.45,1.35;2.45,1.35;2.45,1.3;2.5,1.3;2.5,1.3;2.5,1.25;2.55,1.25;2.55,1.25;2.55,1.2;2.6,1.2;2.6,1.2;2.6,1.15;2.65,1.15;2.65,1.15;2.65,1.1;2.7,1.1;2.7,1.1;2.7,1.05;2.75,1.05;2.75,1.05;2.75,1.0;2.8,1.0;2.8,1.0;2.8,0.95;2.85,0.95;2.85,0.95;2.85,0.9;2.9,0.9;2.9,0.9;2.9,0.85;2.95,0.85;2.95,0.85;2.95,0.8;3.0,0.8;3.0,0.8;3.0,0.75;3.05,0.75;3.05,0.75;3.05,0.7;3.1,0.7;3.1,0.7;3.1,0.65;3.15,0.65;3.15,0.65;3.15,0.6;3.2,0.6;3.2,0.6;3.2,0.55;3.25,0.55;3.25,0.55;3.25,0.5;3.3,0.5;3.3,0.5;3.3,0.45;3.35,0.45;3.35,0.45;3.35,0.4;3.4,0.4;3.4,0.4;3.4,0.35;3.45,0.35;3.45,0.35;3.45,0.3;3.5,0.3;3.5,0.3;3.5,0.25;3.55,0.25;3.55,0.25;3.55,0.2;3.6,0.2;3.6,0.2;3.6,0.15;3.65,0.15;3.65,0.15;3.65,0.1;3.7,0.1;3.7,0.1;3.7,0.05;3.75,0.05;3.75,0.05;3.75,0.0;3.75,-0.0;3.7,-0.0;3.45,-0.0;3.15,-0.0;2.9,-0.0;2.65,-0.0;2.4,-0.0;2.35,-0.0;2.1,-0.0;2.05,-0.0;1.95,-0.0;1.85,-0.0;1.85,0.0",TRANSFERIDO
L4,L4_P_LB_c0_r0,L4_P_LB_c0_r0_T242,WALL,M002,,,1.0236,6.22935,6.376363,"0.45,0.05;0.45,0.1;0.45,0.1;0.55,0.1;0.55,0.15;0.6,0.15;0.6,0.2;0.65,0.2;0.65,0.25;0.65,0.25;0.7,0.25;0.7,0.3;0.7,0.3;0.75,0.3;0.75,0.35;0.75,0.35;0.8,0.35;0.8,0.4;0.8,0.4;0.85,0.4;0.85,0.45;0.85,0.45;0.9,0.45;0.9,0.5;0.95,0.5;0.95,0.55;1.0,0.55;1.0,0.6;1.05,0.6;1.05,0.65;1.05,0.65;1.1,0.65;1.1,0.7;1.1,0.7;1.15,0.7;1.15,0.75;1.15,0.75;1.2,0.75;1.2,0.8;1.2,0.8;1.25,0.8;1.25,0.85;1.25,0.85;1.3,0.85;1.3,0.9;1.3,0.9;1.35,0.9;1.35,0.95;1.35,0.95;1.4,0.95;1.4,1.0;1.4,1.0;1.45,1.0;1.45,1.05;1.45,1.05;1.5,1.05;1.5,1.1;1.5,1.1;1.55,1.1;1.55,1.15;1.55,1.15;1.6,1.15;1.6,1.2;1.6,1.2;1.65,1.2;1.65,1.25;1.65,1.25;1.7,1.25;1.7,1.3;1.7,1.3;1.75,1.3;1.75,1.35;1.75,1.35;1.8,1.35;1.8,1.4;1.8,1.4;1.85,1.4;1.85,1.4;1.85,1.35;1.85,1.3;1.85,1.25;1.85,1.2;1.85,1.1;1.85,1.05;1.85,0.2;1.85,0.1;1.85,0.05;1.85,0.0;1.85,-0.0;1.8,-0.0;1.7,-0.0;1.65,-0.0;1.6,-0.0;1.55,-0.0;1.45,-0.0;1.4,-0.0;1.35,-0.0;1.25,-0.0;1.2,-0.0;1.1,-0.0;1.05,-0.0;0.4,-0.0;0.4,0.0;0.4,0.05;0.4,0.05",WALL_EDGE_PENDING
L4,L4_P_LB_c0_r0,L4_P_LB_c0_r0_T243,BEAM,L4_V30_01,L4_V30_01,2093.0,1.640771,6.22935,10.220934,"1.9,2.8;1.9,2.95;1.9,3.05;1.9,3.15;1.9,3.3;1.9,3.4;1.9,3.5;1.9,3.65;1.9,3.75;1.9,3.9;1.9,4.25;1.9,4.25;1.95,4.25;2.05,4.25;2.1,4.25;2.35,4.25;2.4,4.25;2.65,4.25;2.9,4.25;3.15,4.25;3.45,4.25;3.7,4.25;3.7,4.25;3.7,4.2;3.7,4.2;3.65,4.2;3.65,4.15;3.65,4.15;3.6,4.15;3.6,4.1;3.6,4.1;3.55,4.1;3.55,4.05;3.55,4.05;3.5,4.05;3.5,4.0;3.5,4.0;3.45,4.0;3.45,3.95;3.45,3.95;3.4,3.95;3.4,3.9;3.4,3.9;3.35,3.9;3.35,3.85;3.35,3.85;3.3,3.85;3.3,3.8;3.3,3.8;3.25,3.8;3.25,3.75;3.25,3.75;3.2,3.75;3.2,3.7;3.2,3.7;3.15,3.7;3.15,3.65;3.15,3.65;3.1,3.65;3.1,3.6;3.1,3.6;3.05,3.6;3.05,3.55;3.05,3.55;3.0,3.55;3.0,3.5;3.0,3.5;2.95,3.5;2.95,3.45;2.95,3.45;2.9,3.45;2.9,3.4;2.9,3.4;2.85,3.4;2.85,3.35;2.85,3.35;2.8,3.35;2.8,3.3;2.8,3.3;2.75,3.3;2.75,3.25;2.75,3.25;2.7,3.25;2.7,3.2;2.7,3.2;2.65,3.2;2.65,3.15;2.65,3.15;2.6,3.15;2.6,3.1;2.6,3.1;2.55,3.1;2.55,3.05;2.55,3.05;2.5,3.05;2.5,3.0;2.5,3.0;2.45,3.0;2.45,2.95;2.45,2.95;2.4,2.95;2.4,2.9;2.4,2.9;2.35,2.9;2.35,2.85;2.35,2.85;2.3,2.85;2.3,2.8;2.3,2.8;2.25,2.8;2.25,2.75;2.25,2.75;2.2,2.75;2.2,2.7;2.2,2.7;2.15,2.7;2.15,2.65;2.15,2.65;2.1,2.65;2.1,2.6;2.1,2.6;2.05,2.6;2.05,2.6;2.05,2.65;2.0,2.65;2.0,2.65;2.0,2.7;1.95,2.7;1.95,2.7;1.95,2.75;1.9,2.75;1.9,2.75",TRANSFERIDO
L4,L4_P_LB_c0_r0,L4_P_LB_c0_r0_T244,BEAM,L4_V40_01,L4_V40_01,2109.0,3.863588,6.22935,24.067643,"0.4,1.85;0.4,1.9;0.4,1.95;0.4,2.1;0.4,2.2;0.4,2.35;0.4,2.45;0.4,2.55;0.4,2.7;0.4,2.8;0.4,2.95;0.4,3.05;0.4,3.15;0.4,3.3;0.4,3.4;0.4,3.5;0.4,3.65;0.4,3.75;0.4,3.9;0.4,4.25;0.4,4.25;1.05,4.25;1.1,4.25;1.2,4.25;1.25,4.25;1.35,4.25;1.4,4.25;1.45,4.25;1.55,4.25;1.6,4.25;1.65,4.25;1.7,4.25;1.8,4.25;1.85,4.25;1.9,4.25;1.9,4.25;1.9,3.9;1.9,3.75;1.9,3.65;1.9,3.5;1.9,3.4;1.9,3.3;1.9,3.15;1.9,3.05;1.9,2.95;1.9,2.8;1.9,2.75;1.95,2.75;1.95,2.75;1.95,2.7;2.0,2.7;2.0,2.7;2.0,2.65;2.05,2.65;2.05,2.65;2.05,2.6;2.1,2.6;2.1,2.6;2.1,2.55;2.1,2.45;2.1,2.35;2.1,2.2;2.1,2.1;2.1,1.95;2.1,1.9;2.1,1.85;2.1,1.8;2.1,1.8;2.05,1.8;1.95,1.8;1.85,1.8;1.8,1.8;1.7,1.8;1.65,1.8;1.6,1.8;1.55,1.8;1.45,1.8;1.4,1.8;1.35,1.8;1.25,1.8;1.2,1.8;1.1,1.8;1.05,1.8;0.4,1.8;0.4,1.8",TRANSFERIDO
L4,L4_P_LB_c0_r0,L4_P_LB_c0_r0_T245,WALL,M001,,,1.658332,6.22935,10.330333,"0.4,0.1;0.4,0.2;0.4,1.05;0.4,1.1;0.4,1.2;0.4,1.25;0.4,1.3;0.4,1.35;0.4,1.4;0.4,1.5;0.4,1.55;0.4,1.6;0.4,1.65;0.4,1.7;0.4,1.75;0.4,1.8;0.4,1.8;1.05,1.8;1.1,1.8;1.2,1.8;1.25,1.8;1.35,1.8;1.4,1.8;1.45,1.8;1.55,1.8;1.6,1.8;1.65,1.8;1.7,1.8;1.8,1.8;1.85,1.8;1.95,1.8;2.05,1.8;2.1,1.8;2.1,1.8;2.1,1.75;2.1,1.7;2.1,1.65;2.1,1.65;2.05,1.65;2.05,1.6;2.05,1.6;2.0,1.6;2.0,1.55;2.0,1.55;1.95,1.55;1.95,1.5;1.95,1.5;1.9,1.5;1.9,1.45;1.9,1.45;1.85,1.45;1.85,1.4;1.85,1.4;1.8,1.4;1.8,1.35;1.8,1.35;1.75,1.35;1.75,1.3;1.75,1.3;1.7,1.3;1.7,1.25;1.7,1.25;1.65,1.25;1.65,1.2;1.65,1.2;1.6,1.2;1.6,1.15;1.6,1.15;1.55,1.15;1.55,1.1;1.55,1.1;1.5,1.1;1.5,1.05;1.5,1.05;1.45,1.05;1.45,1.0;1.45,1.0;1.4,1.0;1.4,0.95;1.4,0.95;1.35,0.95;1.35,0.9;1.35,0.9;1.3,0.9;1.3,0.85;1.3,0.85;1.25,0.85;1.25,0.8;1.25,0.8;1.2,0.8;1.2,0.75;1.2,0.75;1.15,0.75;1.15,0.7;1.15,0.7;1.1,0.7;1.1,0.65;1.1,0.65;1.05,0.65;1.05,0.6;1.05,0.6;1.0,0.6;1.0,0.55;0.95,0.55;0.95,0.5;0.95,0.5;0.9,0.5;0.9,0.45;0.9,0.45;0.85,0.45;0.85,0.4;0.85,0.4;0.8,0.4;0.8,0.35;0.8,0.35;0.75,0.35;0.75,0.3;0.75,0.3;0.7,0.3;0.7,0.25;0.65,0.25;0.65,0.2;0.6,0.2;0.6,0.15;0.55,0.15;0.55,0.1;0.45,0.1;0.45,0.05;0.45,0.05;0.4,0.05;0.4,0.05;0.4,0.1",WALL_EDGE_PENDING
L4,L4_P_LB_c0_r0,L4_P_LB_c0_r0_T246,BEAM,L4_V009,L4_V009,2069.0,4.30765,6.22935,26.83386,"2.1,1.65;2.1,1.7;2.1,1.75;2.1,1.85;2.1,1.9;2.1,1.95;2.1,2.1;2.1,2.2;2.1,2.35;2.1,2.45;2.1,2.55;2.1,2.65;2.1,2.65;2.15,2.65;2.15,2.7;2.15,2.7;2.2,2.7;2.2,2.75;2.2,2.75;2.25,2.75;2.25,2.8;2.25,2.8;2.3,2.8;2.3,2.85;2.3,2.85;2.35,2.85;2.35,2.9;2.35,2.9;2.4,2.9;2.4,2.95;2.4,2.95;2.45,2.95;2.45,3.0;2.45,3.0;2.5,3.0;2.5,3.05;2.5,3.05;2.55,3.05;2.55,3.1;2.55,3.1;2.6,3.1;2.6,3.15;2.6,3.15;2.65,3.15;2.65,3.2;2.65,3.2;2.7,3.2;2.7,3.25;2.7,3.25;2.75,3.25;2.75,3.3;2.75,3.3;2.8,3.3;2.8,3.35;2.8,3.35;2.85,3.35;2.85,3.4;2.85,3.4;2.9,3.4;2.9,3.45;2.9,3.45;2.95,3.45;2.95,3.5;2.95,3.5;3.0,3.5;3.0,3.55;3.0,3.55;3.05,3.55;3.05,3.6;3.05,3.6;3.1,3.6;3.1,3.65;3.1,3.65;3.15,3.65;3.15,3.7;3.15,3.7;3.2,3.7;3.2,3.75;3.2,3.75;3.25,3.75;3.25,3.8;3.25,3.8;3.3,3.8;3.3,3.85;3.3,3.85;3.35,3.85;3.35,3.9;3.35,3.9;3.4,3.9;3.4,3.95;3.4,3.95;3.45,3.95;3.45,4.0;3.45,4.0;3.5,4.0;3.5,4.05;3.5,4.05;3.55,4.05;3.55,4.1;3.55,4.1;3.6,4.1;3.6,4.15;3.6,4.15;3.65,4.15;3.65,4.2;3.65,4.2;3.7,4.2;3.7,4.25;3.7,4.25;3.75,4.25;3.75,4.25;3.75,3.9;3.75,3.75;3.75,3.65;3.75,3.5;3.75,3.4;3.75,3.3;3.75,3.15;3.75,3.05;3.75,2.95;3.75,2.8;3.75,2.7;3.75,2.55;3.75,2.45;3.75,2.35;3.75,2.2;3.75,2.1;3.75,1.95;3.75,1.9;3.75,1.85;3.75,1.75;3.75,1.7;3.75,1.65;3.75,1.6;3.75,1.55;3.75,1.5;3.75,1.4;3.75,1.35;3.75,1.3;3.75,1.25;3.75,1.2;3.75,1.1;3.75,1.05;3.75,0.2;3.75,0.1;3.75,0.05;3.75,0.05;3.7,0.05;3.7,0.05;3.7,0.1;3.65,0.1;3.65,0.1;3.65,0.15;3.6,0.15;3.6,0.15;3.6,0.2;3.55,0.2;3.55,0.2;3.55,0.25;3.5,0.25;3.5,0.25;3.5,0.3;3.45,0.3;3.45,0.3;3.45,0.35;3.4,0.35;3.4,0.35;3.4,0.4;3.35,0.4;3.35,0.4;3.35,0.45;3.3,0.45;3.3,0.45;3.3,0.5;3.25,0.5;3.25,0.5;3.25,0.55;3.2,0.55;3.2,0.55;3.2,0.6;3.15,0.6;3.15,0.6;3.15,0.65;3.1,0.65;3.1,0.65;3.1,0.7;3.05,0.7;3.05,0.7;3.05,0.75;3.0,0.75;3.0,0.75;3.0,0.8;2.95,0.8;2.95,0.8;2.95,0.85;2.9,0.85;2.9,0.85;2.9,0.9;2.85,0.9;2.85,0.9;2.85,0.95;2.8,0.95;2.8,0.95;2.8,1.0;2.75,1.0;2.75,1.0;2.75,1.05;2.7,1.05;2.7,1.05;2.7,1.1;2.65,1.1;2.65,1.1;2.65,1.15;2.6,1.15;2.6,1.15;2.6,1.2;2.55,1.2;2.55,1.2;2.55,1.25;2.5,1.25;2.5,1.25;2.5,1.3;2.45,1.3;2.45,1.3;2.45,1.35;2.4,1.35;2.4,1.35;2.4,1.4;2.35,1.4;2.35,1.4;2.35,1.45;2.3,1.45;2.3,1.45;2.3,1.5;2.25,1.5;2.25,1.5;2.25,1.55;2.2,1.55;2.2,1.55;2.2,1.6;2.1,1.6;2.1,1.6;2.1,1.65",TRANSFERIDO
L4,L4_P_LB_c0_r1,L4_P_LB_c0_r1_T247,BEAM,L4_V30_01,L4_V30_01,2093.0,1.721927,6.22935,10.726489,"1.9,5.815;1.9,5.815;1.95,5.815;1.95,5.865;1.95,5.865;2.0,5.865;2.0,5.915;2.0,5.915;2.05,5.915;2.05,5.965;2.05,5.965;2.1,5.965;2.1,5.965;2.1,5.915;2.15,5.915;2.15,5.915;2.15,5.865;2.2,5.865;2.2,5.865;2.2,5.815;2.25,5.815;2.25,5.815;2.25,5.765;2.3,5.765;2.3,5.765;2.3,5.715;2.35,5.715;2.35,5.715;2.35,5.665;2.4,5.665;2.4,5.665;2.4,5.615;2.45,5.615;2.45,5.615;2.45,5.565;2.5,5.565;2.5,5.565;2.5,5.515;2.55,5.515;2.55,5.515;2.55,5.465;2.6,5.465;2.6,5.465;2.6,5.415;2.65,5.415;2.65,5.415;2.65,5.365;2.7,5.365;2.7,5.365;2.7,5.315;2.75,5.315;2.75,5.315;2.75,5.265;2.8,5.265;2.8,5.265;2.8,5.215;2.85,5.215;2.85,5.215;2.85,5.165;2.9,5.165;2.9,5.165;2.9,5.115;2.95,5.115;2.95,5.115;2.95,5.065;3.0,5.065;3.0,5.065;3.0,5.015;3.05,5.015;3.05,5.015;3.05,4.965;3.1,4.965;3.1,4.965;3.1,4.915;3.15,4.915;3.15,4.915;3.15,4.865;3.2,4.865;3.2,4.865;3.2,4.815;3.25,4.815;3.25,4.815;3.25,4.765;3.3,4.765;3.3,4.765;3.3,4.715;3.35,4.715;3.35,4.715;3.35,4.665;3.4,4.665;3.4,4.665;3.4,4.615;3.45,4.615;3.45,4.615;3.45,4.565;3.5,4.565;3.5,4.565;3.5,4.515;3.55,4.515;3.55,4.515;3.55,4.465;3.6,4.465;3.6,4.465;3.6,4.415;3.65,4.415;3.65,4.415;3.65,4.365;3.7,4.365;3.7,4.365;3.7,4.315;3.75,4.315;3.75,4.315;3.75,4.265;3.75,4.265;3.7,4.265;3.45,4.265;3.15,4.265;2.9,4.265;2.65,4.265;2.4,4.265;2.35,4.265;2.1,4.265;2.05,4.265;1.95,4.265;1.9,4.265;1.9,4.265",TRANSFERIDO
L4,L4_P_LB_c0_r1,L4_P_LB_c0_r1_T248,BEAM,L4_V40_02,L4_V40_02,2110.0,7.555548,6.22935,47.066155,"0.4,8.915;0.4,8.915;1.05,8.915;1.1,8.915;1.2,8.915;1.25,8.915;1.35,8.915;1.4,8.915;1.45,8.915;1.55,8.915;1.6,8.915;1.65,8.915;1.7,8.915;1.8,8.915;1.85,8.915;1.95,8.915;2.05,8.915;2.1,8.915;2.1,8.915;2.1,5.965;2.1,5.965;2.05,5.965;2.05,5.915;2.05,5.915;2.0,5.915;2.0,5.865;2.0,5.865;1.95,5.865;1.95,5.815;1.95,5.815;1.9,5.815;1.9,4.265;1.9,4.265;1.85,4.265;1.8,4.265;1.7,4.265;1.65,4.265;1.6,4.265;1.55,4.265;1.45,4.265;1.4,4.265;1.35,4.265;1.25,4.265;1.2,4.265;1.1,4.265;1.05,4.265;0.4,4.265;0.4,4.265",TRANSFERIDO
L4,L4_P_LB_c0_r1,L4_P_LB_c0_r1_T249,BEAM,L4_V010,L4_V010,2070.0,6.249774,6.22935,38.932031,"2.1,8.915;2.1,8.915;2.35,8.915;2.4,8.915;2.65,8.915;2.9,8.915;3.15,8.915;3.45,8.915;3.7,8.915;3.75,8.915;3.75,8.915;3.75,4.315;3.75,4.315;3.7,4.315;3.7,4.315;3.7,4.365;3.65,4.365;3.65,4.365;3.65,4.415;3.6,4.415;3.6,4.415;3.6,4.465;3.55,4.465;3.55,4.465;3.55,4.515;3.5,4.515;3.5,4.515;3.5,4.565;3.45,4.565;3.45,4.565;3.45,4.615;3.4,4.615;3.4,4.615;3.4,4.665;3.35,4.665;3.35,4.665;3.35,4.715;3.3,4.715;3.3,4.715;3.3,4.765;3.25,4.765;3.25,4.765;3.25,4.815;3.2,4.815;3.2,4.815;3.2,4.865;3.15,4.865;3.15,4.865;3.15,4.915;3.1,4.915;3.1,4.915;3.1,4.965;3.05,4.965;3.05,4.965;3.05,5.015;3.0,5.015;3.0,5.015;3.0,5.065;2.95,5.065;2.95,5.065;2.95,5.115;2.9,5.115;2.9,5.115;2.9,5.165;2.85,5.165;2.85,5.165;2.85,5.215;2.8,5.215;2.8,5.215;2.8,5.265;2.75,5.265;2.75,5.265;2.75,5.315;2.7,5.315;2.7,5.315;2.7,5.365;2.65,5.365;2.65,5.365;2.65,5.415;2.6,5.415;2.6,5.415;2.6,5.465;2.55,5.465;2.55,5.465;2.55,5.515;2.5,5.515;2.5,5.515;2.5,5.565;2.45,5.565;2.45,5.565;2.45,5.615;2.4,5.615;2.4,5.615;2.4,5.665;2.35,5.665;2.35,5.665;2.35,5.715;2.3,5.715;2.3,5.715;2.3,5.765;2.25,5.765;2.25,5.765;2.25,5.815;2.2,5.815;2.2,5.815;2.2,5.865;2.15,5.865;2.15,5.865;2.15,5.915;2.1,5.915;2.1,5.915",TRANSFERIDO
L4,L4_P_LB_c0_r2,L4_P_LB_c0_r2_T250,BEAM,L4_V30_03,L4_V30_03,2095.0,1.718862,6.22935,10.707396,"1.9,11.9;1.9,11.9;1.95,11.9;2.05,11.9;2.1,11.9;2.35,11.9;2.4,11.9;2.65,11.9;2.9,11.9;3.15,11.9;3.45,11.9;3.7,11.9;3.75,11.9;3.75,11.9;3.75,11.85;3.75,11.85;3.7,11.85;3.7,11.8;3.7,11.8;3.65,11.8;3.65,11.75;3.65,11.75;3.6,11.75;3.6,11.7;3.6,11.7;3.55,11.7;3.55,11.65;3.55,11.65;3.5,11.65;3.5,11.6;3.5,11.6;3.45,11.6;3.45,11.55;3.45,11.55;3.4,11.55;3.4,11.5;3.4,11.5;3.35,11.5;3.35,11.45;3.35,11.45;3.3,11.45;3.3,11.4;3.3,11.4;3.25,11.4;3.25,11.35;3.25,11.35;3.2,11.35;3.2,11.3;3.2,11.3;3.15,11.3;3.15,11.25;3.15,11.25;3.1,11.25;3.1,11.2;3.1,11.2;3.05,11.2;3.05,11.15;3.05,11.15;3.0,11.15;3.0,11.1;3.0,11.1;2.95,11.1;2.95,11.05;2.95,11.05;2.9,11.05;2.9,11.0;2.9,11.0;2.85,11.0;2.85,10.95;2.85,10.95;2.8,10.95;2.8,10.9;2.8,10.9;2.75,10.9;2.75,10.85;2.75,10.85;2.7,10.85;2.7,10.8;2.7,10.8;2.65,10.8;2.65,10.75;2.65,10.75;2.6,10.75;2.6,10.7;2.6,10.7;2.55,10.7;2.55,10.65;2.55,10.65;2.5,10.65;2.5,10.6;2.5,10.6;2.45,10.6;2.45,10.55;2.45,10.55;2.4,10.55;2.4,10.5;2.4,10.5;2.35,10.5;2.35,10.45;2.35,10.45;2.3,10.45;2.3,10.4;2.3,10.4;2.25,10.4;2.25,10.35;2.25,10.35;2.2,10.35;2.2,10.3;2.2,10.3;2.15,10.3;2.15,10.25;2.15,10.25;2.1,10.25;2.1,10.2;2.1,10.2;2.05,10.2;2.05,10.2;2.05,10.25;2.0,10.25;2.0,10.25;2.0,10.3;1.95,10.3;1.95,10.3;1.95,10.35;1.9,10.35;1.9,10.35",TRANSFERIDO
L4,L4_P_LB_c0_r2,L4_P_LB_c0_r2_T251,BEAM,L4_V40_03,L4_V40_03,2111.0,4.751125,6.22935,29.596421,"0.4,11.9;0.4,11.9;1.05,11.9;1.1,11.9;1.2,11.9;1.25,11.9;1.35,11.9;1.4,11.9;1.45,11.9;1.55,11.9;1.6,11.9;1.65,11.9;1.7,11.9;1.8,11.9;1.85,11.9;1.9,11.9;1.9,11.9;1.9,10.35;1.95,10.35;1.95,10.35;1.95,10.3;2.0,10.3;2.0,10.3;2.0,10.25;2.05,10.25;2.05,10.25;2.05,10.2;2.1,10.2;2.1,10.2;2.1,8.9;2.1,8.9;2.05,8.9;1.95,8.9;1.85,8.9;1.8,8.9;1.7,8.9;1.65,8.9;1.6,8.9;1.55,8.9;1.45,8.9;1.4,8.9;1.35,8.9;1.25,8.9;1.2,8.9;1.1,8.9;1.05,8.9;0.4,8.9;0.4,8.9",TRANSFERIDO
L4,L4_P_LB_c0_r2,L4_P_LB_c0_r2_T252,BEAM,L4_V011,L4_V011,2071.0,3.529762,6.22935,21.988126,"2.1,10.25;2.1,10.25;2.15,10.25;2.15,10.3;2.15,10.3;2.2,10.3;2.2,10.35;2.2,10.35;2.25,10.35;2.25,10.4;2.25,10.4;2.3,10.4;2.3,10.45;2.3,10.45;2.35,10.45;2.35,10.5;2.35,10.5;2.4,10.5;2.4,10.55;2.4,10.55;2.45,10.55;2.45,10.6;2.45,10.6;2.5,10.6;2.5,10.65;2.5,10.65;2.55,10.65;2.55,10.7;2.55,10.7;2.6,10.7;2.6,10.75;2.6,10.75;2.65,10.75;2.65,10.8;2.65,10.8;2.7,10.8;2.7,10.85;2.7,10.85;2.75,10.85;2.75,10.9;2.75,10.9;2.8,10.9;2.8,10.95;2.8,10.95;2.85,10.95;2.85,11.0;2.85,11.0;2.9,11.0;2.9,11.05;2.9,11.05;2.95,11.05;2.95,11.1;2.95,11.1;3.0,11.1;3.0,11.15;3.0,11.15;3.05,11.15;3.05,11.2;3.05,11.2;3.1,11.2;3.1,11.25;3.1,11.25;3.15,11.25;3.15,11.3;3.15,11.3;3.2,11.3;3.2,11.35;3.2,11.35;3.25,11.35;3.25,11.4;3.25,11.4;3.3,11.4;3.3,11.45;3.3,11.45;3.35,11.45;3.35,11.5;3.35,11.5;3.4,11.5;3.4,11.55;3.4,11.55;3.45,11.55;3.45,11.6;3.45,11.6;3.5,11.6;3.5,11.65;3.5,11.65;3.55,11.65;3.55,11.7;3.55,11.7;3.6,11.7;3.6,11.75;3.6,11.75;3.65,11.75;3.65,11.8;3.65,11.8;3.7,11.8;3.7,11.85;3.7,11.85;3.75,11.85;3.75,11.85;3.75,8.9;3.75,8.9;3.7,8.9;3.45,8.9;3.15,8.9;2.9,8.9;2.65,8.9;2.4,8.9;2.35,8.9;2.1,8.9;2.1,8.9",TRANSFERIDO
L4,L4_P_LB_c0_r3,L4_P_LB_c0_r3_T253,BEAM,L4_V30_03,L4_V30_03,2095.0,1.645788,6.22935,10.252191,"1.9,13.385;1.9,13.385;1.95,13.385;1.95,13.435;1.95,13.435;2.0,13.435;2.0,13.485;2.0,13.485;2.05,13.485;2.05,13.535;2.05,13.535;2.1,13.535;2.1,13.535;2.1,13.485;2.15,13.485;2.15,13.485;2.15,13.435;2.2,13.435;2.2,13.435;2.2,13.385;2.25,13.385;2.25,13.385;2.25,13.335;2.3,13.335;2.3,13.335;2.3,13.285;2.35,13.285;2.35,13.285;2.35,13.235;2.4,13.235;2.4,13.235;2.4,13.185;2.45,13.185;2.45,13.185;2.45,13.135;2.5,13.135;2.5,13.135;2.5,13.085;2.55,13.085;2.55,13.085;2.55,13.035;2.6,13.035;2.6,13.035;2.6,12.985;2.65,12.985;2.65,12.985;2.65,12.935;2.7,12.935;2.7,12.935;2.7,12.885;2.75,12.885;2.75,12.885;2.75,12.835;2.8,12.835;2.8,12.835;2.8,12.785;2.85,12.785;2.85,12.785;2.85,12.735;2.9,12.735;2.9,12.735;2.9,12.685;2.95,12.685;2.95,12.685;2.95,12.635;3.0,12.635;3.0,12.635;3.0,12.585;3.05,12.585;3.05,12.585;3.05,12.535;3.1,12.535;3.1,12.535;3.1,12.485;3.15,12.485;3.15,12.485;3.15,12.435;3.2,12.435;3.2,12.435;3.2,12.385;3.25,12.385;3.25,12.385;3.25,12.335;3.3,12.335;3.3,12.335;3.3,12.285;3.35,12.285;3.35,12.285;3.35,12.235;3.4,12.235;3.4,12.235;3.4,12.185;3.45,12.185;3.45,12.185;3.45,12.135;3.5,12.135;3.5,12.135;3.5,12.085;3.55,12.085;3.55,12.085;3.55,12.035;3.6,12.035;3.6,12.035;3.6,11.985;3.7,11.985;3.7,11.985;3.7,11.935;3.75,11.935;3.75,11.935;3.75,11.885;3.75,11.885;3.7,11.885;3.45,11.885;3.15,11.885;2.9,11.885;2.65,11.885;2.4,11.885;2.35,11.885;2.1,11.885;2.05,11.885;1.95,11.885;1.9,11.885;1.9,11.885",TRANSFERIDO
L4,L4_P_LB_c0_r3,L4_P_LB_c0_r3_T254,BEAM,L4_V006,L4_V006,2066.0,1.713526,6.22935,10.674156,"1.85,16.035;1.85,16.085;1.85,16.135;1.85,16.135;1.95,16.135;2.05,16.135;2.1,16.135;2.35,16.135;2.4,16.135;2.65,16.135;2.9,16.135;3.15,16.135;3.45,16.135;3.7,16.135;3.7,16.135;3.7,16.085;3.7,16.085;3.65,16.085;3.65,16.035;3.65,16.035;3.6,16.035;3.6,15.985;3.6,15.985;3.55,15.985;3.55,15.935;3.55,15.935;3.5,15.935;3.5,15.885;3.5,15.885;3.45,15.885;3.45,15.835;3.45,15.835;3.4,15.835;3.4,15.785;3.4,15.785;3.35,15.785;3.35,15.735;3.35,15.735;3.3,15.735;3.3,15.685;3.3,15.685;3.25,15.685;3.25,15.635;3.25,15.635;3.2,15.635;3.2,15.585;3.2,15.585;3.15,15.585;3.15,15.535;3.15,15.535;3.1,15.535;3.1,15.485;3.1,15.485;3.05,15.485;3.05,15.435;3.05,15.435;3.0,15.435;3.0,15.385;3.0,15.385;2.95,15.385;2.95,15.335;2.95,15.335;2.9,15.335;2.9,15.285;2.9,15.285;2.85,15.285;2.85,15.235;2.85,15.235;2.8,15.235;2.8,15.185;2.8,15.185;2.75,15.185;2.75,15.135;2.75,15.135;2.7,15.135;2.7,15.085;2.7,15.085;2.65,15.085;2.65,15.035;2.65,15.035;2.6,15.035;2.6,14.985;2.6,14.985;2.55,14.985;2.55,14.935;2.55,14.935;2.5,14.935;2.5,14.885;2.5,14.885;2.45,14.885;2.45,14.835;2.45,14.835;2.4,14.835;2.4,14.785;2.4,14.785;2.35,14.785;2.35,14.735;2.35,14.735;2.3,14.735;2.3,14.685;2.3,14.685;2.25,14.685;2.25,14.635;2.25,14.635;2.2,14.635;2.2,14.585;2.2,14.585;2.15,14.585;2.15,14.535;2.15,14.535;2.1,14.535;2.1,14.485;2.1,14.485;2.05,14.485;2.05,14.485;2.05,14.535;2.0,14.535;2.0,14.535;2.0,14.585;1.95,14.585;1.95,14.585;1.95,14.635;1.9,14.635;1.9,14.635;1.9,14.685;1.85,14.685;1.85,14.685",TRANSFERIDO
L4,L4_P_LB_c0_r3,L4_P_LB_c0_r3_T255,WALL,M004,,,1.018582,6.22935,6.345106,"0.5,16.085;0.45,16.085;0.45,16.085;0.45,16.135;0.45,16.135;1.05,16.135;1.1,16.135;1.2,16.135;1.25,16.135;1.35,16.135;1.4,16.135;1.45,16.135;1.55,16.135;1.6,16.135;1.65,16.135;1.7,16.135;1.8,16.135;1.85,16.135;1.85,16.135;1.85,16.085;1.85,16.035;1.85,14.735;1.85,14.735;1.8,14.735;1.8,14.735;1.8,14.785;1.75,14.785;1.75,14.785;1.75,14.835;1.7,14.835;1.7,14.835;1.7,14.885;1.65,14.885;1.65,14.885;1.65,14.935;1.6,14.935;1.6,14.935;1.6,14.985;1.55,14.985;1.55,14.985;1.55,15.035;1.5,15.035;1.5,15.035;1.5,15.085;1.45,15.085;1.45,15.085;1.45,15.135;1.4,15.135;1.4,15.135;1.4,15.185;1.35,15.185;1.35,15.185;1.35,15.235;1.3,15.235;1.3,15.235;1.3,15.285;1.25,15.285;1.25,15.285;1.25,15.335;1.2,15.335;1.2,15.335;1.2,15.385;1.15,15.385;1.15,15.385;1.15,15.435;1.1,15.435;1.1,15.435;1.1,15.485;1.05,15.485;1.05,15.485;1.05,15.535;1.0,15.535;1.0,15.535;1.0,15.585;0.95,15.585;0.95,15.585;0.95,15.635;0.9,15.635;0.9,15.635;0.9,15.685;0.85,15.685;0.85,15.685;0.85,15.735;0.8,15.735;0.8,15.735;0.8,15.785;0.75,15.785;0.75,15.785;0.75,15.835;0.7,15.835;0.7,15.835;0.7,15.885;0.65,15.885;0.65,15.885;0.65,15.935;0.6,15.935;0.6,15.935;0.6,15.985;0.55,15.985;0.55,15.985;0.55,16.035;0.5,16.035;0.5,16.035",WALL_EDGE_PENDING
L4,L4_P_LB_c0_r3,L4_P_LB_c0_r3_T256,BEAM,L4_V40_04,L4_V40_04,2112.0,3.863588,6.22935,24.067643,"0.4,14.335;0.4,14.335;1.05,14.335;1.1,14.335;1.2,14.335;1.25,14.335;1.35,14.335;1.4,14.335;1.45,14.335;1.55,14.335;1.6,14.335;1.65,14.335;1.7,14.335;1.8,14.335;1.85,14.335;1.95,14.335;2.05,14.335;2.1,14.335;2.1,14.335;2.1,13.535;2.1,13.535;2.05,13.535;2.05,13.485;2.05,13.485;2.0,13.485;2.0,13.435;2.0,13.435;1.95,13.435;1.95,13.385;1.95,13.385;1.9,13.385;1.9,11.885;1.9,11.885;1.85,11.885;1.8,11.885;1.7,11.885;1.65,11.885;1.6,11.885;1.55,11.885;1.45,11.885;1.4,11.885;1.35,11.885;1.25,11.885;1.2,11.885;1.1,11.885;1.05,11.885;0.4,11.885;0.4,11.885",TRANSFERIDO
L4,L4_P_LB_c0_r3,L4_P_LB_c0_r3_T257,WALL,M003,,,1.66335,6.22935,10.361589,"0.4,16.035;0.4,16.085;0.4,16.135;0.4,16.135;0.45,16.135;0.45,16.135;0.45,16.085;0.5,16.085;0.5,16.085;0.5,16.035;0.55,16.035;0.55,16.035;0.55,15.985;0.6,15.985;0.6,15.985;0.6,15.935;0.65,15.935;0.65,15.935;0.65,15.885;0.7,15.885;0.7,15.885;0.7,15.835;0.75,15.835;0.75,15.835;0.75,15.785;0.8,15.785;0.8,15.785;0.8,15.735;0.85,15.735;0.85,15.735;0.85,15.685;0.9,15.685;0.9,15.685;0.9,15.635;0.95,15.635;0.95,15.635;0.95,15.585;1.0,15.585;1.0,15.585;1.0,15.535;1.05,15.535;1.05,15.535;1.05,15.485;1.1,15.485;1.1,15.485;1.1,15.435;1.15,15.435;1.15,15.435;1.15,15.385;1.2,15.385;1.2,15.385;1.2,15.335;1.25,15.335;1.25,15.335;1.25,15.285;1.3,15.285;1.3,15.285;1.3,15.235;1.35,15.235;1.35,15.235;1.35,15.185;1.4,15.185;1.4,15.185;1.4,15.135;1.45,15.135;1.45,15.135;1.45,15.085;1.5,15.085;1.5,15.085;1.5,15.035;1.55,15.035;1.55,15.035;1.55,14.985;1.6,14.985;1.6,14.985;1.6,14.935;1.65,14.935;1.65,14.935;1.65,14.885;1.7,14.885;1.7,14.885;1.7,14.835;1.75,14.835;1.75,14.835;1.75,14.785;1.8,14.785;1.8,14.785;1.8,14.735;1.85,14.735;1.85,14.735;1.85,14.685;1.9,14.685;1.9,14.685;1.9,14.635;1.95,14.635;1.95,14.635;1.95,14.585;2.0,14.585;2.0,14.585;2.0,14.535;2.05,14.535;2.05,14.535;2.05,14.485;2.1,14.485;2.1,14.485;2.1,14.335;2.1,14.335;2.05,14.335;1.95,14.335;1.85,14.335;1.8,14.335;1.7,14.335;1.65,14.335;1.6,14.335;1.55,14.335;1.45,14.335;1.4,14.335;1.35,14.335;1.25,14.335;1.2,14.335;1.1,14.335;1.05,14.335;0.4,14.335;0.4,14.335",WALL_EDGE_PENDING
L4,L4_P_LB_c0_r3,L4_P_LB_c0_r3_T258,BEAM,L4_V012,L4_V012,2072.0,4.382915,6.22935,27.30271,"2.1,13.485;2.1,13.485;2.1,14.535;2.1,14.535;2.15,14.535;2.15,14.585;2.15,14.585;2.2,14.585;2.2,14.635;2.2,14.635;2.25,14.635;2.25,14.685;2.25,14.685;2.3,14.685;2.3,14.735;2.3,14.735;2.35,14.735;2.35,14.785;2.35,14.785;2.4,14.785;2.4,14.835;2.4,14.835;2.45,14.835;2.45,14.885;2.45,14.885;2.5,14.885;2.5,14.935;2.5,14.935;2.55,14.935;2.55,14.985;2.55,14.985;2.6,14.985;2.6,15.035;2.6,15.035;2.65,15.035;2.65,15.085;2.65,15.085;2.7,15.085;2.7,15.135;2.7,15.135;2.75,15.135;2.75,15.185;2.75,15.185;2.8,15.185;2.8,15.235;2.8,15.235;2.85,15.235;2.85,15.285;2.85,15.285;2.9,15.285;2.9,15.335;2.9,15.335;2.95,15.335;2.95,15.385;2.95,15.385;3.0,15.385;3.0,15.435;3.0,15.435;3.05,15.435;3.05,15.485;3.05,15.485;3.1,15.485;3.1,15.535;3.1,15.535;3.15,15.535;3.15,15.585;3.15,15.585;3.2,15.585;3.2,15.635;3.2,15.635;3.25,15.635;3.25,15.685;3.25,15.685;3.3,15.685;3.3,15.735;3.3,15.735;3.35,15.735;3.35,15.785;3.35,15.785;3.4,15.785;3.4,15.835;3.4,15.835;3.45,15.835;3.45,15.885;3.45,15.885;3.5,15.885;3.5,15.935;3.5,15.935;3.55,15.935;3.55,15.985;3.55,15.985;3.6,15.985;3.6,16.035;3.6,16.035;3.65,16.035;3.65,16.085;3.65,16.085;3.7,16.085;3.7,16.135;3.7,16.135;3.75,16.135;3.75,16.135;3.75,16.085;3.75,16.035;3.75,11.935;3.75,11.935;3.7,11.935;3.7,11.935;3.7,11.985;3.6,11.985;3.6,11.985;3.6,12.035;3.55,12.035;3.55,12.035;3.55,12.085;3.5,12.085;3.5,12.085;3.5,12.135;3.45,12.135;3.45,12.135;3.45,12.185;3.4,12.185;3.4,12.185;3.4,12.235;3.35,12.235;3.35,12.235;3.35,12.285;3.3,12.285;3.3,12.285;3.3,12.335;3.25,12.335;3.25,12.335;3.25,12.385;3.2,12.385;3.2,12.385;3.2,12.435;3.15,12.435;3.15,12.435;3.15,12.485;3.1,12.485;3.1,12.485;3.1,12.535;3.05,12.535;3.05,12.535;3.05,12.585;3.0,12.585;3.0,12.585;3.0,12.635;2.95,12.635;2.95,12.635;2.95,12.685;2.9,12.685;2.9,12.685;2.9,12.735;2.85,12.735;2.85,12.735;2.85,12.785;2.8,12.785;2.8,12.785;2.8,12.835;2.75,12.835;2.75,12.835;2.75,12.885;2.7,12.885;2.7,12.885;2.7,12.935;2.65,12.935;2.65,12.935;2.65,12.985;2.6,12.985;2.6,12.985;2.6,13.035;2.55,13.035;2.55,13.035;2.55,13.085;2.5,13.085;2.5,13.085;2.5,13.135;2.45,13.135;2.45,13.135;2.45,13.185;2.4,13.185;2.4,13.185;2.4,13.235;2.35,13.235;2.35,13.235;2.35,13.285;2.3,13.285;2.3,13.285;2.3,13.335;2.25,13.335;2.25,13.335;2.25,13.385;2.2,13.385;2.2,13.385;2.2,13.435;2.15,13.435;2.15,13.435;2.15,13.485",TRANSFERIDO
L4,L4_P_LB_c1_r0,L4_P_LB_c1_r0_T259,BEAM,L4_V002,L4_V002,2062.0,3.527406,6.22935,21.973446,"3.85,0.05;3.85,0.1;3.85,0.1;3.9,0.1;3.9,0.15;3.9,0.15;3.95,0.15;3.95,0.2;3.95,0.2;4.0,0.2;4.0,0.25;4.0,0.25;4.05,0.25;4.05,0.3;4.05,0.3;4.1,0.3;4.1,0.35;4.1,0.35;4.15,0.35;4.15,0.4;4.15,0.4;4.2,0.4;4.2,0.45;4.2,0.45;4.25,0.45;4.25,0.5;4.25,0.5;4.3,0.5;4.3,0.55;4.3,0.55;4.35,0.55;4.35,0.6;4.35,0.6;4.4,0.6;4.4,0.65;4.4,0.65;4.45,0.65;4.45,0.7;4.45,0.7;4.5,0.7;4.5,0.75;4.5,0.75;4.55,0.75;4.55,0.8;4.55,0.8;4.6,0.8;4.6,0.85;4.6,0.85;4.65,0.85;4.65,0.9;4.65,0.9;4.7,0.9;4.7,0.95;4.7,0.95;4.75,0.95;4.75,1.0;4.75,1.0;4.8,1.0;4.8,1.05;4.8,1.05;4.85,1.05;4.85,1.1;4.85,1.1;4.9,1.1;4.9,1.15;4.9,1.15;4.95,1.15;4.95,1.2;4.95,1.2;5.0,1.2;5.0,1.25;5.0,1.25;5.05,1.25;5.05,1.3;5.05,1.3;5.1,1.3;5.1,1.35;5.1,1.35;5.15,1.35;5.15,1.4;5.15,1.4;5.2,1.4;5.2,1.45;5.2,1.45;5.25,1.45;5.25,1.5;5.25,1.5;5.3,1.5;5.3,1.55;5.3,1.55;5.35,1.55;5.35,1.6;5.35,1.6;5.4,1.6;5.4,1.65;5.4,1.65;5.45,1.65;5.45,1.7;5.45,1.7;5.5,1.7;5.5,1.75;5.5,1.75;5.55,1.75;5.55,1.8;5.55,1.8;5.6,1.8;5.6,1.85;5.6,1.85;5.7,1.85;5.7,1.85;5.7,1.8;5.75,1.8;5.75,1.8;5.75,1.75;5.8,1.75;5.8,1.75;5.8,1.7;5.85,1.7;5.85,1.7;5.85,1.65;5.9,1.65;5.9,1.65;5.9,1.6;5.95,1.6;5.95,1.6;5.95,1.55;6.0,1.55;6.0,1.55;6.0,1.5;6.05,1.5;6.05,1.5;6.05,1.45;6.1,1.45;6.1,1.45;6.1,1.4;6.15,1.4;6.15,1.4;6.15,1.35;6.2,1.35;6.2,1.35;6.2,1.3;6.25,1.3;6.25,1.3;6.25,1.25;6.3,1.25;6.3,1.25;6.3,1.2;6.35,1.2;6.35,1.2;6.35,1.15;6.4,1.15;6.4,1.15;6.4,1.1;6.45,1.1;6.45,1.1;6.45,1.05;6.5,1.05;6.5,1.05;6.5,1.0;6.55,1.0;6.55,1.0;6.55,0.95;6.6,0.95;6.6,0.95;6.6,0.9;6.65,0.9;6.65,0.9;6.65,0.85;6.7,0.85;6.7,0.85;6.7,0.8;6.75,0.8;6.75,0.8;6.75,0.75;6.8,0.75;6.8,0.75;6.8,0.7;6.85,0.7;6.85,0.7;6.85,0.65;6.9,0.65;6.9,0.65;6.9,0.6;6.95,0.6;6.95,0.6;6.95,0.55;7.0,0.55;7.0,0.55;7.0,0.5;7.05,0.5;7.05,0.5;7.05,0.45;7.1,0.45;7.1,0.45;7.1,0.4;7.15,0.4;7.15,0.4;7.15,0.35;7.2,0.35;7.2,0.35;7.2,0.3;7.25,0.3;7.25,0.3;7.25,0.25;7.3,0.25;7.3,0.25;7.3,0.2;7.35,0.2;7.35,0.2;7.35,0.15;7.4,0.15;7.4,0.15;7.4,0.1;7.45,0.1;7.45,0.1;7.45,0.05;7.5,0.05;7.5,0.05;7.5,0.0;7.5,-0.0;3.8,-0.0;3.8,0.0;3.8,0.05;3.8,0.05",TRANSFERIDO
L4,L4_P_LB_c1_r0,L4_P_LB_c1_r0_T260,BEAM,L4_V30_02,L4_V30_02,2094.0,3.434579,6.22935,21.395197,"4.1,3.9;4.1,3.9;4.1,3.95;4.05,3.95;4.05,3.95;4.05,4.0;4.0,4.0;4.0,4.0;4.0,4.05;3.95,4.05;3.95,4.05;3.95,4.1;3.9,4.1;3.9,4.1;3.9,4.15;3.85,4.15;3.85,4.15;3.85,4.2;3.8,4.2;3.8,4.2;3.8,4.25;3.8,4.25;7.45,4.25;7.45,4.25;7.45,4.2;7.45,4.2;7.4,4.2;7.4,4.15;7.4,4.15;7.35,4.15;7.35,4.1;7.35,4.1;7.3,4.1;7.3,4.05;7.3,4.05;7.25,4.05;7.25,4.0;7.25,4.0;7.2,4.0;7.2,3.95;7.2,3.95;7.15,3.95;7.15,3.9;7.15,3.9;7.1,3.9;7.1,3.85;7.1,3.85;7.05,3.85;7.05,3.8;7.05,3.8;7.0,3.8;7.0,3.75;7.0,3.75;6.95,3.75;6.95,3.7;6.95,3.7;6.9,3.7;6.9,3.65;6.9,3.65;6.85,3.65;6.85,3.6;6.85,3.6;6.8,3.6;6.8,3.55;6.8,3.55;6.75,3.55;6.75,3.5;6.75,3.5;6.7,3.5;6.7,3.45;6.7,3.45;6.65,3.45;6.65,3.4;6.65,3.4;6.6,3.4;6.6,3.35;6.6,3.35;6.55,3.35;6.55,3.3;6.55,3.3;6.5,3.3;6.5,3.25;6.5,3.25;6.45,3.25;6.45,3.2;6.45,3.2;6.4,3.2;6.4,3.15;6.4,3.15;6.35,3.15;6.35,3.1;6.35,3.1;6.3,3.1;6.3,3.05;6.3,3.05;6.25,3.05;6.25,3.0;6.25,3.0;6.2,3.0;6.2,2.95;6.2,2.95;6.15,2.95;6.15,2.9;6.15,2.9;6.1,2.9;6.1,2.85;6.1,2.85;6.05,2.85;6.05,2.8;6.05,2.8;6.0,2.8;6.0,2.75;6.0,2.75;5.95,2.75;5.95,2.7;5.95,2.7;5.9,2.7;5.9,2.65;5.9,2.65;5.85,2.65;5.85,2.6;5.85,2.6;5.8,2.6;5.8,2.55;5.8,2.55;5.75,2.55;5.75,2.5;5.75,2.5;5.7,2.5;5.7,2.45;5.7,2.45;5.65,2.45;5.65,2.4;5.65,2.4;5.6,2.4;5.6,2.4;5.6,2.45;5.55,2.45;5.55,2.45;5.55,2.5;5.5,2.5;5.5,2.5;5.5,2.55;5.45,2.55;5.45,2.55;5.45,2.6;5.4,2.6;5.4,2.6;5.4,2.65;5.35,2.65;5.35,2.65;5.35,2.7;5.3,2.7;5.3,2.7;5.3,2.75;5.25,2.75;5.25,2.75;5.25,2.8;5.2,2.8;5.2,2.8;5.2,2.85;5.15,2.85;5.15,2.85;5.15,2.9;5.1,2.9;5.1,2.9;5.1,2.95;5.05,2.95;5.05,2.95;5.05,3.0;5.0,3.0;5.0,3.0;5.0,3.05;4.95,3.05;4.95,3.05;4.95,3.1;4.9,3.1;4.9,3.1;4.9,3.15;4.85,3.15;4.85,3.15;4.85,3.2;4.8,3.2;4.8,3.2;4.8,3.25;4.75,3.25;4.75,3.25;4.75,3.3;4.7,3.3;4.7,3.3;4.7,3.35;4.65,3.35;4.65,3.35;4.65,3.4;4.6,3.4;4.6,3.4;4.6,3.45;4.55,3.45;4.55,3.45;4.55,3.5;4.5,3.5;4.5,3.5;4.5,3.55;4.45,3.55;4.45,3.55;4.45,3.6;4.4,3.6;4.4,3.6;4.4,3.65;4.35,3.65;4.35,3.65;4.35,3.7;4.3,3.7;4.3,3.7;4.3,3.75;4.25,3.75;4.25,3.75;4.25,3.8;4.2,3.8;4.2,3.8;4.2,3.85;4.15,3.85;4.15,3.85;4.15,3.9",TRANSFERIDO
L4,L4_P_LB_c1_r0,L4_P_LB_c1_r0_T261,BEAM,L4_V009,L4_V009,2069.0,4.576094,6.22935,28.506092,"3.75,0.05;3.75,0.1;3.75,0.2;3.75,1.05;3.75,1.1;3.75,1.2;3.75,1.25;3.75,1.3;3.75,1.35;3.75,1.4;3.75,1.5;3.75,1.55;3.75,1.6;3.75,1.65;3.75,1.7;3.75,1.75;3.75,1.85;3.75,1.9;3.75,1.95;3.75,2.1;3.75,2.2;3.75,2.35;3.75,2.45;3.75,2.55;3.75,2.7;3.75,2.8;3.75,2.95;3.75,3.05;3.75,3.15;3.75,3.3;3.75,3.4;3.75,3.5;3.75,3.65;3.75,3.75;3.75,3.9;3.75,4.25;3.75,4.25;3.8,4.25;3.8,4.25;3.8,4.2;3.85,4.2;3.85,4.2;3.85,4.15;3.9,4.15;3.9,4.15;3.9,4.1;3.95,4.1;3.95,4.1;3.95,4.05;4.0,4.05;4.0,4.05;4.0,4.0;4.05,4.0;4.05,4.0;4.05,3.95;4.1,3.95;4.1,3.95;4.1,3.9;4.15,3.9;4.15,3.9;4.15,3.85;4.2,3.85;4.2,3.85;4.2,3.8;4.25,3.8;4.25,3.8;4.25,3.75;4.3,3.75;4.3,3.75;4.3,3.7;4.35,3.7;4.35,3.7;4.35,3.65;4.4,3.65;4.4,3.65;4.4,3.6;4.45,3.6;4.45,3.6;4.45,3.55;4.5,3.55;4.5,3.55;4.5,3.5;4.55,3.5;4.55,3.5;4.55,3.45;4.6,3.45;4.6,3.45;4.6,3.4;4.65,3.4;4.65,3.4;4.65,3.35;4.7,3.35;4.7,3.35;4.7,3.3;4.75,3.3;4.75,3.3;4.75,3.25;4.8,3.25;4.8,3.25;4.8,3.2;4.85,3.2;4.85,3.2;4.85,3.15;4.9,3.15;4.9,3.15;4.9,3.1;4.95,3.1;4.95,3.1;4.95,3.05;5.0,3.05;5.0,3.05;5.0,3.0;5.05,3.0;5.05,3.0;5.05,2.95;5.1,2.95;5.1,2.95;5.1,2.9;5.15,2.9;5.15,2.9;5.15,2.85;5.2,2.85;5.2,2.85;5.2,2.8;5.25,2.8;5.25,2.8;5.25,2.75;5.3,2.75;5.3,2.75;5.3,2.7;5.35,2.7;5.35,2.7;5.35,2.65;5.4,2.65;5.4,2.65;5.4,2.6;5.45,2.6;5.45,2.6;5.45,2.55;5.5,2.55;5.5,2.55;5.5,2.5;5.55,2.5;5.55,2.5;5.55,2.45;5.6,2.45;5.6,2.45;5.6,2.4;5.65,2.4;5.65,2.4;5.65,2.35;5.65,2.2;5.65,2.1;5.65,1.95;5.65,1.9;5.65,1.85;5.65,1.85;5.6,1.85;5.6,1.8;5.6,1.8;5.55,1.8;5.55,1.75;5.55,1.75;5.5,1.75;5.5,1.7;5.5,1.7;5.45,1.7;5.45,1.65;5.45,1.65;5.4,1.65;5.4,1.6;5.4,1.6;5.35,1.6;5.35,1.55;5.35,1.55;5.3,1.55;5.3,1.5;5.3,1.5;5.25,1.5;5.25,1.45;5.25,1.45;5.2,1.45;5.2,1.4;5.2,1.4;5.15,1.4;5.15,1.35;5.15,1.35;5.1,1.35;5.1,1.3;5.1,1.3;5.05,1.3;5.05,1.25;5.05,1.25;5.0,1.25;5.0,1.2;5.0,1.2;4.95,1.2;4.95,1.15;4.95,1.15;4.9,1.15;4.9,1.1;4.9,1.1;4.85,1.1;4.85,1.05;4.85,1.05;4.8,1.05;4.8,1.0;4.8,1.0;4.75,1.0;4.75,0.95;4.75,0.95;4.7,0.95;4.7,0.9;4.7,0.9;4.65,0.9;4.65,0.85;4.65,0.85;4.6,0.85;4.6,0.8;4.6,0.8;4.55,0.8;4.55,0.75;4.55,0.75;4.5,0.75;4.5,0.7;4.5,0.7;4.45,0.7;4.45,0.65;4.45,0.65;4.4,0.65;4.4,0.6;4.4,0.6;4.35,0.6;4.35,0.55;4.35,0.55;4.3,0.55;4.3,0.5;4.3,0.5;4.25,0.5;4.25,0.45;4.25,0.45;4.2,0.45;4.2,0.4;4.2,0.4;4.15,0.4;4.15,0.35;4.15,0.35;4.1,0.35;4.1,0.3;4.1,0.3;4.05,0.3;4.05,0.25;4.05,0.25;4.0,0.25;4.0,0.2;4.0,0.2;3.95,0.2;3.95,0.15;3.95,0.15;3.9,0.15;3.9,0.1;3.9,0.1;3.85,0.1;3.85,0.05;3.85,0.05;3.8,0.05;3.8,0.0;3.8,-0.0;3.75,-0.0;3.75,0.0",TRANSFERIDO
L4,L4_P_LB_c1_r0,L4_P_LB_c1_r0_T262,BEAM,L4_V013,L4_V013,2073.0,4.455671,6.22935,27.755932,"5.65,1.9;5.65,1.95;5.65,2.1;5.65,2.2;5.65,2.35;5.65,2.45;5.65,2.45;5.7,2.45;5.7,2.5;5.7,2.5;5.75,2.5;5.75,2.55;5.75,2.55;5.8,2.55;5.8,2.6;5.8,2.6;5.85,2.6;5.85,2.65;5.85,2.65;5.9,2.65;5.9,2.7;5.9,2.7;5.95,2.7;5.95,2.75;5.95,2.75;6.0,2.75;6.0,2.8;6.0,2.8;6.05,2.8;6.05,2.85;6.05,2.85;6.1,2.85;6.1,2.9;6.1,2.9;6.15,2.9;6.15,2.95;6.15,2.95;6.2,2.95;6.2,3.0;6.2,3.0;6.25,3.0;6.25,3.05;6.25,3.05;6.3,3.05;6.3,3.1;6.3,3.1;6.35,3.1;6.35,3.15;6.35,3.15;6.4,3.15;6.4,3.2;6.4,3.2;6.45,3.2;6.45,3.25;6.45,3.25;6.5,3.25;6.5,3.3;6.5,3.3;6.55,3.3;6.55,3.35;6.55,3.35;6.6,3.35;6.6,3.4;6.6,3.4;6.65,3.4;6.65,3.45;6.65,3.45;6.7,3.45;6.7,3.5;6.7,3.5;6.75,3.5;6.75,3.55;6.75,3.55;6.8,3.55;6.8,3.6;6.8,3.6;6.85,3.6;6.85,3.65;6.85,3.65;6.9,3.65;6.9,3.7;6.9,3.7;6.95,3.7;6.95,3.75;6.95,3.75;7.0,3.75;7.0,3.8;7.0,3.8;7.05,3.8;7.05,3.85;7.05,3.85;7.1,3.85;7.1,3.9;7.1,3.9;7.15,3.9;7.15,3.95;7.15,3.95;7.2,3.95;7.2,4.0;7.2,4.0;7.25,4.0;7.25,4.05;7.25,4.05;7.3,4.05;7.3,4.1;7.3,4.1;7.35,4.1;7.35,4.15;7.35,4.15;7.4,4.15;7.4,4.2;7.4,4.2;7.45,4.2;7.45,4.25;7.45,4.25;7.5,4.25;7.5,4.25;7.5,3.9;7.5,3.75;7.5,3.65;7.5,3.5;7.5,3.4;7.5,3.3;7.5,3.15;7.5,3.05;7.5,2.95;7.5,2.8;7.5,2.7;7.5,2.55;7.5,2.45;7.5,2.35;7.5,2.2;7.5,2.1;7.5,1.95;7.5,1.9;7.5,1.85;7.5,1.75;7.5,1.7;7.5,1.65;7.5,1.6;7.5,1.55;7.5,1.5;7.5,1.4;7.5,1.35;7.5,1.3;7.5,1.25;7.5,1.2;7.5,1.1;7.5,1.05;7.5,0.2;7.5,0.1;7.5,0.05;7.5,0.05;7.45,0.05;7.45,0.05;7.45,0.1;7.4,0.1;7.4,0.1;7.4,0.15;7.35,0.15;7.35,0.15;7.35,0.2;7.3,0.2;7.3,0.2;7.3,0.25;7.25,0.25;7.25,0.25;7.25,0.3;7.2,0.3;7.2,0.3;7.2,0.35;7.15,0.35;7.15,0.35;7.15,0.4;7.1,0.4;7.1,0.4;7.1,0.45;7.05,0.45;7.05,0.45;7.05,0.5;7.0,0.5;7.0,0.5;7.0,0.55;6.95,0.55;6.95,0.55;6.95,0.6;6.9,0.6;6.9,0.6;6.9,0.65;6.85,0.65;6.85,0.65;6.85,0.7;6.8,0.7;6.8,0.7;6.8,0.75;6.75,0.75;6.75,0.75;6.75,0.8;6.7,0.8;6.7,0.8;6.7,0.85;6.65,0.85;6.65,0.85;6.65,0.9;6.6,0.9;6.6,0.9;6.6,0.95;6.55,0.95;6.55,0.95;6.55,1.0;6.5,1.0;6.5,1.0;6.5,1.05;6.45,1.05;6.45,1.05;6.45,1.1;6.4,1.1;6.4,1.1;6.4,1.15;6.35,1.15;6.35,1.15;6.35,1.2;6.3,1.2;6.3,1.2;6.3,1.25;6.25,1.25;6.25,1.25;6.25,1.3;6.2,1.3;6.2,1.3;6.2,1.35;6.15,1.35;6.15,1.35;6.15,1.4;6.1,1.4;6.1,1.4;6.1,1.45;6.05,1.45;6.05,1.45;6.05,1.5;6.0,1.5;6.0,1.5;6.0,1.55;5.95,1.55;5.95,1.55;5.95,1.6;5.9,1.6;5.9,1.6;5.9,1.65;5.85,1.65;5.85,1.65;5.85,1.7;5.8,1.7;5.8,1.7;5.8,1.75;5.75,1.75;5.75,1.75;5.75,1.8;5.7,1.8;5.7,1.8;5.7,1.85;5.65,1.85;5.65,1.85;5.65,1.9",TRANSFERIDO
L4,L4_P_LB_c1_r1,L4_P_LB_c1_r1_T263,BEAM,L4_V30_02,L4_V30_02,2094.0,3.543532,6.22935,22.073903,"4.4,4.265;4.35,4.265;4.3,4.265;4.25,4.265;4.2,4.265;4.15,4.265;4.1,4.265;4.05,4.265;4.0,4.265;3.95,4.265;3.9,4.265;3.85,4.265;3.8,4.265;3.8,4.315;3.85,4.315;3.85,4.365;3.9,4.365;3.9,4.415;3.95,4.415;3.95,4.465;4.0,4.465;4.0,4.515;4.05,4.515;4.05,4.565;4.05,4.615;4.1,4.615;4.15,4.615;4.15,4.665;4.15,4.715;4.2,4.715;4.25,4.715;4.25,4.765;4.25,4.815;4.3,4.815;4.35,4.815;4.35,4.865;4.35,4.915;4.4,4.915;4.45,4.915;4.45,4.965;4.45,5.015;4.5,5.015;4.55,5.015;4.55,5.065;4.55,5.115;4.6,5.115;4.65,5.115;4.65,5.165;4.65,5.215;4.7,5.215;4.75,5.215;4.75,5.265;4.75,5.315;4.8,5.315;4.85,5.315;4.85,5.365;4.85,5.415;4.9,5.415;4.95,5.415;4.95,5.465;4.95,5.515;5.0,5.515;5.05,5.515;5.05,5.565;5.05,5.615;5.1,5.615;5.15,5.615;5.15,5.665;5.15,5.715;5.2,5.715;5.25,5.715;5.25,5.765;5.25,5.815;5.3,5.815;5.35,5.815;5.35,5.865;5.35,5.915;5.4,5.915;5.45,5.915;5.45,5.965;5.45,6.015;5.5,6.015;5.55,6.015;5.55,6.065;5.55,6.115;5.6,6.115;5.65,6.115;5.7,6.115;5.7,6.065;5.75,6.065;5.75,6.015;5.8,6.015;5.8,5.965;5.85,5.965;5.85,5.915;5.9,5.915;5.9,5.865;5.95,5.865;5.95,5.815;6.0,5.815;6.0,5.765;6.05,5.765;6.05,5.715;6.1,5.715;6.1,5.665;6.15,5.665;6.15,5.615;6.2,5.615;6.2,5.565;6.25,5.565;6.25,5.515;6.3,5.515;6.3,5.465;6.35,5.465;6.35,5.415;6.4,5.415;6.4,5.365;6.45,5.365;6.45,5.315;6.5,5.315;6.5,5.265;6.55,5.265;6.55,5.215;6.6,5.215;6.6,5.165;6.65,5.165;6.65,5.115;6.7,5.115;6.7,5.065;6.75,5.065;6.75,5.015;6.8,5.015;6.8,4.965;6.85,4.965;6.85,4.915;6.9,4.915;6.9,4.865;6.95,4.865;6.95,4.815;7.0,4.815;7.0,4.765;7.05,4.765;7.05,4.715;7.1,4.715;7.1,4.665;7.15,4.665;7.15,4.615;7.2,4.615;7.2,4.565;7.25,4.565;7.25,4.515;7.3,4.515;7.3,4.465;7.35,4.465;7.35,4.415;7.4,4.415;7.4,4.365;7.45,4.365;7.45,4.315;7.5,4.315;7.5,4.265;7.45,4.265;7.4,4.265;7.35,4.265;7.3,4.265;7.25,4.265;7.2,4.265;7.15,4.265;7.1,4.265;7.05,4.265;7.0,4.265;6.95,4.265;6.9,4.265;6.85,4.265;6.8,4.265;6.75,4.265;6.7,4.265;6.65,4.265;6.6,4.265;6.55,4.265;6.5,4.265;6.45,4.265;6.4,4.265;6.35,4.265;6.3,4.265;6.25,4.265;6.2,4.265;6.15,4.265;6.1,4.265;6.05,4.265;6.0,4.265;5.95,4.265;5.9,4.265;5.85,4.265;5.8,4.265;5.75,4.265;5.7,4.265;5.65,4.265;5.6,4.265;5.55,4.265;5.5,4.265;5.45,4.265;5.4,4.265;5.35,4.265;5.3,4.265;5.25,4.265;5.2,4.265;5.15,4.265;5.1,4.265;5.05,4.265;5.0,4.265;4.95,4.265;4.9,4.265;4.85,4.265;4.8,4.265;4.75,4.265;4.7,4.265;4.65,4.265;4.6,4.265;4.55,4.265;4.5,4.265;4.45,4.265",TRANSFERIDO
L4,L4_P_LB_c1_r1,L4_P_LB_c1_r1_T264,BEAM,L4_V004,L4_V004,2064.0,3.598355,6.22935,22.415412,"4.3,8.365;4.25,8.365;4.25,8.415;4.2,8.415;4.2,8.465;4.15,8.465;4.15,8.515;4.1,8.515;4.1,8.565;4.05,8.565;4.05,8.615;4.0,8.615;4.0,8.665;3.95,8.665;3.95,8.715;3.9,8.715;3.9,8.765;3.85,8.765;3.85,8.815;3.8,8.815;3.8,8.865;3.75,8.865;3.75,8.915;3.8,8.915;3.85,8.915;3.9,8.915;3.95,8.915;4.0,8.915;4.05,8.915;4.1,8.915;4.15,8.915;4.2,8.915;4.25,8.915;4.3,8.915;4.35,8.915;4.4,8.915;4.45,8.915;4.5,8.915;4.55,8.915;4.6,8.915;4.65,8.915;4.7,8.915;4.75,8.915;4.8,8.915;4.85,8.915;4.9,8.915;4.95,8.915;5.0,8.915;5.05,8.915;5.1,8.915;5.15,8.915;5.2,8.915;5.25,8.915;5.3,8.915;5.35,8.915;5.4,8.915;5.45,8.915;5.5,8.915;5.55,8.915;5.6,8.915;5.65,8.915;5.7,8.915;5.75,8.915;5.8,8.915;5.85,8.915;5.9,8.915;5.95,8.915;6.0,8.915;6.05,8.915;6.1,8.915;6.15,8.915;6.2,8.915;6.25,8.915;6.3,8.915;6.35,8.915;6.4,8.915;6.45,8.915;6.5,8.915;6.55,8.915;6.6,8.915;6.65,8.915;6.7,8.915;6.75,8.915;6.8,8.915;6.85,8.915;6.9,8.915;6.95,8.915;7.0,8.915;7.05,8.915;7.1,8.915;7.15,8.915;7.2,8.915;7.25,8.915;7.3,8.915;7.35,8.915;7.4,8.915;7.45,8.915;7.5,8.915;7.5,8.865;7.45,8.865;7.45,8.815;7.4,8.815;7.4,8.765;7.35,8.765;7.35,8.715;7.3,8.715;7.3,8.665;7.25,8.665;7.25,8.615;7.2,8.615;7.2,8.565;7.15,8.565;7.15,8.515;7.1,8.515;7.1,8.465;7.05,8.465;7.05,8.415;7.0,8.415;7.0,8.365;6.95,8.365;6.95,8.315;6.9,8.315;6.9,8.265;6.85,8.265;6.85,8.215;6.8,8.215;6.8,8.165;6.75,8.165;6.75,8.115;6.7,8.115;6.7,8.065;6.65,8.065;6.65,8.015;6.6,8.015;6.6,7.965;6.55,7.965;6.55,7.915;6.5,7.915;6.5,7.865;6.45,7.865;6.45,7.815;6.4,7.815;6.4,7.765;6.35,7.765;6.35,7.715;6.3,7.715;6.3,7.665;6.25,7.665;6.25,7.615;6.2,7.615;6.2,7.565;6.15,7.565;6.15,7.515;6.1,7.515;6.1,7.465;6.05,7.465;6.05,7.415;6.0,7.415;6.0,7.365;5.95,7.365;5.95,7.315;5.9,7.315;5.9,7.265;5.85,7.265;5.85,7.215;5.8,7.215;5.8,7.165;5.75,7.165;5.75,7.115;5.7,7.115;5.7,7.065;5.65,7.065;5.65,7.015;5.6,7.015;5.6,7.065;5.55,7.065;5.55,7.115;5.5,7.115;5.5,7.165;5.45,7.165;5.45,7.215;5.4,7.215;5.4,7.265;5.35,7.265;5.35,7.315;5.3,7.315;5.3,7.365;5.25,7.365;5.25,7.415;5.2,7.415;5.2,7.465;5.15,7.465;5.15,7.515;5.1,7.515;5.1,7.565;5.05,7.565;5.05,7.615;5.0,7.615;5.0,7.665;4.95,7.665;4.95,7.715;4.9,7.715;4.9,7.765;4.85,7.765;4.85,7.815;4.8,7.815;4.8,7.865;4.75,7.865;4.75,7.915;4.7,7.915;4.7,7.965;4.65,7.965;4.65,8.015;4.6,8.015;4.6,8.065;4.55,8.065;4.55,8.115;4.5,8.115;4.5,8.165;4.45,8.165;4.45,8.215;4.4,8.215;4.4,8.265;4.35,8.265;4.35,8.315;4.3,8.315",TRANSFERIDO
L4,L4_P_LB_c1_r1,L4_P_LB_c1_r1_T265,BEAM,L4_V010,L4_V010,2070.0,5.168274,6.22935,32.194989,"3.75,4.515;3.75,4.565;3.75,4.615;3.75,4.665;3.75,4.715;3.75,4.765;3.75,4.815;3.75,4.865;3.75,4.915;3.75,4.965;3.75,5.015;3.75,5.065;3.75,5.115;3.75,5.165;3.75,5.215;3.75,5.265;3.75,5.315;3.75,5.365;3.75,5.415;3.75,5.465;3.75,5.515;3.75,5.565;3.75,5.615;3.75,5.665;3.75,5.715;3.75,5.765;3.75,5.815;3.75,5.865;3.75,5.915;3.75,5.965;3.75,6.015;3.75,6.065;3.75,6.115;3.75,6.165;3.75,6.215;3.75,6.265;3.75,6.315;3.75,6.365;3.75,6.415;3.75,6.465;3.75,6.515;3.75,6.565;3.75,6.615;3.75,6.665;3.75,6.715;3.75,6.765;3.75,6.815;3.75,6.865;3.75,6.915;3.75,6.965;3.75,7.015;3.75,7.065;3.75,7.115;3.75,7.165;3.75,7.215;3.75,7.265;3.75,7.315;3.75,7.365;3.75,7.415;3.75,7.465;3.75,7.515;3.75,7.565;3.75,7.615;3.75,7.665;3.75,7.715;3.75,7.765;3.75,7.815;3.75,7.865;3.75,7.915;3.75,7.965;3.75,8.015;3.75,8.065;3.75,8.115;3.75,8.165;3.75,8.215;3.75,8.265;3.75,8.315;3.75,8.365;3.75,8.415;3.75,8.465;3.75,8.515;3.75,8.565;3.75,8.615;3.75,8.665;3.75,8.715;3.75,8.765;3.75,8.815;3.75,8.865;3.8,8.865;3.8,8.815;3.85,8.815;3.85,8.765;3.9,8.765;3.9,8.715;3.95,8.715;3.95,8.665;4.0,8.665;4.0,8.615;4.05,8.615;4.05,8.565;4.1,8.565;4.1,8.515;4.15,8.515;4.15,8.465;4.2,8.465;4.2,8.415;4.25,8.415;4.25,8.365;4.3,8.365;4.3,8.315;4.35,8.315;4.35,8.265;4.4,8.265;4.4,8.215;4.45,8.215;4.45,8.165;4.5,8.165;4.5,8.115;4.55,8.115;4.55,8.065;4.6,8.065;4.6,8.015;4.65,8.015;4.65,7.965;4.7,7.965;4.7,7.915;4.75,7.915;4.75,7.865;4.8,7.865;4.8,7.815;4.85,7.815;4.85,7.765;4.9,7.765;4.9,7.715;4.95,7.715;4.95,7.665;5.0,7.665;5.0,7.615;5.05,7.615;5.05,7.565;5.1,7.565;5.1,7.515;5.15,7.515;5.15,7.465;5.2,7.465;5.2,7.415;5.25,7.415;5.25,7.365;5.3,7.365;5.3,7.315;5.35,7.315;5.35,7.265;5.4,7.265;5.4,7.215;5.45,7.215;5.45,7.165;5.5,7.165;5.5,7.115;5.55,7.115;5.55,7.065;5.6,7.065;5.6,7.015;5.65,7.015;5.65,6.965;5.65,6.915;5.65,6.865;5.65,6.815;5.65,6.765;5.65,6.715;5.65,6.665;5.65,6.615;5.65,6.565;5.65,6.515;5.65,6.465;5.65,6.415;5.65,6.365;5.65,6.315;5.65,6.265;5.65,6.215;5.65,6.165;5.65,6.115;5.6,6.115;5.55,6.115;5.55,6.065;5.55,6.015;5.5,6.015;5.45,6.015;5.45,5.965;5.45,5.915;5.4,5.915;5.35,5.915;5.35,5.865;5.35,5.815;5.3,5.815;5.25,5.815;5.25,5.765;5.25,5.715;5.2,5.715;5.15,5.715;5.15,5.665;5.15,5.615;5.1,5.615;5.05,5.615;5.05,5.565;5.05,5.515;5.0,5.515;4.95,5.515;4.95,5.465;4.95,5.415;4.9,5.415;4.85,5.415;4.85,5.365;4.85,5.315;4.8,5.315;4.75,5.315;4.75,5.265;4.75,5.215;4.7,5.215;4.65,5.215;4.65,5.165;4.65,5.115;4.6,5.115;4.55,5.115;4.55,5.065;4.55,5.015;4.5,5.015;4.45,5.015;4.45,4.965;4.45,4.915;4.4,4.915;4.35,4.915;4.35,4.865;4.35,4.815;4.3,4.815;4.25,4.815;4.25,4.765;4.25,4.715;4.2,4.715;4.15,4.715;4.15,4.665;4.15,4.615;4.1,4.615;4.05,4.615;4.05,4.565;4.05,4.515;4.0,4.515;4.0,4.465;3.95,4.465;3.95,4.415;3.9,4.415;3.9,4.365;3.85,4.365;3.85,4.315;3.8,4.315;3.8,4.265;3.75,4.265;3.75,4.315;3.75,4.365;3.75,4.415;3.75,4.465",TRANSFERIDO
L4,L4_P_LB_c1_r1,L4_P_LB_c1_r1_T266,BEAM,L4_V014,L4_V014,2074.0,5.071089,6.22935,31.589586,"5.75,6.065;5.7,6.065;5.7,6.115;5.65,6.115;5.65,6.165;5.65,6.215;5.65,6.265;5.65,6.315;5.65,6.365;5.65,6.415;5.65,6.465;5.65,6.515;5.65,6.565;5.65,6.615;5.65,6.665;5.65,6.715;5.65,6.765;5.65,6.815;5.65,6.865;5.65,6.915;5.65,6.965;5.65,7.015;5.65,7.065;5.7,7.065;5.7,7.115;5.75,7.115;5.75,7.165;5.8,7.165;5.8,7.215;5.85,7.215;5.85,7.265;5.9,7.265;5.9,7.315;5.95,7.315;5.95,7.365;6.0,7.365;6.0,7.415;6.05,7.415;6.05,7.465;6.1,7.465;6.1,7.515;6.15,7.515;6.15,7.565;6.2,7.565;6.2,7.615;6.25,7.615;6.25,7.665;6.3,7.665;6.3,7.715;6.35,7.715;6.35,7.765;6.4,7.765;6.4,7.815;6.45,7.815;6.45,7.865;6.5,7.865;6.5,7.915;6.55,7.915;6.55,7.965;6.6,7.965;6.6,8.015;6.65,8.015;6.65,8.065;6.7,8.065;6.7,8.115;6.75,8.115;6.75,8.165;6.8,8.165;6.8,8.215;6.85,8.215;6.85,8.265;6.9,8.265;6.9,8.315;6.95,8.315;6.95,8.365;7.0,8.365;7.0,8.415;7.05,8.415;7.05,8.465;7.1,8.465;7.1,8.515;7.15,8.515;7.15,8.565;7.2,8.565;7.2,8.615;7.25,8.615;7.25,8.665;7.3,8.665;7.3,8.715;7.35,8.715;7.35,8.765;7.4,8.765;7.4,8.815;7.45,8.815;7.45,8.865;7.5,8.865;7.5,8.815;7.5,8.765;7.5,8.715;7.5,8.665;7.5,8.615;7.5,8.565;7.5,8.515;7.5,8.465;7.5,8.415;7.5,8.365;7.5,8.315;7.5,8.265;7.5,8.215;7.5,8.165;7.5,8.115;7.5,8.065;7.5,8.015;7.5,7.965;7.5,7.915;7.5,7.865;7.5,7.815;7.5,7.765;7.5,7.715;7.5,7.665;7.5,7.615;7.5,7.565;7.5,7.515;7.5,7.465;7.5,7.415;7.5,7.365;7.5,7.315;7.5,7.265;7.5,7.215;7.5,7.165;7.5,7.115;7.5,7.065;7.5,7.015;7.5,6.965;7.5,6.915;7.5,6.865;7.5,6.815;7.5,6.765;7.5,6.715;7.5,6.665;7.5,6.615;7.5,6.565;7.5,6.515;7.5,6.465;7.5,6.415;7.5,6.365;7.5,6.315;7.5,6.265;7.5,6.215;7.5,6.165;7.5,6.115;7.5,6.065;7.5,6.015;7.5,5.965;7.5,5.915;7.5,5.865;7.5,5.815;7.5,5.765;7.5,5.715;7.5,5.665;7.5,5.615;7.5,5.565;7.5,5.515;7.5,5.465;7.5,5.415;7.5,5.365;7.5,5.315;7.5,5.265;7.5,5.215;7.5,5.165;7.5,5.115;7.5,5.065;7.5,5.015;7.5,4.965;7.5,4.915;7.5,4.865;7.5,4.815;7.5,4.765;7.5,4.715;7.5,4.665;7.5,4.615;7.5,4.565;7.5,4.515;7.5,4.465;7.5,4.415;7.5,4.365;7.5,4.315;7.45,4.315;7.45,4.365;7.4,4.365;7.4,4.415;7.35,4.415;7.35,4.465;7.3,4.465;7.3,4.515;7.25,4.515;7.25,4.565;7.2,4.565;7.2,4.615;7.15,4.615;7.15,4.665;7.1,4.665;7.1,4.715;7.05,4.715;7.05,4.765;7.0,4.765;7.0,4.815;6.95,4.815;6.95,4.865;6.9,4.865;6.9,4.915;6.85,4.915;6.85,4.965;6.8,4.965;6.8,5.015;6.75,5.015;6.75,5.065;6.7,5.065;6.7,5.115;6.65,5.115;6.65,5.165;6.6,5.165;6.6,5.215;6.55,5.215;6.55,5.265;6.5,5.265;6.5,5.315;6.45,5.315;6.45,5.365;6.4,5.365;6.4,5.415;6.35,5.415;6.35,5.465;6.3,5.465;6.3,5.515;6.25,5.515;6.25,5.565;6.2,5.565;6.2,5.615;6.15,5.615;6.15,5.665;6.1,5.665;6.1,5.715;6.05,5.715;6.05,5.765;6.0,5.765;6.0,5.815;5.95,5.815;5.95,5.865;5.9,5.865;5.9,5.915;5.85,5.915;5.85,5.965;5.8,5.965;5.8,6.015;5.75,6.015",TRANSFERIDO
L4,L4_P_LB_c1_r2,L4_P_LB_c1_r2_T267,BEAM,L4_V004,L4_V004,2064.0,3.3233,6.22935,20.701999,"3.85,8.95;3.85,9.0;3.9,9.0;3.9,9.05;3.95,9.05;3.95,9.1;4.0,9.1;4.0,9.15;4.05,9.15;4.05,9.2;4.1,9.2;4.1,9.25;4.15,9.25;4.15,9.3;4.2,9.3;4.2,9.35;4.25,9.35;4.25,9.4;4.3,9.4;4.3,9.45;4.35,9.45;4.35,9.5;4.4,9.5;4.4,9.55;4.45,9.55;4.45,9.6;4.5,9.6;4.5,9.65;4.55,9.65;4.55,9.7;4.6,9.7;4.6,9.75;4.65,9.75;4.65,9.8;4.7,9.8;4.7,9.85;4.75,9.85;4.75,9.9;4.8,9.9;4.8,9.95;4.85,9.95;4.85,10.0;4.9,10.0;4.9,10.05;4.95,10.05;4.95,10.1;5.0,10.1;5.0,10.15;5.05,10.15;5.05,10.2;5.1,10.2;5.1,10.25;5.15,10.25;5.15,10.3;5.2,10.3;5.2,10.35;5.25,10.35;5.25,10.4;5.3,10.4;5.35,10.4;5.4,10.4;5.45,10.4;5.5,10.4;5.55,10.4;5.6,10.4;5.65,10.4;5.7,10.4;5.75,10.4;5.8,10.4;5.85,10.4;5.9,10.4;5.95,10.4;6.0,10.4;6.0,10.35;6.05,10.35;6.05,10.3;6.1,10.3;6.1,10.25;6.15,10.25;6.15,10.2;6.2,10.2;6.2,10.15;6.25,10.15;6.25,10.1;6.3,10.1;6.3,10.05;6.35,10.05;6.35,10.0;6.4,10.0;6.4,9.95;6.45,9.95;6.45,9.9;6.5,9.9;6.5,9.85;6.55,9.85;6.55,9.8;6.6,9.8;6.6,9.75;6.65,9.75;6.65,9.7;6.7,9.7;6.75,9.7;6.75,9.65;6.8,9.65;6.8,9.6;6.85,9.6;6.85,9.55;6.9,9.55;6.9,9.5;6.95,9.5;6.95,9.45;7.0,9.45;7.0,9.4;7.05,9.4;7.05,9.35;7.1,9.35;7.1,9.3;7.15,9.3;7.15,9.25;7.2,9.25;7.2,9.2;7.25,9.2;7.25,9.15;7.3,9.15;7.3,9.1;7.35,9.1;7.35,9.05;7.4,9.05;7.4,9.0;7.45,9.0;7.45,8.95;7.5,8.95;7.5,8.9;7.45,8.9;7.4,8.9;7.35,8.9;7.3,8.9;7.25,8.9;7.2,8.9;7.15,8.9;7.1,8.9;7.05,8.9;7.0,8.9;6.95,8.9;6.9,8.9;6.85,8.9;6.8,8.9;6.75,8.9;6.7,8.9;6.65,8.9;6.6,8.9;6.55,8.9;6.5,8.9;6.45,8.9;6.4,8.9;6.35,8.9;6.3,8.9;6.25,8.9;6.2,8.9;6.15,8.9;6.1,8.9;6.05,8.9;6.0,8.9;5.95,8.9;5.9,8.9;5.85,8.9;5.8,8.9;5.75,8.9;5.7,8.9;5.65,8.9;5.6,8.9;5.55,8.9;5.5,8.9;5.45,8.9;5.4,8.9;5.35,8.9;5.3,8.9;5.25,8.9;5.2,8.9;5.15,8.9;5.1,8.9;5.05,8.9;5.0,8.9;4.95,8.9;4.9,8.9;4.85,8.9;4.8,8.9;4.75,8.9;4.7,8.9;4.65,8.9;4.6,8.9;4.55,8.9;4.5,8.9;4.45,8.9;4.4,8.9;4.35,8.9;4.3,8.9;4.25,8.9;4.2,8.9;4.15,8.9;4.1,8.9;4.05,8.9;4.0,8.9;3.95,8.9;3.9,8.9;3.85,8.9;3.8,8.9;3.8,8.95",TRANSFERIDO
L4,L4_P_LB_c1_r2,L4_P_LB_c1_r2_T268,BEAM,L4_V30_04,L4_V30_04,2096.0,3.43275,6.22935,21.383801,"4.25,11.35;4.25,11.4;4.2,11.4;4.2,11.45;4.15,11.45;4.15,11.5;4.1,11.5;4.1,11.55;4.05,11.55;4.05,11.6;4.0,11.6;4.0,11.65;3.95,11.65;3.95,11.7;3.9,11.7;3.9,11.75;3.85,11.75;3.85,11.8;3.8,11.8;3.8,11.85;3.75,11.85;3.75,11.9;3.8,11.9;3.85,11.9;3.9,11.9;3.95,11.9;4.0,11.9;4.05,11.9;4.1,11.9;4.15,11.9;4.2,11.9;4.25,11.9;4.3,11.9;4.35,11.9;4.4,11.9;4.45,11.9;4.5,11.9;4.55,11.9;4.6,11.9;4.65,11.9;4.7,11.9;4.75,11.9;4.8,11.9;4.85,11.9;4.9,11.9;4.95,11.9;5.0,11.9;5.05,11.9;5.1,11.9;5.15,11.9;5.2,11.9;5.25,11.9;5.3,11.9;5.35,11.9;5.4,11.9;5.45,11.9;5.5,11.9;5.55,11.9;5.6,11.9;5.65,11.9;5.7,11.9;5.75,11.9;5.8,11.9;5.85,11.9;5.9,11.9;5.95,11.9;6.0,11.9;6.05,11.9;6.1,11.9;6.15,11.9;6.2,11.9;6.25,11.9;6.3,11.9;6.35,11.9;6.4,11.9;6.45,11.9;6.5,11.9;6.55,11.9;6.6,11.9;6.65,11.9;6.7,11.9;6.75,11.9;6.8,11.9;6.85,11.9;6.9,11.9;6.95,11.9;7.0,11.9;7.05,11.9;7.1,11.9;7.15,11.9;7.2,11.9;7.25,11.9;7.3,11.9;7.35,11.9;7.4,11.9;7.45,11.9;7.5,11.9;7.5,11.85;7.45,11.85;7.45,11.8;7.4,11.8;7.4,11.75;7.35,11.75;7.35,11.7;7.3,11.7;7.3,11.65;7.25,11.65;7.25,11.6;7.2,11.6;7.2,11.55;7.15,11.55;7.15,11.5;7.1,11.5;7.1,11.45;7.05,11.45;7.05,11.4;7.0,11.4;7.0,11.35;6.95,11.35;6.95,11.3;6.9,11.3;6.9,11.25;6.85,11.25;6.85,11.2;6.8,11.2;6.8,11.15;6.75,11.15;6.75,11.1;6.7,11.1;6.7,11.05;6.65,11.05;6.65,11.0;6.6,11.0;6.6,10.95;6.55,10.95;6.55,10.9;6.5,10.9;6.5,10.85;6.45,10.85;6.45,10.8;6.4,10.8;6.4,10.75;6.35,10.75;6.35,10.7;6.3,10.7;6.3,10.65;6.25,10.65;6.25,10.6;6.2,10.6;6.2,10.55;6.15,10.55;6.15,10.5;6.1,10.5;6.1,10.45;6.05,10.45;6.05,10.4;6.0,10.4;5.95,10.4;5.9,10.4;5.85,10.4;5.8,10.4;5.75,10.4;5.7,10.4;5.65,10.4;5.6,10.4;5.55,10.4;5.5,10.4;5.45,10.4;5.4,10.4;5.35,10.4;5.3,10.4;5.25,10.4;5.2,10.4;5.2,10.45;5.15,10.45;5.15,10.5;5.1,10.5;5.1,10.55;5.05,10.55;5.05,10.6;5.0,10.6;5.0,10.65;4.95,10.65;4.95,10.7;4.9,10.7;4.9,10.75;4.85,10.75;4.85,10.8;4.8,10.8;4.8,10.85;4.75,10.85;4.75,10.9;4.7,10.9;4.7,10.95;4.65,10.95;4.65,11.0;4.6,11.0;4.6,11.05;4.55,11.05;4.55,11.1;4.5,11.1;4.5,11.15;4.45,11.15;4.45,11.2;4.4,11.2;4.4,11.25;4.35,11.25;4.35,11.3;4.3,11.3;4.3,11.35",TRANSFERIDO
L4,L4_P_LB_c1_r2,L4_P_LB_c1_r2_T269,BEAM,L4_V011,L4_V011,2071.0,2.23875,6.22935,13.945957,"3.75,9.25;3.75,9.3;3.75,9.35;3.75,9.4;3.75,9.45;3.75,9.5;3.75,9.55;3.75,9.6;3.75,9.65;3.75,9.7;3.75,9.75;3.75,9.8;3.75,9.85;3.75,9.9;3.75,9.95;3.75,10.0;3.75,10.05;3.75,10.1;3.75,10.15;3.75,10.2;3.75,10.25;3.75,10.3;3.75,10.35;3.75,10.4;3.75,10.45;3.75,10.5;3.75,10.55;3.75,10.6;3.75,10.65;3.75,10.7;3.75,10.75;3.75,10.8;3.75,10.85;3.75,10.9;3.75,10.95;3.75,11.0;3.75,11.05;3.75,11.1;3.75,11.15;3.75,11.2;3.75,11.25;3.75,11.3;3.75,11.35;3.75,11.4;3.75,11.45;3.75,11.5;3.75,11.55;3.75,11.6;3.75,11.65;3.75,11.7;3.75,11.75;3.75,11.8;3.75,11.85;3.8,11.85;3.8,11.8;3.85,11.8;3.85,11.75;3.9,11.75;3.9,11.7;3.95,11.7;3.95,11.65;4.0,11.65;4.0,11.6;4.05,11.6;4.05,11.55;4.1,11.55;4.1,11.5;4.15,11.5;4.15,11.45;4.2,11.45;4.2,11.4;4.25,11.4;4.25,11.35;4.3,11.35;4.3,11.3;4.35,11.3;4.35,11.25;4.4,11.25;4.4,11.2;4.45,11.2;4.45,11.15;4.5,11.15;4.5,11.1;4.55,11.1;4.55,11.05;4.6,11.05;4.6,11.0;4.65,11.0;4.65,10.95;4.7,10.95;4.7,10.9;4.75,10.9;4.75,10.85;4.8,10.85;4.8,10.8;4.85,10.8;4.85,10.75;4.9,10.75;4.9,10.7;4.95,10.7;4.95,10.65;5.0,10.65;5.0,10.6;5.05,10.6;5.05,10.55;5.1,10.55;5.1,10.5;5.15,10.5;5.15,10.45;5.2,10.45;5.2,10.4;5.25,10.4;5.25,10.35;5.2,10.35;5.2,10.3;5.15,10.3;5.15,10.25;5.1,10.25;5.1,10.2;5.05,10.2;5.05,10.15;5.0,10.15;5.0,10.1;4.95,10.1;4.95,10.05;4.9,10.05;4.9,10.0;4.85,10.0;4.85,9.95;4.8,9.95;4.8,9.9;4.75,9.9;4.75,9.85;4.7,9.85;4.7,9.8;4.65,9.8;4.65,9.75;4.6,9.75;4.6,9.7;4.55,9.7;4.55,9.65;4.5,9.65;4.5,9.6;4.45,9.6;4.45,9.55;4.4,9.55;4.4,9.5;4.35,9.5;4.35,9.45;4.3,9.45;4.3,9.4;4.25,9.4;4.25,9.35;4.2,9.35;4.2,9.3;4.15,9.3;4.15,9.25;4.1,9.25;4.1,9.2;4.05,9.2;4.05,9.15;4.0,9.15;4.0,9.1;3.95,9.1;3.95,9.05;3.9,9.05;3.9,9.0;3.85,9.0;3.85,8.95;3.8,8.95;3.8,8.9;3.75,8.9;3.75,8.95;3.75,9.0;3.75,9.05;3.75,9.1;3.75,9.15;3.75,9.2",TRANSFERIDO
L4,L4_P_LB_c1_r2,L4_P_LB_c1_r2_T270,BEAM,L4_V015,L4_V015,2075.0,2.19895,6.22935,13.698029,"6.3,10.1;6.25,10.1;6.25,10.15;6.2,10.15;6.2,10.2;6.15,10.2;6.15,10.25;6.1,10.25;6.1,10.3;6.05,10.3;6.05,10.35;6.0,10.35;6.0,10.4;6.05,10.4;6.05,10.45;6.1,10.45;6.1,10.5;6.15,10.5;6.15,10.55;6.2,10.55;6.2,10.6;6.25,10.6;6.25,10.65;6.3,10.65;6.3,10.7;6.35,10.7;6.35,10.75;6.4,10.75;6.4,10.8;6.45,10.8;6.45,10.85;6.5,10.85;6.5,10.9;6.55,10.9;6.55,10.95;6.6,10.95;6.6,11.0;6.65,11.0;6.65,11.05;6.7,11.05;6.7,11.1;6.75,11.1;6.75,11.15;6.8,11.15;6.8,11.2;6.85,11.2;6.85,11.25;6.9,11.25;6.9,11.3;6.95,11.3;6.95,11.35;7.0,11.35;7.0,11.4;7.05,11.4;7.05,11.45;7.1,11.45;7.1,11.5;7.15,11.5;7.15,11.55;7.2,11.55;7.2,11.6;7.25,11.6;7.25,11.65;7.3,11.65;7.3,11.7;7.35,11.7;7.35,11.75;7.4,11.75;7.4,11.8;7.45,11.8;7.45,11.85;7.5,11.85;7.5,11.8;7.5,11.75;7.5,11.7;7.5,11.65;7.5,11.6;7.5,11.55;7.5,11.5;7.5,11.45;7.5,11.4;7.5,11.35;7.5,11.3;7.5,11.25;7.5,11.2;7.5,11.15;7.5,11.1;7.5,11.05;7.5,11.0;7.5,10.95;7.5,10.9;7.5,10.85;7.5,10.8;7.5,10.75;7.5,10.7;7.5,10.65;7.5,10.6;7.5,10.55;7.5,10.5;7.5,10.45;7.5,10.4;7.5,10.35;7.5,10.3;7.5,10.25;7.5,10.2;7.5,10.15;7.5,10.1;7.5,10.05;7.5,10.0;7.5,9.95;7.5,9.9;7.5,9.85;7.5,9.8;7.5,9.75;7.5,9.7;7.5,9.65;7.5,9.6;7.5,9.55;7.5,9.5;7.5,9.45;7.5,9.4;7.5,9.35;7.5,9.3;7.5,9.25;7.5,9.2;7.5,9.15;7.5,9.1;7.5,9.05;7.5,9.0;7.5,8.95;7.45,8.95;7.45,9.0;7.4,9.0;7.4,9.05;7.35,9.05;7.35,9.1;7.3,9.1;7.3,9.15;7.25,9.15;7.25,9.2;7.2,9.2;7.2,9.25;7.15,9.25;7.15,9.3;7.1,9.3;7.1,9.35;7.05,9.35;7.05,9.4;7.0,9.4;7.0,9.45;6.95,9.45;6.95,9.5;6.9,9.5;6.9,9.55;6.85,9.55;6.85,9.6;6.8,9.6;6.8,9.65;6.75,9.65;6.75,9.7;6.7,9.7;6.65,9.7;6.65,9.75;6.6,9.75;6.6,9.8;6.55,9.8;6.55,9.85;6.5,9.85;6.5,9.9;6.45,9.9;6.45,9.95;6.4,9.95;6.4,10.0;6.35,10.0;6.35,10.05;6.3,10.05",TRANSFERIDO
L4,L4_P_LB_c1_r3,L4_P_LB_c1_r3_T271,BEAM,L4_V30_04,L4_V30_04,2096.0,3.474721,6.22935,21.645251,"3.85,11.935;3.85,11.985;3.9,11.985;3.9,12.035;3.95,12.035;3.95,12.085;4.0,12.085;4.0,12.135;4.05,12.135;4.05,12.185;4.1,12.185;4.1,12.235;4.15,12.235;4.15,12.285;4.2,12.285;4.2,12.335;4.25,12.335;4.25,12.385;4.3,12.385;4.3,12.435;4.35,12.435;4.35,12.485;4.4,12.485;4.4,12.535;4.45,12.535;4.45,12.585;4.5,12.585;4.5,12.635;4.55,12.635;4.55,12.685;4.6,12.685;4.6,12.735;4.65,12.735;4.65,12.785;4.7,12.785;4.7,12.835;4.75,12.835;4.75,12.885;4.8,12.885;4.8,12.935;4.85,12.935;4.85,12.985;4.9,12.985;4.9,13.035;4.95,13.035;4.95,13.085;5.0,13.085;5.0,13.135;5.05,13.135;5.05,13.185;5.1,13.185;5.1,13.235;5.15,13.235;5.15,13.285;5.2,13.285;5.2,13.335;5.25,13.335;5.25,13.385;5.3,13.385;5.3,13.435;5.35,13.435;5.35,13.485;5.4,13.485;5.4,13.535;5.45,13.535;5.45,13.585;5.5,13.585;5.5,13.635;5.55,13.635;5.55,13.685;5.6,13.685;5.6,13.735;5.65,13.735;5.65,13.685;5.7,13.685;5.7,13.635;5.75,13.635;5.75,13.585;5.8,13.585;5.8,13.535;5.85,13.535;5.85,13.485;5.9,13.485;5.9,13.435;5.95,13.435;5.95,13.385;6.0,13.385;6.0,13.335;6.05,13.335;6.05,13.285;6.1,13.285;6.1,13.235;6.15,13.235;6.15,13.185;6.2,13.185;6.2,13.135;6.25,13.135;6.25,13.085;6.3,13.085;6.3,13.035;6.35,13.035;6.35,12.985;6.4,12.985;6.4,12.935;6.45,12.935;6.45,12.885;6.5,12.885;6.5,12.835;6.55,12.835;6.55,12.785;6.6,12.785;6.6,12.735;6.65,12.735;6.65,12.685;6.7,12.685;6.75,12.685;6.75,12.635;6.8,12.635;6.8,12.585;6.85,12.585;6.85,12.535;6.9,12.535;6.9,12.485;6.95,12.485;6.95,12.435;7.0,12.435;7.0,12.385;7.05,12.385;7.05,12.335;7.1,12.335;7.1,12.285;7.15,12.285;7.15,12.235;7.2,12.235;7.2,12.185;7.25,12.185;7.25,12.135;7.3,12.135;7.3,12.085;7.35,12.085;7.35,12.035;7.4,12.035;7.4,11.985;7.45,11.985;7.45,11.935;7.5,11.935;7.5,11.885;7.45,11.885;7.4,11.885;7.35,11.885;7.3,11.885;7.25,11.885;7.2,11.885;7.15,11.885;7.1,11.885;7.05,11.885;7.0,11.885;6.95,11.885;6.9,11.885;6.85,11.885;6.8,11.885;6.75,11.885;6.7,11.885;6.65,11.885;6.6,11.885;6.55,11.885;6.5,11.885;6.45,11.885;6.4,11.885;6.35,11.885;6.3,11.885;6.25,11.885;6.2,11.885;6.15,11.885;6.1,11.885;6.05,11.885;6.0,11.885;5.95,11.885;5.9,11.885;5.85,11.885;5.8,11.885;5.75,11.885;5.7,11.885;5.65,11.885;5.6,11.885;5.55,11.885;5.5,11.885;5.45,11.885;5.4,11.885;5.35,11.885;5.3,11.885;5.25,11.885;5.2,11.885;5.15,11.885;5.1,11.885;5.05,11.885;5.0,11.885;4.95,11.885;4.9,11.885;4.85,11.885;4.8,11.885;4.75,11.885;4.7,11.885;4.65,11.885;4.6,11.885;4.55,11.885;4.5,11.885;4.45,11.885;4.4,11.885;4.35,11.885;4.3,11.885;4.25,11.885;4.2,11.885;4.15,11.885;4.1,11.885;4.05,11.885;4.0,11.885;3.95,11.885;3.9,11.885;3.85,11.885;3.8,11.885;3.8,11.935",TRANSFERIDO
L4,L4_P_LB_c1_r3,L4_P_LB_c1_r3_T272,BEAM,L4_V007,L4_V007,2067.0,3.434579,6.22935,21.395197,"3.85,16.085;3.8,16.085;3.8,16.085;3.8,16.135;3.8,16.135;7.45,16.135;7.45,16.135;7.45,16.085;7.45,16.085;7.4,16.085;7.4,16.035;7.4,16.035;7.35,16.035;7.35,15.985;7.35,15.985;7.3,15.985;7.3,15.935;7.3,15.935;7.25,15.935;7.25,15.885;7.25,15.885;7.2,15.885;7.2,15.835;7.2,15.835;7.15,15.835;7.15,15.785;7.15,15.785;7.1,15.785;7.1,15.735;7.1,15.735;7.05,15.735;7.05,15.685;7.05,15.685;7.0,15.685;7.0,15.635;7.0,15.635;6.95,15.635;6.95,15.585;6.95,15.585;6.9,15.585;6.9,15.535;6.9,15.535;6.85,15.535;6.85,15.485;6.85,15.485;6.8,15.485;6.8,15.435;6.8,15.435;6.75,15.435;6.75,15.385;6.75,15.385;6.7,15.385;6.7,15.335;6.7,15.335;6.65,15.335;6.65,15.285;6.65,15.285;6.6,15.285;6.6,15.235;6.6,15.235;6.55,15.235;6.55,15.185;6.55,15.185;6.5,15.185;6.5,15.135;6.5,15.135;6.45,15.135;6.45,15.085;6.45,15.085;6.4,15.085;6.4,15.035;6.4,15.035;6.35,15.035;6.35,14.985;6.35,14.985;6.3,14.985;6.3,14.935;6.3,14.935;6.25,14.935;6.25,14.885;6.25,14.885;6.2,14.885;6.2,14.835;6.2,14.835;6.15,14.835;6.15,14.785;6.15,14.785;6.1,14.785;6.1,14.735;6.1,14.735;6.05,14.735;6.05,14.685;6.05,14.685;6.0,14.685;6.0,14.635;6.0,14.635;5.95,14.635;5.95,14.585;5.95,14.585;5.9,14.585;5.9,14.535;5.9,14.535;5.85,14.535;5.85,14.485;5.85,14.485;5.8,14.485;5.8,14.435;5.8,14.435;5.75,14.435;5.75,14.385;5.75,14.385;5.7,14.385;5.7,14.335;5.7,14.335;5.65,14.335;5.65,14.285;5.65,14.285;5.6,14.285;5.6,14.285;5.6,14.335;5.55,14.335;5.55,14.335;5.55,14.385;5.5,14.385;5.5,14.385;5.5,14.435;5.45,14.435;5.45,14.435;5.45,14.485;5.4,14.485;5.4,14.485;5.4,14.535;5.35,14.535;5.35,14.535;5.35,14.585;5.3,14.585;5.3,14.585;5.3,14.635;5.25,14.635;5.25,14.635;5.25,14.685;5.2,14.685;5.2,14.685;5.2,14.735;5.15,14.735;5.15,14.735;5.15,14.785;5.1,14.785;5.1,14.785;5.1,14.835;5.05,14.835;5.05,14.835;5.05,14.885;5.0,14.885;5.0,14.885;5.0,14.935;4.95,14.935;4.95,14.935;4.95,14.985;4.9,14.985;4.9,14.985;4.9,15.035;4.85,15.035;4.85,15.035;4.85,15.085;4.8,15.085;4.8,15.085;4.8,15.135;4.75,15.135;4.75,15.135;4.75,15.185;4.7,15.185;4.7,15.185;4.7,15.235;4.65,15.235;4.65,15.235;4.65,15.285;4.6,15.285;4.6,15.285;4.6,15.335;4.55,15.335;4.55,15.335;4.55,15.385;4.5,15.385;4.5,15.385;4.5,15.435;4.45,15.435;4.45,15.435;4.45,15.485;4.4,15.485;4.4,15.485;4.4,15.535;4.35,15.535;4.35,15.535;4.35,15.585;4.3,15.585;4.3,15.585;4.3,15.635;4.25,15.635;4.25,15.635;4.25,15.685;4.2,15.685;4.2,15.685;4.2,15.735;4.15,15.735;4.15,15.735;4.15,15.785;4.1,15.785;4.1,15.785;4.1,15.835;4.05,15.835;4.05,15.835;4.05,15.885;4.0,15.885;4.0,15.885;4.0,15.935;3.95,15.935;3.95,15.935;3.95,15.985;3.9,15.985;3.9,15.985;3.9,16.035;3.85,16.035;3.85,16.035",TRANSFERIDO
L4,L4_P_LB_c1_r3,L4_P_LB_c1_r3_T273,BEAM,L4_V012,L4_V012,2072.0,4.576094,6.22935,28.506092,"3.75,16.035;3.75,16.085;3.75,16.135;3.75,16.135;3.8,16.135;3.8,16.135;3.8,16.085;3.85,16.085;3.85,16.085;3.85,16.035;3.9,16.035;3.9,16.035;3.9,15.985;3.95,15.985;3.95,15.985;3.95,15.935;4.0,15.935;4.0,15.935;4.0,15.885;4.05,15.885;4.05,15.885;4.05,15.835;4.1,15.835;4.1,15.835;4.1,15.785;4.15,15.785;4.15,15.785;4.15,15.735;4.2,15.735;4.2,15.735;4.2,15.685;4.25,15.685;4.25,15.685;4.25,15.635;4.3,15.635;4.3,15.635;4.3,15.585;4.35,15.585;4.35,15.585;4.35,15.535;4.4,15.535;4.4,15.535;4.4,15.485;4.45,15.485;4.45,15.485;4.45,15.435;4.5,15.435;4.5,15.435;4.5,15.385;4.55,15.385;4.55,15.385;4.55,15.335;4.6,15.335;4.6,15.335;4.6,15.285;4.65,15.285;4.65,15.285;4.65,15.235;4.7,15.235;4.7,15.235;4.7,15.185;4.75,15.185;4.75,15.185;4.75,15.135;4.8,15.135;4.8,15.135;4.8,15.085;4.85,15.085;4.85,15.085;4.85,15.035;4.9,15.035;4.9,15.035;4.9,14.985;4.95,14.985;4.95,14.985;4.95,14.935;5.0,14.935;5.0,14.935;5.0,14.885;5.05,14.885;5.05,14.885;5.05,14.835;5.1,14.835;5.1,14.835;5.1,14.785;5.15,14.785;5.15,14.785;5.15,14.735;5.2,14.735;5.2,14.735;5.2,14.685;5.25,14.685;5.25,14.685;5.25,14.635;5.3,14.635;5.3,14.635;5.3,14.585;5.35,14.585;5.35,14.585;5.35,14.535;5.4,14.535;5.4,14.535;5.4,14.485;5.45,14.485;5.45,14.485;5.45,14.435;5.5,14.435;5.5,14.435;5.5,14.385;5.55,14.385;5.55,14.385;5.55,14.335;5.6,14.335;5.6,14.335;5.6,14.285;5.65,14.285;5.65,14.285;5.65,13.735;5.65,13.735;5.6,13.735;5.6,13.685;5.6,13.685;5.55,13.685;5.55,13.635;5.55,13.635;5.5,13.635;5.5,13.585;5.5,13.585;5.45,13.585;5.45,13.535;5.45,13.535;5.4,13.535;5.4,13.485;5.4,13.485;5.35,13.485;5.35,13.435;5.35,13.435;5.3,13.435;5.3,13.385;5.3,13.385;5.25,13.385;5.25,13.335;5.25,13.335;5.2,13.335;5.2,13.285;5.2,13.285;5.15,13.285;5.15,13.235;5.15,13.235;5.1,13.235;5.1,13.185;5.1,13.185;5.05,13.185;5.05,13.135;5.05,13.135;5.0,13.135;5.0,13.085;5.0,13.085;4.95,13.085;4.95,13.035;4.95,13.035;4.9,13.035;4.9,12.985;4.9,12.985;4.85,12.985;4.85,12.935;4.85,12.935;4.8,12.935;4.8,12.885;4.8,12.885;4.75,12.885;4.75,12.835;4.75,12.835;4.7,12.835;4.7,12.785;4.7,12.785;4.65,12.785;4.65,12.735;4.65,12.735;4.6,12.735;4.6,12.685;4.6,12.685;4.55,12.685;4.55,12.635;4.55,12.635;4.5,12.635;4.5,12.585;4.5,12.585;4.45,12.585;4.45,12.535;4.45,12.535;4.4,12.535;4.4,12.485;4.4,12.485;4.35,12.485;4.35,12.435;4.35,12.435;4.3,12.435;4.3,12.385;4.3,12.385;4.25,12.385;4.25,12.335;4.25,12.335;4.2,12.335;4.2,12.285;4.2,12.285;4.15,12.285;4.15,12.235;4.15,12.235;4.1,12.235;4.1,12.185;4.1,12.185;4.05,12.185;4.05,12.135;4.05,12.135;4.0,12.135;4.0,12.085;4.0,12.085;3.95,12.085;3.95,12.035;3.95,12.035;3.9,12.035;3.9,11.985;3.9,11.985;3.85,11.985;3.85,11.935;3.85,11.935;3.8,11.935;3.8,11.885;3.8,11.885;3.75,11.885;3.75,11.885",TRANSFERIDO
L4,L4_P_LB_c1_r3,L4_P_LB_c1_r3_T274,BEAM,L4_V016,L4_V016,2076.0,4.508356,6.22935,28.084127,"5.75,13.635;5.7,13.635;5.7,13.635;5.7,13.685;5.65,13.685;5.65,13.685;5.65,14.335;5.65,14.335;5.7,14.335;5.7,14.385;5.7,14.385;5.75,14.385;5.75,14.435;5.75,14.435;5.8,14.435;5.8,14.485;5.8,14.485;5.85,14.485;5.85,14.535;5.85,14.535;5.9,14.535;5.9,14.585;5.9,14.585;5.95,14.585;5.95,14.635;5.95,14.635;6.0,14.635;6.0,14.685;6.0,14.685;6.05,14.685;6.05,14.735;6.05,14.735;6.1,14.735;6.1,14.785;6.1,14.785;6.15,14.785;6.15,14.835;6.15,14.835;6.2,14.835;6.2,14.885;6.2,14.885;6.25,14.885;6.25,14.935;6.25,14.935;6.3,14.935;6.3,14.985;6.3,14.985;6.35,14.985;6.35,15.035;6.35,15.035;6.4,15.035;6.4,15.085;6.4,15.085;6.45,15.085;6.45,15.135;6.45,15.135;6.5,15.135;6.5,15.185;6.5,15.185;6.55,15.185;6.55,15.235;6.55,15.235;6.6,15.235;6.6,15.285;6.6,15.285;6.65,15.285;6.65,15.335;6.65,15.335;6.7,15.335;6.7,15.385;6.7,15.385;6.75,15.385;6.75,15.435;6.75,15.435;6.8,15.435;6.8,15.485;6.8,15.485;6.85,15.485;6.85,15.535;6.85,15.535;6.9,15.535;6.9,15.585;6.9,15.585;6.95,15.585;6.95,15.635;6.95,15.635;7.0,15.635;7.0,15.685;7.0,15.685;7.05,15.685;7.05,15.735;7.05,15.735;7.1,15.735;7.1,15.785;7.1,15.785;7.15,15.785;7.15,15.835;7.15,15.835;7.2,15.835;7.2,15.885;7.2,15.885;7.25,15.885;7.25,15.935;7.25,15.935;7.3,15.935;7.3,15.985;7.3,15.985;7.35,15.985;7.35,16.035;7.35,16.035;7.4,16.035;7.4,16.085;7.4,16.085;7.45,16.085;7.45,16.135;7.45,16.135;7.5,16.135;7.5,16.135;7.5,16.085;7.5,16.035;7.5,11.935;7.5,11.935;7.45,11.935;7.45,11.935;7.45,11.985;7.4,11.985;7.4,11.985;7.4,12.035;7.35,12.035;7.35,12.035;7.35,12.085;7.3,12.085;7.3,12.085;7.3,12.135;7.25,12.135;7.25,12.135;7.25,12.185;7.2,12.185;7.2,12.185;7.2,12.235;7.15,12.235;7.15,12.235;7.15,12.285;7.1,12.285;7.1,12.285;7.1,12.335;7.05,12.335;7.05,12.335;7.05,12.385;7.0,12.385;7.0,12.385;7.0,12.435;6.95,12.435;6.95,12.435;6.95,12.485;6.9,12.485;6.9,12.485;6.9,12.535;6.85,12.535;6.85,12.535;6.85,12.585;6.8,12.585;6.8,12.585;6.8,12.635;6.75,12.635;6.75,12.635;6.75,12.685;6.65,12.685;6.65,12.685;6.65,12.735;6.6,12.735;6.6,12.735;6.6,12.785;6.55,12.785;6.55,12.785;6.55,12.835;6.5,12.835;6.5,12.835;6.5,12.885;6.45,12.885;6.45,12.885;6.45,12.935;6.4,12.935;6.4,12.935;6.4,12.985;6.35,12.985;6.35,12.985;6.35,13.035;6.3,13.035;6.3,13.035;6.3,13.085;6.25,13.085;6.25,13.085;6.25,13.135;6.2,13.135;6.2,13.135;6.2,13.185;6.15,13.185;6.15,13.185;6.15,13.235;6.1,13.235;6.1,13.235;6.1,13.285;6.05,13.285;6.05,13.285;6.05,13.335;6.0,13.335;6.0,13.335;6.0,13.385;5.95,13.385;5.95,13.385;5.95,13.435;5.9,13.435;5.9,13.435;5.9,13.485;5.85,13.485;5.85,13.485;5.85,13.535;5.8,13.535;5.8,13.535;5.8,13.585;5.75,13.585;5.75,13.585",TRANSFERIDO
L4,L4_P_LB_c2_r0,L4_P_LB_c2_r0_T275,BEAM,L4_V003,L4_V003,2063.0,3.532424,6.22935,22.004703,"7.55,0.05;7.55,0.1;7.55,0.1;7.65,0.1;7.65,0.15;7.65,0.15;7.7,0.15;7.7,0.2;7.7,0.2;7.75,0.2;7.75,0.25;7.75,0.25;7.8,0.25;7.8,0.3;7.8,0.3;7.85,0.3;7.85,0.35;7.85,0.35;7.9,0.35;7.9,0.4;7.9,0.4;7.95,0.4;7.95,0.45;7.95,0.45;8.0,0.45;8.0,0.5;8.0,0.5;8.05,0.5;8.05,0.55;8.05,0.55;8.1,0.55;8.1,0.6;8.1,0.6;8.15,0.6;8.15,0.65;8.15,0.65;8.2,0.65;8.2,0.7;8.2,0.7;8.25,0.7;8.25,0.75;8.25,0.75;8.3,0.75;8.3,0.8;8.3,0.8;8.35,0.8;8.35,0.85;8.35,0.85;8.4,0.85;8.4,0.9;8.4,0.9;8.45,0.9;8.45,0.95;8.45,0.95;8.5,0.95;8.5,1.0;8.5,1.0;8.55,1.0;8.55,1.05;8.55,1.05;8.6,1.05;8.6,1.1;8.6,1.1;8.65,1.1;8.65,1.15;8.65,1.15;8.7,1.15;8.7,1.2;8.7,1.2;8.75,1.2;8.75,1.25;8.75,1.25;8.8,1.25;8.8,1.3;8.8,1.3;8.85,1.3;8.85,1.35;8.85,1.35;8.9,1.35;8.9,1.4;8.9,1.4;8.95,1.4;8.95,1.45;8.95,1.45;9.0,1.45;9.0,1.5;9.0,1.5;9.05,1.5;9.05,1.55;9.05,1.55;9.1,1.55;9.1,1.6;9.1,1.6;9.15,1.6;9.15,1.65;9.15,1.65;9.2,1.65;9.2,1.7;9.2,1.7;9.25,1.7;9.25,1.75;9.25,1.75;9.3,1.75;9.3,1.8;9.3,1.8;9.35,1.8;9.35,1.85;9.35,1.85;9.45,1.85;9.45,1.85;9.45,1.8;9.5,1.8;9.5,1.8;9.5,1.75;9.55,1.75;9.55,1.75;9.55,1.7;9.6,1.7;9.6,1.7;9.6,1.65;9.65,1.65;9.65,1.65;9.65,1.6;9.7,1.6;9.7,1.6;9.7,1.55;9.75,1.55;9.75,1.55;9.75,1.5;9.8,1.5;9.8,1.5;9.8,1.45;9.85,1.45;9.85,1.45;9.85,1.4;9.9,1.4;9.9,1.4;9.9,1.35;9.95,1.35;9.95,1.35;9.95,1.3;10.0,1.3;10.0,1.3;10.0,1.25;10.05,1.25;10.05,1.25;10.05,1.2;10.1,1.2;10.1,1.2;10.1,1.15;10.15,1.15;10.15,1.15;10.15,1.1;10.2,1.1;10.2,1.1;10.2,1.05;10.25,1.05;10.25,1.05;10.25,1.0;10.3,1.0;10.3,1.0;10.3,0.95;10.35,0.95;10.35,0.95;10.35,0.9;10.4,0.9;10.4,0.9;10.4,0.85;10.45,0.85;10.45,0.85;10.45,0.8;10.5,0.8;10.5,0.8;10.5,0.75;10.55,0.75;10.55,0.75;10.55,0.7;10.6,0.7;10.6,0.7;10.6,0.65;10.65,0.65;10.65,0.65;10.65,0.6;10.7,0.6;10.7,0.6;10.7,0.55;10.75,0.55;10.75,0.55;10.75,0.5;10.8,0.5;10.8,0.5;10.8,0.45;10.85,0.45;10.85,0.45;10.85,0.4;10.9,0.4;10.9,0.4;10.9,0.35;10.95,0.35;10.95,0.35;10.95,0.3;11.0,0.3;11.0,0.3;11.0,0.25;11.05,0.25;11.05,0.25;11.05,0.2;11.1,0.2;11.1,0.2;11.1,0.15;11.15,0.15;11.15,0.15;11.15,0.1;11.2,0.1;11.2,0.1;11.2,0.05;11.25,0.05;11.25,0.05;11.25,0.0;11.25,-0.0;7.5,-0.0;7.5,0.0;7.5,0.05;7.5,0.05",TRANSFERIDO
L4,L4_P_LB_c2_r0,L4_P_LB_c2_r0_T276,BEAM,L4_V013,L4_V013,2073.0,6.334779,6.22935,39.461558,"7.5,0.1;7.5,0.2;7.5,1.05;7.5,1.1;7.5,1.2;7.5,1.25;7.5,1.3;7.5,1.35;7.5,1.4;7.5,1.5;7.5,1.55;7.5,1.6;7.5,1.65;7.5,1.7;7.5,1.75;7.5,1.85;7.5,1.9;7.5,1.95;7.5,2.1;7.5,2.2;7.5,2.35;7.5,2.45;7.5,2.55;7.5,2.7;7.5,2.8;7.5,2.95;7.5,3.05;7.5,3.15;7.5,3.3;7.5,3.4;7.5,3.5;7.5,3.65;7.5,3.75;7.5,3.9;7.5,4.25;7.5,4.25;9.4,4.25;9.4,4.25;9.4,3.9;9.4,3.75;9.4,3.65;9.4,3.5;9.4,3.4;9.4,3.3;9.4,3.15;9.4,3.05;9.4,2.95;9.4,2.8;9.4,2.7;9.4,2.55;9.4,2.45;9.4,2.35;9.4,2.2;9.4,2.1;9.4,1.95;9.4,1.9;9.4,1.85;9.4,1.85;9.35,1.85;9.35,1.8;9.35,1.8;9.3,1.8;9.3,1.75;9.3,1.75;9.25,1.75;9.25,1.7;9.25,1.7;9.2,1.7;9.2,1.65;9.2,1.65;9.15,1.65;9.15,1.6;9.15,1.6;9.1,1.6;9.1,1.55;9.1,1.55;9.05,1.55;9.05,1.5;9.05,1.5;9.0,1.5;9.0,1.45;9.0,1.45;8.95,1.45;8.95,1.4;8.95,1.4;8.9,1.4;8.9,1.35;8.9,1.35;8.85,1.35;8.85,1.3;8.85,1.3;8.8,1.3;8.8,1.25;8.8,1.25;8.75,1.25;8.75,1.2;8.75,1.2;8.7,1.2;8.7,1.15;8.7,1.15;8.65,1.15;8.65,1.1;8.65,1.1;8.6,1.1;8.6,1.05;8.6,1.05;8.55,1.05;8.55,1.0;8.55,1.0;8.5,1.0;8.5,0.95;8.5,0.95;8.45,0.95;8.45,0.9;8.45,0.9;8.4,0.9;8.4,0.85;8.4,0.85;8.35,0.85;8.35,0.8;8.35,0.8;8.3,0.8;8.3,0.75;8.3,0.75;8.25,0.75;8.25,0.7;8.25,0.7;8.2,0.7;8.2,0.65;8.2,0.65;8.15,0.65;8.15,0.6;8.15,0.6;8.1,0.6;8.1,0.55;8.1,0.55;8.05,0.55;8.05,0.5;8.05,0.5;8.0,0.5;8.0,0.45;8.0,0.45;7.95,0.45;7.95,0.4;7.95,0.4;7.9,0.4;7.9,0.35;7.9,0.35;7.85,0.35;7.85,0.3;7.85,0.3;7.8,0.3;7.8,0.25;7.8,0.25;7.75,0.25;7.75,0.2;7.75,0.2;7.7,0.2;7.7,0.15;7.7,0.15;7.65,0.15;7.65,0.1;7.65,0.1;7.55,0.1;7.55,0.05;7.55,0.05;7.5,0.05;7.5,0.05;7.5,0.1",TRANSFERIDO
L4,L4_P_LB_c2_r0,L4_P_LB_c2_r0_T277,BEAM,L4_V017,L4_V017,2077.0,6.126547,6.22935,38.164406,"9.4,1.9;9.4,1.95;9.4,2.1;9.4,2.2;9.4,2.35;9.4,2.45;9.4,2.55;9.4,2.7;9.4,2.8;9.4,2.95;9.4,3.05;9.4,3.15;9.4,3.3;9.4,3.4;9.4,3.5;9.4,3.65;9.4,3.75;9.4,3.9;9.4,4.25;9.4,4.25;11.25,4.25;11.25,4.25;11.25,3.9;11.25,3.75;11.25,3.65;11.25,3.5;11.25,3.4;11.25,3.3;11.25,3.15;11.25,3.05;11.25,2.95;11.25,2.8;11.25,2.7;11.25,2.55;11.25,2.45;11.25,2.35;11.25,2.2;11.25,2.1;11.25,1.95;11.25,1.9;11.25,1.85;11.25,1.75;11.25,1.7;11.25,1.65;11.25,1.6;11.25,1.55;11.25,1.5;11.25,1.4;11.25,1.35;11.25,1.3;11.25,1.25;11.25,1.2;11.25,1.1;11.25,1.05;11.25,0.2;11.25,0.1;11.25,0.05;11.25,0.05;11.2,0.05;11.2,0.05;11.2,0.1;11.15,0.1;11.15,0.1;11.15,0.15;11.1,0.15;11.1,0.15;11.1,0.2;11.05,0.2;11.05,0.2;11.05,0.25;11.0,0.25;11.0,0.25;11.0,0.3;10.95,0.3;10.95,0.3;10.95,0.35;10.9,0.35;10.9,0.35;10.9,0.4;10.85,0.4;10.85,0.4;10.85,0.45;10.8,0.45;10.8,0.45;10.8,0.5;10.75,0.5;10.75,0.5;10.75,0.55;10.7,0.55;10.7,0.55;10.7,0.6;10.65,0.6;10.65,0.6;10.65,0.65;10.6,0.65;10.6,0.65;10.6,0.7;10.55,0.7;10.55,0.7;10.55,0.75;10.5,0.75;10.5,0.75;10.5,0.8;10.45,0.8;10.45,0.8;10.45,0.85;10.4,0.85;10.4,0.85;10.4,0.9;10.35,0.9;10.35,0.9;10.35,0.95;10.3,0.95;10.3,0.95;10.3,1.0;10.25,1.0;10.25,1.0;10.25,1.05;10.2,1.05;10.2,1.05;10.2,1.1;10.15,1.1;10.15,1.1;10.15,1.15;10.1,1.15;10.1,1.15;10.1,1.2;10.05,1.2;10.05,1.2;10.05,1.25;10.0,1.25;10.0,1.25;10.0,1.3;9.95,1.3;9.95,1.3;9.95,1.35;9.9,1.35;9.9,1.35;9.9,1.4;9.85,1.4;9.85,1.4;9.85,1.45;9.8,1.45;9.8,1.45;9.8,1.5;9.75,1.5;9.75,1.5;9.75,1.55;9.7,1.55;9.7,1.55;9.7,1.6;9.65,1.6;9.65,1.6;9.65,1.65;9.6,1.65;9.6,1.65;9.6,1.7;9.55,1.7;9.55,1.7;9.55,1.75;9.5,1.75;9.5,1.75;9.5,1.8;9.45,1.8;9.45,1.8;9.45,1.85;9.4,1.85;9.4,1.85",TRANSFERIDO
L4,L4_P_LB_c2_r1,L4_P_LB_c2_r1_T278,BEAM,L4_V005,L4_V005,2065.0,3.598355,6.22935,22.415412,"8.05,8.365;8.0,8.365;8.0,8.415;7.95,8.415;7.95,8.465;7.9,8.465;7.9,8.515;7.85,8.515;7.85,8.565;7.8,8.565;7.8,8.615;7.75,8.615;7.75,8.665;7.7,8.665;7.7,8.715;7.65,8.715;7.65,8.765;7.6,8.765;7.6,8.815;7.55,8.815;7.55,8.865;7.5,8.865;7.5,8.915;7.55,8.915;7.6,8.915;7.65,8.915;7.7,8.915;7.75,8.915;7.8,8.915;7.85,8.915;7.9,8.915;7.95,8.915;8.0,8.915;8.05,8.915;8.1,8.915;8.15,8.915;8.2,8.915;8.25,8.915;8.3,8.915;8.35,8.915;8.4,8.915;8.45,8.915;8.5,8.915;8.55,8.915;8.6,8.915;8.65,8.915;8.7,8.915;8.75,8.915;8.8,8.915;8.85,8.915;8.9,8.915;8.95,8.915;9.0,8.915;9.05,8.915;9.1,8.915;9.15,8.915;9.2,8.915;9.25,8.915;9.3,8.915;9.35,8.915;9.4,8.915;9.45,8.915;9.5,8.915;9.55,8.915;9.6,8.915;9.65,8.915;9.7,8.915;9.75,8.915;9.8,8.915;9.85,8.915;9.9,8.915;9.95,8.915;10.0,8.915;10.05,8.915;10.1,8.915;10.15,8.915;10.2,8.915;10.25,8.915;10.3,8.915;10.35,8.915;10.4,8.915;10.45,8.915;10.5,8.915;10.55,8.915;10.6,8.915;10.65,8.915;10.7,8.915;10.75,8.915;10.8,8.915;10.85,8.915;10.9,8.915;10.95,8.915;11.0,8.915;11.05,8.915;11.1,8.915;11.15,8.915;11.2,8.915;11.25,8.915;11.25,8.865;11.2,8.865;11.2,8.815;11.15,8.815;11.15,8.765;11.1,8.765;11.1,8.715;11.05,8.715;11.05,8.665;11.0,8.665;11.0,8.615;10.95,8.615;10.95,8.565;10.9,8.565;10.9,8.515;10.85,8.515;10.85,8.465;10.8,8.465;10.8,8.415;10.75,8.415;10.75,8.365;10.7,8.365;10.7,8.315;10.65,8.315;10.65,8.265;10.6,8.265;10.6,8.215;10.55,8.215;10.55,8.165;10.5,8.165;10.5,8.115;10.45,8.115;10.45,8.065;10.4,8.065;10.4,8.015;10.35,8.015;10.35,7.965;10.3,7.965;10.3,7.915;10.25,7.915;10.25,7.865;10.2,7.865;10.2,7.815;10.15,7.815;10.15,7.765;10.1,7.765;10.1,7.715;10.05,7.715;10.05,7.665;10.0,7.665;10.0,7.615;9.95,7.615;9.95,7.565;9.9,7.565;9.9,7.515;9.85,7.515;9.85,7.465;9.8,7.465;9.8,7.415;9.75,7.415;9.75,7.365;9.7,7.365;9.7,7.315;9.65,7.315;9.65,7.265;9.6,7.265;9.6,7.215;9.55,7.215;9.55,7.165;9.5,7.165;9.5,7.115;9.45,7.115;9.45,7.065;9.4,7.065;9.4,7.015;9.35,7.015;9.35,7.065;9.3,7.065;9.3,7.115;9.25,7.115;9.25,7.165;9.2,7.165;9.2,7.215;9.15,7.215;9.15,7.265;9.1,7.265;9.1,7.315;9.05,7.315;9.05,7.365;9.0,7.365;9.0,7.415;8.95,7.415;8.95,7.465;8.9,7.465;8.9,7.515;8.85,7.515;8.85,7.565;8.8,7.565;8.8,7.615;8.75,7.615;8.75,7.665;8.7,7.665;8.7,7.715;8.65,7.715;8.65,7.765;8.6,7.765;8.6,7.815;8.55,7.815;8.55,7.865;8.5,7.865;8.5,7.915;8.45,7.915;8.45,7.965;8.4,7.965;8.4,8.015;8.35,8.015;8.35,8.065;8.3,8.065;8.3,8.115;8.25,8.115;8.25,8.165;8.2,8.165;8.2,8.215;8.15,8.215;8.15,8.265;8.1,8.265;8.1,8.315;8.05,8.315",TRANSFERIDO
L4,L4_P_LB_c2_r1,L4_P_LB_c2_r1_T279,BEAM,L4_V014,L4_V014,2074.0,6.959976,6.22935,43.356125,"7.5,4.415;7.5,4.465;7.5,4.515;7.5,4.565;7.5,4.615;7.5,4.665;7.5,4.715;7.5,4.765;7.5,4.815;7.5,4.865;7.5,4.915;7.5,4.965;7.5,5.015;7.5,5.065;7.5,5.115;7.5,5.165;7.5,5.215;7.5,5.265;7.5,5.315;7.5,5.365;7.5,5.415;7.5,5.465;7.5,5.515;7.5,5.565;7.5,5.615;7.5,5.665;7.5,5.715;7.5,5.765;7.5,5.815;7.5,5.865;7.5,5.915;7.5,5.965;7.5,6.015;7.5,6.065;7.5,6.115;7.5,6.165;7.5,6.215;7.5,6.265;7.5,6.315;7.5,6.365;7.5,6.415;7.5,6.465;7.5,6.515;7.5,6.565;7.5,6.615;7.5,6.665;7.5,6.715;7.5,6.765;7.5,6.815;7.5,6.865;7.5,6.915;7.5,6.965;7.5,7.015;7.5,7.065;7.5,7.115;7.5,7.165;7.5,7.215;7.5,7.265;7.5,7.315;7.5,7.365;7.5,7.415;7.5,7.465;7.5,7.515;7.5,7.565;7.5,7.615;7.5,7.665;7.5,7.715;7.5,7.765;7.5,7.815;7.5,7.865;7.5,7.915;7.5,7.965;7.5,8.015;7.5,8.065;7.5,8.115;7.5,8.165;7.5,8.215;7.5,8.265;7.5,8.315;7.5,8.365;7.5,8.415;7.5,8.465;7.5,8.515;7.5,8.565;7.5,8.615;7.5,8.665;7.5,8.715;7.5,8.765;7.5,8.815;7.5,8.865;7.55,8.865;7.55,8.815;7.6,8.815;7.6,8.765;7.65,8.765;7.65,8.715;7.7,8.715;7.7,8.665;7.75,8.665;7.75,8.615;7.8,8.615;7.8,8.565;7.85,8.565;7.85,8.515;7.9,8.515;7.9,8.465;7.95,8.465;7.95,8.415;8.0,8.415;8.0,8.365;8.05,8.365;8.05,8.315;8.1,8.315;8.1,8.265;8.15,8.265;8.15,8.215;8.2,8.215;8.2,8.165;8.25,8.165;8.25,8.115;8.3,8.115;8.3,8.065;8.35,8.065;8.35,8.015;8.4,8.015;8.4,7.965;8.45,7.965;8.45,7.915;8.5,7.915;8.5,7.865;8.55,7.865;8.55,7.815;8.6,7.815;8.6,7.765;8.65,7.765;8.65,7.715;8.7,7.715;8.7,7.665;8.75,7.665;8.75,7.615;8.8,7.615;8.8,7.565;8.85,7.565;8.85,7.515;8.9,7.515;8.9,7.465;8.95,7.465;8.95,7.415;9.0,7.415;9.0,7.365;9.05,7.365;9.05,7.315;9.1,7.315;9.1,7.265;9.15,7.265;9.15,7.215;9.2,7.215;9.2,7.165;9.25,7.165;9.25,7.115;9.3,7.115;9.3,7.065;9.35,7.065;9.35,7.015;9.4,7.015;9.4,6.965;9.4,6.915;9.4,6.865;9.4,6.815;9.4,6.765;9.4,6.715;9.4,6.665;9.4,6.615;9.4,6.565;9.4,6.515;9.4,6.465;9.4,6.415;9.4,6.365;9.4,6.315;9.4,6.265;9.4,6.215;9.4,6.165;9.4,6.115;9.4,6.065;9.4,6.015;9.4,5.965;9.4,5.915;9.4,5.865;9.4,5.815;9.4,5.765;9.4,5.715;9.4,5.665;9.4,5.615;9.4,5.565;9.4,5.515;9.4,5.465;9.4,5.415;9.4,5.365;9.4,5.315;9.4,5.265;9.4,5.215;9.4,5.165;9.4,5.115;9.4,5.065;9.4,5.015;9.4,4.965;9.4,4.915;9.4,4.865;9.4,4.815;9.4,4.765;9.4,4.715;9.4,4.665;9.4,4.615;9.4,4.565;9.4,4.515;9.4,4.465;9.4,4.415;9.4,4.365;9.4,4.315;9.4,4.265;9.35,4.265;9.3,4.265;9.25,4.265;9.2,4.265;9.15,4.265;9.1,4.265;9.05,4.265;9.0,4.265;8.95,4.265;8.9,4.265;8.85,4.265;8.8,4.265;8.75,4.265;8.7,4.265;8.65,4.265;8.6,4.265;8.55,4.265;8.5,4.265;8.45,4.265;8.4,4.265;8.35,4.265;8.3,4.265;8.25,4.265;8.2,4.265;8.15,4.265;8.1,4.265;8.05,4.265;8.0,4.265;7.95,4.265;7.9,4.265;7.85,4.265;7.8,4.265;7.75,4.265;7.7,4.265;7.65,4.265;7.6,4.265;7.55,4.265;7.5,4.265;7.5,4.315;7.5,4.365",TRANSFERIDO
L4,L4_P_LB_c2_r1,L4_P_LB_c2_r1_T280,BEAM,L4_V018,L4_V018,2078.0,6.822919,6.22935,42.502353,"9.4,4.515;9.4,4.565;9.4,4.615;9.4,4.665;9.4,4.715;9.4,4.765;9.4,4.815;9.4,4.865;9.4,4.915;9.4,4.965;9.4,5.015;9.4,5.065;9.4,5.115;9.4,5.165;9.4,5.215;9.4,5.265;9.4,5.315;9.4,5.365;9.4,5.415;9.4,5.465;9.4,5.515;9.4,5.565;9.4,5.615;9.4,5.665;9.4,5.715;9.4,5.765;9.4,5.815;9.4,5.865;9.4,5.915;9.4,5.965;9.4,6.015;9.4,6.065;9.4,6.115;9.4,6.165;9.4,6.215;9.4,6.265;9.4,6.315;9.4,6.365;9.4,6.415;9.4,6.465;9.4,6.515;9.4,6.565;9.4,6.615;9.4,6.665;9.4,6.715;9.4,6.765;9.4,6.815;9.4,6.865;9.4,6.915;9.4,6.965;9.4,7.015;9.4,7.065;9.45,7.065;9.45,7.115;9.5,7.115;9.5,7.165;9.55,7.165;9.55,7.215;9.6,7.215;9.6,7.265;9.65,7.265;9.65,7.315;9.7,7.315;9.7,7.365;9.75,7.365;9.75,7.415;9.8,7.415;9.8,7.465;9.85,7.465;9.85,7.515;9.9,7.515;9.9,7.565;9.95,7.565;9.95,7.615;10.0,7.615;10.0,7.665;10.05,7.665;10.05,7.715;10.1,7.715;10.1,7.765;10.15,7.765;10.15,7.815;10.2,7.815;10.2,7.865;10.25,7.865;10.25,7.915;10.3,7.915;10.3,7.965;10.35,7.965;10.35,8.015;10.4,8.015;10.4,8.065;10.45,8.065;10.45,8.115;10.5,8.115;10.5,8.165;10.55,8.165;10.55,8.215;10.6,8.215;10.6,8.265;10.65,8.265;10.65,8.315;10.7,8.315;10.7,8.365;10.75,8.365;10.75,8.415;10.8,8.415;10.8,8.465;10.85,8.465;10.85,8.515;10.9,8.515;10.9,8.565;10.95,8.565;10.95,8.615;11.0,8.615;11.0,8.665;11.05,8.665;11.05,8.715;11.1,8.715;11.1,8.765;11.15,8.765;11.15,8.815;11.2,8.815;11.2,8.865;11.25,8.865;11.25,8.815;11.25,8.765;11.25,8.715;11.25,8.665;11.25,8.615;11.25,8.565;11.25,8.515;11.25,8.465;11.25,8.415;11.25,8.365;11.25,8.315;11.25,8.265;11.25,8.215;11.25,8.165;11.25,8.115;11.25,8.065;11.25,8.015;11.25,7.965;11.25,7.915;11.25,7.865;11.25,7.815;11.25,7.765;11.25,7.715;11.25,7.665;11.25,7.615;11.25,7.565;11.25,7.515;11.25,7.465;11.25,7.415;11.25,7.365;11.25,7.315;11.25,7.265;11.25,7.215;11.25,7.165;11.25,7.115;11.25,7.065;11.25,7.015;11.25,6.965;11.25,6.915;11.25,6.865;11.25,6.815;11.25,6.765;11.25,6.715;11.25,6.665;11.25,6.615;11.25,6.565;11.25,6.515;11.25,6.465;11.25,6.415;11.25,6.365;11.25,6.315;11.25,6.265;11.25,6.215;11.25,6.165;11.25,6.115;11.25,6.065;11.25,6.015;11.25,5.965;11.25,5.915;11.25,5.865;11.25,5.815;11.25,5.765;11.25,5.715;11.25,5.665;11.25,5.615;11.25,5.565;11.25,5.515;11.25,5.465;11.25,5.415;11.25,5.365;11.25,5.315;11.25,5.265;11.25,5.215;11.25,5.165;11.25,5.115;11.25,5.065;11.25,5.015;11.25,4.965;11.25,4.915;11.25,4.865;11.25,4.815;11.25,4.765;11.25,4.715;11.25,4.665;11.25,4.615;11.25,4.565;11.25,4.515;11.25,4.465;11.25,4.415;11.25,4.365;11.25,4.315;11.25,4.265;11.2,4.265;11.15,4.265;11.1,4.265;11.05,4.265;11.0,4.265;10.95,4.265;10.9,4.265;10.85,4.265;10.8,4.265;10.75,4.265;10.7,4.265;10.65,4.265;10.6,4.265;10.55,4.265;10.5,4.265;10.45,4.265;10.4,4.265;10.35,4.265;10.3,4.265;10.25,4.265;10.2,4.265;10.15,4.265;10.1,4.265;10.05,4.265;10.0,4.265;9.95,4.265;9.9,4.265;9.85,4.265;9.8,4.265;9.75,4.265;9.7,4.265;9.65,4.265;9.6,4.265;9.55,4.265;9.5,4.265;9.45,4.265;9.4,4.265;9.4,4.315;9.4,4.365;9.4,4.415;9.4,4.465;9.4,4.515",TRANSFERIDO
L4,L4_P_LB_c2_r2,L4_P_LB_c2_r2_T281,BEAM,L4_V005,L4_V005,2065.0,3.445188,6.22935,21.461279,"8.1,8.9;8.05,8.9;8.0,8.9;7.95,8.9;7.9,8.9;7.85,8.9;7.8,8.9;7.75,8.9;7.7,8.9;7.65,8.9;7.6,8.9;7.55,8.9;7.5,8.9;7.5,8.95;7.55,8.95;7.6,8.95;7.6,9.0;7.65,9.0;7.65,9.05;7.7,9.05;7.7,9.1;7.75,9.1;7.75,9.15;7.8,9.15;7.8,9.2;7.85,9.2;7.85,9.25;7.9,9.25;7.9,9.3;7.95,9.3;7.95,9.35;8.0,9.35;8.0,9.4;8.05,9.4;8.05,9.45;8.1,9.45;8.1,9.5;8.15,9.5;8.15,9.55;8.2,9.55;8.2,9.6;8.25,9.6;8.25,9.65;8.3,9.65;8.3,9.7;8.35,9.7;8.35,9.75;8.4,9.75;8.4,9.8;8.45,9.8;8.45,9.85;8.5,9.85;8.5,9.9;8.55,9.9;8.55,9.95;8.6,9.95;8.6,10.0;8.65,10.0;8.65,10.05;8.7,10.05;8.7,10.1;8.75,10.1;8.75,10.15;8.8,10.15;8.8,10.2;8.85,10.2;8.85,10.25;8.9,10.25;8.9,10.3;8.95,10.3;8.95,10.35;9.0,10.35;9.0,10.4;9.05,10.4;9.05,10.45;9.1,10.45;9.1,10.5;9.15,10.5;9.15,10.55;9.2,10.55;9.2,10.6;9.25,10.6;9.25,10.65;9.3,10.65;9.3,10.7;9.35,10.7;9.35,10.75;9.4,10.75;9.4,10.7;9.45,10.7;9.45,10.65;9.5,10.65;9.5,10.6;9.55,10.6;9.55,10.55;9.6,10.55;9.6,10.5;9.65,10.5;9.65,10.45;9.7,10.45;9.7,10.4;9.75,10.4;9.75,10.35;9.8,10.35;9.8,10.3;9.85,10.3;9.85,10.25;9.9,10.25;9.9,10.2;9.95,10.2;9.95,10.15;10.0,10.15;10.0,10.1;10.05,10.1;10.05,10.05;10.1,10.05;10.1,10.0;10.15,10.0;10.15,9.95;10.2,9.95;10.2,9.9;10.25,9.9;10.25,9.85;10.3,9.85;10.3,9.8;10.35,9.8;10.35,9.75;10.4,9.75;10.4,9.7;10.45,9.7;10.45,9.65;10.5,9.65;10.55,9.65;10.55,9.6;10.6,9.6;10.6,9.55;10.65,9.55;10.65,9.5;10.7,9.5;10.7,9.45;10.75,9.45;10.75,9.4;10.8,9.4;10.8,9.35;10.85,9.35;10.85,9.3;10.9,9.3;10.9,9.25;10.95,9.25;10.95,9.2;11.0,9.2;11.0,9.15;11.05,9.15;11.05,9.1;11.1,9.1;11.1,9.05;11.15,9.05;11.15,9.0;11.2,9.0;11.2,8.95;11.25,8.95;11.25,8.9;11.2,8.9;11.15,8.9;11.1,8.9;11.05,8.9;11.0,8.9;10.95,8.9;10.9,8.9;10.85,8.9;10.8,8.9;10.75,8.9;10.7,8.9;10.65,8.9;10.6,8.9;10.55,8.9;10.5,8.9;10.45,8.9;10.4,8.9;10.35,8.9;10.3,8.9;10.25,8.9;10.2,8.9;10.15,8.9;10.1,8.9;10.05,8.9;10.0,8.9;9.95,8.9;9.9,8.9;9.85,8.9;9.8,8.9;9.75,8.9;9.7,8.9;9.65,8.9;9.6,8.9;9.55,8.9;9.5,8.9;9.45,8.9;9.4,8.9;9.35,8.9;9.3,8.9;9.25,8.9;9.2,8.9;9.15,8.9;9.1,8.9;9.05,8.9;9.0,8.9;8.95,8.9;8.9,8.9;8.85,8.9;8.8,8.9;8.75,8.9;8.7,8.9;8.65,8.9;8.6,8.9;8.55,8.9;8.5,8.9;8.45,8.9;8.4,8.9;8.35,8.9;8.3,8.9;8.25,8.9;8.2,8.9;8.15,8.9",TRANSFERIDO
L4,L4_P_LB_c2_r2,L4_P_LB_c2_r2_T282,BEAM,L4_V015,L4_V015,2075.0,3.9203,6.22935,24.420921,"7.5,9.4;7.5,9.45;7.5,9.5;7.5,9.55;7.5,9.6;7.5,9.65;7.5,9.7;7.5,9.75;7.5,9.8;7.5,9.85;7.5,9.9;7.5,9.95;7.5,10.0;7.5,10.05;7.5,10.1;7.5,10.15;7.5,10.2;7.5,10.25;7.5,10.3;7.5,10.35;7.5,10.4;7.5,10.45;7.5,10.5;7.5,10.55;7.5,10.6;7.5,10.65;7.5,10.7;7.5,10.75;7.5,10.8;7.5,10.85;7.5,10.9;7.5,10.95;7.5,11.0;7.5,11.05;7.5,11.1;7.5,11.15;7.5,11.2;7.5,11.25;7.5,11.3;7.5,11.35;7.5,11.4;7.5,11.45;7.5,11.5;7.5,11.55;7.5,11.6;7.5,11.65;7.5,11.7;7.5,11.75;7.5,11.8;7.5,11.85;7.5,11.9;7.55,11.9;7.6,11.9;7.65,11.9;7.7,11.9;7.75,11.9;7.8,11.9;7.85,11.9;7.9,11.9;7.95,11.9;8.0,11.9;8.05,11.9;8.1,11.9;8.15,11.9;8.2,11.9;8.25,11.9;8.3,11.9;8.35,11.9;8.4,11.9;8.45,11.9;8.5,11.9;8.55,11.9;8.6,11.9;8.65,11.9;8.7,11.9;8.75,11.9;8.8,11.9;8.85,11.9;8.9,11.9;8.95,11.9;9.0,11.9;9.05,11.9;9.1,11.9;9.15,11.9;9.2,11.9;9.25,11.9;9.3,11.9;9.35,11.9;9.4,11.9;9.4,11.85;9.4,11.8;9.4,11.75;9.4,11.7;9.4,11.65;9.4,11.6;9.4,11.55;9.4,11.5;9.4,11.45;9.4,11.4;9.4,11.35;9.4,11.3;9.4,11.25;9.4,11.2;9.4,11.15;9.4,11.1;9.4,11.05;9.4,11.0;9.4,10.95;9.4,10.9;9.4,10.85;9.4,10.8;9.4,10.75;9.35,10.75;9.35,10.7;9.3,10.7;9.3,10.65;9.25,10.65;9.25,10.6;9.2,10.6;9.2,10.55;9.15,10.55;9.15,10.5;9.1,10.5;9.1,10.45;9.05,10.45;9.05,10.4;9.0,10.4;9.0,10.35;8.95,10.35;8.95,10.3;8.9,10.3;8.9,10.25;8.85,10.25;8.85,10.2;8.8,10.2;8.8,10.15;8.75,10.15;8.75,10.1;8.7,10.1;8.7,10.05;8.65,10.05;8.65,10.0;8.6,10.0;8.6,9.95;8.55,9.95;8.55,9.9;8.5,9.9;8.5,9.85;8.45,9.85;8.45,9.8;8.4,9.8;8.4,9.75;8.35,9.75;8.35,9.7;8.3,9.7;8.3,9.65;8.25,9.65;8.25,9.6;8.2,9.6;8.2,9.55;8.15,9.55;8.15,9.5;8.1,9.5;8.1,9.45;8.05,9.45;8.05,9.4;8.0,9.4;8.0,9.35;7.95,9.35;7.95,9.3;7.9,9.3;7.9,9.25;7.85,9.25;7.85,9.2;7.8,9.2;7.8,9.15;7.75,9.15;7.75,9.1;7.7,9.1;7.7,9.05;7.65,9.05;7.65,9.0;7.6,9.0;7.6,8.95;7.55,8.95;7.5,8.95;7.5,9.0;7.5,9.05;7.5,9.1;7.5,9.15;7.5,9.2;7.5,9.25;7.5,9.3;7.5,9.35",TRANSFERIDO
L4,L4_P_LB_c2_r2,L4_P_LB_c2_r2_T283,BEAM,L4_V019,L4_V019,2079.0,3.828262,6.22935,23.847587,"9.4,10.8;9.4,10.85;9.4,10.9;9.4,10.95;9.4,11.0;9.4,11.05;9.4,11.1;9.4,11.15;9.4,11.2;9.4,11.25;9.4,11.3;9.4,11.35;9.4,11.4;9.4,11.45;9.4,11.5;9.4,11.55;9.4,11.6;9.4,11.65;9.4,11.7;9.4,11.75;9.4,11.8;9.4,11.85;9.4,11.9;9.45,11.9;9.5,11.9;9.55,11.9;9.6,11.9;9.65,11.9;9.7,11.9;9.75,11.9;9.8,11.9;9.85,11.9;9.9,11.9;9.95,11.9;10.0,11.9;10.05,11.9;10.1,11.9;10.15,11.9;10.2,11.9;10.25,11.9;10.3,11.9;10.35,11.9;10.4,11.9;10.45,11.9;10.5,11.9;10.55,11.9;10.6,11.9;10.65,11.9;10.7,11.9;10.75,11.9;10.8,11.9;10.85,11.9;10.9,11.9;10.95,11.9;11.0,11.9;11.05,11.9;11.1,11.9;11.15,11.9;11.2,11.9;11.25,11.9;11.25,11.85;11.25,11.8;11.25,11.75;11.25,11.7;11.25,11.65;11.25,11.6;11.25,11.55;11.25,11.5;11.25,11.45;11.25,11.4;11.25,11.35;11.25,11.3;11.25,11.25;11.25,11.2;11.25,11.15;11.25,11.1;11.25,11.05;11.25,11.0;11.25,10.95;11.25,10.9;11.25,10.85;11.25,10.8;11.25,10.75;11.25,10.7;11.25,10.65;11.25,10.6;11.25,10.55;11.25,10.5;11.25,10.45;11.25,10.4;11.25,10.35;11.25,10.3;11.25,10.25;11.25,10.2;11.25,10.15;11.25,10.1;11.25,10.05;11.25,10.0;11.25,9.95;11.25,9.9;11.25,9.85;11.25,9.8;11.25,9.75;11.25,9.7;11.25,9.65;11.25,9.6;11.25,9.55;11.25,9.5;11.25,9.45;11.25,9.4;11.25,9.35;11.25,9.3;11.25,9.25;11.25,9.2;11.25,9.15;11.25,9.1;11.25,9.05;11.25,9.0;11.25,8.95;11.2,8.95;11.2,9.0;11.15,9.0;11.15,9.05;11.1,9.05;11.1,9.1;11.05,9.1;11.05,9.15;11.0,9.15;11.0,9.2;10.95,9.2;10.95,9.25;10.9,9.25;10.9,9.3;10.85,9.3;10.85,9.35;10.8,9.35;10.8,9.4;10.75,9.4;10.75,9.45;10.7,9.45;10.7,9.5;10.65,9.5;10.65,9.55;10.6,9.55;10.6,9.6;10.55,9.6;10.55,9.65;10.5,9.65;10.45,9.65;10.45,9.7;10.4,9.7;10.4,9.75;10.35,9.75;10.35,9.8;10.3,9.8;10.3,9.85;10.25,9.85;10.25,9.9;10.2,9.9;10.2,9.95;10.15,9.95;10.15,10.0;10.1,10.0;10.1,10.05;10.05,10.05;10.05,10.1;10.0,10.1;10.0,10.15;9.95,10.15;9.95,10.2;9.9,10.2;9.9,10.25;9.85,10.25;9.85,10.3;9.8,10.3;9.8,10.35;9.75,10.35;9.75,10.4;9.7,10.4;9.7,10.45;9.65,10.45;9.65,10.5;9.6,10.5;9.6,10.55;9.55,10.55;9.55,10.6;9.5,10.6;9.5,10.65;9.45,10.65;9.45,10.7;9.4,10.7;9.4,10.75",TRANSFERIDO
L4,L4_P_LB_c2_r3,L4_P_LB_c2_r3_T284,BEAM,L4_V008,L4_V008,2068.0,3.434579,6.22935,21.395197,"7.6,16.085;7.55,16.085;7.55,16.085;7.55,16.135;7.55,16.135;11.2,16.135;11.2,16.135;11.2,16.085;11.2,16.085;11.15,16.085;11.15,16.035;11.15,16.035;11.1,16.035;11.1,15.985;11.1,15.985;11.05,15.985;11.05,15.935;11.05,15.935;11.0,15.935;11.0,15.885;11.0,15.885;10.95,15.885;10.95,15.835;10.95,15.835;10.9,15.835;10.9,15.785;10.9,15.785;10.85,15.785;10.85,15.735;10.85,15.735;10.8,15.735;10.8,15.685;10.8,15.685;10.75,15.685;10.75,15.635;10.75,15.635;10.7,15.635;10.7,15.585;10.7,15.585;10.65,15.585;10.65,15.535;10.65,15.535;10.6,15.535;10.6,15.485;10.6,15.485;10.55,15.485;10.55,15.435;10.55,15.435;10.5,15.435;10.5,15.385;10.5,15.385;10.45,15.385;10.45,15.335;10.45,15.335;10.4,15.335;10.4,15.285;10.4,15.285;10.35,15.285;10.35,15.235;10.35,15.235;10.3,15.235;10.3,15.185;10.3,15.185;10.25,15.185;10.25,15.135;10.25,15.135;10.2,15.135;10.2,15.085;10.2,15.085;10.15,15.085;10.15,15.035;10.15,15.035;10.1,15.035;10.1,14.985;10.1,14.985;10.05,14.985;10.05,14.935;10.05,14.935;10.0,14.935;10.0,14.885;10.0,14.885;9.95,14.885;9.95,14.835;9.95,14.835;9.9,14.835;9.9,14.785;9.9,14.785;9.85,14.785;9.85,14.735;9.85,14.735;9.8,14.735;9.8,14.685;9.8,14.685;9.75,14.685;9.75,14.635;9.75,14.635;9.7,14.635;9.7,14.585;9.7,14.585;9.65,14.585;9.65,14.535;9.65,14.535;9.6,14.535;9.6,14.485;9.6,14.485;9.55,14.485;9.55,14.435;9.55,14.435;9.5,14.435;9.5,14.385;9.5,14.385;9.45,14.385;9.45,14.335;9.45,14.335;9.4,14.335;9.4,14.285;9.4,14.285;9.35,14.285;9.35,14.285;9.35,14.335;9.3,14.335;9.3,14.335;9.3,14.385;9.25,14.385;9.25,14.385;9.25,14.435;9.2,14.435;9.2,14.435;9.2,14.485;9.15,14.485;9.15,14.485;9.15,14.535;9.1,14.535;9.1,14.535;9.1,14.585;9.05,14.585;9.05,14.585;9.05,14.635;9.0,14.635;9.0,14.635;9.0,14.685;8.95,14.685;8.95,14.685;8.95,14.735;8.9,14.735;8.9,14.735;8.9,14.785;8.85,14.785;8.85,14.785;8.85,14.835;8.8,14.835;8.8,14.835;8.8,14.885;8.75,14.885;8.75,14.885;8.75,14.935;8.7,14.935;8.7,14.935;8.7,14.985;8.65,14.985;8.65,14.985;8.65,15.035;8.6,15.035;8.6,15.035;8.6,15.085;8.55,15.085;8.55,15.085;8.55,15.135;8.5,15.135;8.5,15.135;8.5,15.185;8.45,15.185;8.45,15.185;8.45,15.235;8.4,15.235;8.4,15.235;8.4,15.285;8.35,15.285;8.35,15.285;8.35,15.335;8.3,15.335;8.3,15.335;8.3,15.385;8.25,15.385;8.25,15.385;8.25,15.435;8.2,15.435;8.2,15.435;8.2,15.485;8.15,15.485;8.15,15.485;8.15,15.535;8.1,15.535;8.1,15.535;8.1,15.585;8.05,15.585;8.05,15.585;8.05,15.635;8.0,15.635;8.0,15.635;8.0,15.685;7.95,15.685;7.95,15.685;7.95,15.735;7.9,15.735;7.9,15.735;7.9,15.785;7.85,15.785;7.85,15.785;7.85,15.835;7.8,15.835;7.8,15.835;7.8,15.885;7.75,15.885;7.75,15.885;7.75,15.935;7.7,15.935;7.7,15.935;7.7,15.985;7.65,15.985;7.65,15.985;7.65,16.035;7.6,16.035;7.6,16.035",TRANSFERIDO
L4,L4_P_LB_c2_r3,L4_P_LB_c2_r3_T285,BEAM,L4_V016,L4_V016,2076.0,6.339797,6.22935,39.492815,"7.5,16.035;7.5,16.085;7.5,16.135;7.5,16.135;7.55,16.135;7.55,16.135;7.55,16.085;7.6,16.085;7.6,16.085;7.6,16.035;7.65,16.035;7.65,16.035;7.65,15.985;7.7,15.985;7.7,15.985;7.7,15.935;7.75,15.935;7.75,15.935;7.75,15.885;7.8,15.885;7.8,15.885;7.8,15.835;7.85,15.835;7.85,15.835;7.85,15.785;7.9,15.785;7.9,15.785;7.9,15.735;7.95,15.735;7.95,15.735;7.95,15.685;8.0,15.685;8.0,15.685;8.0,15.635;8.05,15.635;8.05,15.635;8.05,15.585;8.1,15.585;8.1,15.585;8.1,15.535;8.15,15.535;8.15,15.535;8.15,15.485;8.2,15.485;8.2,15.485;8.2,15.435;8.25,15.435;8.25,15.435;8.25,15.385;8.3,15.385;8.3,15.385;8.3,15.335;8.35,15.335;8.35,15.335;8.35,15.285;8.4,15.285;8.4,15.285;8.4,15.235;8.45,15.235;8.45,15.235;8.45,15.185;8.5,15.185;8.5,15.185;8.5,15.135;8.55,15.135;8.55,15.135;8.55,15.085;8.6,15.085;8.6,15.085;8.6,15.035;8.65,15.035;8.65,15.035;8.65,14.985;8.7,14.985;8.7,14.985;8.7,14.935;8.75,14.935;8.75,14.935;8.75,14.885;8.8,14.885;8.8,14.885;8.8,14.835;8.85,14.835;8.85,14.835;8.85,14.785;8.9,14.785;8.9,14.785;8.9,14.735;8.95,14.735;8.95,14.735;8.95,14.685;9.0,14.685;9.0,14.685;9.0,14.635;9.05,14.635;9.05,14.635;9.05,14.585;9.1,14.585;9.1,14.585;9.1,14.535;9.15,14.535;9.15,14.535;9.15,14.485;9.2,14.485;9.2,14.485;9.2,14.435;9.25,14.435;9.25,14.435;9.25,14.385;9.3,14.385;9.3,14.385;9.3,14.335;9.35,14.335;9.35,14.335;9.35,14.285;9.4,14.285;9.4,14.285;9.4,11.885;9.4,11.885;7.5,11.885;7.5,11.885",TRANSFERIDO
L4,L4_P_LB_c2_r3,L4_P_LB_c2_r3_T286,BEAM,L4_V020,L4_V020,2080.0,6.219374,6.22935,38.742654,"9.4,14.335;9.4,14.335;9.45,14.335;9.45,14.385;9.45,14.385;9.5,14.385;9.5,14.435;9.5,14.435;9.55,14.435;9.55,14.485;9.55,14.485;9.6,14.485;9.6,14.535;9.6,14.535;9.65,14.535;9.65,14.585;9.65,14.585;9.7,14.585;9.7,14.635;9.7,14.635;9.75,14.635;9.75,14.685;9.75,14.685;9.8,14.685;9.8,14.735;9.8,14.735;9.85,14.735;9.85,14.785;9.85,14.785;9.9,14.785;9.9,14.835;9.9,14.835;9.95,14.835;9.95,14.885;9.95,14.885;10.0,14.885;10.0,14.935;10.0,14.935;10.05,14.935;10.05,14.985;10.05,14.985;10.1,14.985;10.1,15.035;10.1,15.035;10.15,15.035;10.15,15.085;10.15,15.085;10.2,15.085;10.2,15.135;10.2,15.135;10.25,15.135;10.25,15.185;10.25,15.185;10.3,15.185;10.3,15.235;10.3,15.235;10.35,15.235;10.35,15.285;10.35,15.285;10.4,15.285;10.4,15.335;10.4,15.335;10.45,15.335;10.45,15.385;10.45,15.385;10.5,15.385;10.5,15.435;10.5,15.435;10.55,15.435;10.55,15.485;10.55,15.485;10.6,15.485;10.6,15.535;10.6,15.535;10.65,15.535;10.65,15.585;10.65,15.585;10.7,15.585;10.7,15.635;10.7,15.635;10.75,15.635;10.75,15.685;10.75,15.685;10.8,15.685;10.8,15.735;10.8,15.735;10.85,15.735;10.85,15.785;10.85,15.785;10.9,15.785;10.9,15.835;10.9,15.835;10.95,15.835;10.95,15.885;10.95,15.885;11.0,15.885;11.0,15.935;11.0,15.935;11.05,15.935;11.05,15.985;11.05,15.985;11.1,15.985;11.1,16.035;11.1,16.035;11.15,16.035;11.15,16.085;11.15,16.085;11.2,16.085;11.2,16.135;11.2,16.135;11.25,16.135;11.25,16.135;11.25,16.085;11.25,16.035;11.25,11.885;11.25,11.885;9.4,11.885;9.4,11.885",TRANSFERIDO
L4,L4_P_RB_c0_r0,L4_P_RB_c0_r0_T287,BEAM,L4_BD_V60_01,L4_BD_V60_01,2167.0,6.25,6.22935,38.933438,"11.3,0.05;11.3,0.1;11.3,0.1;11.35,0.1;11.35,0.15;11.35,0.15;11.4,0.15;11.4,0.2;11.4,0.2;11.45,0.2;11.45,0.25;11.45,0.25;11.5,0.25;11.5,0.3;11.5,0.3;11.55,0.3;11.55,0.35;11.55,0.35;11.6,0.35;11.6,0.4;11.6,0.4;11.65,0.4;11.65,0.45;11.65,0.45;11.7,0.45;11.7,0.5;11.7,0.5;11.75,0.5;11.75,0.55;11.75,0.55;11.8,0.55;11.8,0.6;11.8,0.6;11.85,0.6;11.85,0.65;11.85,0.65;11.9,0.65;11.9,0.7;11.9,0.7;11.95,0.7;11.95,0.75;11.95,0.75;12.0,0.75;12.0,0.8;12.0,0.8;12.05,0.8;12.05,0.85;12.05,0.85;12.1,0.85;12.1,0.9;12.1,0.9;12.15,0.9;12.15,0.95;12.15,0.95;12.2,0.95;12.2,1.0;12.2,1.0;12.25,1.0;12.25,1.05;12.25,1.05;12.3,1.05;12.3,1.1;12.3,1.1;12.35,1.1;12.35,1.15;12.35,1.15;12.4,1.15;12.4,1.2;12.4,1.2;12.45,1.2;12.45,1.25;12.45,1.25;12.5,1.25;12.5,1.3;12.5,1.3;12.55,1.3;12.55,1.35;12.55,1.35;12.6,1.35;12.6,1.4;12.6,1.4;12.65,1.4;12.65,1.45;12.65,1.45;12.7,1.45;12.7,1.5;12.7,1.5;12.75,1.5;12.75,1.55;12.75,1.55;12.8,1.55;12.8,1.6;12.8,1.6;12.85,1.6;12.85,1.65;12.85,1.65;12.9,1.65;12.9,1.7;12.9,1.7;12.95,1.7;12.95,1.75;12.95,1.75;13.0,1.75;13.0,1.8;13.0,1.8;13.05,1.8;13.05,1.85;13.05,1.85;13.1,1.85;13.1,1.9;13.1,1.9;13.15,1.9;13.15,1.95;13.15,1.95;13.2,1.95;13.2,2.0;13.2,2.0;13.25,2.0;13.25,2.05;13.25,2.05;13.3,2.05;13.3,2.1;13.3,2.1;13.35,2.1;13.35,2.15;13.35,2.15;13.4,2.15;13.4,2.2;13.4,2.2;13.45,2.2;13.45,2.25;13.45,2.25;13.5,2.25;13.5,2.3;13.5,2.3;13.55,2.3;13.55,2.35;13.55,2.35;13.6,2.35;13.6,2.4;13.6,2.4;13.65,2.4;13.65,2.45;13.65,2.45;13.7,2.45;13.7,2.5;13.7,2.5;13.75,2.5;13.75,2.5;13.75,2.45;13.8,2.45;13.8,2.45;13.8,2.4;13.85,2.4;13.85,2.4;13.85,2.35;13.9,2.35;13.9,2.35;13.9,2.3;13.95,2.3;13.95,2.3;13.95,2.25;14.0,2.25;14.0,2.25;14.0,2.2;14.05,2.2;14.05,2.2;14.05,2.15;14.1,2.15;14.1,2.15;14.1,2.1;14.15,2.1;14.15,2.1;14.15,2.05;14.2,2.05;14.2,2.05;14.2,2.0;14.25,2.0;14.25,2.0;14.25,1.95;14.3,1.95;14.3,1.95;14.3,1.9;14.35,1.9;14.35,1.9;14.35,1.85;14.4,1.85;14.4,1.85;14.4,1.8;14.45,1.8;14.45,1.8;14.45,1.75;14.5,1.75;14.5,1.75;14.5,1.7;14.55,1.7;14.55,1.7;14.55,1.65;14.6,1.65;14.6,1.65;14.6,1.6;14.65,1.6;14.65,1.6;14.65,1.55;14.7,1.55;14.7,1.55;14.7,1.5;14.75,1.5;14.75,1.5;14.75,1.45;14.8,1.45;14.8,1.45;14.8,1.4;14.85,1.4;14.85,1.4;14.85,1.35;14.9,1.35;14.9,1.35;14.9,1.3;14.95,1.3;14.95,1.3;14.95,1.25;15.0,1.25;15.0,1.25;15.0,1.2;15.05,1.2;15.05,1.2;15.05,1.15;15.1,1.15;15.1,1.15;15.1,1.1;15.15,1.1;15.15,1.1;15.15,1.05;15.2,1.05;15.2,1.05;15.2,1.0;15.25,1.0;15.25,1.0;15.25,0.95;15.3,0.95;15.3,0.95;15.3,0.9;15.35,0.9;15.35,0.9;15.35,0.85;15.4,0.85;15.4,0.85;15.4,0.8;15.45,0.8;15.45,0.8;15.45,0.75;15.5,0.75;15.5,0.75;15.5,0.7;15.55,0.7;15.55,0.7;15.55,0.65;15.6,0.65;15.6,0.65;15.6,0.6;15.65,0.6;15.65,0.6;15.65,0.55;15.7,0.55;15.7,0.55;15.7,0.5;15.75,0.5;15.75,0.5;15.75,0.45;15.8,0.45;15.8,0.45;15.8,0.4;15.85,0.4;15.85,0.4;15.85,0.35;15.9,0.35;15.9,0.35;15.9,0.3;15.95,0.3;15.95,0.3;15.95,0.25;16.0,0.25;16.0,0.25;16.0,0.2;16.05,0.2;16.05,0.2;16.05,0.15;16.1,0.15;16.1,0.15;16.1,0.1;16.15,0.1;16.15,0.1;16.15,0.05;16.2,0.05;16.2,0.05;16.2,0.0;16.2,-0.0;16.1,-0.0;16.0,-0.0;11.25,-0.0;11.25,0.0;11.25,0.05;11.25,0.05",TRANSFERIDO
L4,L4_P_RB_c0_r0,L4_P_RB_c0_r0_T288,BEAM,L4_BD_V60_05,L4_BD_V60_05,2171.0,6.25,6.22935,38.933438,"11.85,8.3;11.8,8.3;11.8,8.3;11.8,8.35;11.75,8.35;11.75,8.35;11.75,8.4;11.7,8.4;11.7,8.4;11.7,8.45;11.65,8.45;11.65,8.45;11.65,8.5;11.6,8.5;11.6,8.5;11.6,8.55;11.55,8.55;11.55,8.55;11.55,8.6;11.5,8.6;11.5,8.6;11.5,8.65;11.45,8.65;11.45,8.65;11.45,8.7;11.4,8.7;11.4,8.7;11.4,8.75;11.35,8.75;11.35,8.75;11.35,8.8;11.3,8.8;11.3,8.8;11.3,8.85;11.25,8.85;11.25,8.85;11.25,8.9;11.25,8.9;16.0,8.9;16.1,8.9;16.2,8.9;16.2,8.9;16.2,8.85;16.2,8.85;16.15,8.85;16.15,8.8;16.15,8.8;16.1,8.8;16.1,8.75;16.1,8.75;16.05,8.75;16.05,8.7;16.05,8.7;16.0,8.7;16.0,8.65;16.0,8.65;15.95,8.65;15.95,8.6;15.95,8.6;15.9,8.6;15.9,8.55;15.9,8.55;15.85,8.55;15.85,8.5;15.85,8.5;15.8,8.5;15.8,8.45;15.8,8.45;15.75,8.45;15.75,8.4;15.75,8.4;15.7,8.4;15.7,8.35;15.7,8.35;15.65,8.35;15.65,8.3;15.65,8.3;15.6,8.3;15.6,8.25;15.6,8.25;15.55,8.25;15.55,8.2;15.55,8.2;15.5,8.2;15.5,8.15;15.5,8.15;15.45,8.15;15.45,8.1;15.45,8.1;15.4,8.1;15.4,8.05;15.4,8.05;15.35,8.05;15.35,8.0;15.35,8.0;15.3,8.0;15.3,7.95;15.3,7.95;15.25,7.95;15.25,7.9;15.25,7.9;15.2,7.9;15.2,7.85;15.2,7.85;15.15,7.85;15.15,7.8;15.15,7.8;15.1,7.8;15.1,7.75;15.1,7.75;15.05,7.75;15.05,7.7;15.05,7.7;15.0,7.7;15.0,7.65;15.0,7.65;14.95,7.65;14.95,7.6;14.95,7.6;14.9,7.6;14.9,7.55;14.9,7.55;14.85,7.55;14.85,7.5;14.85,7.5;14.8,7.5;14.8,7.45;14.8,7.45;14.75,7.45;14.75,7.4;14.75,7.4;14.7,7.4;14.7,7.35;14.7,7.35;14.65,7.35;14.65,7.3;14.65,7.3;14.6,7.3;14.6,7.25;14.6,7.25;14.55,7.25;14.55,7.2;14.55,7.2;14.5,7.2;14.5,7.15;14.5,7.15;14.45,7.15;14.45,7.1;14.45,7.1;14.4,7.1;14.4,7.05;14.4,7.05;14.35,7.05;14.35,7.0;14.35,7.0;14.3,7.0;14.3,6.95;14.3,6.95;14.25,6.95;14.25,6.9;14.25,6.9;14.2,6.9;14.2,6.85;14.2,6.85;14.15,6.85;14.15,6.8;14.15,6.8;14.1,6.8;14.1,6.75;14.1,6.75;14.05,6.75;14.05,6.7;14.05,6.7;14.0,6.7;14.0,6.65;14.0,6.65;13.95,6.65;13.95,6.6;13.95,6.6;13.9,6.6;13.9,6.55;13.9,6.55;13.85,6.55;13.85,6.5;13.85,6.5;13.8,6.5;13.8,6.45;13.8,6.45;13.75,6.45;13.75,6.4;13.75,6.4;13.7,6.4;13.7,6.4;13.7,6.45;13.65,6.45;13.65,6.45;13.65,6.5;13.6,6.5;13.6,6.5;13.6,6.55;13.55,6.55;13.55,6.55;13.55,6.6;13.5,6.6;13.5,6.6;13.5,6.65;13.45,6.65;13.45,6.65;13.45,6.7;13.4,6.7;13.4,6.7;13.4,6.75;13.35,6.75;13.35,6.75;13.35,6.8;13.3,6.8;13.3,6.8;13.3,6.85;13.25,6.85;13.25,6.85;13.25,6.9;13.2,6.9;13.2,6.9;13.2,6.95;13.15,6.95;13.15,6.95;13.15,7.0;13.1,7.0;13.1,7.0;13.1,7.05;13.05,7.05;13.05,7.05;13.05,7.1;13.0,7.1;13.0,7.1;13.0,7.15;12.95,7.15;12.95,7.15;12.95,7.2;12.9,7.2;12.9,7.2;12.9,7.25;12.85,7.25;12.85,7.25;12.85,7.3;12.8,7.3;12.8,7.3;12.8,7.35;12.75,7.35;12.75,7.35;12.75,7.4;12.7,7.4;12.7,7.4;12.7,7.45;12.65,7.45;12.65,7.45;12.65,7.5;12.6,7.5;12.6,7.5;12.6,7.55;12.55,7.55;12.55,7.55;12.55,7.6;12.5,7.6;12.5,7.6;12.5,7.65;12.45,7.65;12.45,7.65;12.45,7.7;12.4,7.7;12.4,7.7;12.4,7.75;12.35,7.75;12.35,7.75;12.35,7.8;12.3,7.8;12.3,7.8;12.3,7.85;12.25,7.85;12.25,7.85;12.25,7.9;12.2,7.9;12.2,7.9;12.2,7.95;12.15,7.95;12.15,7.95;12.15,8.0;12.1,8.0;12.1,8.0;12.1,8.05;12.05,8.05;12.05,8.05;12.05,8.1;12.0,8.1;12.0,8.1;12.0,8.15;11.95,8.15;11.95,8.15;11.95,8.2;11.9,8.2;11.9,8.2;11.9,8.25;11.85,8.25;11.85,8.25",TRANSFERIDO
L4,L4_P_RB_c0_r0,L4_P_RB_c0_r0_T289,BEAM,L4_V017,L4_V017,2077.0,7.4375,6.22935,46.330791,"11.25,0.1;11.25,0.2;11.25,1.05;11.25,1.1;11.25,1.2;11.25,1.25;11.25,1.3;11.25,1.35;11.25,1.4;11.25,1.5;11.25,1.55;11.25,1.6;11.25,1.65;11.25,1.7;11.25,1.75;11.25,1.85;11.25,1.9;11.25,1.95;11.25,2.1;11.25,2.2;11.25,2.35;11.25,2.45;11.25,2.55;11.25,2.7;11.25,2.8;11.25,2.95;11.25,3.05;11.25,3.15;11.25,3.3;11.25,3.4;11.25,3.5;11.25,3.65;11.25,3.75;11.25,3.9;11.25,4.25;11.25,4.25;13.75,4.25;13.75,4.25;13.75,3.9;13.75,3.75;13.75,3.65;13.75,3.5;13.75,3.4;13.75,3.3;13.75,3.15;13.75,3.05;13.75,2.95;13.75,2.8;13.75,2.7;13.75,2.55;13.75,2.5;13.75,2.5;13.7,2.5;13.7,2.45;13.7,2.45;13.65,2.45;13.65,2.4;13.65,2.4;13.6,2.4;13.6,2.35;13.6,2.35;13.55,2.35;13.55,2.3;13.55,2.3;13.5,2.3;13.5,2.25;13.5,2.25;13.45,2.25;13.45,2.2;13.45,2.2;13.4,2.2;13.4,2.15;13.4,2.15;13.35,2.15;13.35,2.1;13.35,2.1;13.3,2.1;13.3,2.05;13.3,2.05;13.25,2.05;13.25,2.0;13.25,2.0;13.2,2.0;13.2,1.95;13.2,1.95;13.15,1.95;13.15,1.9;13.15,1.9;13.1,1.9;13.1,1.85;13.1,1.85;13.05,1.85;13.05,1.8;13.05,1.8;13.0,1.8;13.0,1.75;13.0,1.75;12.95,1.75;12.95,1.7;12.95,1.7;12.9,1.7;12.9,1.65;12.9,1.65;12.85,1.65;12.85,1.6;12.85,1.6;12.8,1.6;12.8,1.55;12.8,1.55;12.75,1.55;12.75,1.5;12.75,1.5;12.7,1.5;12.7,1.45;12.7,1.45;12.65,1.45;12.65,1.4;12.65,1.4;12.6,1.4;12.6,1.35;12.6,1.35;12.55,1.35;12.55,1.3;12.55,1.3;12.5,1.3;12.5,1.25;12.5,1.25;12.45,1.25;12.45,1.2;12.45,1.2;12.4,1.2;12.4,1.15;12.4,1.15;12.35,1.15;12.35,1.1;12.35,1.1;12.3,1.1;12.3,1.05;12.3,1.05;12.25,1.05;12.25,1.0;12.25,1.0;12.2,1.0;12.2,0.95;12.2,0.95;12.15,0.95;12.15,0.9;12.15,0.9;12.1,0.9;12.1,0.85;12.1,0.85;12.05,0.85;12.05,0.8;12.05,0.8;12.0,0.8;12.0,0.75;12.0,0.75;11.95,0.75;11.95,0.7;11.95,0.7;11.9,0.7;11.9,0.65;11.9,0.65;11.85,0.65;11.85,0.6;11.85,0.6;11.8,0.6;11.8,0.55;11.8,0.55;11.75,0.55;11.75,0.5;11.75,0.5;11.7,0.5;11.7,0.45;11.7,0.45;11.65,0.45;11.65,0.4;11.65,0.4;11.6,0.4;11.6,0.35;11.6,0.35;11.55,0.35;11.55,0.3;11.55,0.3;11.5,0.3;11.5,0.25;11.5,0.25;11.45,0.25;11.45,0.2;11.45,0.2;11.4,0.2;11.4,0.15;11.4,0.15;11.35,0.15;11.35,0.1;11.35,0.1;11.3,0.1;11.3,0.05;11.3,0.05;11.25,0.05;11.25,0.05;11.25,0.1",TRANSFERIDO
L4,L4_P_RB_c0_r0,L4_P_RB_c0_r0_T290,BEAM,L4_V018,L4_V018,2078.0,8.4375,6.22935,52.560141,"11.25,4.5;11.25,4.55;11.25,4.6;11.25,4.65;11.25,4.7;11.25,4.75;11.25,4.8;11.25,4.85;11.25,4.9;11.25,4.95;11.25,5.0;11.25,5.05;11.25,5.1;11.25,5.15;11.25,5.2;11.25,5.25;11.25,5.3;11.25,5.35;11.25,5.4;11.25,5.45;11.25,5.5;11.25,5.55;11.25,5.6;11.25,5.65;11.25,5.7;11.25,5.75;11.25,5.8;11.25,5.85;11.25,5.9;11.25,5.95;11.25,6.0;11.25,6.05;11.25,6.1;11.25,6.15;11.25,6.2;11.25,6.25;11.25,6.3;11.25,6.35;11.25,6.4;11.25,6.45;11.25,6.5;11.25,6.55;11.25,6.6;11.25,6.65;11.25,6.7;11.25,6.75;11.25,6.8;11.25,6.85;11.25,6.9;11.25,6.95;11.25,7.0;11.25,7.05;11.25,7.1;11.25,7.15;11.25,7.2;11.25,7.25;11.25,7.3;11.25,7.35;11.25,7.4;11.25,7.45;11.25,7.5;11.25,7.55;11.25,7.6;11.25,7.65;11.25,7.7;11.25,7.75;11.25,7.8;11.25,7.85;11.25,7.9;11.25,7.95;11.25,8.0;11.25,8.05;11.25,8.1;11.25,8.15;11.25,8.2;11.25,8.25;11.25,8.3;11.25,8.35;11.25,8.4;11.25,8.45;11.25,8.5;11.25,8.55;11.25,8.6;11.25,8.65;11.25,8.7;11.25,8.75;11.25,8.8;11.25,8.85;11.3,8.85;11.3,8.8;11.35,8.8;11.35,8.75;11.4,8.75;11.4,8.7;11.45,8.7;11.45,8.65;11.5,8.65;11.5,8.6;11.55,8.6;11.55,8.55;11.6,8.55;11.6,8.5;11.65,8.5;11.65,8.45;11.7,8.45;11.7,8.4;11.75,8.4;11.75,8.35;11.8,8.35;11.8,8.3;11.85,8.3;11.85,8.25;11.9,8.25;11.9,8.2;11.95,8.2;11.95,8.15;12.0,8.15;12.0,8.1;12.05,8.1;12.05,8.05;12.1,8.05;12.1,8.0;12.15,8.0;12.15,7.95;12.2,7.95;12.2,7.9;12.25,7.9;12.25,7.85;12.3,7.85;12.3,7.8;12.35,7.8;12.35,7.75;12.4,7.75;12.4,7.7;12.45,7.7;12.45,7.65;12.5,7.65;12.5,7.6;12.55,7.6;12.55,7.55;12.6,7.55;12.6,7.5;12.65,7.5;12.65,7.45;12.7,7.45;12.7,7.4;12.75,7.4;12.75,7.35;12.8,7.35;12.8,7.3;12.85,7.3;12.85,7.25;12.9,7.25;12.9,7.2;12.95,7.2;12.95,7.15;13.0,7.15;13.0,7.1;13.05,7.1;13.05,7.05;13.1,7.05;13.1,7.0;13.15,7.0;13.15,6.95;13.2,6.95;13.2,6.9;13.25,6.9;13.25,6.85;13.3,6.85;13.3,6.8;13.35,6.8;13.35,6.75;13.4,6.75;13.4,6.7;13.45,6.7;13.45,6.65;13.5,6.65;13.5,6.6;13.55,6.6;13.55,6.55;13.6,6.55;13.6,6.5;13.65,6.5;13.65,6.45;13.7,6.45;13.7,6.4;13.75,6.4;13.75,6.35;13.75,6.3;13.75,6.25;13.75,6.2;13.75,6.15;13.75,6.1;13.75,6.05;13.75,6.0;13.75,5.95;13.75,5.9;13.75,5.85;13.75,5.8;13.75,5.75;13.75,5.7;13.75,5.65;13.75,5.6;13.75,5.55;13.75,5.5;13.75,5.45;13.75,5.4;13.75,5.35;13.75,5.3;13.75,5.25;13.75,5.2;13.75,5.15;13.75,5.1;13.75,5.05;13.75,5.0;13.75,4.95;13.75,4.9;13.75,4.85;13.75,4.8;13.75,4.75;13.75,4.7;13.75,4.65;13.75,4.6;13.75,4.55;13.75,4.5;13.75,4.45;13.75,4.4;13.75,4.35;13.75,4.3;13.75,4.25;13.7,4.25;13.65,4.25;13.6,4.25;13.55,4.25;13.5,4.25;13.45,4.25;13.4,4.25;13.35,4.25;13.3,4.25;13.25,4.25;13.2,4.25;13.15,4.25;13.1,4.25;13.05,4.25;13.0,4.25;12.95,4.25;12.9,4.25;12.85,4.25;12.8,4.25;12.75,4.25;12.7,4.25;12.65,4.25;12.6,4.25;12.55,4.25;12.5,4.25;12.45,4.25;12.4,4.25;12.35,4.25;12.3,4.25;12.25,4.25;12.2,4.25;12.15,4.25;12.1,4.25;12.05,4.25;12.0,4.25;11.95,4.25;11.9,4.25;11.85,4.25;11.8,4.25;11.75,4.25;11.7,4.25;11.65,4.25;11.6,4.25;11.55,4.25;11.5,4.25;11.45,4.25;11.4,4.25;11.35,4.25;11.3,4.25;11.25,4.25;11.25,4.3;11.25,4.35;11.25,4.4;11.25,4.45;11.25,4.5",TRANSFERIDO
L4,L4_P_RB_c0_r0,L4_P_RB_c0_r0_T291,BEAM,L4_BD_V60_13,L4_BD_V60_13,2179.0,16.125,6.22935,100.448269,"13.75,2.55;13.75,2.7;13.75,2.8;13.75,2.95;13.75,3.05;13.75,3.15;13.75,3.3;13.75,3.4;13.75,3.5;13.75,3.65;13.75,3.75;13.75,3.9;13.75,6.45;13.75,6.45;13.8,6.45;13.8,6.5;13.8,6.5;13.85,6.5;13.85,6.55;13.85,6.55;13.9,6.55;13.9,6.6;13.9,6.6;13.95,6.6;13.95,6.65;13.95,6.65;14.0,6.65;14.0,6.7;14.0,6.7;14.05,6.7;14.05,6.75;14.05,6.75;14.1,6.75;14.1,6.8;14.1,6.8;14.15,6.8;14.15,6.85;14.15,6.85;14.2,6.85;14.2,6.9;14.2,6.9;14.25,6.9;14.25,6.95;14.25,6.95;14.3,6.95;14.3,7.0;14.3,7.0;14.35,7.0;14.35,7.05;14.35,7.05;14.4,7.05;14.4,7.1;14.4,7.1;14.45,7.1;14.45,7.15;14.45,7.15;14.5,7.15;14.5,7.2;14.5,7.2;14.55,7.2;14.55,7.25;14.55,7.25;14.6,7.25;14.6,7.3;14.6,7.3;14.65,7.3;14.65,7.35;14.65,7.35;14.7,7.35;14.7,7.4;14.7,7.4;14.75,7.4;14.75,7.45;14.75,7.45;14.8,7.45;14.8,7.5;14.8,7.5;14.85,7.5;14.85,7.55;14.85,7.55;14.9,7.55;14.9,7.6;14.9,7.6;14.95,7.6;14.95,7.65;14.95,7.65;15.0,7.65;15.0,7.7;15.0,7.7;15.05,7.7;15.05,7.75;15.05,7.75;15.1,7.75;15.1,7.8;15.1,7.8;15.15,7.8;15.15,7.85;15.15,7.85;15.2,7.85;15.2,7.9;15.2,7.9;15.25,7.9;15.25,7.95;15.25,7.95;15.3,7.95;15.3,8.0;15.3,8.0;15.35,8.0;15.35,8.05;15.35,8.05;15.4,8.05;15.4,8.1;15.4,8.1;15.45,8.1;15.45,8.15;15.45,8.15;15.5,8.15;15.5,8.2;15.5,8.2;15.55,8.2;15.55,8.25;15.55,8.25;15.6,8.25;15.6,8.3;15.6,8.3;15.65,8.3;15.65,8.35;15.65,8.35;15.7,8.35;15.7,8.4;15.7,8.4;15.75,8.4;15.75,8.45;15.75,8.45;15.8,8.45;15.8,8.5;15.8,8.5;15.85,8.5;15.85,8.55;15.85,8.55;15.9,8.55;15.9,8.6;15.9,8.6;15.95,8.6;15.95,8.65;15.95,8.65;16.0,8.65;16.0,8.7;16.0,8.7;16.05,8.7;16.05,8.75;16.05,8.75;16.1,8.75;16.1,8.8;16.1,8.8;16.15,8.8;16.15,8.85;16.15,8.85;16.2,8.85;16.2,8.9;16.2,8.9;16.25,8.9;16.25,8.9;16.25,3.9;16.25,3.75;16.25,3.65;16.25,3.5;16.25,3.4;16.25,3.3;16.25,3.15;16.25,3.05;16.25,2.95;16.25,2.8;16.25,2.7;16.25,2.55;16.25,2.45;16.25,2.35;16.25,2.2;16.25,2.1;16.25,1.95;16.25,1.9;16.25,1.85;16.25,1.75;16.25,1.7;16.25,1.65;16.25,1.6;16.25,1.55;16.25,1.5;16.25,1.4;16.25,1.35;16.25,1.3;16.25,1.25;16.25,1.2;16.25,1.1;16.25,1.05;16.25,0.2;16.25,0.1;16.25,0.05;16.25,0.0;16.25,-0.0;16.2,-0.0;16.2,0.0;16.2,0.05;16.15,0.05;16.15,0.05;16.15,0.1;16.1,0.1;16.1,0.1;16.1,0.15;16.05,0.15;16.05,0.15;16.05,0.2;16.0,0.2;16.0,0.2;16.0,0.25;15.95,0.25;15.95,0.25;15.95,0.3;15.9,0.3;15.9,0.3;15.9,0.35;15.85,0.35;15.85,0.35;15.85,0.4;15.8,0.4;15.8,0.4;15.8,0.45;15.75,0.45;15.75,0.45;15.75,0.5;15.7,0.5;15.7,0.5;15.7,0.55;15.65,0.55;15.65,0.55;15.65,0.6;15.6,0.6;15.6,0.6;15.6,0.65;15.55,0.65;15.55,0.65;15.55,0.7;15.5,0.7;15.5,0.7;15.5,0.75;15.45,0.75;15.45,0.75;15.45,0.8;15.4,0.8;15.4,0.8;15.4,0.85;15.35,0.85;15.35,0.85;15.35,0.9;15.3,0.9;15.3,0.9;15.3,0.95;15.25,0.95;15.25,0.95;15.25,1.0;15.2,1.0;15.2,1.0;15.2,1.05;15.15,1.05;15.15,1.05;15.15,1.1;15.1,1.1;15.1,1.1;15.1,1.15;15.05,1.15;15.05,1.15;15.05,1.2;15.0,1.2;15.0,1.2;15.0,1.25;14.95,1.25;14.95,1.25;14.95,1.3;14.9,1.3;14.9,1.3;14.9,1.35;14.85,1.35;14.85,1.35;14.85,1.4;14.8,1.4;14.8,1.4;14.8,1.45;14.75,1.45;14.75,1.45;14.75,1.5;14.7,1.5;14.7,1.5;14.7,1.55;14.65,1.55;14.65,1.55;14.65,1.6;14.6,1.6;14.6,1.6;14.6,1.65;14.55,1.65;14.55,1.65;14.55,1.7;14.5,1.7;14.5,1.7;14.5,1.75;14.45,1.75;14.45,1.75;14.45,1.8;14.4,1.8;14.4,1.8;14.4,1.85;14.35,1.85;14.35,1.85;14.35,1.9;14.3,1.9;14.3,1.9;14.3,1.95;14.25,1.95;14.25,1.95;14.25,2.0;14.2,2.0;14.2,2.0;14.2,2.05;14.15,2.05;14.15,2.05;14.15,2.1;14.1,2.1;14.1,2.1;14.1,2.15;14.05,2.15;14.05,2.15;14.05,2.2;14.0,2.2;14.0,2.2;14.0,2.25;13.95,2.25;13.95,2.25;13.95,2.3;13.9,2.3;13.9,2.3;13.9,2.35;13.85,2.35;13.85,2.35;13.85,2.4;13.8,2.4;13.8,2.4;13.8,2.45;13.75,2.45;13.75,2.45;13.75,2.55",TRANSFERIDO
L4,L4_P_RB_c0_r1,L4_P_RB_c0_r1_T292,BEAM,L4_BD_V60_05,L4_BD_V60_05,2171.0,6.25,6.22935,38.933438,"11.25,8.9;11.25,8.9;11.25,8.95;11.25,8.95;11.3,8.95;11.3,9.0;11.3,9.0;11.35,9.0;11.35,9.05;11.35,9.05;11.4,9.05;11.4,9.1;11.4,9.1;11.45,9.1;11.45,9.15;11.45,9.15;11.5,9.15;11.5,9.2;11.5,9.2;11.55,9.2;11.55,9.25;11.55,9.25;11.6,9.25;11.6,9.3;11.6,9.3;11.65,9.3;11.65,9.35;11.65,9.35;11.7,9.35;11.7,9.4;11.7,9.4;11.75,9.4;11.75,9.45;11.75,9.45;11.8,9.45;11.8,9.5;11.8,9.5;11.85,9.5;11.85,9.55;11.85,9.55;11.9,9.55;11.9,9.6;11.9,9.6;11.95,9.6;11.95,9.65;11.95,9.65;12.0,9.65;12.0,9.7;12.0,9.7;12.05,9.7;12.05,9.75;12.05,9.75;12.1,9.75;12.1,9.8;12.1,9.8;12.15,9.8;12.15,9.85;12.15,9.85;12.2,9.85;12.2,9.9;12.2,9.9;12.25,9.9;12.25,9.95;12.25,9.95;12.3,9.95;12.3,10.0;12.3,10.0;12.35,10.0;12.35,10.05;12.35,10.05;12.4,10.05;12.4,10.1;12.4,10.1;12.45,10.1;12.45,10.15;12.45,10.15;12.5,10.15;12.5,10.2;12.5,10.2;12.55,10.2;12.55,10.25;12.55,10.25;12.6,10.25;12.6,10.3;12.6,10.3;12.65,10.3;12.65,10.35;12.65,10.35;12.7,10.35;12.7,10.4;12.7,10.4;12.75,10.4;12.75,10.45;12.75,10.45;12.8,10.45;12.8,10.5;12.8,10.5;12.85,10.5;12.85,10.55;12.85,10.55;12.9,10.55;12.9,10.6;12.9,10.6;12.95,10.6;12.95,10.65;12.95,10.65;13.0,10.65;13.0,10.7;13.0,10.7;13.05,10.7;13.05,10.75;13.05,10.75;13.1,10.75;13.1,10.8;13.1,10.8;13.15,10.8;13.15,10.85;13.15,10.85;13.2,10.85;13.2,10.9;13.2,10.9;13.25,10.9;13.25,10.95;13.25,10.95;13.3,10.95;13.3,11.0;13.3,11.0;13.35,11.0;13.35,11.05;13.35,11.05;13.4,11.05;13.4,11.1;13.4,11.1;13.45,11.1;13.45,11.15;13.45,11.15;13.5,11.15;13.5,11.2;13.5,11.2;13.55,11.2;13.55,11.25;13.55,11.25;13.6,11.25;13.6,11.3;13.6,11.3;13.65,11.3;13.65,11.35;13.65,11.35;13.7,11.35;13.7,11.4;13.7,11.4;13.75,11.4;13.75,11.4;13.75,11.35;13.8,11.35;13.8,11.35;13.8,11.3;13.85,11.3;13.85,11.3;13.85,11.25;13.9,11.25;13.9,11.25;13.9,11.2;13.95,11.2;13.95,11.2;13.95,11.15;14.0,11.15;14.0,11.15;14.0,11.1;14.05,11.1;14.05,11.1;14.05,11.05;14.1,11.05;14.1,11.05;14.1,11.0;14.15,11.0;14.15,11.0;14.15,10.95;14.2,10.95;14.2,10.95;14.2,10.9;14.25,10.9;14.25,10.9;14.25,10.85;14.3,10.85;14.3,10.85;14.3,10.8;14.35,10.8;14.35,10.8;14.35,10.75;14.4,10.75;14.4,10.75;14.4,10.7;14.45,10.7;14.45,10.7;14.45,10.65;14.5,10.65;14.5,10.65;14.5,10.6;14.55,10.6;14.55,10.6;14.55,10.55;14.6,10.55;14.6,10.55;14.6,10.5;14.65,10.5;14.65,10.5;14.65,10.45;14.7,10.45;14.7,10.45;14.7,10.4;14.75,10.4;14.75,10.4;14.75,10.35;14.8,10.35;14.8,10.35;14.8,10.3;14.85,10.3;14.85,10.3;14.85,10.25;14.9,10.25;14.9,10.25;14.9,10.2;14.95,10.2;14.95,10.2;14.95,10.15;15.0,10.15;15.0,10.15;15.0,10.1;15.05,10.1;15.05,10.1;15.05,10.05;15.1,10.05;15.1,10.05;15.1,10.0;15.15,10.0;15.15,10.0;15.15,9.95;15.2,9.95;15.2,9.95;15.2,9.9;15.25,9.9;15.25,9.9;15.25,9.85;15.3,9.85;15.3,9.85;15.3,9.8;15.35,9.8;15.35,9.8;15.35,9.75;15.4,9.75;15.4,9.75;15.4,9.7;15.45,9.7;15.45,9.7;15.45,9.65;15.5,9.65;15.5,9.65;15.5,9.6;15.55,9.6;15.55,9.6;15.55,9.55;15.6,9.55;15.6,9.55;15.6,9.5;15.65,9.5;15.65,9.5;15.65,9.45;15.7,9.45;15.7,9.45;15.7,9.4;15.75,9.4;15.75,9.4;15.75,9.35;15.8,9.35;15.8,9.35;15.8,9.3;15.85,9.3;15.85,9.3;15.85,9.25;15.9,9.25;15.9,9.25;15.9,9.2;15.95,9.2;15.95,9.2;15.95,9.15;16.0,9.15;16.0,9.15;16.0,9.1;16.05,9.1;16.05,9.1;16.05,9.05;16.1,9.05;16.1,9.05;16.1,9.0;16.15,9.0;16.15,9.0;16.15,8.95;16.2,8.95;16.2,8.95;16.2,8.9;16.2,8.9;16.1,8.9;16.0,8.9",TRANSFERIDO
L4,L4_P_RB_c0_r1,L4_P_RB_c0_r1_T293,BEAM,L4_BD_V60_09,L4_BD_V60_09,2175.0,6.375,6.22935,39.712106,"11.3,16.1;11.25,16.1;11.25,16.1;11.25,16.15;11.25,16.15;16.0,16.15;16.1,16.15;16.2,16.15;16.25,16.15;16.25,16.15;16.25,16.1;16.25,16.1;16.2,16.1;16.2,16.05;16.2,16.05;16.15,16.05;16.15,16.0;16.15,16.0;16.1,16.0;16.1,15.95;16.1,15.95;16.05,15.95;16.05,15.9;16.05,15.9;16.0,15.9;16.0,15.85;16.0,15.85;15.95,15.85;15.95,15.8;15.95,15.8;15.9,15.8;15.9,15.75;15.9,15.75;15.85,15.75;15.85,15.7;15.85,15.7;15.8,15.7;15.8,15.65;15.8,15.65;15.75,15.65;15.75,15.6;15.75,15.6;15.7,15.6;15.7,15.55;15.7,15.55;15.65,15.55;15.65,15.5;15.65,15.5;15.6,15.5;15.6,15.45;15.6,15.45;15.55,15.45;15.55,15.4;15.55,15.4;15.5,15.4;15.5,15.35;15.5,15.35;15.45,15.35;15.45,15.3;15.45,15.3;15.4,15.3;15.4,15.25;15.4,15.25;15.35,15.25;15.35,15.2;15.35,15.2;15.3,15.2;15.3,15.15;15.3,15.15;15.25,15.15;15.25,15.1;15.25,15.1;15.2,15.1;15.2,15.05;15.2,15.05;15.15,15.05;15.15,15.0;15.15,15.0;15.1,15.0;15.1,14.95;15.1,14.95;15.05,14.95;15.05,14.9;15.05,14.9;15.0,14.9;15.0,14.85;15.0,14.85;14.95,14.85;14.95,14.8;14.95,14.8;14.9,14.8;14.9,14.75;14.9,14.75;14.85,14.75;14.85,14.7;14.85,14.7;14.8,14.7;14.8,14.65;14.8,14.65;14.75,14.65;14.75,14.6;14.75,14.6;14.7,14.6;14.7,14.55;14.7,14.55;14.65,14.55;14.65,14.5;14.65,14.5;14.6,14.5;14.6,14.45;14.6,14.45;14.55,14.45;14.55,14.4;14.55,14.4;14.5,14.4;14.5,14.35;14.5,14.35;14.45,14.35;14.45,14.3;14.45,14.3;14.4,14.3;14.4,14.25;14.4,14.25;14.35,14.25;14.35,14.2;14.35,14.2;14.3,14.2;14.3,14.15;14.3,14.15;14.25,14.15;14.25,14.1;14.25,14.1;14.2,14.1;14.2,14.05;14.2,14.05;14.15,14.05;14.15,14.0;14.15,14.0;14.1,14.0;14.1,13.95;14.1,13.95;14.05,13.95;14.05,13.9;14.05,13.9;14.0,13.9;14.0,13.85;14.0,13.85;13.95,13.85;13.95,13.8;13.95,13.8;13.9,13.8;13.9,13.75;13.9,13.75;13.85,13.75;13.85,13.7;13.85,13.7;13.8,13.7;13.8,13.65;13.8,13.65;13.7,13.65;13.7,13.65;13.7,13.7;13.65,13.7;13.65,13.7;13.65,13.75;13.6,13.75;13.6,13.75;13.6,13.8;13.55,13.8;13.55,13.8;13.55,13.85;13.5,13.85;13.5,13.85;13.5,13.9;13.45,13.9;13.45,13.9;13.45,13.95;13.4,13.95;13.4,13.95;13.4,14.0;13.35,14.0;13.35,14.0;13.35,14.05;13.3,14.05;13.3,14.05;13.3,14.1;13.25,14.1;13.25,14.1;13.25,14.15;13.2,14.15;13.2,14.15;13.2,14.2;13.15,14.2;13.15,14.2;13.15,14.25;13.1,14.25;13.1,14.25;13.1,14.3;13.05,14.3;13.05,14.3;13.05,14.35;13.0,14.35;13.0,14.35;13.0,14.4;12.95,14.4;12.95,14.4;12.95,14.45;12.9,14.45;12.9,14.45;12.9,14.5;12.85,14.5;12.85,14.5;12.85,14.55;12.8,14.55;12.8,14.55;12.8,14.6;12.75,14.6;12.75,14.6;12.75,14.65;12.7,14.65;12.7,14.65;12.7,14.7;12.65,14.7;12.65,14.7;12.65,14.75;12.6,14.75;12.6,14.75;12.6,14.8;12.55,14.8;12.55,14.8;12.55,14.85;12.5,14.85;12.5,14.85;12.5,14.9;12.45,14.9;12.45,14.9;12.45,14.95;12.4,14.95;12.4,14.95;12.4,15.0;12.35,15.0;12.35,15.0;12.35,15.05;12.3,15.05;12.3,15.05;12.3,15.1;12.25,15.1;12.25,15.1;12.25,15.15;12.2,15.15;12.2,15.15;12.2,15.2;12.15,15.2;12.15,15.2;12.15,15.25;12.1,15.25;12.1,15.25;12.1,15.3;12.05,15.3;12.05,15.3;12.05,15.35;12.0,15.35;12.0,15.35;12.0,15.4;11.95,15.4;11.95,15.4;11.95,15.45;11.9,15.45;11.9,15.45;11.9,15.5;11.85,15.5;11.85,15.5;11.85,15.55;11.8,15.55;11.8,15.55;11.8,15.6;11.75,15.6;11.75,15.6;11.75,15.65;11.7,15.65;11.7,15.65;11.7,15.7;11.65,15.7;11.65,15.7;11.65,15.75;11.6,15.75;11.6,15.75;11.6,15.8;11.55,15.8;11.55,15.8;11.55,15.85;11.5,15.85;11.5,15.85;11.5,15.9;11.45,15.9;11.45,15.9;11.45,15.95;11.4,15.95;11.4,15.95;11.4,16.0;11.35,16.0;11.35,16.0;11.35,16.05;11.3,16.05;11.3,16.05",TRANSFERIDO
L4,L4_P_RB_c0_r1,L4_P_RB_c0_r1_T294,BEAM,L4_V019,L4_V019,2079.0,4.3125,6.22935,26.864072,"11.25,9.35;11.25,9.4;11.25,9.45;11.25,9.5;11.25,9.55;11.25,9.6;11.25,9.65;11.25,9.7;11.25,9.75;11.25,9.8;11.25,9.85;11.25,9.9;11.25,9.95;11.25,10.0;11.25,10.05;11.25,10.1;11.25,10.15;11.25,10.2;11.25,10.25;11.25,10.3;11.25,10.35;11.25,10.4;11.25,10.45;11.25,10.5;11.25,10.55;11.25,10.6;11.25,10.65;11.25,10.7;11.25,10.75;11.25,10.8;11.25,10.85;11.25,10.9;11.25,10.95;11.25,11.0;11.25,11.05;11.25,11.1;11.25,11.15;11.25,11.2;11.25,11.25;11.25,11.3;11.25,11.35;11.25,11.4;11.25,11.45;11.25,11.5;11.25,11.55;11.25,11.6;11.25,11.65;11.25,11.7;11.25,11.75;11.25,11.8;11.25,11.85;11.25,11.9;11.3,11.9;11.35,11.9;11.4,11.9;11.45,11.9;11.5,11.9;11.55,11.9;11.6,11.9;11.65,11.9;11.7,11.9;11.75,11.9;11.8,11.9;11.85,11.9;11.9,11.9;11.95,11.9;12.0,11.9;12.05,11.9;12.1,11.9;12.15,11.9;12.2,11.9;12.25,11.9;12.3,11.9;12.35,11.9;12.4,11.9;12.45,11.9;12.5,11.9;12.55,11.9;12.6,11.9;12.65,11.9;12.7,11.9;12.75,11.9;12.8,11.9;12.85,11.9;12.9,11.9;12.95,11.9;13.0,11.9;13.05,11.9;13.1,11.9;13.15,11.9;13.2,11.9;13.25,11.9;13.3,11.9;13.35,11.9;13.4,11.9;13.45,11.9;13.5,11.9;13.55,11.9;13.6,11.9;13.65,11.9;13.7,11.9;13.75,11.9;13.75,11.85;13.75,11.8;13.75,11.75;13.75,11.7;13.75,11.65;13.75,11.6;13.75,11.55;13.75,11.5;13.75,11.45;13.75,11.4;13.7,11.4;13.7,11.35;13.65,11.35;13.65,11.3;13.6,11.3;13.6,11.25;13.55,11.25;13.55,11.2;13.5,11.2;13.5,11.15;13.45,11.15;13.45,11.1;13.4,11.1;13.4,11.05;13.35,11.05;13.35,11.0;13.3,11.0;13.3,10.95;13.25,10.95;13.25,10.9;13.2,10.9;13.2,10.85;13.15,10.85;13.15,10.8;13.1,10.8;13.1,10.75;13.05,10.75;13.05,10.7;13.0,10.7;13.0,10.65;12.95,10.65;12.95,10.6;12.9,10.6;12.9,10.55;12.85,10.55;12.85,10.5;12.8,10.5;12.8,10.45;12.75,10.45;12.75,10.4;12.7,10.4;12.7,10.35;12.65,10.35;12.65,10.3;12.6,10.3;12.6,10.25;12.55,10.25;12.55,10.2;12.5,10.2;12.5,10.15;12.45,10.15;12.45,10.1;12.4,10.1;12.4,10.05;12.35,10.05;12.35,10.0;12.3,10.0;12.3,9.95;12.25,9.95;12.25,9.9;12.2,9.9;12.2,9.85;12.15,9.85;12.15,9.8;12.1,9.8;12.1,9.75;12.05,9.75;12.05,9.7;12.0,9.7;12.0,9.65;11.95,9.65;11.95,9.6;11.9,9.6;11.9,9.55;11.85,9.55;11.85,9.5;11.8,9.5;11.8,9.45;11.75,9.45;11.75,9.4;11.7,9.4;11.7,9.35;11.65,9.35;11.65,9.3;11.6,9.3;11.6,9.25;11.55,9.25;11.55,9.2;11.5,9.2;11.5,9.15;11.45,9.15;11.45,9.1;11.4,9.1;11.4,9.05;11.35,9.05;11.35,9.0;11.3,9.0;11.3,8.95;11.25,8.95;11.25,9.0;11.25,9.05;11.25,9.1;11.25,9.15;11.25,9.2;11.25,9.25;11.25,9.3",TRANSFERIDO
L4,L4_P_RB_c0_r1,L4_P_RB_c0_r1_T295,BEAM,L4_V020,L4_V020,2080.0,7.4375,6.22935,46.330791,"11.25,16.0;11.25,16.05;11.25,16.1;11.25,16.1;11.3,16.1;11.3,16.1;11.3,16.05;11.35,16.05;11.35,16.05;11.35,16.0;11.4,16.0;11.4,16.0;11.4,15.95;11.45,15.95;11.45,15.95;11.45,15.9;11.5,15.9;11.5,15.9;11.5,15.85;11.55,15.85;11.55,15.85;11.55,15.8;11.6,15.8;11.6,15.8;11.6,15.75;11.65,15.75;11.65,15.75;11.65,15.7;11.7,15.7;11.7,15.7;11.7,15.65;11.75,15.65;11.75,15.65;11.75,15.6;11.8,15.6;11.8,15.6;11.8,15.55;11.85,15.55;11.85,15.55;11.85,15.5;11.9,15.5;11.9,15.5;11.9,15.45;11.95,15.45;11.95,15.45;11.95,15.4;12.0,15.4;12.0,15.4;12.0,15.35;12.05,15.35;12.05,15.35;12.05,15.3;12.1,15.3;12.1,15.3;12.1,15.25;12.15,15.25;12.15,15.25;12.15,15.2;12.2,15.2;12.2,15.2;12.2,15.15;12.25,15.15;12.25,15.15;12.25,15.1;12.3,15.1;12.3,15.1;12.3,15.05;12.35,15.05;12.35,15.05;12.35,15.0;12.4,15.0;12.4,15.0;12.4,14.95;12.45,14.95;12.45,14.95;12.45,14.9;12.5,14.9;12.5,14.9;12.5,14.85;12.55,14.85;12.55,14.85;12.55,14.8;12.6,14.8;12.6,14.8;12.6,14.75;12.65,14.75;12.65,14.75;12.65,14.7;12.7,14.7;12.7,14.7;12.7,14.65;12.75,14.65;12.75,14.65;12.75,14.6;12.8,14.6;12.8,14.6;12.8,14.55;12.85,14.55;12.85,14.55;12.85,14.5;12.9,14.5;12.9,14.5;12.9,14.45;12.95,14.45;12.95,14.45;12.95,14.4;13.0,14.4;13.0,14.4;13.0,14.35;13.05,14.35;13.05,14.35;13.05,14.3;13.1,14.3;13.1,14.3;13.1,14.25;13.15,14.25;13.15,14.25;13.15,14.2;13.2,14.2;13.2,14.2;13.2,14.15;13.25,14.15;13.25,14.15;13.25,14.1;13.3,14.1;13.3,14.1;13.3,14.05;13.35,14.05;13.35,14.05;13.35,14.0;13.4,14.0;13.4,14.0;13.4,13.95;13.45,13.95;13.45,13.95;13.45,13.9;13.5,13.9;13.5,13.9;13.5,13.85;13.55,13.85;13.55,13.85;13.55,13.8;13.6,13.8;13.6,13.8;13.6,13.75;13.65,13.75;13.65,13.75;13.65,13.7;13.7,13.7;13.7,13.7;13.7,13.65;13.75,13.65;13.75,13.65;13.75,11.9;13.75,11.9;11.25,11.9;11.25,11.9",TRANSFERIDO
L4,L4_P_RB_c0_r1,L4_P_RB_c0_r1_T296,BEAM,L4_BD_V60_14,L4_BD_V60_14,2180.0,11.875,6.22935,73.973531,"13.75,13.65;13.75,13.65;13.8,13.65;13.8,13.7;13.8,13.7;13.85,13.7;13.85,13.75;13.85,13.75;13.9,13.75;13.9,13.8;13.9,13.8;13.95,13.8;13.95,13.85;13.95,13.85;14.0,13.85;14.0,13.9;14.0,13.9;14.05,13.9;14.05,13.95;14.05,13.95;14.1,13.95;14.1,14.0;14.1,14.0;14.15,14.0;14.15,14.05;14.15,14.05;14.2,14.05;14.2,14.1;14.2,14.1;14.25,14.1;14.25,14.15;14.25,14.15;14.3,14.15;14.3,14.2;14.3,14.2;14.35,14.2;14.35,14.25;14.35,14.25;14.4,14.25;14.4,14.3;14.4,14.3;14.45,14.3;14.45,14.35;14.45,14.35;14.5,14.35;14.5,14.4;14.5,14.4;14.55,14.4;14.55,14.45;14.55,14.45;14.6,14.45;14.6,14.5;14.6,14.5;14.65,14.5;14.65,14.55;14.65,14.55;14.7,14.55;14.7,14.6;14.7,14.6;14.75,14.6;14.75,14.65;14.75,14.65;14.8,14.65;14.8,14.7;14.8,14.7;14.85,14.7;14.85,14.75;14.85,14.75;14.9,14.75;14.9,14.8;14.9,14.8;14.95,14.8;14.95,14.85;14.95,14.85;15.0,14.85;15.0,14.9;15.0,14.9;15.05,14.9;15.05,14.95;15.05,14.95;15.1,14.95;15.1,15.0;15.1,15.0;15.15,15.0;15.15,15.05;15.15,15.05;15.2,15.05;15.2,15.1;15.2,15.1;15.25,15.1;15.25,15.15;15.25,15.15;15.3,15.15;15.3,15.2;15.3,15.2;15.35,15.2;15.35,15.25;15.35,15.25;15.4,15.25;15.4,15.3;15.4,15.3;15.45,15.3;15.45,15.35;15.45,15.35;15.5,15.35;15.5,15.4;15.5,15.4;15.55,15.4;15.55,15.45;15.55,15.45;15.6,15.45;15.6,15.5;15.6,15.5;15.65,15.5;15.65,15.55;15.65,15.55;15.7,15.55;15.7,15.6;15.7,15.6;15.75,15.6;15.75,15.65;15.75,15.65;15.8,15.65;15.8,15.7;15.8,15.7;15.85,15.7;15.85,15.75;15.85,15.75;15.9,15.75;15.9,15.8;15.9,15.8;15.95,15.8;15.95,15.85;15.95,15.85;16.0,15.85;16.0,15.9;16.0,15.9;16.05,15.9;16.05,15.95;16.05,15.95;16.1,15.95;16.1,16.0;16.1,16.0;16.15,16.0;16.15,16.05;16.15,16.05;16.2,16.05;16.2,16.1;16.2,16.1;16.25,16.1;16.25,16.1;16.25,16.05;16.25,16.0;16.25,8.9;16.25,8.9;16.2,8.9;16.2,8.9;16.2,8.95;16.15,8.95;16.15,8.95;16.15,9.0;16.1,9.0;16.1,9.0;16.1,9.05;16.05,9.05;16.05,9.05;16.05,9.1;16.0,9.1;16.0,9.1;16.0,9.15;15.95,9.15;15.95,9.15;15.95,9.2;15.9,9.2;15.9,9.2;15.9,9.25;15.85,9.25;15.85,9.25;15.85,9.3;15.8,9.3;15.8,9.3;15.8,9.35;15.75,9.35;15.75,9.35;15.75,9.4;15.7,9.4;15.7,9.4;15.7,9.45;15.65,9.45;15.65,9.45;15.65,9.5;15.6,9.5;15.6,9.5;15.6,9.55;15.55,9.55;15.55,9.55;15.55,9.6;15.5,9.6;15.5,9.6;15.5,9.65;15.45,9.65;15.45,9.65;15.45,9.7;15.4,9.7;15.4,9.7;15.4,9.75;15.35,9.75;15.35,9.75;15.35,9.8;15.3,9.8;15.3,9.8;15.3,9.85;15.25,9.85;15.25,9.85;15.25,9.9;15.2,9.9;15.2,9.9;15.2,9.95;15.15,9.95;15.15,9.95;15.15,10.0;15.1,10.0;15.1,10.0;15.1,10.05;15.05,10.05;15.05,10.05;15.05,10.1;15.0,10.1;15.0,10.1;15.0,10.15;14.95,10.15;14.95,10.15;14.95,10.2;14.9,10.2;14.9,10.2;14.9,10.25;14.85,10.25;14.85,10.25;14.85,10.3;14.8,10.3;14.8,10.3;14.8,10.35;14.75,10.35;14.75,10.35;14.75,10.4;14.7,10.4;14.7,10.4;14.7,10.45;14.65,10.45;14.65,10.45;14.65,10.5;14.6,10.5;14.6,10.5;14.6,10.55;14.55,10.55;14.55,10.55;14.55,10.6;14.5,10.6;14.5,10.6;14.5,10.65;14.45,10.65;14.45,10.65;14.45,10.7;14.4,10.7;14.4,10.7;14.4,10.75;14.35,10.75;14.35,10.75;14.35,10.8;14.3,10.8;14.3,10.8;14.3,10.85;14.25,10.85;14.25,10.85;14.25,10.9;14.2,10.9;14.2,10.9;14.2,10.95;14.15,10.95;14.15,10.95;14.15,11.0;14.1,11.0;14.1,11.0;14.1,11.05;14.05,11.05;14.05,11.05;14.05,11.1;14.0,11.1;14.0,11.1;14.0,11.15;13.95,11.15;13.95,11.15;13.95,11.2;13.9,11.2;13.9,11.2;13.9,11.25;13.85,11.25;13.85,11.25;13.85,11.3;13.8,11.3;13.8,11.3;13.8,11.35;13.75,11.35;13.75,11.35",TRANSFERIDO
L4,L4_P_RB_c1_r0,L4_P_RB_c1_r0_T297,BEAM,L4_BD_V60_02,L4_BD_V60_02,2168.0,6.2425,6.22935,38.886717,"16.35,-0.0;16.3,-0.0;16.3,0.0;16.3,0.05;16.3,0.05;16.35,0.05;16.35,0.1;16.35,0.1;16.4,0.1;16.4,0.2;16.4,0.2;16.45,0.2;16.45,0.25;16.45,0.25;16.5,0.25;16.5,0.3;16.5,0.3;16.55,0.3;16.55,0.35;16.55,0.35;16.6,0.35;16.6,0.4;16.6,0.4;16.65,0.4;16.65,0.45;16.65,0.45;16.7,0.45;16.7,0.5;16.7,0.5;16.75,0.5;16.75,0.55;16.75,0.55;16.8,0.55;16.8,0.6;16.8,0.6;16.85,0.6;16.85,0.65;16.85,0.65;16.9,0.65;16.9,0.7;16.9,0.7;16.95,0.7;16.95,0.75;16.95,0.75;17.0,0.75;17.0,0.8;17.0,0.8;17.05,0.8;17.05,0.85;17.05,0.85;17.1,0.85;17.1,0.9;17.1,0.9;17.15,0.9;17.15,0.95;17.15,0.95;17.2,0.95;17.2,1.0;17.2,1.0;17.25,1.0;17.25,1.05;17.25,1.05;17.3,1.05;17.3,1.1;17.3,1.1;17.35,1.1;17.35,1.15;17.35,1.15;17.4,1.15;17.4,1.2;17.4,1.2;17.45,1.2;17.45,1.25;17.45,1.25;17.5,1.25;17.5,1.3;17.5,1.3;17.55,1.3;17.55,1.35;17.55,1.35;17.6,1.35;17.6,1.4;17.6,1.4;17.65,1.4;17.65,1.45;17.65,1.45;17.7,1.45;17.7,1.5;17.7,1.5;17.75,1.5;17.75,1.55;17.75,1.55;17.8,1.55;17.8,1.6;17.8,1.6;17.85,1.6;17.85,1.65;17.85,1.65;17.9,1.65;17.9,1.7;17.9,1.7;17.95,1.7;17.95,1.75;17.95,1.75;18.0,1.75;18.0,1.8;18.0,1.8;18.05,1.8;18.05,1.85;18.05,1.85;18.1,1.85;18.1,1.9;18.1,1.9;18.15,1.9;18.15,1.95;18.15,1.95;18.2,1.95;18.2,2.0;18.2,2.0;18.25,2.0;18.25,2.05;18.25,2.05;18.3,2.05;18.3,2.1;18.3,2.1;18.35,2.1;18.35,2.15;18.35,2.15;18.4,2.15;18.4,2.2;18.4,2.2;18.45,2.2;18.45,2.25;18.45,2.25;18.5,2.25;18.5,2.3;18.5,2.3;18.55,2.3;18.55,2.35;18.55,2.35;18.6,2.35;18.6,2.4;18.6,2.4;18.65,2.4;18.65,2.45;18.65,2.45;18.7,2.45;18.7,2.5;18.7,2.5;18.75,2.5;18.75,2.5;18.75,2.45;18.8,2.45;18.8,2.45;18.8,2.4;18.85,2.4;18.85,2.4;18.85,2.35;18.9,2.35;18.9,2.35;18.9,2.3;18.95,2.3;18.95,2.3;18.95,2.25;19.0,2.25;19.0,2.25;19.0,2.2;19.05,2.2;19.05,2.2;19.05,2.15;19.1,2.15;19.1,2.15;19.1,2.1;19.15,2.1;19.15,2.1;19.15,2.05;19.2,2.05;19.2,2.05;19.2,2.0;19.25,2.0;19.25,2.0;19.25,1.95;19.3,1.95;19.3,1.95;19.3,1.9;19.35,1.9;19.35,1.9;19.35,1.85;19.4,1.85;19.4,1.85;19.4,1.8;19.45,1.8;19.45,1.8;19.45,1.75;19.5,1.75;19.5,1.75;19.5,1.7;19.55,1.7;19.55,1.7;19.55,1.65;19.6,1.65;19.6,1.65;19.6,1.6;19.65,1.6;19.65,1.6;19.65,1.55;19.7,1.55;19.7,1.55;19.7,1.5;19.75,1.5;19.75,1.5;19.75,1.45;19.8,1.45;19.8,1.45;19.8,1.4;19.85,1.4;19.85,1.4;19.85,1.35;19.9,1.35;19.9,1.35;19.9,1.3;19.95,1.3;19.95,1.3;19.95,1.25;20.0,1.25;20.0,1.25;20.0,1.2;20.05,1.2;20.05,1.2;20.05,1.15;20.1,1.15;20.1,1.15;20.1,1.1;20.15,1.1;20.15,1.1;20.15,1.05;20.2,1.05;20.2,1.05;20.2,1.0;20.25,1.0;20.25,1.0;20.25,0.95;20.3,0.95;20.3,0.95;20.3,0.9;20.35,0.9;20.35,0.9;20.35,0.85;20.4,0.85;20.4,0.85;20.4,0.8;20.45,0.8;20.45,0.8;20.45,0.75;20.5,0.75;20.5,0.75;20.5,0.7;20.55,0.7;20.55,0.7;20.55,0.65;20.6,0.65;20.6,0.65;20.6,0.6;20.65,0.6;20.65,0.6;20.65,0.55;20.7,0.55;20.7,0.55;20.7,0.5;20.75,0.5;20.75,0.5;20.75,0.45;20.8,0.45;20.8,0.45;20.8,0.4;20.85,0.4;20.85,0.4;20.85,0.35;20.9,0.35;20.9,0.35;20.9,0.3;20.95,0.3;20.95,0.3;20.95,0.25;21.0,0.25;21.0,0.25;21.0,0.2;21.05,0.2;21.05,0.2;21.05,0.15;21.1,0.15;21.1,0.15;21.1,0.1;21.15,0.1;21.15,0.1;21.15,0.05;21.2,0.05;21.2,0.05;21.2,0.0;21.2,-0.0;21.15,-0.0;21.1,-0.0;21.05,-0.0;21.0,-0.0;20.95,-0.0;20.9,-0.0;20.85,-0.0;20.8,-0.0;20.75,-0.0;20.7,-0.0;20.65,-0.0;20.6,-0.0;20.55,-0.0;20.5,-0.0;20.45,-0.0;20.4,-0.0;20.35,-0.0;20.3,-0.0;20.25,-0.0;20.2,-0.0;20.15,-0.0;20.1,-0.0;20.05,-0.0;20.0,-0.0;19.95,-0.0;19.9,-0.0;19.85,-0.0;19.8,-0.0;19.75,-0.0;19.7,-0.0;19.65,-0.0;19.6,-0.0;19.55,-0.0;19.5,-0.0;19.45,-0.0;19.4,-0.0;19.35,-0.0;19.3,-0.0;19.25,-0.0;19.2,-0.0;19.15,-0.0;19.1,-0.0;19.05,-0.0;19.0,-0.0;18.95,-0.0;18.9,-0.0;18.85,-0.0;18.8,-0.0;18.75,-0.0;18.7,-0.0;18.65,-0.0;18.6,-0.0;18.55,-0.0;18.5,-0.0;18.45,-0.0;18.4,-0.0;18.35,-0.0;18.3,-0.0;18.25,-0.0;18.2,-0.0;18.15,-0.0;18.1,-0.0;18.05,-0.0;18.0,-0.0;17.95,-0.0;17.9,-0.0;17.85,-0.0;17.8,-0.0;17.75,-0.0;17.7,-0.0;17.65,-0.0;17.6,-0.0;17.55,-0.0;17.5,-0.0;17.45,-0.0;17.4,-0.0;17.35,-0.0;17.3,-0.0;17.25,-0.0;17.2,-0.0;17.15,-0.0;17.1,-0.0;17.05,-0.0;17.0,-0.0;16.95,-0.0;16.9,-0.0;16.85,-0.0;16.8,-0.0;16.75,-0.0;16.7,-0.0;16.65,-0.0;16.6,-0.0;16.55,-0.0;16.5,-0.0;16.45,-0.0;16.4,-0.0;16.35,-0.0",TRANSFERIDO
L4,L4_P_RB_c1_r0,L4_P_RB_c1_r0_T298,BEAM,L4_BD_V60_06,L4_BD_V60_06,2172.0,6.25,6.22935,38.933438,"16.3,8.85;16.25,8.85;16.25,8.85;16.25,8.9;16.25,8.9;16.3,8.9;16.35,8.9;16.4,8.9;16.45,8.9;16.5,8.9;16.55,8.9;16.6,8.9;16.65,8.9;16.7,8.9;16.75,8.9;16.8,8.9;16.85,8.9;16.9,8.9;16.95,8.9;17.0,8.9;17.05,8.9;17.1,8.9;17.15,8.9;17.2,8.9;17.25,8.9;17.3,8.9;17.35,8.9;17.4,8.9;17.45,8.9;17.5,8.9;17.55,8.9;17.6,8.9;17.65,8.9;17.7,8.9;17.75,8.9;17.8,8.9;17.85,8.9;17.9,8.9;17.95,8.9;18.0,8.9;18.05,8.9;18.1,8.9;18.15,8.9;18.2,8.9;18.25,8.9;18.3,8.9;18.35,8.9;18.4,8.9;18.45,8.9;18.5,8.9;18.55,8.9;18.6,8.9;18.65,8.9;18.7,8.9;18.75,8.9;18.8,8.9;18.85,8.9;18.9,8.9;18.95,8.9;19.0,8.9;19.05,8.9;19.1,8.9;19.15,8.9;19.2,8.9;19.25,8.9;19.3,8.9;19.35,8.9;19.4,8.9;19.45,8.9;19.5,8.9;19.55,8.9;19.6,8.9;19.65,8.9;19.7,8.9;19.75,8.9;19.8,8.9;19.85,8.9;19.9,8.9;19.95,8.9;20.0,8.9;20.05,8.9;20.1,8.9;20.15,8.9;20.2,8.9;20.25,8.9;20.3,8.9;20.35,8.9;20.4,8.9;20.45,8.9;20.5,8.9;20.55,8.9;20.6,8.9;20.65,8.9;20.7,8.9;20.75,8.9;20.8,8.9;20.85,8.9;20.9,8.9;20.95,8.9;21.0,8.9;21.05,8.9;21.1,8.9;21.15,8.9;21.2,8.9;21.2,8.9;21.2,8.85;21.2,8.85;21.15,8.85;21.15,8.8;21.15,8.8;21.1,8.8;21.1,8.75;21.1,8.75;21.05,8.75;21.05,8.7;21.05,8.7;21.0,8.7;21.0,8.65;21.0,8.65;20.95,8.65;20.95,8.6;20.95,8.6;20.9,8.6;20.9,8.55;20.9,8.55;20.85,8.55;20.85,8.5;20.85,8.5;20.8,8.5;20.8,8.45;20.8,8.45;20.75,8.45;20.75,8.4;20.75,8.4;20.7,8.4;20.7,8.35;20.7,8.35;20.65,8.35;20.65,8.3;20.65,8.3;20.6,8.3;20.6,8.25;20.6,8.25;20.55,8.25;20.55,8.2;20.55,8.2;20.5,8.2;20.5,8.15;20.5,8.15;20.45,8.15;20.45,8.1;20.45,8.1;20.4,8.1;20.4,8.05;20.4,8.05;20.35,8.05;20.35,8.0;20.35,8.0;20.3,8.0;20.3,7.95;20.3,7.95;20.25,7.95;20.25,7.9;20.25,7.9;20.2,7.9;20.2,7.85;20.2,7.85;20.15,7.85;20.15,7.8;20.15,7.8;20.1,7.8;20.1,7.75;20.1,7.75;20.05,7.75;20.05,7.7;20.05,7.7;20.0,7.7;20.0,7.65;20.0,7.65;19.95,7.65;19.95,7.6;19.95,7.6;19.9,7.6;19.9,7.55;19.9,7.55;19.85,7.55;19.85,7.5;19.85,7.5;19.8,7.5;19.8,7.45;19.8,7.45;19.75,7.45;19.75,7.4;19.75,7.4;19.7,7.4;19.7,7.35;19.7,7.35;19.65,7.35;19.65,7.3;19.65,7.3;19.6,7.3;19.6,7.25;19.6,7.25;19.55,7.25;19.55,7.2;19.55,7.2;19.5,7.2;19.5,7.15;19.5,7.15;19.45,7.15;19.45,7.1;19.45,7.1;19.4,7.1;19.4,7.05;19.4,7.05;19.35,7.05;19.35,7.0;19.35,7.0;19.3,7.0;19.3,6.95;19.3,6.95;19.25,6.95;19.25,6.9;19.25,6.9;19.2,6.9;19.2,6.85;19.2,6.85;19.15,6.85;19.15,6.8;19.15,6.8;19.1,6.8;19.1,6.75;19.1,6.75;19.05,6.75;19.05,6.7;19.05,6.7;19.0,6.7;19.0,6.65;19.0,6.65;18.95,6.65;18.95,6.6;18.95,6.6;18.9,6.6;18.9,6.55;18.9,6.55;18.85,6.55;18.85,6.5;18.85,6.5;18.8,6.5;18.8,6.45;18.8,6.45;18.75,6.45;18.75,6.4;18.75,6.4;18.7,6.4;18.7,6.4;18.7,6.45;18.65,6.45;18.65,6.45;18.65,6.5;18.6,6.5;18.6,6.5;18.6,6.55;18.55,6.55;18.55,6.55;18.55,6.6;18.5,6.6;18.5,6.6;18.5,6.65;18.45,6.65;18.45,6.65;18.45,6.7;18.4,6.7;18.4,6.7;18.4,6.75;18.35,6.75;18.35,6.75;18.35,6.8;18.3,6.8;18.3,6.8;18.3,6.85;18.25,6.85;18.25,6.85;18.25,6.9;18.2,6.9;18.2,6.9;18.2,6.95;18.15,6.95;18.15,6.95;18.15,7.0;18.1,7.0;18.1,7.0;18.1,7.05;18.05,7.05;18.05,7.05;18.05,7.1;18.0,7.1;18.0,7.1;18.0,7.15;17.95,7.15;17.95,7.15;17.95,7.2;17.9,7.2;17.9,7.2;17.9,7.25;17.85,7.25;17.85,7.25;17.85,7.3;17.8,7.3;17.8,7.3;17.8,7.35;17.75,7.35;17.75,7.35;17.75,7.4;17.7,7.4;17.7,7.4;17.7,7.45;17.65,7.45;17.65,7.45;17.65,7.5;17.6,7.5;17.6,7.5;17.6,7.55;17.55,7.55;17.55,7.55;17.55,7.6;17.5,7.6;17.5,7.6;17.5,7.65;17.45,7.65;17.45,7.65;17.45,7.7;17.4,7.7;17.4,7.7;17.4,7.75;17.35,7.75;17.35,7.75;17.35,7.8;17.3,7.8;17.3,7.8;17.3,7.85;17.25,7.85;17.25,7.85;17.25,7.9;17.2,7.9;17.2,7.9;17.2,7.95;17.15,7.95;17.15,7.95;17.15,8.0;17.1,8.0;17.1,8.0;17.1,8.05;17.05,8.05;17.05,8.05;17.05,8.1;17.0,8.1;17.0,8.1;17.0,8.15;16.95,8.15;16.95,8.15;16.95,8.2;16.9,8.2;16.9,8.2;16.9,8.25;16.85,8.25;16.85,8.25;16.85,8.3;16.8,8.3;16.8,8.3;16.8,8.35;16.75,8.35;16.75,8.35;16.75,8.4;16.7,8.4;16.7,8.4;16.7,8.45;16.65,8.45;16.65,8.45;16.65,8.5;16.6,8.5;16.6,8.5;16.6,8.55;16.55,8.55;16.55,8.55;16.55,8.6;16.5,8.6;16.5,8.6;16.5,8.65;16.45,8.65;16.45,8.65;16.45,8.7;16.4,8.7;16.4,8.7;16.4,8.75;16.35,8.75;16.35,8.75;16.35,8.8;16.3,8.8;16.3,8.8",TRANSFERIDO
L4,L4_P_RB_c1_r0,L4_P_RB_c1_r0_T299,BEAM,L4_BD_V60_13,L4_BD_V60_13,2179.0,15.8825,6.22935,98.937651,"16.25,0.05;16.25,0.1;16.25,0.2;16.25,1.05;16.25,1.1;16.25,1.2;16.25,1.25;16.25,1.3;16.25,1.35;16.25,1.4;16.25,1.5;16.25,1.55;16.25,1.6;16.25,1.65;16.25,1.7;16.25,1.75;16.25,1.85;16.25,1.9;16.25,1.95;16.25,2.1;16.25,2.2;16.25,2.35;16.25,2.45;16.25,2.55;16.25,2.7;16.25,2.8;16.25,2.95;16.25,3.05;16.25,3.15;16.25,3.3;16.25,3.4;16.25,3.5;16.25,3.65;16.25,3.75;16.25,3.9;16.25,8.85;16.25,8.85;16.3,8.85;16.3,8.85;16.3,8.8;16.35,8.8;16.35,8.8;16.35,8.75;16.4,8.75;16.4,8.75;16.4,8.7;16.45,8.7;16.45,8.7;16.45,8.65;16.5,8.65;16.5,8.65;16.5,8.6;16.55,8.6;16.55,8.6;16.55,8.55;16.6,8.55;16.6,8.55;16.6,8.5;16.65,8.5;16.65,8.5;16.65,8.45;16.7,8.45;16.7,8.45;16.7,8.4;16.75,8.4;16.75,8.4;16.75,8.35;16.8,8.35;16.8,8.35;16.8,8.3;16.85,8.3;16.85,8.3;16.85,8.25;16.9,8.25;16.9,8.25;16.9,8.2;16.95,8.2;16.95,8.2;16.95,8.15;17.0,8.15;17.0,8.15;17.0,8.1;17.05,8.1;17.05,8.1;17.05,8.05;17.1,8.05;17.1,8.05;17.1,8.0;17.15,8.0;17.15,8.0;17.15,7.95;17.2,7.95;17.2,7.95;17.2,7.9;17.25,7.9;17.25,7.9;17.25,7.85;17.3,7.85;17.3,7.85;17.3,7.8;17.35,7.8;17.35,7.8;17.35,7.75;17.4,7.75;17.4,7.75;17.4,7.7;17.45,7.7;17.45,7.7;17.45,7.65;17.5,7.65;17.5,7.65;17.5,7.6;17.55,7.6;17.55,7.6;17.55,7.55;17.6,7.55;17.6,7.55;17.6,7.5;17.65,7.5;17.65,7.5;17.65,7.45;17.7,7.45;17.7,7.45;17.7,7.4;17.75,7.4;17.75,7.4;17.75,7.35;17.8,7.35;17.8,7.35;17.8,7.3;17.85,7.3;17.85,7.3;17.85,7.25;17.9,7.25;17.9,7.25;17.9,7.2;17.95,7.2;17.95,7.2;17.95,7.15;18.0,7.15;18.0,7.15;18.0,7.1;18.05,7.1;18.05,7.1;18.05,7.05;18.1,7.05;18.1,7.05;18.1,7.0;18.15,7.0;18.15,7.0;18.15,6.95;18.2,6.95;18.2,6.95;18.2,6.9;18.25,6.9;18.25,6.9;18.25,6.85;18.3,6.85;18.3,6.85;18.3,6.8;18.35,6.8;18.35,6.8;18.35,6.75;18.4,6.75;18.4,6.75;18.4,6.7;18.45,6.7;18.45,6.7;18.45,6.65;18.5,6.65;18.5,6.65;18.5,6.6;18.55,6.6;18.55,6.6;18.55,6.55;18.6,6.55;18.6,6.55;18.6,6.5;18.65,6.5;18.65,6.5;18.65,6.45;18.7,6.45;18.7,6.45;18.7,6.4;18.75,6.4;18.75,6.4;18.75,3.9;18.75,3.75;18.75,3.65;18.75,3.5;18.75,3.4;18.75,3.3;18.75,3.15;18.75,3.05;18.75,2.95;18.75,2.8;18.75,2.7;18.75,2.55;18.75,2.5;18.75,2.5;18.7,2.5;18.7,2.45;18.7,2.45;18.65,2.45;18.65,2.4;18.65,2.4;18.6,2.4;18.6,2.35;18.6,2.35;18.55,2.35;18.55,2.3;18.55,2.3;18.5,2.3;18.5,2.25;18.5,2.25;18.45,2.25;18.45,2.2;18.45,2.2;18.4,2.2;18.4,2.15;18.4,2.15;18.35,2.15;18.35,2.1;18.35,2.1;18.3,2.1;18.3,2.05;18.3,2.05;18.25,2.05;18.25,2.0;18.25,2.0;18.2,2.0;18.2,1.95;18.2,1.95;18.15,1.95;18.15,1.9;18.15,1.9;18.1,1.9;18.1,1.85;18.1,1.85;18.05,1.85;18.05,1.8;18.05,1.8;18.0,1.8;18.0,1.75;18.0,1.75;17.95,1.75;17.95,1.7;17.95,1.7;17.9,1.7;17.9,1.65;17.9,1.65;17.85,1.65;17.85,1.6;17.85,1.6;17.8,1.6;17.8,1.55;17.8,1.55;17.75,1.55;17.75,1.5;17.75,1.5;17.7,1.5;17.7,1.45;17.7,1.45;17.65,1.45;17.65,1.4;17.65,1.4;17.6,1.4;17.6,1.35;17.6,1.35;17.55,1.35;17.55,1.3;17.55,1.3;17.5,1.3;17.5,1.25;17.5,1.25;17.45,1.25;17.45,1.2;17.45,1.2;17.4,1.2;17.4,1.15;17.4,1.15;17.35,1.15;17.35,1.1;17.35,1.1;17.3,1.1;17.3,1.05;17.3,1.05;17.25,1.05;17.25,1.0;17.25,1.0;17.2,1.0;17.2,0.95;17.2,0.95;17.15,0.95;17.15,0.9;17.15,0.9;17.1,0.9;17.1,0.85;17.1,0.85;17.05,0.85;17.05,0.8;17.05,0.8;17.0,0.8;17.0,0.75;17.0,0.75;16.95,0.75;16.95,0.7;16.95,0.7;16.9,0.7;16.9,0.65;16.9,0.65;16.85,0.65;16.85,0.6;16.85,0.6;16.8,0.6;16.8,0.55;16.8,0.55;16.75,0.55;16.75,0.5;16.75,0.5;16.7,0.5;16.7,0.45;16.7,0.45;16.65,0.45;16.65,0.4;16.65,0.4;16.6,0.4;16.6,0.35;16.6,0.35;16.55,0.35;16.55,0.3;16.55,0.3;16.5,0.3;16.5,0.25;16.5,0.25;16.45,0.25;16.45,0.2;16.45,0.2;16.4,0.2;16.4,0.1;16.4,0.1;16.35,0.1;16.35,0.05;16.35,0.05;16.3,0.05;16.3,0.0;16.3,-0.0;16.25,-0.0;16.25,0.0",TRANSFERIDO
L4,L4_P_RB_c1_r0,L4_P_RB_c1_r0_T300,BEAM,L4_BD_V60_15,L4_BD_V60_15,2181.0,16.125,6.22935,100.448269,"18.75,2.55;18.75,2.7;18.75,2.8;18.75,2.95;18.75,3.05;18.75,3.15;18.75,3.3;18.75,3.4;18.75,3.5;18.75,3.65;18.75,3.75;18.75,3.9;18.75,6.45;18.75,6.45;18.8,6.45;18.8,6.5;18.8,6.5;18.85,6.5;18.85,6.55;18.85,6.55;18.9,6.55;18.9,6.6;18.9,6.6;18.95,6.6;18.95,6.65;18.95,6.65;19.0,6.65;19.0,6.7;19.0,6.7;19.05,6.7;19.05,6.75;19.05,6.75;19.1,6.75;19.1,6.8;19.1,6.8;19.15,6.8;19.15,6.85;19.15,6.85;19.2,6.85;19.2,6.9;19.2,6.9;19.25,6.9;19.25,6.95;19.25,6.95;19.3,6.95;19.3,7.0;19.3,7.0;19.35,7.0;19.35,7.05;19.35,7.05;19.4,7.05;19.4,7.1;19.4,7.1;19.45,7.1;19.45,7.15;19.45,7.15;19.5,7.15;19.5,7.2;19.5,7.2;19.55,7.2;19.55,7.25;19.55,7.25;19.6,7.25;19.6,7.3;19.6,7.3;19.65,7.3;19.65,7.35;19.65,7.35;19.7,7.35;19.7,7.4;19.7,7.4;19.75,7.4;19.75,7.45;19.75,7.45;19.8,7.45;19.8,7.5;19.8,7.5;19.85,7.5;19.85,7.55;19.85,7.55;19.9,7.55;19.9,7.6;19.9,7.6;19.95,7.6;19.95,7.65;19.95,7.65;20.0,7.65;20.0,7.7;20.0,7.7;20.05,7.7;20.05,7.75;20.05,7.75;20.1,7.75;20.1,7.8;20.1,7.8;20.15,7.8;20.15,7.85;20.15,7.85;20.2,7.85;20.2,7.9;20.2,7.9;20.25,7.9;20.25,7.95;20.25,7.95;20.3,7.95;20.3,8.0;20.3,8.0;20.35,8.0;20.35,8.05;20.35,8.05;20.4,8.05;20.4,8.1;20.4,8.1;20.45,8.1;20.45,8.15;20.45,8.15;20.5,8.15;20.5,8.2;20.5,8.2;20.55,8.2;20.55,8.25;20.55,8.25;20.6,8.25;20.6,8.3;20.6,8.3;20.65,8.3;20.65,8.35;20.65,8.35;20.7,8.35;20.7,8.4;20.7,8.4;20.75,8.4;20.75,8.45;20.75,8.45;20.8,8.45;20.8,8.5;20.8,8.5;20.85,8.5;20.85,8.55;20.85,8.55;20.9,8.55;20.9,8.6;20.9,8.6;20.95,8.6;20.95,8.65;20.95,8.65;21.0,8.65;21.0,8.7;21.0,8.7;21.05,8.7;21.05,8.75;21.05,8.75;21.1,8.75;21.1,8.8;21.1,8.8;21.15,8.8;21.15,8.85;21.15,8.85;21.2,8.85;21.2,8.9;21.2,8.9;21.25,8.9;21.25,8.9;21.25,3.9;21.25,3.75;21.25,3.65;21.25,3.5;21.25,3.4;21.25,3.3;21.25,3.15;21.25,3.05;21.25,2.95;21.25,2.8;21.25,2.7;21.25,2.55;21.25,2.45;21.25,2.35;21.25,2.2;21.25,2.1;21.25,1.95;21.25,1.9;21.25,1.85;21.25,1.75;21.25,1.7;21.25,1.65;21.25,1.6;21.25,1.55;21.25,1.5;21.25,1.4;21.25,1.35;21.25,1.3;21.25,1.25;21.25,1.2;21.25,1.1;21.25,1.05;21.25,0.2;21.25,0.1;21.25,0.05;21.25,0.0;21.25,-0.0;21.2,-0.0;21.2,0.0;21.2,0.05;21.15,0.05;21.15,0.05;21.15,0.1;21.1,0.1;21.1,0.1;21.1,0.15;21.05,0.15;21.05,0.15;21.05,0.2;21.0,0.2;21.0,0.2;21.0,0.25;20.95,0.25;20.95,0.25;20.95,0.3;20.9,0.3;20.9,0.3;20.9,0.35;20.85,0.35;20.85,0.35;20.85,0.4;20.8,0.4;20.8,0.4;20.8,0.45;20.75,0.45;20.75,0.45;20.75,0.5;20.7,0.5;20.7,0.5;20.7,0.55;20.65,0.55;20.65,0.55;20.65,0.6;20.6,0.6;20.6,0.6;20.6,0.65;20.55,0.65;20.55,0.65;20.55,0.7;20.5,0.7;20.5,0.7;20.5,0.75;20.45,0.75;20.45,0.75;20.45,0.8;20.4,0.8;20.4,0.8;20.4,0.85;20.35,0.85;20.35,0.85;20.35,0.9;20.3,0.9;20.3,0.9;20.3,0.95;20.25,0.95;20.25,0.95;20.25,1.0;20.2,1.0;20.2,1.0;20.2,1.05;20.15,1.05;20.15,1.05;20.15,1.1;20.1,1.1;20.1,1.1;20.1,1.15;20.05,1.15;20.05,1.15;20.05,1.2;20.0,1.2;20.0,1.2;20.0,1.25;19.95,1.25;19.95,1.25;19.95,1.3;19.9,1.3;19.9,1.3;19.9,1.35;19.85,1.35;19.85,1.35;19.85,1.4;19.8,1.4;19.8,1.4;19.8,1.45;19.75,1.45;19.75,1.45;19.75,1.5;19.7,1.5;19.7,1.5;19.7,1.55;19.65,1.55;19.65,1.55;19.65,1.6;19.6,1.6;19.6,1.6;19.6,1.65;19.55,1.65;19.55,1.65;19.55,1.7;19.5,1.7;19.5,1.7;19.5,1.75;19.45,1.75;19.45,1.75;19.45,1.8;19.4,1.8;19.4,1.8;19.4,1.85;19.35,1.85;19.35,1.85;19.35,1.9;19.3,1.9;19.3,1.9;19.3,1.95;19.25,1.95;19.25,1.95;19.25,2.0;19.2,2.0;19.2,2.0;19.2,2.05;19.15,2.05;19.15,2.05;19.15,2.1;19.1,2.1;19.1,2.1;19.1,2.15;19.05,2.15;19.05,2.15;19.05,2.2;19.0,2.2;19.0,2.2;19.0,2.25;18.95,2.25;18.95,2.25;18.95,2.3;18.9,2.3;18.9,2.3;18.9,2.35;18.85,2.35;18.85,2.35;18.85,2.4;18.8,2.4;18.8,2.4;18.8,2.45;18.75,2.45;18.75,2.45",TRANSFERIDO
L4,L4_P_RB_c1_r1,L4_P_RB_c1_r1_T301,BEAM,L4_BD_V60_06,L4_BD_V60_06,2172.0,6.125,6.22935,38.154769,"16.35,8.95;16.35,9.0;16.35,9.0;16.4,9.0;16.4,9.05;16.4,9.05;16.45,9.05;16.45,9.1;16.45,9.1;16.5,9.1;16.5,9.15;16.5,9.15;16.55,9.15;16.55,9.2;16.55,9.2;16.6,9.2;16.6,9.25;16.6,9.25;16.65,9.25;16.65,9.3;16.65,9.3;16.7,9.3;16.7,9.35;16.7,9.35;16.75,9.35;16.75,9.4;16.75,9.4;16.8,9.4;16.8,9.45;16.8,9.45;16.85,9.45;16.85,9.5;16.85,9.5;16.9,9.5;16.9,9.55;16.9,9.55;16.95,9.55;16.95,9.6;16.95,9.6;17.0,9.6;17.0,9.65;17.0,9.65;17.05,9.65;17.05,9.7;17.05,9.7;17.1,9.7;17.1,9.75;17.1,9.75;17.15,9.75;17.15,9.8;17.15,9.8;17.2,9.8;17.2,9.85;17.2,9.85;17.25,9.85;17.25,9.9;17.25,9.9;17.3,9.9;17.3,9.95;17.3,9.95;17.35,9.95;17.35,10.0;17.35,10.0;17.4,10.0;17.4,10.05;17.4,10.05;17.45,10.05;17.45,10.1;17.45,10.1;17.5,10.1;17.5,10.15;17.5,10.15;17.55,10.15;17.55,10.2;17.55,10.2;17.6,10.2;17.6,10.25;17.6,10.25;17.65,10.25;17.65,10.3;17.65,10.3;17.7,10.3;17.7,10.35;17.7,10.35;17.75,10.35;17.75,10.4;17.75,10.4;17.8,10.4;17.8,10.45;17.8,10.45;17.85,10.45;17.85,10.5;17.85,10.5;17.9,10.5;17.9,10.55;17.9,10.55;17.95,10.55;17.95,10.6;17.95,10.6;18.0,10.6;18.0,10.65;18.0,10.65;18.05,10.65;18.05,10.7;18.05,10.7;18.1,10.7;18.1,10.75;18.1,10.75;18.15,10.75;18.15,10.8;18.15,10.8;18.2,10.8;18.2,10.85;18.2,10.85;18.25,10.85;18.25,10.9;18.25,10.9;18.3,10.9;18.3,10.95;18.3,10.95;18.35,10.95;18.35,11.0;18.35,11.0;18.4,11.0;18.4,11.05;18.4,11.05;18.45,11.05;18.45,11.1;18.45,11.1;18.5,11.1;18.5,11.15;18.5,11.15;18.55,11.15;18.55,11.2;18.55,11.2;18.6,11.2;18.6,11.25;18.6,11.25;18.65,11.25;18.65,11.3;18.65,11.3;18.7,11.3;18.7,11.35;18.7,11.35;18.75,11.35;18.8,11.35;18.8,11.35;18.8,11.3;18.85,11.3;18.85,11.3;18.85,11.25;18.9,11.25;18.9,11.25;18.9,11.2;18.95,11.2;18.95,11.2;18.95,11.15;19.0,11.15;19.0,11.15;19.0,11.1;19.05,11.1;19.05,11.1;19.05,11.05;19.1,11.05;19.1,11.05;19.1,11.0;19.15,11.0;19.15,11.0;19.15,10.95;19.2,10.95;19.2,10.95;19.2,10.9;19.25,10.9;19.25,10.9;19.25,10.85;19.3,10.85;19.3,10.85;19.3,10.8;19.35,10.8;19.35,10.8;19.35,10.75;19.4,10.75;19.4,10.75;19.4,10.7;19.45,10.7;19.45,10.7;19.45,10.65;19.5,10.65;19.5,10.65;19.5,10.6;19.55,10.6;19.55,10.6;19.55,10.55;19.6,10.55;19.6,10.55;19.6,10.5;19.65,10.5;19.65,10.5;19.65,10.45;19.7,10.45;19.7,10.45;19.7,10.4;19.75,10.4;19.75,10.4;19.75,10.35;19.8,10.35;19.8,10.35;19.8,10.3;19.85,10.3;19.85,10.3;19.85,10.25;19.9,10.25;19.9,10.25;19.9,10.2;19.95,10.2;19.95,10.2;19.95,10.15;20.0,10.15;20.0,10.15;20.0,10.1;20.05,10.1;20.05,10.1;20.05,10.05;20.1,10.05;20.1,10.05;20.1,10.0;20.15,10.0;20.15,10.0;20.15,9.95;20.2,9.95;20.2,9.95;20.2,9.9;20.25,9.9;20.25,9.9;20.25,9.85;20.3,9.85;20.3,9.85;20.3,9.8;20.35,9.8;20.35,9.8;20.35,9.75;20.4,9.75;20.4,9.75;20.4,9.7;20.45,9.7;20.45,9.7;20.45,9.65;20.5,9.65;20.5,9.65;20.5,9.6;20.55,9.6;20.55,9.6;20.55,9.55;20.6,9.55;20.6,9.55;20.6,9.5;20.65,9.5;20.65,9.5;20.65,9.45;20.7,9.45;20.7,9.45;20.7,9.4;20.75,9.4;20.75,9.4;20.75,9.35;20.8,9.35;20.8,9.35;20.8,9.3;20.85,9.3;20.85,9.3;20.85,9.25;20.9,9.25;20.9,9.25;20.9,9.2;20.95,9.2;20.95,9.2;20.95,9.15;21.0,9.15;21.0,9.15;21.0,9.1;21.05,9.1;21.05,9.1;21.05,9.05;21.1,9.05;21.1,9.05;21.1,9.0;21.15,9.0;21.15,9.0;21.15,8.95;21.2,8.95;21.2,8.95;21.2,8.9;21.2,8.9;21.15,8.9;21.1,8.9;21.05,8.9;21.0,8.9;20.95,8.9;20.9,8.9;20.85,8.9;20.8,8.9;20.75,8.9;20.7,8.9;20.65,8.9;20.6,8.9;20.55,8.9;20.5,8.9;20.45,8.9;20.4,8.9;20.35,8.9;20.3,8.9;20.25,8.9;20.2,8.9;20.15,8.9;20.1,8.9;20.05,8.9;20.0,8.9;19.95,8.9;19.9,8.9;19.85,8.9;19.8,8.9;19.75,8.9;19.7,8.9;19.65,8.9;19.6,8.9;19.55,8.9;19.5,8.9;19.45,8.9;19.4,8.9;19.35,8.9;19.3,8.9;19.25,8.9;19.2,8.9;19.15,8.9;19.1,8.9;19.05,8.9;19.0,8.9;18.95,8.9;18.9,8.9;18.85,8.9;18.8,8.9;18.75,8.9;18.7,8.9;18.65,8.9;18.6,8.9;18.55,8.9;18.5,8.9;18.45,8.9;18.4,8.9;18.35,8.9;18.3,8.9;18.25,8.9;18.2,8.9;18.15,8.9;18.1,8.9;18.05,8.9;18.0,8.9;17.95,8.9;17.9,8.9;17.85,8.9;17.8,8.9;17.75,8.9;17.7,8.9;17.65,8.9;17.6,8.9;17.55,8.9;17.5,8.9;17.45,8.9;17.4,8.9;17.35,8.9;17.3,8.9;17.25,8.9;17.2,8.9;17.15,8.9;17.1,8.9;17.05,8.9;17.0,8.9;16.95,8.9;16.9,8.9;16.85,8.9;16.8,8.9;16.75,8.9;16.7,8.9;16.65,8.9;16.6,8.9;16.55,8.9;16.5,8.9;16.45,8.9;16.4,8.9;16.35,8.9;16.3,8.9;16.3,8.9;16.3,8.95;16.3,8.95",TRANSFERIDO
L4,L4_P_RB_c1_r1,L4_P_RB_c1_r1_T302,BEAM,L4_BD_V60_10,L4_BD_V60_10,2176.0,6.375,6.22935,39.712106,"16.3,16.1;16.25,16.1;16.25,16.1;16.25,16.15;16.25,16.15;16.3,16.15;16.35,16.15;16.4,16.15;16.45,16.15;16.5,16.15;16.55,16.15;16.6,16.15;16.65,16.15;16.7,16.15;16.75,16.15;16.8,16.15;16.85,16.15;16.9,16.15;16.95,16.15;17.0,16.15;17.05,16.15;17.1,16.15;17.15,16.15;17.2,16.15;17.25,16.15;17.3,16.15;17.35,16.15;17.4,16.15;17.45,16.15;17.5,16.15;17.55,16.15;17.6,16.15;17.65,16.15;17.7,16.15;17.75,16.15;17.8,16.15;17.85,16.15;17.9,16.15;17.95,16.15;18.0,16.15;18.05,16.15;18.1,16.15;18.15,16.15;18.2,16.15;18.25,16.15;18.3,16.15;18.35,16.15;18.4,16.15;18.45,16.15;18.5,16.15;18.55,16.15;18.6,16.15;18.65,16.15;18.7,16.15;18.75,16.15;18.8,16.15;18.85,16.15;18.9,16.15;18.95,16.15;19.0,16.15;19.05,16.15;19.1,16.15;19.15,16.15;19.2,16.15;19.25,16.15;19.3,16.15;19.35,16.15;19.4,16.15;19.45,16.15;19.5,16.15;19.55,16.15;19.6,16.15;19.65,16.15;19.7,16.15;19.75,16.15;19.8,16.15;19.85,16.15;19.9,16.15;19.95,16.15;20.0,16.15;20.05,16.15;20.1,16.15;20.15,16.15;20.2,16.15;20.25,16.15;20.3,16.15;20.35,16.15;20.4,16.15;20.45,16.15;20.5,16.15;20.55,16.15;20.6,16.15;20.65,16.15;20.7,16.15;20.75,16.15;20.8,16.15;20.85,16.15;20.9,16.15;20.95,16.15;21.0,16.15;21.05,16.15;21.1,16.15;21.15,16.15;21.2,16.15;21.25,16.15;21.25,16.15;21.25,16.1;21.25,16.1;21.2,16.1;21.2,16.05;21.2,16.05;21.15,16.05;21.15,16.0;21.15,16.0;21.1,16.0;21.1,15.95;21.1,15.95;21.05,15.95;21.05,15.9;21.05,15.9;21.0,15.9;21.0,15.85;21.0,15.85;20.95,15.85;20.95,15.8;20.95,15.8;20.9,15.8;20.9,15.75;20.9,15.75;20.85,15.75;20.85,15.7;20.85,15.7;20.8,15.7;20.8,15.65;20.8,15.65;20.75,15.65;20.75,15.6;20.75,15.6;20.7,15.6;20.7,15.55;20.7,15.55;20.65,15.55;20.65,15.5;20.65,15.5;20.6,15.5;20.6,15.45;20.6,15.45;20.55,15.45;20.55,15.4;20.55,15.4;20.5,15.4;20.5,15.35;20.5,15.35;20.45,15.35;20.45,15.3;20.45,15.3;20.4,15.3;20.4,15.25;20.4,15.25;20.35,15.25;20.35,15.2;20.35,15.2;20.3,15.2;20.3,15.15;20.3,15.15;20.25,15.15;20.25,15.1;20.25,15.1;20.2,15.1;20.2,15.05;20.2,15.05;20.15,15.05;20.15,15.0;20.15,15.0;20.1,15.0;20.1,14.95;20.1,14.95;20.05,14.95;20.05,14.9;20.05,14.9;20.0,14.9;20.0,14.85;20.0,14.85;19.95,14.85;19.95,14.8;19.95,14.8;19.9,14.8;19.9,14.75;19.9,14.75;19.85,14.75;19.85,14.7;19.85,14.7;19.8,14.7;19.8,14.65;19.8,14.65;19.75,14.65;19.75,14.6;19.75,14.6;19.7,14.6;19.7,14.55;19.7,14.55;19.65,14.55;19.65,14.5;19.65,14.5;19.6,14.5;19.6,14.45;19.6,14.45;19.55,14.45;19.55,14.4;19.55,14.4;19.5,14.4;19.5,14.35;19.5,14.35;19.45,14.35;19.45,14.3;19.45,14.3;19.4,14.3;19.4,14.25;19.4,14.25;19.35,14.25;19.35,14.2;19.35,14.2;19.3,14.2;19.3,14.15;19.3,14.15;19.25,14.15;19.25,14.1;19.25,14.1;19.2,14.1;19.2,14.05;19.2,14.05;19.15,14.05;19.15,14.0;19.15,14.0;19.1,14.0;19.1,13.95;19.1,13.95;19.05,13.95;19.05,13.9;19.05,13.9;19.0,13.9;19.0,13.85;19.0,13.85;18.95,13.85;18.95,13.8;18.95,13.8;18.9,13.8;18.9,13.75;18.9,13.75;18.85,13.75;18.85,13.7;18.85,13.7;18.8,13.7;18.8,13.65;18.8,13.65;18.75,13.65;18.7,13.65;18.7,13.65;18.7,13.7;18.65,13.7;18.65,13.7;18.65,13.75;18.6,13.75;18.6,13.75;18.6,13.8;18.55,13.8;18.55,13.8;18.55,13.85;18.5,13.85;18.5,13.85;18.5,13.9;18.45,13.9;18.45,13.9;18.45,13.95;18.4,13.95;18.4,13.95;18.4,14.0;18.35,14.0;18.35,14.0;18.35,14.05;18.3,14.05;18.3,14.05;18.3,14.1;18.25,14.1;18.25,14.1;18.25,14.15;18.2,14.15;18.2,14.15;18.2,14.2;18.15,14.2;18.15,14.2;18.15,14.25;18.1,14.25;18.1,14.25;18.1,14.3;18.05,14.3;18.05,14.3;18.05,14.35;18.0,14.35;18.0,14.35;18.0,14.4;17.95,14.4;17.95,14.4;17.95,14.45;17.9,14.45;17.9,14.45;17.9,14.5;17.85,14.5;17.85,14.5;17.85,14.55;17.8,14.55;17.8,14.55;17.8,14.6;17.75,14.6;17.75,14.6;17.75,14.65;17.7,14.65;17.7,14.65;17.7,14.7;17.65,14.7;17.65,14.7;17.65,14.75;17.6,14.75;17.6,14.75;17.6,14.8;17.55,14.8;17.55,14.8;17.55,14.85;17.5,14.85;17.5,14.85;17.5,14.9;17.45,14.9;17.45,14.9;17.45,14.95;17.4,14.95;17.4,14.95;17.4,15.0;17.35,15.0;17.35,15.0;17.35,15.05;17.3,15.05;17.3,15.05;17.3,15.1;17.25,15.1;17.25,15.1;17.25,15.15;17.2,15.15;17.2,15.15;17.2,15.2;17.15,15.2;17.15,15.2;17.15,15.25;17.1,15.25;17.1,15.25;17.1,15.3;17.05,15.3;17.05,15.3;17.05,15.35;17.0,15.35;17.0,15.35;17.0,15.4;16.95,15.4;16.95,15.4;16.95,15.45;16.9,15.45;16.9,15.45;16.9,15.5;16.85,15.5;16.85,15.5;16.85,15.55;16.8,15.55;16.8,15.55;16.8,15.6;16.75,15.6;16.75,15.6;16.75,15.65;16.7,15.65;16.7,15.65;16.7,15.7;16.65,15.7;16.65,15.7;16.65,15.75;16.6,15.75;16.6,15.75;16.6,15.8;16.55,15.8;16.55,15.8;16.55,15.85;16.5,15.85;16.5,15.85;16.5,15.9;16.45,15.9;16.45,15.9;16.45,15.95;16.4,15.95;16.4,15.95;16.4,16.0;16.35,16.0;16.35,16.0;16.35,16.05;16.3,16.05;16.3,16.05",TRANSFERIDO
L4,L4_P_RB_c1_r1,L4_P_RB_c1_r1_T303,BEAM,L4_BD_V60_14,L4_BD_V60_14,2180.0,11.875,6.22935,73.973531,"16.25,16.0;16.25,16.05;16.25,16.1;16.25,16.1;16.3,16.1;16.3,16.1;16.3,16.05;16.35,16.05;16.35,16.05;16.35,16.0;16.4,16.0;16.4,16.0;16.4,15.95;16.45,15.95;16.45,15.95;16.45,15.9;16.5,15.9;16.5,15.9;16.5,15.85;16.55,15.85;16.55,15.85;16.55,15.8;16.6,15.8;16.6,15.8;16.6,15.75;16.65,15.75;16.65,15.75;16.65,15.7;16.7,15.7;16.7,15.7;16.7,15.65;16.75,15.65;16.75,15.65;16.75,15.6;16.8,15.6;16.8,15.6;16.8,15.55;16.85,15.55;16.85,15.55;16.85,15.5;16.9,15.5;16.9,15.5;16.9,15.45;16.95,15.45;16.95,15.45;16.95,15.4;17.0,15.4;17.0,15.4;17.0,15.35;17.05,15.35;17.05,15.35;17.05,15.3;17.1,15.3;17.1,15.3;17.1,15.25;17.15,15.25;17.15,15.25;17.15,15.2;17.2,15.2;17.2,15.2;17.2,15.15;17.25,15.15;17.25,15.15;17.25,15.1;17.3,15.1;17.3,15.1;17.3,15.05;17.35,15.05;17.35,15.05;17.35,15.0;17.4,15.0;17.4,15.0;17.4,14.95;17.45,14.95;17.45,14.95;17.45,14.9;17.5,14.9;17.5,14.9;17.5,14.85;17.55,14.85;17.55,14.85;17.55,14.8;17.6,14.8;17.6,14.8;17.6,14.75;17.65,14.75;17.65,14.75;17.65,14.7;17.7,14.7;17.7,14.7;17.7,14.65;17.75,14.65;17.75,14.65;17.75,14.6;17.8,14.6;17.8,14.6;17.8,14.55;17.85,14.55;17.85,14.55;17.85,14.5;17.9,14.5;17.9,14.5;17.9,14.45;17.95,14.45;17.95,14.45;17.95,14.4;18.0,14.4;18.0,14.4;18.0,14.35;18.05,14.35;18.05,14.35;18.05,14.3;18.1,14.3;18.1,14.3;18.1,14.25;18.15,14.25;18.15,14.25;18.15,14.2;18.2,14.2;18.2,14.2;18.2,14.15;18.25,14.15;18.25,14.15;18.25,14.1;18.3,14.1;18.3,14.1;18.3,14.05;18.35,14.05;18.35,14.05;18.35,14.0;18.4,14.0;18.4,14.0;18.4,13.95;18.45,13.95;18.45,13.95;18.45,13.9;18.5,13.9;18.5,13.9;18.5,13.85;18.55,13.85;18.55,13.85;18.55,13.8;18.6,13.8;18.6,13.8;18.6,13.75;18.65,13.75;18.65,13.75;18.65,13.7;18.7,13.7;18.7,13.7;18.7,13.65;18.75,13.65;18.75,13.65;18.75,11.35;18.75,11.35;18.7,11.35;18.7,11.3;18.7,11.3;18.65,11.3;18.65,11.25;18.65,11.25;18.6,11.25;18.6,11.2;18.6,11.2;18.55,11.2;18.55,11.15;18.55,11.15;18.5,11.15;18.5,11.1;18.5,11.1;18.45,11.1;18.45,11.05;18.45,11.05;18.4,11.05;18.4,11.0;18.4,11.0;18.35,11.0;18.35,10.95;18.35,10.95;18.3,10.95;18.3,10.9;18.3,10.9;18.25,10.9;18.25,10.85;18.25,10.85;18.2,10.85;18.2,10.8;18.2,10.8;18.15,10.8;18.15,10.75;18.15,10.75;18.1,10.75;18.1,10.7;18.1,10.7;18.05,10.7;18.05,10.65;18.05,10.65;18.0,10.65;18.0,10.6;18.0,10.6;17.95,10.6;17.95,10.55;17.95,10.55;17.9,10.55;17.9,10.5;17.9,10.5;17.85,10.5;17.85,10.45;17.85,10.45;17.8,10.45;17.8,10.4;17.8,10.4;17.75,10.4;17.75,10.35;17.75,10.35;17.7,10.35;17.7,10.3;17.7,10.3;17.65,10.3;17.65,10.25;17.65,10.25;17.6,10.25;17.6,10.2;17.6,10.2;17.55,10.2;17.55,10.15;17.55,10.15;17.5,10.15;17.5,10.1;17.5,10.1;17.45,10.1;17.45,10.05;17.45,10.05;17.4,10.05;17.4,10.0;17.4,10.0;17.35,10.0;17.35,9.95;17.35,9.95;17.3,9.95;17.3,9.9;17.3,9.9;17.25,9.9;17.25,9.85;17.25,9.85;17.2,9.85;17.2,9.8;17.2,9.8;17.15,9.8;17.15,9.75;17.15,9.75;17.1,9.75;17.1,9.7;17.1,9.7;17.05,9.7;17.05,9.65;17.05,9.65;17.0,9.65;17.0,9.6;17.0,9.6;16.95,9.6;16.95,9.55;16.95,9.55;16.9,9.55;16.9,9.5;16.9,9.5;16.85,9.5;16.85,9.45;16.85,9.45;16.8,9.45;16.8,9.4;16.8,9.4;16.75,9.4;16.75,9.35;16.75,9.35;16.7,9.35;16.7,9.3;16.7,9.3;16.65,9.3;16.65,9.25;16.65,9.25;16.6,9.25;16.6,9.2;16.6,9.2;16.55,9.2;16.55,9.15;16.55,9.15;16.5,9.15;16.5,9.1;16.5,9.1;16.45,9.1;16.45,9.05;16.45,9.05;16.4,9.05;16.4,9.0;16.4,9.0;16.35,9.0;16.35,8.95;16.35,8.95;16.3,8.95;16.3,8.9;16.3,8.9;16.25,8.9;16.25,8.9",TRANSFERIDO
L4,L4_P_RB_c1_r1,L4_P_RB_c1_r1_T304,BEAM,L4_BD_V60_16,L4_BD_V60_16,2182.0,11.875,6.22935,73.973531,"18.75,13.65;18.75,13.65;18.8,13.65;18.8,13.7;18.8,13.7;18.85,13.7;18.85,13.75;18.85,13.75;18.9,13.75;18.9,13.8;18.9,13.8;18.95,13.8;18.95,13.85;18.95,13.85;19.0,13.85;19.0,13.9;19.0,13.9;19.05,13.9;19.05,13.95;19.05,13.95;19.1,13.95;19.1,14.0;19.1,14.0;19.15,14.0;19.15,14.05;19.15,14.05;19.2,14.05;19.2,14.1;19.2,14.1;19.25,14.1;19.25,14.15;19.25,14.15;19.3,14.15;19.3,14.2;19.3,14.2;19.35,14.2;19.35,14.25;19.35,14.25;19.4,14.25;19.4,14.3;19.4,14.3;19.45,14.3;19.45,14.35;19.45,14.35;19.5,14.35;19.5,14.4;19.5,14.4;19.55,14.4;19.55,14.45;19.55,14.45;19.6,14.45;19.6,14.5;19.6,14.5;19.65,14.5;19.65,14.55;19.65,14.55;19.7,14.55;19.7,14.6;19.7,14.6;19.75,14.6;19.75,14.65;19.75,14.65;19.8,14.65;19.8,14.7;19.8,14.7;19.85,14.7;19.85,14.75;19.85,14.75;19.9,14.75;19.9,14.8;19.9,14.8;19.95,14.8;19.95,14.85;19.95,14.85;20.0,14.85;20.0,14.9;20.0,14.9;20.05,14.9;20.05,14.95;20.05,14.95;20.1,14.95;20.1,15.0;20.1,15.0;20.15,15.0;20.15,15.05;20.15,15.05;20.2,15.05;20.2,15.1;20.2,15.1;20.25,15.1;20.25,15.15;20.25,15.15;20.3,15.15;20.3,15.2;20.3,15.2;20.35,15.2;20.35,15.25;20.35,15.25;20.4,15.25;20.4,15.3;20.4,15.3;20.45,15.3;20.45,15.35;20.45,15.35;20.5,15.35;20.5,15.4;20.5,15.4;20.55,15.4;20.55,15.45;20.55,15.45;20.6,15.45;20.6,15.5;20.6,15.5;20.65,15.5;20.65,15.55;20.65,15.55;20.7,15.55;20.7,15.6;20.7,15.6;20.75,15.6;20.75,15.65;20.75,15.65;20.8,15.65;20.8,15.7;20.8,15.7;20.85,15.7;20.85,15.75;20.85,15.75;20.9,15.75;20.9,15.8;20.9,15.8;20.95,15.8;20.95,15.85;20.95,15.85;21.0,15.85;21.0,15.9;21.0,15.9;21.05,15.9;21.05,15.95;21.05,15.95;21.1,15.95;21.1,16.0;21.1,16.0;21.15,16.0;21.15,16.05;21.15,16.05;21.2,16.05;21.2,16.1;21.2,16.1;21.25,16.1;21.25,16.1;21.25,16.05;21.25,16.0;21.25,8.9;21.25,8.9;21.2,8.9;21.2,8.9;21.2,8.95;21.15,8.95;21.15,8.95;21.15,9.0;21.1,9.0;21.1,9.0;21.1,9.05;21.05,9.05;21.05,9.05;21.05,9.1;21.0,9.1;21.0,9.1;21.0,9.15;20.95,9.15;20.95,9.15;20.95,9.2;20.9,9.2;20.9,9.2;20.9,9.25;20.85,9.25;20.85,9.25;20.85,9.3;20.8,9.3;20.8,9.3;20.8,9.35;20.75,9.35;20.75,9.35;20.75,9.4;20.7,9.4;20.7,9.4;20.7,9.45;20.65,9.45;20.65,9.45;20.65,9.5;20.6,9.5;20.6,9.5;20.6,9.55;20.55,9.55;20.55,9.55;20.55,9.6;20.5,9.6;20.5,9.6;20.5,9.65;20.45,9.65;20.45,9.65;20.45,9.7;20.4,9.7;20.4,9.7;20.4,9.75;20.35,9.75;20.35,9.75;20.35,9.8;20.3,9.8;20.3,9.8;20.3,9.85;20.25,9.85;20.25,9.85;20.25,9.9;20.2,9.9;20.2,9.9;20.2,9.95;20.15,9.95;20.15,9.95;20.15,10.0;20.1,10.0;20.1,10.0;20.1,10.05;20.05,10.05;20.05,10.05;20.05,10.1;20.0,10.1;20.0,10.1;20.0,10.15;19.95,10.15;19.95,10.15;19.95,10.2;19.9,10.2;19.9,10.2;19.9,10.25;19.85,10.25;19.85,10.25;19.85,10.3;19.8,10.3;19.8,10.3;19.8,10.35;19.75,10.35;19.75,10.35;19.75,10.4;19.7,10.4;19.7,10.4;19.7,10.45;19.65,10.45;19.65,10.45;19.65,10.5;19.6,10.5;19.6,10.5;19.6,10.55;19.55,10.55;19.55,10.55;19.55,10.6;19.5,10.6;19.5,10.6;19.5,10.65;19.45,10.65;19.45,10.65;19.45,10.7;19.4,10.7;19.4,10.7;19.4,10.75;19.35,10.75;19.35,10.75;19.35,10.8;19.3,10.8;19.3,10.8;19.3,10.85;19.25,10.85;19.25,10.85;19.25,10.9;19.2,10.9;19.2,10.9;19.2,10.95;19.15,10.95;19.15,10.95;19.15,11.0;19.1,11.0;19.1,11.0;19.1,11.05;19.05,11.05;19.05,11.05;19.05,11.1;19.0,11.1;19.0,11.1;19.0,11.15;18.95,11.15;18.95,11.15;18.95,11.2;18.9,11.2;18.9,11.2;18.9,11.25;18.85,11.25;18.85,11.25;18.85,11.3;18.8,11.3;18.8,11.3;18.8,11.35;18.75,11.35;18.75,11.35",TRANSFERIDO
L4,L4_P_RB_c2_r0,L4_P_RB_c2_r0_T305,BEAM,L4_BD_V60_03,L4_BD_V60_03,2169.0,6.2425,6.22935,38.886717,"21.35,-0.0;21.3,-0.0;21.3,0.0;21.3,0.05;21.3,0.05;21.35,0.05;21.35,0.1;21.35,0.1;21.4,0.1;21.4,0.2;21.4,0.2;21.45,0.2;21.45,0.25;21.45,0.25;21.5,0.25;21.5,0.3;21.5,0.3;21.55,0.3;21.55,0.35;21.55,0.35;21.6,0.35;21.6,0.4;21.6,0.4;21.65,0.4;21.65,0.45;21.65,0.45;21.7,0.45;21.7,0.5;21.7,0.5;21.75,0.5;21.75,0.55;21.75,0.55;21.8,0.55;21.8,0.6;21.8,0.6;21.85,0.6;21.85,0.65;21.85,0.65;21.9,0.65;21.9,0.7;21.9,0.7;21.95,0.7;21.95,0.75;21.95,0.75;22.0,0.75;22.0,0.8;22.0,0.8;22.05,0.8;22.05,0.85;22.05,0.85;22.1,0.85;22.1,0.9;22.1,0.9;22.15,0.9;22.15,0.95;22.15,0.95;22.2,0.95;22.2,1.0;22.2,1.0;22.25,1.0;22.25,1.05;22.25,1.05;22.3,1.05;22.3,1.1;22.3,1.1;22.35,1.1;22.35,1.15;22.35,1.15;22.4,1.15;22.4,1.2;22.4,1.2;22.45,1.2;22.45,1.25;22.45,1.25;22.5,1.25;22.5,1.3;22.5,1.3;22.55,1.3;22.55,1.35;22.55,1.35;22.6,1.35;22.6,1.4;22.6,1.4;22.65,1.4;22.65,1.45;22.65,1.45;22.7,1.45;22.7,1.5;22.7,1.5;22.75,1.5;22.75,1.55;22.75,1.55;22.8,1.55;22.8,1.6;22.8,1.6;22.85,1.6;22.85,1.65;22.85,1.65;22.9,1.65;22.9,1.7;22.9,1.7;22.95,1.7;22.95,1.75;22.95,1.75;23.0,1.75;23.0,1.8;23.0,1.8;23.05,1.8;23.05,1.85;23.05,1.85;23.1,1.85;23.1,1.9;23.1,1.9;23.15,1.9;23.15,1.95;23.15,1.95;23.2,1.95;23.2,2.0;23.2,2.0;23.25,2.0;23.25,2.05;23.25,2.05;23.3,2.05;23.3,2.1;23.3,2.1;23.35,2.1;23.35,2.15;23.35,2.15;23.4,2.15;23.4,2.2;23.4,2.2;23.45,2.2;23.45,2.25;23.45,2.25;23.5,2.25;23.5,2.3;23.5,2.3;23.55,2.3;23.55,2.35;23.55,2.35;23.6,2.35;23.6,2.4;23.6,2.4;23.65,2.4;23.65,2.45;23.65,2.45;23.7,2.45;23.7,2.5;23.7,2.5;23.75,2.5;23.75,2.5;23.75,2.45;23.8,2.45;23.8,2.45;23.8,2.4;23.85,2.4;23.85,2.4;23.85,2.35;23.9,2.35;23.9,2.35;23.9,2.3;23.95,2.3;23.95,2.3;23.95,2.25;24.0,2.25;24.0,2.25;24.0,2.2;24.05,2.2;24.05,2.2;24.05,2.15;24.1,2.15;24.1,2.15;24.1,2.1;24.15,2.1;24.15,2.1;24.15,2.05;24.2,2.05;24.2,2.05;24.2,2.0;24.25,2.0;24.25,2.0;24.25,1.95;24.3,1.95;24.3,1.95;24.3,1.9;24.35,1.9;24.35,1.9;24.35,1.85;24.4,1.85;24.4,1.85;24.4,1.8;24.45,1.8;24.45,1.8;24.45,1.75;24.5,1.75;24.5,1.75;24.5,1.7;24.55,1.7;24.55,1.7;24.55,1.65;24.6,1.65;24.6,1.65;24.6,1.6;24.65,1.6;24.65,1.6;24.65,1.55;24.7,1.55;24.7,1.55;24.7,1.5;24.75,1.5;24.75,1.5;24.75,1.45;24.8,1.45;24.8,1.45;24.8,1.4;24.85,1.4;24.85,1.4;24.85,1.35;24.9,1.35;24.9,1.35;24.9,1.3;24.95,1.3;24.95,1.3;24.95,1.25;25.0,1.25;25.0,1.25;25.0,1.2;25.05,1.2;25.05,1.2;25.05,1.15;25.1,1.15;25.1,1.15;25.1,1.1;25.15,1.1;25.15,1.1;25.15,1.05;25.2,1.05;25.2,1.05;25.2,1.0;25.25,1.0;25.25,1.0;25.25,0.95;25.3,0.95;25.3,0.95;25.3,0.9;25.35,0.9;25.35,0.9;25.35,0.85;25.4,0.85;25.4,0.85;25.4,0.8;25.45,0.8;25.45,0.8;25.45,0.75;25.5,0.75;25.5,0.75;25.5,0.7;25.55,0.7;25.55,0.7;25.55,0.65;25.6,0.65;25.6,0.65;25.6,0.6;25.65,0.6;25.65,0.6;25.65,0.55;25.7,0.55;25.7,0.55;25.7,0.5;25.75,0.5;25.75,0.5;25.75,0.45;25.8,0.45;25.8,0.45;25.8,0.4;25.85,0.4;25.85,0.4;25.85,0.35;25.9,0.35;25.9,0.35;25.9,0.3;25.95,0.3;25.95,0.3;25.95,0.25;26.0,0.25;26.0,0.25;26.0,0.2;26.05,0.2;26.05,0.2;26.05,0.15;26.1,0.15;26.1,0.15;26.1,0.1;26.15,0.1;26.15,0.1;26.15,0.05;26.2,0.05;26.2,0.05;26.2,0.0;26.2,-0.0;26.15,-0.0;26.1,-0.0;26.05,-0.0;26.0,-0.0;25.95,-0.0;25.9,-0.0;25.85,-0.0;25.8,-0.0;25.75,-0.0;25.7,-0.0;25.65,-0.0;25.6,-0.0;25.55,-0.0;25.5,-0.0;25.45,-0.0;25.4,-0.0;25.35,-0.0;25.3,-0.0;25.25,-0.0;25.2,-0.0;25.15,-0.0;25.1,-0.0;25.05,-0.0;25.0,-0.0;24.95,-0.0;24.9,-0.0;24.85,-0.0;24.8,-0.0;24.75,-0.0;24.7,-0.0;24.65,-0.0;24.6,-0.0;24.55,-0.0;24.5,-0.0;24.45,-0.0;24.4,-0.0;24.35,-0.0;24.3,-0.0;24.25,-0.0;24.2,-0.0;24.15,-0.0;24.1,-0.0;24.05,-0.0;24.0,-0.0;23.95,-0.0;23.9,-0.0;23.85,-0.0;23.8,-0.0;23.75,-0.0;23.7,-0.0;23.65,-0.0;23.6,-0.0;23.55,-0.0;23.5,-0.0;23.45,-0.0;23.4,-0.0;23.35,-0.0;23.3,-0.0;23.25,-0.0;23.2,-0.0;23.15,-0.0;23.1,-0.0;23.05,-0.0;23.0,-0.0;22.95,-0.0;22.9,-0.0;22.85,-0.0;22.8,-0.0;22.75,-0.0;22.7,-0.0;22.65,-0.0;22.6,-0.0;22.55,-0.0;22.5,-0.0;22.45,-0.0;22.4,-0.0;22.35,-0.0;22.3,-0.0;22.25,-0.0;22.2,-0.0;22.15,-0.0;22.1,-0.0;22.05,-0.0;22.0,-0.0;21.95,-0.0;21.9,-0.0;21.85,-0.0;21.8,-0.0;21.75,-0.0;21.7,-0.0;21.65,-0.0;21.6,-0.0;21.55,-0.0;21.5,-0.0;21.45,-0.0;21.4,-0.0;21.35,-0.0",TRANSFERIDO
L4,L4_P_RB_c2_r0,L4_P_RB_c2_r0_T306,BEAM,L4_BD_V60_07,L4_BD_V60_07,2173.0,6.25,6.22935,38.933438,"21.3,8.85;21.25,8.85;21.25,8.85;21.25,8.9;21.25,8.9;21.3,8.9;21.35,8.9;21.4,8.9;21.45,8.9;21.5,8.9;21.55,8.9;21.6,8.9;21.65,8.9;21.7,8.9;21.75,8.9;21.8,8.9;21.85,8.9;21.9,8.9;21.95,8.9;22.0,8.9;22.05,8.9;22.1,8.9;22.15,8.9;22.2,8.9;22.25,8.9;22.3,8.9;22.35,8.9;22.4,8.9;22.45,8.9;22.5,8.9;22.55,8.9;22.6,8.9;22.65,8.9;22.7,8.9;22.75,8.9;22.8,8.9;22.85,8.9;22.9,8.9;22.95,8.9;23.0,8.9;23.05,8.9;23.1,8.9;23.15,8.9;23.2,8.9;23.25,8.9;23.3,8.9;23.35,8.9;23.4,8.9;23.45,8.9;23.5,8.9;23.55,8.9;23.6,8.9;23.65,8.9;23.7,8.9;23.75,8.9;23.8,8.9;23.85,8.9;23.9,8.9;23.95,8.9;24.0,8.9;24.05,8.9;24.1,8.9;24.15,8.9;24.2,8.9;24.25,8.9;24.3,8.9;24.35,8.9;24.4,8.9;24.45,8.9;24.5,8.9;24.55,8.9;24.6,8.9;24.65,8.9;24.7,8.9;24.75,8.9;24.8,8.9;24.85,8.9;24.9,8.9;24.95,8.9;25.0,8.9;25.05,8.9;25.1,8.9;25.15,8.9;25.2,8.9;25.25,8.9;25.3,8.9;25.35,8.9;25.4,8.9;25.45,8.9;25.5,8.9;25.55,8.9;25.6,8.9;25.65,8.9;25.7,8.9;25.75,8.9;25.8,8.9;25.85,8.9;25.9,8.9;25.95,8.9;26.0,8.9;26.05,8.9;26.1,8.9;26.15,8.9;26.2,8.9;26.2,8.9;26.2,8.85;26.2,8.85;26.15,8.85;26.15,8.8;26.15,8.8;26.1,8.8;26.1,8.75;26.1,8.75;26.05,8.75;26.05,8.7;26.05,8.7;26.0,8.7;26.0,8.65;26.0,8.65;25.95,8.65;25.95,8.6;25.95,8.6;25.9,8.6;25.9,8.55;25.9,8.55;25.85,8.55;25.85,8.5;25.85,8.5;25.8,8.5;25.8,8.45;25.8,8.45;25.75,8.45;25.75,8.4;25.75,8.4;25.7,8.4;25.7,8.35;25.7,8.35;25.65,8.35;25.65,8.3;25.65,8.3;25.6,8.3;25.6,8.25;25.6,8.25;25.55,8.25;25.55,8.2;25.55,8.2;25.5,8.2;25.5,8.15;25.5,8.15;25.45,8.15;25.45,8.1;25.45,8.1;25.4,8.1;25.4,8.05;25.4,8.05;25.35,8.05;25.35,8.0;25.35,8.0;25.3,8.0;25.3,7.95;25.3,7.95;25.25,7.95;25.25,7.9;25.25,7.9;25.2,7.9;25.2,7.85;25.2,7.85;25.15,7.85;25.15,7.8;25.15,7.8;25.1,7.8;25.1,7.75;25.1,7.75;25.05,7.75;25.05,7.7;25.05,7.7;25.0,7.7;25.0,7.65;25.0,7.65;24.95,7.65;24.95,7.6;24.95,7.6;24.9,7.6;24.9,7.55;24.9,7.55;24.85,7.55;24.85,7.5;24.85,7.5;24.8,7.5;24.8,7.45;24.8,7.45;24.75,7.45;24.75,7.4;24.75,7.4;24.7,7.4;24.7,7.35;24.7,7.35;24.65,7.35;24.65,7.3;24.65,7.3;24.6,7.3;24.6,7.25;24.6,7.25;24.55,7.25;24.55,7.2;24.55,7.2;24.5,7.2;24.5,7.15;24.5,7.15;24.45,7.15;24.45,7.1;24.45,7.1;24.4,7.1;24.4,7.05;24.4,7.05;24.35,7.05;24.35,7.0;24.35,7.0;24.3,7.0;24.3,6.95;24.3,6.95;24.25,6.95;24.25,6.9;24.25,6.9;24.2,6.9;24.2,6.85;24.2,6.85;24.15,6.85;24.15,6.8;24.15,6.8;24.1,6.8;24.1,6.75;24.1,6.75;24.05,6.75;24.05,6.7;24.05,6.7;24.0,6.7;24.0,6.65;24.0,6.65;23.95,6.65;23.95,6.6;23.95,6.6;23.9,6.6;23.9,6.55;23.9,6.55;23.85,6.55;23.85,6.5;23.85,6.5;23.8,6.5;23.8,6.45;23.8,6.45;23.75,6.45;23.75,6.4;23.75,6.4;23.7,6.4;23.7,6.4;23.7,6.45;23.65,6.45;23.65,6.45;23.65,6.5;23.6,6.5;23.6,6.5;23.6,6.55;23.55,6.55;23.55,6.55;23.55,6.6;23.5,6.6;23.5,6.6;23.5,6.65;23.45,6.65;23.45,6.65;23.45,6.7;23.4,6.7;23.4,6.7;23.4,6.75;23.35,6.75;23.35,6.75;23.35,6.8;23.3,6.8;23.3,6.8;23.3,6.85;23.25,6.85;23.25,6.85;23.25,6.9;23.2,6.9;23.2,6.9;23.2,6.95;23.15,6.95;23.15,6.95;23.15,7.0;23.1,7.0;23.1,7.0;23.1,7.05;23.05,7.05;23.05,7.05;23.05,7.1;23.0,7.1;23.0,7.1;23.0,7.15;22.95,7.15;22.95,7.15;22.95,7.2;22.9,7.2;22.9,7.2;22.9,7.25;22.85,7.25;22.85,7.25;22.85,7.3;22.8,7.3;22.8,7.3;22.8,7.35;22.75,7.35;22.75,7.35;22.75,7.4;22.7,7.4;22.7,7.4;22.7,7.45;22.65,7.45;22.65,7.45;22.65,7.5;22.6,7.5;22.6,7.5;22.6,7.55;22.55,7.55;22.55,7.55;22.55,7.6;22.5,7.6;22.5,7.6;22.5,7.65;22.45,7.65;22.45,7.65;22.45,7.7;22.4,7.7;22.4,7.7;22.4,7.75;22.35,7.75;22.35,7.75;22.35,7.8;22.3,7.8;22.3,7.8;22.3,7.85;22.25,7.85;22.25,7.85;22.25,7.9;22.2,7.9;22.2,7.9;22.2,7.95;22.15,7.95;22.15,7.95;22.15,8.0;22.1,8.0;22.1,8.0;22.1,8.05;22.05,8.05;22.05,8.05;22.05,8.1;22.0,8.1;22.0,8.1;22.0,8.15;21.95,8.15;21.95,8.15;21.95,8.2;21.9,8.2;21.9,8.2;21.9,8.25;21.85,8.25;21.85,8.25;21.85,8.3;21.8,8.3;21.8,8.3;21.8,8.35;21.75,8.35;21.75,8.35;21.75,8.4;21.7,8.4;21.7,8.4;21.7,8.45;21.65,8.45;21.65,8.45;21.65,8.5;21.6,8.5;21.6,8.5;21.6,8.55;21.55,8.55;21.55,8.55;21.55,8.6;21.5,8.6;21.5,8.6;21.5,8.65;21.45,8.65;21.45,8.65;21.45,8.7;21.4,8.7;21.4,8.7;21.4,8.75;21.35,8.75;21.35,8.75;21.35,8.8;21.3,8.8;21.3,8.8",TRANSFERIDO
L4,L4_P_RB_c2_r0,L4_P_RB_c2_r0_T307,BEAM,L4_BD_V60_15,L4_BD_V60_15,2181.0,15.8825,6.22935,98.937651,"21.25,0.05;21.25,0.1;21.25,0.2;21.25,1.05;21.25,1.1;21.25,1.2;21.25,1.25;21.25,1.3;21.25,1.35;21.25,1.4;21.25,1.5;21.25,1.55;21.25,1.6;21.25,1.65;21.25,1.7;21.25,1.75;21.25,1.85;21.25,1.9;21.25,1.95;21.25,2.1;21.25,2.2;21.25,2.35;21.25,2.45;21.25,2.55;21.25,2.7;21.25,2.8;21.25,2.95;21.25,3.05;21.25,3.15;21.25,3.3;21.25,3.4;21.25,3.5;21.25,3.65;21.25,3.75;21.25,3.9;21.25,8.85;21.25,8.85;21.3,8.85;21.3,8.85;21.3,8.8;21.35,8.8;21.35,8.8;21.35,8.75;21.4,8.75;21.4,8.75;21.4,8.7;21.45,8.7;21.45,8.7;21.45,8.65;21.5,8.65;21.5,8.65;21.5,8.6;21.55,8.6;21.55,8.6;21.55,8.55;21.6,8.55;21.6,8.55;21.6,8.5;21.65,8.5;21.65,8.5;21.65,8.45;21.7,8.45;21.7,8.45;21.7,8.4;21.75,8.4;21.75,8.4;21.75,8.35;21.8,8.35;21.8,8.35;21.8,8.3;21.85,8.3;21.85,8.3;21.85,8.25;21.9,8.25;21.9,8.25;21.9,8.2;21.95,8.2;21.95,8.2;21.95,8.15;22.0,8.15;22.0,8.15;22.0,8.1;22.05,8.1;22.05,8.1;22.05,8.05;22.1,8.05;22.1,8.05;22.1,8.0;22.15,8.0;22.15,8.0;22.15,7.95;22.2,7.95;22.2,7.95;22.2,7.9;22.25,7.9;22.25,7.9;22.25,7.85;22.3,7.85;22.3,7.85;22.3,7.8;22.35,7.8;22.35,7.8;22.35,7.75;22.4,7.75;22.4,7.75;22.4,7.7;22.45,7.7;22.45,7.7;22.45,7.65;22.5,7.65;22.5,7.65;22.5,7.6;22.55,7.6;22.55,7.6;22.55,7.55;22.6,7.55;22.6,7.55;22.6,7.5;22.65,7.5;22.65,7.5;22.65,7.45;22.7,7.45;22.7,7.45;22.7,7.4;22.75,7.4;22.75,7.4;22.75,7.35;22.8,7.35;22.8,7.35;22.8,7.3;22.85,7.3;22.85,7.3;22.85,7.25;22.9,7.25;22.9,7.25;22.9,7.2;22.95,7.2;22.95,7.2;22.95,7.15;23.0,7.15;23.0,7.15;23.0,7.1;23.05,7.1;23.05,7.1;23.05,7.05;23.1,7.05;23.1,7.05;23.1,7.0;23.15,7.0;23.15,7.0;23.15,6.95;23.2,6.95;23.2,6.95;23.2,6.9;23.25,6.9;23.25,6.9;23.25,6.85;23.3,6.85;23.3,6.85;23.3,6.8;23.35,6.8;23.35,6.8;23.35,6.75;23.4,6.75;23.4,6.75;23.4,6.7;23.45,6.7;23.45,6.7;23.45,6.65;23.5,6.65;23.5,6.65;23.5,6.6;23.55,6.6;23.55,6.6;23.55,6.55;23.6,6.55;23.6,6.55;23.6,6.5;23.65,6.5;23.65,6.5;23.65,6.45;23.7,6.45;23.7,6.45;23.7,6.4;23.75,6.4;23.75,6.4;23.75,3.9;23.75,3.75;23.75,3.65;23.75,3.5;23.75,3.4;23.75,3.3;23.75,3.15;23.75,3.05;23.75,2.95;23.75,2.8;23.75,2.7;23.75,2.55;23.75,2.5;23.75,2.5;23.7,2.5;23.7,2.45;23.7,2.45;23.65,2.45;23.65,2.4;23.65,2.4;23.6,2.4;23.6,2.35;23.6,2.35;23.55,2.35;23.55,2.3;23.55,2.3;23.5,2.3;23.5,2.25;23.5,2.25;23.45,2.25;23.45,2.2;23.45,2.2;23.4,2.2;23.4,2.15;23.4,2.15;23.35,2.15;23.35,2.1;23.35,2.1;23.3,2.1;23.3,2.05;23.3,2.05;23.25,2.05;23.25,2.0;23.25,2.0;23.2,2.0;23.2,1.95;23.2,1.95;23.15,1.95;23.15,1.9;23.15,1.9;23.1,1.9;23.1,1.85;23.1,1.85;23.05,1.85;23.05,1.8;23.05,1.8;23.0,1.8;23.0,1.75;23.0,1.75;22.95,1.75;22.95,1.7;22.95,1.7;22.9,1.7;22.9,1.65;22.9,1.65;22.85,1.65;22.85,1.6;22.85,1.6;22.8,1.6;22.8,1.55;22.8,1.55;22.75,1.55;22.75,1.5;22.75,1.5;22.7,1.5;22.7,1.45;22.7,1.45;22.65,1.45;22.65,1.4;22.65,1.4;22.6,1.4;22.6,1.35;22.6,1.35;22.55,1.35;22.55,1.3;22.55,1.3;22.5,1.3;22.5,1.25;22.5,1.25;22.45,1.25;22.45,1.2;22.45,1.2;22.4,1.2;22.4,1.15;22.4,1.15;22.35,1.15;22.35,1.1;22.35,1.1;22.3,1.1;22.3,1.05;22.3,1.05;22.25,1.05;22.25,1.0;22.25,1.0;22.2,1.0;22.2,0.95;22.2,0.95;22.15,0.95;22.15,0.9;22.15,0.9;22.1,0.9;22.1,0.85;22.1,0.85;22.05,0.85;22.05,0.8;22.05,0.8;22.0,0.8;22.0,0.75;22.0,0.75;21.95,0.75;21.95,0.7;21.95,0.7;21.9,0.7;21.9,0.65;21.9,0.65;21.85,0.65;21.85,0.6;21.85,0.6;21.8,0.6;21.8,0.55;21.8,0.55;21.75,0.55;21.75,0.5;21.75,0.5;21.7,0.5;21.7,0.45;21.7,0.45;21.65,0.45;21.65,0.4;21.65,0.4;21.6,0.4;21.6,0.35;21.6,0.35;21.55,0.35;21.55,0.3;21.55,0.3;21.5,0.3;21.5,0.25;21.5,0.25;21.45,0.25;21.45,0.2;21.45,0.2;21.4,0.2;21.4,0.1;21.4,0.1;21.35,0.1;21.35,0.05;21.35,0.05;21.3,0.05;21.3,0.0;21.3,-0.0;21.25,-0.0;21.25,0.0",TRANSFERIDO
L4,L4_P_RB_c2_r0,L4_P_RB_c2_r0_T308,BEAM,L4_BD_V60_17,L4_BD_V60_17,2183.0,16.125,6.22935,100.448269,"23.75,2.55;23.75,2.7;23.75,2.8;23.75,2.95;23.75,3.05;23.75,3.15;23.75,3.3;23.75,3.4;23.75,3.5;23.75,3.65;23.75,3.75;23.75,3.9;23.75,6.45;23.75,6.45;23.8,6.45;23.8,6.5;23.8,6.5;23.85,6.5;23.85,6.55;23.85,6.55;23.9,6.55;23.9,6.6;23.9,6.6;23.95,6.6;23.95,6.65;23.95,6.65;24.0,6.65;24.0,6.7;24.0,6.7;24.05,6.7;24.05,6.75;24.05,6.75;24.1,6.75;24.1,6.8;24.1,6.8;24.15,6.8;24.15,6.85;24.15,6.85;24.2,6.85;24.2,6.9;24.2,6.9;24.25,6.9;24.25,6.95;24.25,6.95;24.3,6.95;24.3,7.0;24.3,7.0;24.35,7.0;24.35,7.05;24.35,7.05;24.4,7.05;24.4,7.1;24.4,7.1;24.45,7.1;24.45,7.15;24.45,7.15;24.5,7.15;24.5,7.2;24.5,7.2;24.55,7.2;24.55,7.25;24.55,7.25;24.6,7.25;24.6,7.3;24.6,7.3;24.65,7.3;24.65,7.35;24.65,7.35;24.7,7.35;24.7,7.4;24.7,7.4;24.75,7.4;24.75,7.45;24.75,7.45;24.8,7.45;24.8,7.5;24.8,7.5;24.85,7.5;24.85,7.55;24.85,7.55;24.9,7.55;24.9,7.6;24.9,7.6;24.95,7.6;24.95,7.65;24.95,7.65;25.0,7.65;25.0,7.7;25.0,7.7;25.05,7.7;25.05,7.75;25.05,7.75;25.1,7.75;25.1,7.8;25.1,7.8;25.15,7.8;25.15,7.85;25.15,7.85;25.2,7.85;25.2,7.9;25.2,7.9;25.25,7.9;25.25,7.95;25.25,7.95;25.3,7.95;25.3,8.0;25.3,8.0;25.35,8.0;25.35,8.05;25.35,8.05;25.4,8.05;25.4,8.1;25.4,8.1;25.45,8.1;25.45,8.15;25.45,8.15;25.5,8.15;25.5,8.2;25.5,8.2;25.55,8.2;25.55,8.25;25.55,8.25;25.6,8.25;25.6,8.3;25.6,8.3;25.65,8.3;25.65,8.35;25.65,8.35;25.7,8.35;25.7,8.4;25.7,8.4;25.75,8.4;25.75,8.45;25.75,8.45;25.8,8.45;25.8,8.5;25.8,8.5;25.85,8.5;25.85,8.55;25.85,8.55;25.9,8.55;25.9,8.6;25.9,8.6;25.95,8.6;25.95,8.65;25.95,8.65;26.0,8.65;26.0,8.7;26.0,8.7;26.05,8.7;26.05,8.75;26.05,8.75;26.1,8.75;26.1,8.8;26.1,8.8;26.15,8.8;26.15,8.85;26.15,8.85;26.2,8.85;26.2,8.9;26.2,8.9;26.25,8.9;26.25,8.9;26.25,3.9;26.25,3.75;26.25,3.65;26.25,3.5;26.25,3.4;26.25,3.3;26.25,3.15;26.25,3.05;26.25,2.95;26.25,2.8;26.25,2.7;26.25,2.55;26.25,2.45;26.25,2.35;26.25,2.2;26.25,2.1;26.25,1.95;26.25,1.9;26.25,1.85;26.25,1.75;26.25,1.7;26.25,1.65;26.25,1.6;26.25,1.55;26.25,1.5;26.25,1.4;26.25,1.35;26.25,1.3;26.25,1.25;26.25,1.2;26.25,1.1;26.25,1.05;26.25,0.2;26.25,0.1;26.25,0.05;26.25,0.0;26.25,-0.0;26.2,-0.0;26.2,0.0;26.2,0.05;26.15,0.05;26.15,0.05;26.15,0.1;26.1,0.1;26.1,0.1;26.1,0.15;26.05,0.15;26.05,0.15;26.05,0.2;26.0,0.2;26.0,0.2;26.0,0.25;25.95,0.25;25.95,0.25;25.95,0.3;25.9,0.3;25.9,0.3;25.9,0.35;25.85,0.35;25.85,0.35;25.85,0.4;25.8,0.4;25.8,0.4;25.8,0.45;25.75,0.45;25.75,0.45;25.75,0.5;25.7,0.5;25.7,0.5;25.7,0.55;25.65,0.55;25.65,0.55;25.65,0.6;25.6,0.6;25.6,0.6;25.6,0.65;25.55,0.65;25.55,0.65;25.55,0.7;25.5,0.7;25.5,0.7;25.5,0.75;25.45,0.75;25.45,0.75;25.45,0.8;25.4,0.8;25.4,0.8;25.4,0.85;25.35,0.85;25.35,0.85;25.35,0.9;25.3,0.9;25.3,0.9;25.3,0.95;25.25,0.95;25.25,0.95;25.25,1.0;25.2,1.0;25.2,1.0;25.2,1.05;25.15,1.05;25.15,1.05;25.15,1.1;25.1,1.1;25.1,1.1;25.1,1.15;25.05,1.15;25.05,1.15;25.05,1.2;25.0,1.2;25.0,1.2;25.0,1.25;24.95,1.25;24.95,1.25;24.95,1.3;24.9,1.3;24.9,1.3;24.9,1.35;24.85,1.35;24.85,1.35;24.85,1.4;24.8,1.4;24.8,1.4;24.8,1.45;24.75,1.45;24.75,1.45;24.75,1.5;24.7,1.5;24.7,1.5;24.7,1.55;24.65,1.55;24.65,1.55;24.65,1.6;24.6,1.6;24.6,1.6;24.6,1.65;24.55,1.65;24.55,1.65;24.55,1.7;24.5,1.7;24.5,1.7;24.5,1.75;24.45,1.75;24.45,1.75;24.45,1.8;24.4,1.8;24.4,1.8;24.4,1.85;24.35,1.85;24.35,1.85;24.35,1.9;24.3,1.9;24.3,1.9;24.3,1.95;24.25,1.95;24.25,1.95;24.25,2.0;24.2,2.0;24.2,2.0;24.2,2.05;24.15,2.05;24.15,2.05;24.15,2.1;24.1,2.1;24.1,2.1;24.1,2.15;24.05,2.15;24.05,2.15;24.05,2.2;24.0,2.2;24.0,2.2;24.0,2.25;23.95,2.25;23.95,2.25;23.95,2.3;23.9,2.3;23.9,2.3;23.9,2.35;23.85,2.35;23.85,2.35;23.85,2.4;23.8,2.4;23.8,2.4;23.8,2.45;23.75,2.45;23.75,2.45",TRANSFERIDO
L4,L4_P_RB_c2_r1,L4_P_RB_c2_r1_T309,BEAM,L4_BD_V60_07,L4_BD_V60_07,2173.0,6.125,6.22935,38.154769,"21.35,8.95;21.35,9.0;21.35,9.0;21.4,9.0;21.4,9.05;21.4,9.05;21.45,9.05;21.45,9.1;21.45,9.1;21.5,9.1;21.5,9.15;21.5,9.15;21.55,9.15;21.55,9.2;21.55,9.2;21.6,9.2;21.6,9.25;21.6,9.25;21.65,9.25;21.65,9.3;21.65,9.3;21.7,9.3;21.7,9.35;21.7,9.35;21.75,9.35;21.75,9.4;21.75,9.4;21.8,9.4;21.8,9.45;21.8,9.45;21.85,9.45;21.85,9.5;21.85,9.5;21.9,9.5;21.9,9.55;21.9,9.55;21.95,9.55;21.95,9.6;21.95,9.6;22.0,9.6;22.0,9.65;22.0,9.65;22.05,9.65;22.05,9.7;22.05,9.7;22.1,9.7;22.1,9.75;22.1,9.75;22.15,9.75;22.15,9.8;22.15,9.8;22.2,9.8;22.2,9.85;22.2,9.85;22.25,9.85;22.25,9.9;22.25,9.9;22.3,9.9;22.3,9.95;22.3,9.95;22.35,9.95;22.35,10.0;22.35,10.0;22.4,10.0;22.4,10.05;22.4,10.05;22.45,10.05;22.45,10.1;22.45,10.1;22.5,10.1;22.5,10.15;22.5,10.15;22.55,10.15;22.55,10.2;22.55,10.2;22.6,10.2;22.6,10.25;22.6,10.25;22.65,10.25;22.65,10.3;22.65,10.3;22.7,10.3;22.7,10.35;22.7,10.35;22.75,10.35;22.75,10.4;22.75,10.4;22.8,10.4;22.8,10.45;22.8,10.45;22.85,10.45;22.85,10.5;22.85,10.5;22.9,10.5;22.9,10.55;22.9,10.55;22.95,10.55;22.95,10.6;22.95,10.6;23.0,10.6;23.0,10.65;23.0,10.65;23.05,10.65;23.05,10.7;23.05,10.7;23.1,10.7;23.1,10.75;23.1,10.75;23.15,10.75;23.15,10.8;23.15,10.8;23.2,10.8;23.2,10.85;23.2,10.85;23.25,10.85;23.25,10.9;23.25,10.9;23.3,10.9;23.3,10.95;23.3,10.95;23.35,10.95;23.35,11.0;23.35,11.0;23.4,11.0;23.4,11.05;23.4,11.05;23.45,11.05;23.45,11.1;23.45,11.1;23.5,11.1;23.5,11.15;23.5,11.15;23.55,11.15;23.55,11.2;23.55,11.2;23.6,11.2;23.6,11.25;23.6,11.25;23.65,11.25;23.65,11.3;23.65,11.3;23.7,11.3;23.7,11.35;23.7,11.35;23.75,11.35;23.8,11.35;23.8,11.35;23.8,11.3;23.85,11.3;23.85,11.3;23.85,11.25;23.9,11.25;23.9,11.25;23.9,11.2;23.95,11.2;23.95,11.2;23.95,11.15;24.0,11.15;24.0,11.15;24.0,11.1;24.05,11.1;24.05,11.1;24.05,11.05;24.1,11.05;24.1,11.05;24.1,11.0;24.15,11.0;24.15,11.0;24.15,10.95;24.2,10.95;24.2,10.95;24.2,10.9;24.25,10.9;24.25,10.9;24.25,10.85;24.3,10.85;24.3,10.85;24.3,10.8;24.35,10.8;24.35,10.8;24.35,10.75;24.4,10.75;24.4,10.75;24.4,10.7;24.45,10.7;24.45,10.7;24.45,10.65;24.5,10.65;24.5,10.65;24.5,10.6;24.55,10.6;24.55,10.6;24.55,10.55;24.6,10.55;24.6,10.55;24.6,10.5;24.65,10.5;24.65,10.5;24.65,10.45;24.7,10.45;24.7,10.45;24.7,10.4;24.75,10.4;24.75,10.4;24.75,10.35;24.8,10.35;24.8,10.35;24.8,10.3;24.85,10.3;24.85,10.3;24.85,10.25;24.9,10.25;24.9,10.25;24.9,10.2;24.95,10.2;24.95,10.2;24.95,10.15;25.0,10.15;25.0,10.15;25.0,10.1;25.05,10.1;25.05,10.1;25.05,10.05;25.1,10.05;25.1,10.05;25.1,10.0;25.15,10.0;25.15,10.0;25.15,9.95;25.2,9.95;25.2,9.95;25.2,9.9;25.25,9.9;25.25,9.9;25.25,9.85;25.3,9.85;25.3,9.85;25.3,9.8;25.35,9.8;25.35,9.8;25.35,9.75;25.4,9.75;25.4,9.75;25.4,9.7;25.45,9.7;25.45,9.7;25.45,9.65;25.5,9.65;25.5,9.65;25.5,9.6;25.55,9.6;25.55,9.6;25.55,9.55;25.6,9.55;25.6,9.55;25.6,9.5;25.65,9.5;25.65,9.5;25.65,9.45;25.7,9.45;25.7,9.45;25.7,9.4;25.75,9.4;25.75,9.4;25.75,9.35;25.8,9.35;25.8,9.35;25.8,9.3;25.85,9.3;25.85,9.3;25.85,9.25;25.9,9.25;25.9,9.25;25.9,9.2;25.95,9.2;25.95,9.2;25.95,9.15;26.0,9.15;26.0,9.15;26.0,9.1;26.05,9.1;26.05,9.1;26.05,9.05;26.1,9.05;26.1,9.05;26.1,9.0;26.15,9.0;26.15,9.0;26.15,8.95;26.2,8.95;26.2,8.95;26.2,8.9;26.2,8.9;26.15,8.9;26.1,8.9;26.05,8.9;26.0,8.9;25.95,8.9;25.9,8.9;25.85,8.9;25.8,8.9;25.75,8.9;25.7,8.9;25.65,8.9;25.6,8.9;25.55,8.9;25.5,8.9;25.45,8.9;25.4,8.9;25.35,8.9;25.3,8.9;25.25,8.9;25.2,8.9;25.15,8.9;25.1,8.9;25.05,8.9;25.0,8.9;24.95,8.9;24.9,8.9;24.85,8.9;24.8,8.9;24.75,8.9;24.7,8.9;24.65,8.9;24.6,8.9;24.55,8.9;24.5,8.9;24.45,8.9;24.4,8.9;24.35,8.9;24.3,8.9;24.25,8.9;24.2,8.9;24.15,8.9;24.1,8.9;24.05,8.9;24.0,8.9;23.95,8.9;23.9,8.9;23.85,8.9;23.8,8.9;23.75,8.9;23.7,8.9;23.65,8.9;23.6,8.9;23.55,8.9;23.5,8.9;23.45,8.9;23.4,8.9;23.35,8.9;23.3,8.9;23.25,8.9;23.2,8.9;23.15,8.9;23.1,8.9;23.05,8.9;23.0,8.9;22.95,8.9;22.9,8.9;22.85,8.9;22.8,8.9;22.75,8.9;22.7,8.9;22.65,8.9;22.6,8.9;22.55,8.9;22.5,8.9;22.45,8.9;22.4,8.9;22.35,8.9;22.3,8.9;22.25,8.9;22.2,8.9;22.15,8.9;22.1,8.9;22.05,8.9;22.0,8.9;21.95,8.9;21.9,8.9;21.85,8.9;21.8,8.9;21.75,8.9;21.7,8.9;21.65,8.9;21.6,8.9;21.55,8.9;21.5,8.9;21.45,8.9;21.4,8.9;21.35,8.9;21.3,8.9;21.3,8.9;21.3,8.95;21.3,8.95",TRANSFERIDO
L4,L4_P_RB_c2_r1,L4_P_RB_c2_r1_T310,BEAM,L4_BD_V60_11,L4_BD_V60_11,2177.0,6.375,6.22935,39.712106,"21.3,16.1;21.25,16.1;21.25,16.1;21.25,16.15;21.25,16.15;21.3,16.15;21.35,16.15;21.4,16.15;21.45,16.15;21.5,16.15;21.55,16.15;21.6,16.15;21.65,16.15;21.7,16.15;21.75,16.15;21.8,16.15;21.85,16.15;21.9,16.15;21.95,16.15;22.0,16.15;22.05,16.15;22.1,16.15;22.15,16.15;22.2,16.15;22.25,16.15;22.3,16.15;22.35,16.15;22.4,16.15;22.45,16.15;22.5,16.15;22.55,16.15;22.6,16.15;22.65,16.15;22.7,16.15;22.75,16.15;22.8,16.15;22.85,16.15;22.9,16.15;22.95,16.15;23.0,16.15;23.05,16.15;23.1,16.15;23.15,16.15;23.2,16.15;23.25,16.15;23.3,16.15;23.35,16.15;23.4,16.15;23.45,16.15;23.5,16.15;23.55,16.15;23.6,16.15;23.65,16.15;23.7,16.15;23.75,16.15;23.8,16.15;23.85,16.15;23.9,16.15;23.95,16.15;24.0,16.15;24.05,16.15;24.1,16.15;24.15,16.15;24.2,16.15;24.25,16.15;24.3,16.15;24.35,16.15;24.4,16.15;24.45,16.15;24.5,16.15;24.55,16.15;24.6,16.15;24.65,16.15;24.7,16.15;24.75,16.15;24.8,16.15;24.85,16.15;24.9,16.15;24.95,16.15;25.0,16.15;25.05,16.15;25.1,16.15;25.15,16.15;25.2,16.15;25.25,16.15;25.3,16.15;25.35,16.15;25.4,16.15;25.45,16.15;25.5,16.15;25.55,16.15;25.6,16.15;25.65,16.15;25.7,16.15;25.75,16.15;25.8,16.15;25.85,16.15;25.9,16.15;25.95,16.15;26.0,16.15;26.05,16.15;26.1,16.15;26.15,16.15;26.2,16.15;26.25,16.15;26.25,16.15;26.25,16.1;26.25,16.1;26.2,16.1;26.2,16.05;26.2,16.05;26.15,16.05;26.15,16.0;26.15,16.0;26.1,16.0;26.1,15.95;26.1,15.95;26.05,15.95;26.05,15.9;26.05,15.9;26.0,15.9;26.0,15.85;26.0,15.85;25.95,15.85;25.95,15.8;25.95,15.8;25.9,15.8;25.9,15.75;25.9,15.75;25.85,15.75;25.85,15.7;25.85,15.7;25.8,15.7;25.8,15.65;25.8,15.65;25.75,15.65;25.75,15.6;25.75,15.6;25.7,15.6;25.7,15.55;25.7,15.55;25.65,15.55;25.65,15.5;25.65,15.5;25.6,15.5;25.6,15.45;25.6,15.45;25.55,15.45;25.55,15.4;25.55,15.4;25.5,15.4;25.5,15.35;25.5,15.35;25.45,15.35;25.45,15.3;25.45,15.3;25.4,15.3;25.4,15.25;25.4,15.25;25.35,15.25;25.35,15.2;25.35,15.2;25.3,15.2;25.3,15.15;25.3,15.15;25.25,15.15;25.25,15.1;25.25,15.1;25.2,15.1;25.2,15.05;25.2,15.05;25.15,15.05;25.15,15.0;25.15,15.0;25.1,15.0;25.1,14.95;25.1,14.95;25.05,14.95;25.05,14.9;25.05,14.9;25.0,14.9;25.0,14.85;25.0,14.85;24.95,14.85;24.95,14.8;24.95,14.8;24.9,14.8;24.9,14.75;24.9,14.75;24.85,14.75;24.85,14.7;24.85,14.7;24.8,14.7;24.8,14.65;24.8,14.65;24.75,14.65;24.75,14.6;24.75,14.6;24.7,14.6;24.7,14.55;24.7,14.55;24.65,14.55;24.65,14.5;24.65,14.5;24.6,14.5;24.6,14.45;24.6,14.45;24.55,14.45;24.55,14.4;24.55,14.4;24.5,14.4;24.5,14.35;24.5,14.35;24.45,14.35;24.45,14.3;24.45,14.3;24.4,14.3;24.4,14.25;24.4,14.25;24.35,14.25;24.35,14.2;24.35,14.2;24.3,14.2;24.3,14.15;24.3,14.15;24.25,14.15;24.25,14.1;24.25,14.1;24.2,14.1;24.2,14.05;24.2,14.05;24.15,14.05;24.15,14.0;24.15,14.0;24.1,14.0;24.1,13.95;24.1,13.95;24.05,13.95;24.05,13.9;24.05,13.9;24.0,13.9;24.0,13.85;24.0,13.85;23.95,13.85;23.95,13.8;23.95,13.8;23.9,13.8;23.9,13.75;23.9,13.75;23.85,13.75;23.85,13.7;23.85,13.7;23.8,13.7;23.8,13.65;23.8,13.65;23.75,13.65;23.7,13.65;23.7,13.65;23.7,13.7;23.65,13.7;23.65,13.7;23.65,13.75;23.6,13.75;23.6,13.75;23.6,13.8;23.55,13.8;23.55,13.8;23.55,13.85;23.5,13.85;23.5,13.85;23.5,13.9;23.45,13.9;23.45,13.9;23.45,13.95;23.4,13.95;23.4,13.95;23.4,14.0;23.35,14.0;23.35,14.0;23.35,14.05;23.3,14.05;23.3,14.05;23.3,14.1;23.25,14.1;23.25,14.1;23.25,14.15;23.2,14.15;23.2,14.15;23.2,14.2;23.15,14.2;23.15,14.2;23.15,14.25;23.1,14.25;23.1,14.25;23.1,14.3;23.05,14.3;23.05,14.3;23.05,14.35;23.0,14.35;23.0,14.35;23.0,14.4;22.95,14.4;22.95,14.4;22.95,14.45;22.9,14.45;22.9,14.45;22.9,14.5;22.85,14.5;22.85,14.5;22.85,14.55;22.8,14.55;22.8,14.55;22.8,14.6;22.75,14.6;22.75,14.6;22.75,14.65;22.7,14.65;22.7,14.65;22.7,14.7;22.65,14.7;22.65,14.7;22.65,14.75;22.6,14.75;22.6,14.75;22.6,14.8;22.55,14.8;22.55,14.8;22.55,14.85;22.5,14.85;22.5,14.85;22.5,14.9;22.45,14.9;22.45,14.9;22.45,14.95;22.4,14.95;22.4,14.95;22.4,15.0;22.35,15.0;22.35,15.0;22.35,15.05;22.3,15.05;22.3,15.05;22.3,15.1;22.25,15.1;22.25,15.1;22.25,15.15;22.2,15.15;22.2,15.15;22.2,15.2;22.15,15.2;22.15,15.2;22.15,15.25;22.1,15.25;22.1,15.25;22.1,15.3;22.05,15.3;22.05,15.3;22.05,15.35;22.0,15.35;22.0,15.35;22.0,15.4;21.95,15.4;21.95,15.4;21.95,15.45;21.9,15.45;21.9,15.45;21.9,15.5;21.85,15.5;21.85,15.5;21.85,15.55;21.8,15.55;21.8,15.55;21.8,15.6;21.75,15.6;21.75,15.6;21.75,15.65;21.7,15.65;21.7,15.65;21.7,15.7;21.65,15.7;21.65,15.7;21.65,15.75;21.6,15.75;21.6,15.75;21.6,15.8;21.55,15.8;21.55,15.8;21.55,15.85;21.5,15.85;21.5,15.85;21.5,15.9;21.45,15.9;21.45,15.9;21.45,15.95;21.4,15.95;21.4,15.95;21.4,16.0;21.35,16.0;21.35,16.0;21.35,16.05;21.3,16.05;21.3,16.05",TRANSFERIDO
L4,L4_P_RB_c2_r1,L4_P_RB_c2_r1_T311,BEAM,L4_BD_V60_16,L4_BD_V60_16,2182.0,11.875,6.22935,73.973531,"21.25,16.0;21.25,16.05;21.25,16.1;21.25,16.1;21.3,16.1;21.3,16.1;21.3,16.05;21.35,16.05;21.35,16.05;21.35,16.0;21.4,16.0;21.4,16.0;21.4,15.95;21.45,15.95;21.45,15.95;21.45,15.9;21.5,15.9;21.5,15.9;21.5,15.85;21.55,15.85;21.55,15.85;21.55,15.8;21.6,15.8;21.6,15.8;21.6,15.75;21.65,15.75;21.65,15.75;21.65,15.7;21.7,15.7;21.7,15.7;21.7,15.65;21.75,15.65;21.75,15.65;21.75,15.6;21.8,15.6;21.8,15.6;21.8,15.55;21.85,15.55;21.85,15.55;21.85,15.5;21.9,15.5;21.9,15.5;21.9,15.45;21.95,15.45;21.95,15.45;21.95,15.4;22.0,15.4;22.0,15.4;22.0,15.35;22.05,15.35;22.05,15.35;22.05,15.3;22.1,15.3;22.1,15.3;22.1,15.25;22.15,15.25;22.15,15.25;22.15,15.2;22.2,15.2;22.2,15.2;22.2,15.15;22.25,15.15;22.25,15.15;22.25,15.1;22.3,15.1;22.3,15.1;22.3,15.05;22.35,15.05;22.35,15.05;22.35,15.0;22.4,15.0;22.4,15.0;22.4,14.95;22.45,14.95;22.45,14.95;22.45,14.9;22.5,14.9;22.5,14.9;22.5,14.85;22.55,14.85;22.55,14.85;22.55,14.8;22.6,14.8;22.6,14.8;22.6,14.75;22.65,14.75;22.65,14.75;22.65,14.7;22.7,14.7;22.7,14.7;22.7,14.65;22.75,14.65;22.75,14.65;22.75,14.6;22.8,14.6;22.8,14.6;22.8,14.55;22.85,14.55;22.85,14.55;22.85,14.5;22.9,14.5;22.9,14.5;22.9,14.45;22.95,14.45;22.95,14.45;22.95,14.4;23.0,14.4;23.0,14.4;23.0,14.35;23.05,14.35;23.05,14.35;23.05,14.3;23.1,14.3;23.1,14.3;23.1,14.25;23.15,14.25;23.15,14.25;23.15,14.2;23.2,14.2;23.2,14.2;23.2,14.15;23.25,14.15;23.25,14.15;23.25,14.1;23.3,14.1;23.3,14.1;23.3,14.05;23.35,14.05;23.35,14.05;23.35,14.0;23.4,14.0;23.4,14.0;23.4,13.95;23.45,13.95;23.45,13.95;23.45,13.9;23.5,13.9;23.5,13.9;23.5,13.85;23.55,13.85;23.55,13.85;23.55,13.8;23.6,13.8;23.6,13.8;23.6,13.75;23.65,13.75;23.65,13.75;23.65,13.7;23.7,13.7;23.7,13.7;23.7,13.65;23.75,13.65;23.75,13.65;23.75,11.35;23.75,11.35;23.7,11.35;23.7,11.3;23.7,11.3;23.65,11.3;23.65,11.25;23.65,11.25;23.6,11.25;23.6,11.2;23.6,11.2;23.55,11.2;23.55,11.15;23.55,11.15;23.5,11.15;23.5,11.1;23.5,11.1;23.45,11.1;23.45,11.05;23.45,11.05;23.4,11.05;23.4,11.0;23.4,11.0;23.35,11.0;23.35,10.95;23.35,10.95;23.3,10.95;23.3,10.9;23.3,10.9;23.25,10.9;23.25,10.85;23.25,10.85;23.2,10.85;23.2,10.8;23.2,10.8;23.15,10.8;23.15,10.75;23.15,10.75;23.1,10.75;23.1,10.7;23.1,10.7;23.05,10.7;23.05,10.65;23.05,10.65;23.0,10.65;23.0,10.6;23.0,10.6;22.95,10.6;22.95,10.55;22.95,10.55;22.9,10.55;22.9,10.5;22.9,10.5;22.85,10.5;22.85,10.45;22.85,10.45;22.8,10.45;22.8,10.4;22.8,10.4;22.75,10.4;22.75,10.35;22.75,10.35;22.7,10.35;22.7,10.3;22.7,10.3;22.65,10.3;22.65,10.25;22.65,10.25;22.6,10.25;22.6,10.2;22.6,10.2;22.55,10.2;22.55,10.15;22.55,10.15;22.5,10.15;22.5,10.1;22.5,10.1;22.45,10.1;22.45,10.05;22.45,10.05;22.4,10.05;22.4,10.0;22.4,10.0;22.35,10.0;22.35,9.95;22.35,9.95;22.3,9.95;22.3,9.9;22.3,9.9;22.25,9.9;22.25,9.85;22.25,9.85;22.2,9.85;22.2,9.8;22.2,9.8;22.15,9.8;22.15,9.75;22.15,9.75;22.1,9.75;22.1,9.7;22.1,9.7;22.05,9.7;22.05,9.65;22.05,9.65;22.0,9.65;22.0,9.6;22.0,9.6;21.95,9.6;21.95,9.55;21.95,9.55;21.9,9.55;21.9,9.5;21.9,9.5;21.85,9.5;21.85,9.45;21.85,9.45;21.8,9.45;21.8,9.4;21.8,9.4;21.75,9.4;21.75,9.35;21.75,9.35;21.7,9.35;21.7,9.3;21.7,9.3;21.65,9.3;21.65,9.25;21.65,9.25;21.6,9.25;21.6,9.2;21.6,9.2;21.55,9.2;21.55,9.15;21.55,9.15;21.5,9.15;21.5,9.1;21.5,9.1;21.45,9.1;21.45,9.05;21.45,9.05;21.4,9.05;21.4,9.0;21.4,9.0;21.35,9.0;21.35,8.95;21.35,8.95;21.3,8.95;21.3,8.9;21.3,8.9;21.25,8.9;21.25,8.9",TRANSFERIDO
L4,L4_P_RB_c2_r1,L4_P_RB_c2_r1_T312,BEAM,L4_BD_V60_18,L4_BD_V60_18,2184.0,11.875,6.22935,73.973531,"23.75,13.65;23.75,13.65;23.8,13.65;23.8,13.7;23.8,13.7;23.85,13.7;23.85,13.75;23.85,13.75;23.9,13.75;23.9,13.8;23.9,13.8;23.95,13.8;23.95,13.85;23.95,13.85;24.0,13.85;24.0,13.9;24.0,13.9;24.05,13.9;24.05,13.95;24.05,13.95;24.1,13.95;24.1,14.0;24.1,14.0;24.15,14.0;24.15,14.05;24.15,14.05;24.2,14.05;24.2,14.1;24.2,14.1;24.25,14.1;24.25,14.15;24.25,14.15;24.3,14.15;24.3,14.2;24.3,14.2;24.35,14.2;24.35,14.25;24.35,14.25;24.4,14.25;24.4,14.3;24.4,14.3;24.45,14.3;24.45,14.35;24.45,14.35;24.5,14.35;24.5,14.4;24.5,14.4;24.55,14.4;24.55,14.45;24.55,14.45;24.6,14.45;24.6,14.5;24.6,14.5;24.65,14.5;24.65,14.55;24.65,14.55;24.7,14.55;24.7,14.6;24.7,14.6;24.75,14.6;24.75,14.65;24.75,14.65;24.8,14.65;24.8,14.7;24.8,14.7;24.85,14.7;24.85,14.75;24.85,14.75;24.9,14.75;24.9,14.8;24.9,14.8;24.95,14.8;24.95,14.85;24.95,14.85;25.0,14.85;25.0,14.9;25.0,14.9;25.05,14.9;25.05,14.95;25.05,14.95;25.1,14.95;25.1,15.0;25.1,15.0;25.15,15.0;25.15,15.05;25.15,15.05;25.2,15.05;25.2,15.1;25.2,15.1;25.25,15.1;25.25,15.15;25.25,15.15;25.3,15.15;25.3,15.2;25.3,15.2;25.35,15.2;25.35,15.25;25.35,15.25;25.4,15.25;25.4,15.3;25.4,15.3;25.45,15.3;25.45,15.35;25.45,15.35;25.5,15.35;25.5,15.4;25.5,15.4;25.55,15.4;25.55,15.45;25.55,15.45;25.6,15.45;25.6,15.5;25.6,15.5;25.65,15.5;25.65,15.55;25.65,15.55;25.7,15.55;25.7,15.6;25.7,15.6;25.75,15.6;25.75,15.65;25.75,15.65;25.8,15.65;25.8,15.7;25.8,15.7;25.85,15.7;25.85,15.75;25.85,15.75;25.9,15.75;25.9,15.8;25.9,15.8;25.95,15.8;25.95,15.85;25.95,15.85;26.0,15.85;26.0,15.9;26.0,15.9;26.05,15.9;26.05,15.95;26.05,15.95;26.1,15.95;26.1,16.0;26.1,16.0;26.15,16.0;26.15,16.05;26.15,16.05;26.2,16.05;26.2,16.1;26.2,16.1;26.25,16.1;26.25,16.1;26.25,16.05;26.25,16.0;26.25,8.9;26.25,8.9;26.2,8.9;26.2,8.9;26.2,8.95;26.15,8.95;26.15,8.95;26.15,9.0;26.1,9.0;26.1,9.0;26.1,9.05;26.05,9.05;26.05,9.05;26.05,9.1;26.0,9.1;26.0,9.1;26.0,9.15;25.95,9.15;25.95,9.15;25.95,9.2;25.9,9.2;25.9,9.2;25.9,9.25;25.85,9.25;25.85,9.25;25.85,9.3;25.8,9.3;25.8,9.3;25.8,9.35;25.75,9.35;25.75,9.35;25.75,9.4;25.7,9.4;25.7,9.4;25.7,9.45;25.65,9.45;25.65,9.45;25.65,9.5;25.6,9.5;25.6,9.5;25.6,9.55;25.55,9.55;25.55,9.55;25.55,9.6;25.5,9.6;25.5,9.6;25.5,9.65;25.45,9.65;25.45,9.65;25.45,9.7;25.4,9.7;25.4,9.7;25.4,9.75;25.35,9.75;25.35,9.75;25.35,9.8;25.3,9.8;25.3,9.8;25.3,9.85;25.25,9.85;25.25,9.85;25.25,9.9;25.2,9.9;25.2,9.9;25.2,9.95;25.15,9.95;25.15,9.95;25.15,10.0;25.1,10.0;25.1,10.0;25.1,10.05;25.05,10.05;25.05,10.05;25.05,10.1;25.0,10.1;25.0,10.1;25.0,10.15;24.95,10.15;24.95,10.15;24.95,10.2;24.9,10.2;24.9,10.2;24.9,10.25;24.85,10.25;24.85,10.25;24.85,10.3;24.8,10.3;24.8,10.3;24.8,10.35;24.75,10.35;24.75,10.35;24.75,10.4;24.7,10.4;24.7,10.4;24.7,10.45;24.65,10.45;24.65,10.45;24.65,10.5;24.6,10.5;24.6,10.5;24.6,10.55;24.55,10.55;24.55,10.55;24.55,10.6;24.5,10.6;24.5,10.6;24.5,10.65;24.45,10.65;24.45,10.65;24.45,10.7;24.4,10.7;24.4,10.7;24.4,10.75;24.35,10.75;24.35,10.75;24.35,10.8;24.3,10.8;24.3,10.8;24.3,10.85;24.25,10.85;24.25,10.85;24.25,10.9;24.2,10.9;24.2,10.9;24.2,10.95;24.15,10.95;24.15,10.95;24.15,11.0;24.1,11.0;24.1,11.0;24.1,11.05;24.05,11.05;24.05,11.05;24.05,11.1;24.0,11.1;24.0,11.1;24.0,11.15;23.95,11.15;23.95,11.15;23.95,11.2;23.9,11.2;23.9,11.2;23.9,11.25;23.85,11.25;23.85,11.25;23.85,11.3;23.8,11.3;23.8,11.3;23.8,11.35;23.75,11.35;23.75,11.35",TRANSFERIDO
L4,L4_P_RB_c3_r0,L4_P_RB_c3_r0_T313,BEAM,L4_BD_V60_04,L4_BD_V60_04,2170.0,6.247973,6.22935,38.920811,"26.35,-0.0;26.3,-0.0;26.3,0.0;26.3,0.05;26.3,0.05;26.35,0.05;26.35,0.1;26.35,0.1;26.4,0.1;26.4,0.2;26.4,0.2;26.45,0.2;26.45,0.25;26.45,0.25;26.5,0.25;26.5,0.3;26.5,0.3;26.55,0.3;26.55,0.35;26.55,0.35;26.6,0.35;26.6,0.4;26.6,0.4;26.65,0.4;26.65,0.45;26.65,0.45;26.7,0.45;26.7,0.5;26.7,0.5;26.75,0.5;26.75,0.55;26.75,0.55;26.8,0.55;26.8,0.6;26.8,0.6;26.85,0.6;26.85,0.65;26.85,0.65;26.9,0.65;26.9,0.7;26.9,0.7;26.95,0.7;26.95,0.75;26.95,0.75;27.0,0.75;27.0,0.8;27.0,0.8;27.05,0.8;27.05,0.85;27.05,0.85;27.1,0.85;27.1,0.9;27.1,0.9;27.15,0.9;27.15,0.95;27.15,0.95;27.2,0.95;27.2,1.0;27.2,1.0;27.25,1.0;27.25,1.05;27.25,1.05;27.3,1.05;27.3,1.1;27.3,1.1;27.35,1.1;27.35,1.15;27.35,1.15;27.4,1.15;27.4,1.2;27.4,1.2;27.45,1.2;27.45,1.25;27.45,1.25;27.5,1.25;27.5,1.3;27.5,1.3;27.55,1.3;27.55,1.35;27.55,1.35;27.6,1.35;27.6,1.4;27.6,1.4;27.65,1.4;27.65,1.45;27.65,1.45;27.7,1.45;27.7,1.5;27.7,1.5;27.75,1.5;27.75,1.55;27.75,1.55;27.8,1.55;27.8,1.6;27.8,1.6;27.85,1.6;27.85,1.65;27.85,1.65;27.9,1.65;27.9,1.7;27.9,1.7;27.95,1.7;27.95,1.75;27.95,1.75;28.0,1.75;28.0,1.8;28.0,1.8;28.05,1.8;28.05,1.85;28.05,1.85;28.1,1.85;28.1,1.9;28.1,1.9;28.15,1.9;28.15,1.95;28.15,1.95;28.2,1.95;28.2,2.0;28.2,2.0;28.25,2.0;28.25,2.05;28.25,2.05;28.3,2.05;28.3,2.1;28.3,2.1;28.35,2.1;28.35,2.15;28.35,2.15;28.4,2.15;28.4,2.2;28.4,2.2;28.45,2.2;28.45,2.25;28.45,2.25;28.5,2.25;28.5,2.3;28.5,2.3;28.55,2.3;28.55,2.35;28.55,2.35;28.6,2.35;28.6,2.4;28.6,2.4;28.65,2.4;28.65,2.45;28.65,2.45;28.7,2.45;28.7,2.5;28.7,2.5;28.75,2.5;28.75,2.5;28.75,2.45;28.8,2.45;28.8,2.45;28.8,2.4;28.85,2.4;28.85,2.4;28.85,2.35;28.9,2.35;28.9,2.35;28.9,2.3;28.95,2.3;28.95,2.3;28.95,2.25;29.0,2.25;29.0,2.25;29.0,2.2;29.05,2.2;29.05,2.2;29.05,2.15;29.1,2.15;29.1,2.15;29.1,2.1;29.15,2.1;29.15,2.1;29.15,2.05;29.2,2.05;29.2,2.05;29.2,2.0;29.25,2.0;29.25,2.0;29.25,1.95;29.3,1.95;29.3,1.95;29.3,1.9;29.35,1.9;29.35,1.9;29.35,1.85;29.4,1.85;29.4,1.85;29.4,1.8;29.45,1.8;29.45,1.8;29.45,1.75;29.5,1.75;29.5,1.75;29.5,1.7;29.55,1.7;29.55,1.7;29.55,1.65;29.6,1.65;29.6,1.65;29.6,1.6;29.65,1.6;29.65,1.6;29.65,1.55;29.7,1.55;29.7,1.55;29.7,1.5;29.75,1.5;29.75,1.5;29.75,1.45;29.8,1.45;29.8,1.45;29.8,1.4;29.85,1.4;29.85,1.4;29.85,1.35;29.9,1.35;29.9,1.35;29.9,1.3;29.95,1.3;29.95,1.3;29.95,1.25;30.0,1.25;30.0,1.25;30.0,1.2;30.05,1.2;30.05,1.2;30.05,1.15;30.1,1.15;30.1,1.15;30.1,1.1;30.15,1.1;30.15,1.1;30.15,1.05;30.2,1.05;30.2,1.05;30.2,1.0;30.25,1.0;30.25,1.0;30.25,0.95;30.3,0.95;30.3,0.95;30.3,0.9;30.35,0.9;30.35,0.9;30.35,0.85;30.4,0.85;30.4,0.85;30.4,0.8;30.45,0.8;30.45,0.8;30.45,0.75;30.5,0.75;30.5,0.75;30.5,0.7;30.55,0.7;30.55,0.7;30.55,0.65;30.6,0.65;30.6,0.65;30.6,0.6;30.65,0.6;30.65,0.6;30.65,0.55;30.7,0.55;30.7,0.55;30.7,0.5;30.75,0.5;30.75,0.5;30.75,0.45;30.8,0.45;30.8,0.45;30.8,0.4;30.85,0.4;30.85,0.4;30.85,0.35;30.9,0.35;30.9,0.35;30.9,0.3;30.95,0.3;30.95,0.3;30.95,0.25;31.0,0.25;31.0,0.25;31.0,0.2;31.05,0.2;31.05,0.2;31.05,0.15;31.1,0.15;31.1,0.15;31.1,0.1;31.15,0.1;31.15,0.1;31.15,0.05;31.2,0.05;31.2,0.05;31.2,0.0;31.2,-0.0;31.15,-0.0;31.1,-0.0;31.05,-0.0;31.0,-0.0;30.95,-0.0;30.9,-0.0;30.85,-0.0;30.8,-0.0;30.75,-0.0;30.7,-0.0;30.65,-0.0;30.6,-0.0;30.55,-0.0;30.5,-0.0;30.45,-0.0;30.4,-0.0;30.35,-0.0;30.3,-0.0;30.25,-0.0;30.2,-0.0;30.15,-0.0;30.1,-0.0;30.05,-0.0;30.0,-0.0;29.95,-0.0;29.9,-0.0;29.85,-0.0;29.8,-0.0;29.75,-0.0;29.7,-0.0;29.65,-0.0;29.6,-0.0;29.55,-0.0;29.5,-0.0;29.45,-0.0;29.4,-0.0;29.35,-0.0;29.3,-0.0;29.25,-0.0;29.2,-0.0;29.15,-0.0;29.1,-0.0;29.05,-0.0;29.0,-0.0;28.95,-0.0;28.9,-0.0;28.85,-0.0;28.8,-0.0;28.75,-0.0;28.7,-0.0;28.65,-0.0;28.6,-0.0;28.55,-0.0;28.5,-0.0;28.45,-0.0;28.4,-0.0;28.35,-0.0;28.3,-0.0;28.25,-0.0;28.2,-0.0;28.15,-0.0;28.1,-0.0;28.05,-0.0;28.0,-0.0;27.95,-0.0;27.9,-0.0;27.85,-0.0;27.8,-0.0;27.75,-0.0;27.7,-0.0;27.65,-0.0;27.6,-0.0;27.55,-0.0;27.5,-0.0;27.45,-0.0;27.4,-0.0;27.35,-0.0;27.3,-0.0;27.25,-0.0;27.2,-0.0;27.15,-0.0;27.1,-0.0;27.05,-0.0;27.0,-0.0;26.95,-0.0;26.9,-0.0;26.85,-0.0;26.8,-0.0;26.75,-0.0;26.7,-0.0;26.65,-0.0;26.6,-0.0;26.55,-0.0;26.5,-0.0;26.45,-0.0;26.4,-0.0;26.35,-0.0",TRANSFERIDO
L4,L4_P_RB_c3_r0,L4_P_RB_c3_r0_T314,BEAM,L4_BD_V60_08,L4_BD_V60_08,2174.0,6.25548,6.22935,38.967572,"26.3,8.85;26.25,8.85;26.25,8.85;26.25,8.9;26.25,8.9;26.3,8.9;26.35,8.9;26.4,8.9;26.45,8.9;26.5,8.9;26.55,8.9;26.6,8.9;26.65,8.9;26.7,8.9;26.75,8.9;26.8,8.9;26.85,8.9;26.9,8.9;26.95,8.9;27.0,8.9;27.05,8.9;27.1,8.9;27.15,8.9;27.2,8.9;27.25,8.9;27.3,8.9;27.35,8.9;27.4,8.9;27.45,8.9;27.5,8.9;27.55,8.9;27.6,8.9;27.65,8.9;27.7,8.9;27.75,8.9;27.8,8.9;27.85,8.9;27.9,8.9;27.95,8.9;28.0,8.9;28.05,8.9;28.1,8.9;28.15,8.9;28.2,8.9;28.25,8.9;28.3,8.9;28.35,8.9;28.4,8.9;28.45,8.9;28.5,8.9;28.55,8.9;28.6,8.9;28.65,8.9;28.7,8.9;28.75,8.9;28.8,8.9;28.85,8.9;28.9,8.9;28.95,8.9;29.0,8.9;29.05,8.9;29.1,8.9;29.15,8.9;29.2,8.9;29.25,8.9;29.3,8.9;29.35,8.9;29.4,8.9;29.45,8.9;29.5,8.9;29.55,8.9;29.6,8.9;29.65,8.9;29.7,8.9;29.75,8.9;29.8,8.9;29.85,8.9;29.9,8.9;29.95,8.9;30.0,8.9;30.05,8.9;30.1,8.9;30.15,8.9;30.2,8.9;30.25,8.9;30.3,8.9;30.35,8.9;30.4,8.9;30.45,8.9;30.5,8.9;30.55,8.9;30.6,8.9;30.65,8.9;30.7,8.9;30.75,8.9;30.8,8.9;30.85,8.9;30.9,8.9;30.95,8.9;31.0,8.9;31.05,8.9;31.1,8.9;31.15,8.9;31.2,8.9;31.2,8.9;31.2,8.85;31.2,8.85;31.15,8.85;31.15,8.8;31.15,8.8;31.1,8.8;31.1,8.75;31.1,8.75;31.05,8.75;31.05,8.7;31.05,8.7;31.0,8.7;31.0,8.65;31.0,8.65;30.95,8.65;30.95,8.6;30.95,8.6;30.9,8.6;30.9,8.55;30.9,8.55;30.85,8.55;30.85,8.5;30.85,8.5;30.8,8.5;30.8,8.45;30.8,8.45;30.75,8.45;30.75,8.4;30.75,8.4;30.7,8.4;30.7,8.35;30.7,8.35;30.65,8.35;30.65,8.3;30.65,8.3;30.6,8.3;30.6,8.25;30.6,8.25;30.55,8.25;30.55,8.2;30.55,8.2;30.5,8.2;30.5,8.15;30.5,8.15;30.45,8.15;30.45,8.1;30.45,8.1;30.4,8.1;30.4,8.05;30.4,8.05;30.35,8.05;30.35,8.0;30.35,8.0;30.3,8.0;30.3,7.95;30.3,7.95;30.25,7.95;30.25,7.9;30.25,7.9;30.2,7.9;30.2,7.85;30.2,7.85;30.15,7.85;30.15,7.8;30.15,7.8;30.1,7.8;30.1,7.75;30.1,7.75;30.05,7.75;30.05,7.7;30.05,7.7;30.0,7.7;30.0,7.65;30.0,7.65;29.95,7.65;29.95,7.6;29.95,7.6;29.9,7.6;29.9,7.55;29.9,7.55;29.85,7.55;29.85,7.5;29.85,7.5;29.8,7.5;29.8,7.45;29.8,7.45;29.75,7.45;29.75,7.4;29.75,7.4;29.7,7.4;29.7,7.35;29.7,7.35;29.65,7.35;29.65,7.3;29.65,7.3;29.6,7.3;29.6,7.25;29.6,7.25;29.55,7.25;29.55,7.2;29.55,7.2;29.5,7.2;29.5,7.15;29.5,7.15;29.45,7.15;29.45,7.1;29.45,7.1;29.4,7.1;29.4,7.05;29.4,7.05;29.35,7.05;29.35,7.0;29.35,7.0;29.3,7.0;29.3,6.95;29.3,6.95;29.25,6.95;29.25,6.9;29.25,6.9;29.2,6.9;29.2,6.85;29.2,6.85;29.15,6.85;29.15,6.8;29.15,6.8;29.1,6.8;29.1,6.75;29.1,6.75;29.05,6.75;29.05,6.7;29.05,6.7;29.0,6.7;29.0,6.65;29.0,6.65;28.95,6.65;28.95,6.6;28.95,6.6;28.9,6.6;28.9,6.55;28.9,6.55;28.85,6.55;28.85,6.5;28.85,6.5;28.8,6.5;28.8,6.45;28.8,6.45;28.75,6.45;28.75,6.4;28.75,6.4;28.7,6.4;28.7,6.4;28.7,6.45;28.65,6.45;28.65,6.45;28.65,6.5;28.6,6.5;28.6,6.5;28.6,6.55;28.55,6.55;28.55,6.55;28.55,6.6;28.5,6.6;28.5,6.6;28.5,6.65;28.45,6.65;28.45,6.65;28.45,6.7;28.4,6.7;28.4,6.7;28.4,6.75;28.35,6.75;28.35,6.75;28.35,6.8;28.3,6.8;28.3,6.8;28.3,6.85;28.25,6.85;28.25,6.85;28.25,6.9;28.2,6.9;28.2,6.9;28.2,6.95;28.15,6.95;28.15,6.95;28.15,7.0;28.1,7.0;28.1,7.0;28.1,7.05;28.05,7.05;28.05,7.05;28.05,7.1;28.0,7.1;28.0,7.1;28.0,7.15;27.95,7.15;27.95,7.15;27.95,7.2;27.9,7.2;27.9,7.2;27.9,7.25;27.85,7.25;27.85,7.25;27.85,7.3;27.8,7.3;27.8,7.3;27.8,7.35;27.75,7.35;27.75,7.35;27.75,7.4;27.7,7.4;27.7,7.4;27.7,7.45;27.65,7.45;27.65,7.45;27.65,7.5;27.6,7.5;27.6,7.5;27.6,7.55;27.55,7.55;27.55,7.55;27.55,7.6;27.5,7.6;27.5,7.6;27.5,7.65;27.45,7.65;27.45,7.65;27.45,7.7;27.4,7.7;27.4,7.7;27.4,7.75;27.35,7.75;27.35,7.75;27.35,7.8;27.3,7.8;27.3,7.8;27.3,7.85;27.25,7.85;27.25,7.85;27.25,7.9;27.2,7.9;27.2,7.9;27.2,7.95;27.15,7.95;27.15,7.95;27.15,8.0;27.1,8.0;27.1,8.0;27.1,8.05;27.05,8.05;27.05,8.05;27.05,8.1;27.0,8.1;27.0,8.1;27.0,8.15;26.95,8.15;26.95,8.15;26.95,8.2;26.9,8.2;26.9,8.2;26.9,8.25;26.85,8.25;26.85,8.25;26.85,8.3;26.8,8.3;26.8,8.3;26.8,8.35;26.75,8.35;26.75,8.35;26.75,8.4;26.7,8.4;26.7,8.4;26.7,8.45;26.65,8.45;26.65,8.45;26.65,8.5;26.6,8.5;26.6,8.5;26.6,8.55;26.55,8.55;26.55,8.55;26.55,8.6;26.5,8.6;26.5,8.6;26.5,8.65;26.45,8.65;26.45,8.65;26.45,8.7;26.4,8.7;26.4,8.7;26.4,8.75;26.35,8.75;26.35,8.75;26.35,8.8;26.3,8.8;26.3,8.8",TRANSFERIDO
L4,L4_P_RB_c3_r0,L4_P_RB_c3_r0_T315,BEAM,L4_BD_V60_17,L4_BD_V60_17,2183.0,14.18993,6.22935,88.394039,"26.25,0.05;26.25,0.1;26.25,0.2;26.25,1.05;26.25,1.1;26.25,1.2;26.25,1.25;26.25,1.3;26.25,1.35;26.25,1.4;26.25,1.5;26.25,1.55;26.25,1.6;26.25,1.65;26.25,1.7;26.25,1.75;26.25,1.85;26.25,1.9;26.25,1.95;26.25,2.1;26.25,2.2;26.25,2.35;26.25,2.45;26.25,2.55;26.25,2.7;26.25,2.8;26.25,2.95;26.25,3.05;26.25,3.15;26.25,3.3;26.25,3.4;26.25,3.5;26.25,3.65;26.25,3.75;26.25,3.9;26.25,8.85;26.25,8.85;26.3,8.85;26.3,8.85;26.3,8.8;26.35,8.8;26.35,8.8;26.35,8.75;26.4,8.75;26.4,8.75;26.4,8.7;26.45,8.7;26.45,8.7;26.45,8.65;26.5,8.65;26.5,8.65;26.5,8.6;26.55,8.6;26.55,8.6;26.55,8.55;26.6,8.55;26.6,8.55;26.6,8.5;26.65,8.5;26.65,8.5;26.65,8.45;26.7,8.45;26.7,8.45;26.7,8.4;26.75,8.4;26.75,8.4;26.75,8.35;26.8,8.35;26.8,8.35;26.8,8.3;26.85,8.3;26.85,8.3;26.85,8.25;26.9,8.25;26.9,8.25;26.9,8.2;26.95,8.2;26.95,8.2;26.95,8.15;27.0,8.15;27.0,8.15;27.0,8.1;27.05,8.1;27.05,8.1;27.05,8.05;27.1,8.05;27.1,8.05;27.1,8.0;27.15,8.0;27.15,8.0;27.15,7.95;27.2,7.95;27.2,7.95;27.2,7.9;27.25,7.9;27.25,7.9;27.25,7.85;27.3,7.85;27.3,7.85;27.3,7.8;27.35,7.8;27.35,7.8;27.35,7.75;27.4,7.75;27.4,7.75;27.4,7.7;27.45,7.7;27.45,7.7;27.45,7.65;27.5,7.65;27.5,7.65;27.5,7.6;27.55,7.6;27.55,7.6;27.55,7.55;27.6,7.55;27.6,7.55;27.6,7.5;27.65,7.5;27.65,7.5;27.65,7.45;27.7,7.45;27.7,7.45;27.7,7.4;27.75,7.4;27.75,7.4;27.75,7.35;27.8,7.35;27.8,7.35;27.8,7.3;27.85,7.3;27.85,7.3;27.85,7.25;27.9,7.25;27.9,7.25;27.9,7.2;27.95,7.2;27.95,7.2;27.95,7.15;28.0,7.15;28.0,7.15;28.0,7.1;28.05,7.1;28.05,7.1;28.05,7.05;28.1,7.05;28.1,7.05;28.1,7.0;28.15,7.0;28.15,7.0;28.15,6.95;28.2,6.95;28.2,6.95;28.2,6.9;28.25,6.9;28.25,6.9;28.25,6.85;28.3,6.85;28.3,6.85;28.3,6.8;28.35,6.8;28.35,6.8;28.35,6.75;28.4,6.75;28.4,6.75;28.4,6.7;28.45,6.7;28.45,6.7;28.45,6.65;28.5,6.65;28.5,6.65;28.5,6.6;28.55,6.6;28.55,6.6;28.55,6.55;28.6,6.55;28.6,6.55;28.6,6.5;28.65,6.5;28.65,6.5;28.65,6.45;28.7,6.45;28.7,6.45;28.7,6.4;28.75,6.4;28.75,6.4;28.75,6.3;28.75,6.3;28.7,6.3;28.65,6.3;28.6,6.3;28.55,6.3;28.5,6.3;28.45,6.3;28.4,6.3;28.35,6.3;28.3,6.3;28.25,6.3;28.2,6.3;28.2,3.9;28.2,3.75;28.2,3.65;28.2,3.5;28.2,3.4;28.2,3.3;28.2,3.2;28.25,3.2;28.3,3.2;28.35,3.2;28.4,3.2;28.45,3.2;28.5,3.2;28.55,3.2;28.6,3.2;28.65,3.2;28.7,3.2;28.75,3.2;28.75,3.2;28.75,3.15;28.75,3.05;28.75,2.95;28.75,2.8;28.75,2.7;28.75,2.55;28.75,2.5;28.75,2.5;28.7,2.5;28.7,2.45;28.7,2.45;28.65,2.45;28.65,2.4;28.65,2.4;28.6,2.4;28.6,2.35;28.6,2.35;28.55,2.35;28.55,2.3;28.55,2.3;28.5,2.3;28.5,2.25;28.5,2.25;28.45,2.25;28.45,2.2;28.45,2.2;28.4,2.2;28.4,2.15;28.4,2.15;28.35,2.15;28.35,2.1;28.35,2.1;28.3,2.1;28.3,2.05;28.3,2.05;28.25,2.05;28.25,2.0;28.25,2.0;28.2,2.0;28.2,1.95;28.2,1.95;28.15,1.95;28.15,1.9;28.15,1.9;28.1,1.9;28.1,1.85;28.1,1.85;28.05,1.85;28.05,1.8;28.05,1.8;28.0,1.8;28.0,1.75;28.0,1.75;27.95,1.75;27.95,1.7;27.95,1.7;27.9,1.7;27.9,1.65;27.9,1.65;27.85,1.65;27.85,1.6;27.85,1.6;27.8,1.6;27.8,1.55;27.8,1.55;27.75,1.55;27.75,1.5;27.75,1.5;27.7,1.5;27.7,1.45;27.7,1.45;27.65,1.45;27.65,1.4;27.65,1.4;27.6,1.4;27.6,1.35;27.6,1.35;27.55,1.35;27.55,1.3;27.55,1.3;27.5,1.3;27.5,1.25;27.5,1.25;27.45,1.25;27.45,1.2;27.45,1.2;27.4,1.2;27.4,1.15;27.4,1.15;27.35,1.15;27.35,1.1;27.35,1.1;27.3,1.1;27.3,1.05;27.3,1.05;27.25,1.05;27.25,1.0;27.25,1.0;27.2,1.0;27.2,0.95;27.2,0.95;27.15,0.95;27.15,0.9;27.15,0.9;27.1,0.9;27.1,0.85;27.1,0.85;27.05,0.85;27.05,0.8;27.05,0.8;27.0,0.8;27.0,0.75;27.0,0.75;26.95,0.75;26.95,0.7;26.95,0.7;26.9,0.7;26.9,0.65;26.9,0.65;26.85,0.65;26.85,0.6;26.85,0.6;26.8,0.6;26.8,0.55;26.8,0.55;26.75,0.55;26.75,0.5;26.75,0.5;26.7,0.5;26.7,0.45;26.7,0.45;26.65,0.45;26.65,0.4;26.65,0.4;26.6,0.4;26.6,0.35;26.6,0.35;26.55,0.35;26.55,0.3;26.55,0.3;26.5,0.3;26.5,0.25;26.5,0.25;26.45,0.25;26.45,0.2;26.45,0.2;26.4,0.2;26.4,0.1;26.4,0.1;26.35,0.1;26.35,0.05;26.35,0.05;26.3,0.05;26.3,0.0;26.3,-0.0;26.25,-0.0;26.25,0.0",TRANSFERIDO
L4,L4_P_RB_c3_r0,L4_P_RB_c3_r0_T316,WALL,M005..M008,,,8.382343,6.22935,52.216546,"28.75,2.55;28.75,2.7;28.75,2.8;28.75,2.95;28.75,3.05;28.75,3.15;28.75,3.2;28.75,3.2;28.8,3.2;28.85,3.2;28.9,3.2;28.95,3.2;29.0,3.2;29.05,3.2;29.1,3.2;29.15,3.2;29.2,3.2;29.25,3.2;29.3,3.2;29.35,3.2;29.4,3.2;29.45,3.2;29.5,3.2;29.55,3.2;29.6,3.2;29.65,3.2;29.7,3.2;29.75,3.2;29.8,3.2;29.85,3.2;29.9,3.2;29.95,3.2;30.0,3.2;30.05,3.2;30.1,3.2;30.15,3.2;30.2,3.2;30.25,3.2;30.3,3.2;30.35,3.2;30.4,3.2;30.45,3.2;30.5,3.2;30.55,3.2;30.6,3.2;30.65,3.2;30.7,3.2;30.75,3.2;30.8,3.2;30.85,3.2;30.9,3.2;30.95,3.2;31.0,3.2;31.05,3.2;31.1,3.2;31.15,3.2;31.2,3.2;31.25,3.2;31.25,3.2;31.25,3.15;31.25,3.05;31.25,2.95;31.25,2.8;31.25,2.7;31.25,2.55;31.25,2.45;31.25,2.35;31.25,2.2;31.25,2.1;31.25,1.95;31.25,1.9;31.25,1.85;31.25,1.75;31.25,1.7;31.25,1.65;31.25,1.6;31.25,1.55;31.25,1.5;31.25,1.4;31.25,1.35;31.25,1.3;31.25,1.25;31.25,1.2;31.25,1.1;31.25,1.05;31.25,0.2;31.25,0.1;31.25,0.05;31.25,0.0;31.25,-0.0;31.2,-0.0;31.2,0.0;31.2,0.05;31.15,0.05;31.15,0.05;31.15,0.1;31.1,0.1;31.1,0.1;31.1,0.15;31.05,0.15;31.05,0.15;31.05,0.2;31.0,0.2;31.0,0.2;31.0,0.25;30.95,0.25;30.95,0.25;30.95,0.3;30.9,0.3;30.9,0.3;30.9,0.35;30.85,0.35;30.85,0.35;30.85,0.4;30.8,0.4;30.8,0.4;30.8,0.45;30.75,0.45;30.75,0.45;30.75,0.5;30.7,0.5;30.7,0.5;30.7,0.55;30.65,0.55;30.65,0.55;30.65,0.6;30.6,0.6;30.6,0.6;30.6,0.65;30.55,0.65;30.55,0.65;30.55,0.7;30.5,0.7;30.5,0.7;30.5,0.75;30.45,0.75;30.45,0.75;30.45,0.8;30.4,0.8;30.4,0.8;30.4,0.85;30.35,0.85;30.35,0.85;30.35,0.9;30.3,0.9;30.3,0.9;30.3,0.95;30.25,0.95;30.25,0.95;30.25,1.0;30.2,1.0;30.2,1.0;30.2,1.05;30.15,1.05;30.15,1.05;30.15,1.1;30.1,1.1;30.1,1.1;30.1,1.15;30.05,1.15;30.05,1.15;30.05,1.2;30.0,1.2;30.0,1.2;30.0,1.25;29.95,1.25;29.95,1.25;29.95,1.3;29.9,1.3;29.9,1.3;29.9,1.35;29.85,1.35;29.85,1.35;29.85,1.4;29.8,1.4;29.8,1.4;29.8,1.45;29.75,1.45;29.75,1.45;29.75,1.5;29.7,1.5;29.7,1.5;29.7,1.55;29.65,1.55;29.65,1.55;29.65,1.6;29.6,1.6;29.6,1.6;29.6,1.65;29.55,1.65;29.55,1.65;29.55,1.7;29.5,1.7;29.5,1.7;29.5,1.75;29.45,1.75;29.45,1.75;29.45,1.8;29.4,1.8;29.4,1.8;29.4,1.85;29.35,1.85;29.35,1.85;29.35,1.9;29.3,1.9;29.3,1.9;29.3,1.95;29.25,1.95;29.25,1.95;29.25,2.0;29.2,2.0;29.2,2.0;29.2,2.05;29.15,2.05;29.15,2.05;29.15,2.1;29.1,2.1;29.1,2.1;29.1,2.15;29.05,2.15;29.05,2.15;29.05,2.2;29.0,2.2;29.0,2.2;29.0,2.25;28.95,2.25;28.95,2.25;28.95,2.3;28.9,2.3;28.9,2.3;28.9,2.35;28.85,2.35;28.85,2.35;28.85,2.4;28.8,2.4;28.8,2.4;28.8,2.45;28.75,2.45;28.75,2.45;28.75,2.55|28.8,6.45;28.8,6.5;28.8,6.5;28.85,6.5;28.85,6.55;28.85,6.55;28.9,6.55;28.9,6.6;28.9,6.6;28.95,6.6;28.95,6.65;28.95,6.65;29.0,6.65;29.0,6.7;29.0,6.7;29.05,6.7;29.05,6.75;29.05,6.75;29.1,6.75;29.1,6.8;29.1,6.8;29.15,6.8;29.15,6.85;29.15,6.85;29.2,6.85;29.2,6.9;29.2,6.9;29.25,6.9;29.25,6.95;29.25,6.95;29.3,6.95;29.3,7.0;29.3,7.0;29.35,7.0;29.35,7.05;29.35,7.05;29.4,7.05;29.4,7.1;29.4,7.1;29.45,7.1;29.45,7.15;29.45,7.15;29.5,7.15;29.5,7.2;29.5,7.2;29.55,7.2;29.55,7.25;29.55,7.25;29.6,7.25;29.6,7.3;29.6,7.3;29.65,7.3;29.65,7.35;29.65,7.35;29.7,7.35;29.7,7.4;29.7,7.4;29.75,7.4;29.75,7.45;29.75,7.45;29.8,7.45;29.8,7.5;29.8,7.5;29.85,7.5;29.85,7.55;29.85,7.55;29.9,7.55;29.9,7.6;29.9,7.6;29.95,7.6;29.95,7.65;29.95,7.65;30.0,7.65;30.0,7.7;30.0,7.7;30.05,7.7;30.05,7.75;30.05,7.75;30.1,7.75;30.1,7.8;30.1,7.8;30.15,7.8;30.15,7.85;30.15,7.85;30.2,7.85;30.2,7.9;30.2,7.9;30.25,7.9;30.25,7.95;30.25,7.95;30.3,7.95;30.3,8.0;30.3,8.0;30.35,8.0;30.35,8.05;30.35,8.05;30.4,8.05;30.4,8.1;30.4,8.1;30.45,8.1;30.45,8.15;30.45,8.15;30.5,8.15;30.5,8.2;30.5,8.2;30.55,8.2;30.55,8.25;30.55,8.25;30.6,8.25;30.6,8.3;30.6,8.3;30.65,8.3;30.65,8.35;30.65,8.35;30.7,8.35;30.7,8.4;30.7,8.4;30.75,8.4;30.75,8.45;30.75,8.45;30.8,8.45;30.8,8.5;30.8,8.5;30.85,8.5;30.85,8.55;30.85,8.55;30.9,8.55;30.9,8.6;30.9,8.6;30.95,8.6;30.95,8.65;30.95,8.65;31.0,8.65;31.0,8.7;31.0,8.7;31.05,8.7;31.05,8.75;31.05,8.75;31.1,8.75;31.1,8.8;31.1,8.8;31.15,8.8;31.15,8.85;31.15,8.85;31.2,8.85;31.2,8.9;31.2,8.9;31.25,8.9;31.25,8.9;31.25,6.3;31.25,6.3;31.2,6.3;31.15,6.3;31.1,6.3;31.05,6.3;31.0,6.3;30.95,6.3;30.9,6.3;30.85,6.3;30.8,6.3;30.75,6.3;30.7,6.3;30.65,6.3;30.6,6.3;30.55,6.3;30.5,6.3;30.45,6.3;30.4,6.3;30.35,6.3;30.3,6.3;30.25,6.3;30.2,6.3;30.15,6.3;30.1,6.3;30.05,6.3;30.0,6.3;29.95,6.3;29.9,6.3;29.85,6.3;29.8,6.3;29.75,6.3;29.7,6.3;29.65,6.3;29.6,6.3;29.55,6.3;29.5,6.3;29.45,6.3;29.4,6.3;29.35,6.3;29.3,6.3;29.25,6.3;29.2,6.3;29.15,6.3;29.1,6.3;29.05,6.3;29.0,6.3;28.95,6.3;28.9,6.3;28.85,6.3;28.8,6.3;28.75,6.3;28.75,6.3;28.75,6.45;28.75,6.45",WALL_EDGE_PENDING
L4,L4_P_RB_c3_r1,L4_P_RB_c3_r1_T317,BEAM,L4_BD_V60_08,L4_BD_V60_08,2174.0,6.125,6.22935,38.154769,"26.35,8.95;26.35,9.0;26.35,9.0;26.4,9.0;26.4,9.05;26.4,9.05;26.45,9.05;26.45,9.1;26.45,9.1;26.5,9.1;26.5,9.15;26.5,9.15;26.55,9.15;26.55,9.2;26.55,9.2;26.6,9.2;26.6,9.25;26.6,9.25;26.65,9.25;26.65,9.3;26.65,9.3;26.7,9.3;26.7,9.35;26.7,9.35;26.75,9.35;26.75,9.4;26.75,9.4;26.8,9.4;26.8,9.45;26.8,9.45;26.85,9.45;26.85,9.5;26.85,9.5;26.9,9.5;26.9,9.55;26.9,9.55;26.95,9.55;26.95,9.6;26.95,9.6;27.0,9.6;27.0,9.65;27.0,9.65;27.05,9.65;27.05,9.7;27.05,9.7;27.1,9.7;27.1,9.75;27.1,9.75;27.15,9.75;27.15,9.8;27.15,9.8;27.2,9.8;27.2,9.85;27.2,9.85;27.25,9.85;27.25,9.9;27.25,9.9;27.3,9.9;27.3,9.95;27.3,9.95;27.35,9.95;27.35,10.0;27.35,10.0;27.4,10.0;27.4,10.05;27.4,10.05;27.45,10.05;27.45,10.1;27.45,10.1;27.5,10.1;27.5,10.15;27.5,10.15;27.55,10.15;27.55,10.2;27.55,10.2;27.6,10.2;27.6,10.25;27.6,10.25;27.65,10.25;27.65,10.3;27.65,10.3;27.7,10.3;27.7,10.35;27.7,10.35;27.75,10.35;27.75,10.4;27.75,10.4;27.8,10.4;27.8,10.45;27.8,10.45;27.85,10.45;27.85,10.5;27.85,10.5;27.9,10.5;27.9,10.55;27.9,10.55;27.95,10.55;27.95,10.6;27.95,10.6;28.0,10.6;28.0,10.65;28.0,10.65;28.05,10.65;28.05,10.7;28.05,10.7;28.1,10.7;28.1,10.75;28.1,10.75;28.15,10.75;28.15,10.8;28.15,10.8;28.2,10.8;28.2,10.85;28.2,10.85;28.25,10.85;28.25,10.9;28.25,10.9;28.3,10.9;28.3,10.95;28.3,10.95;28.35,10.95;28.35,11.0;28.35,11.0;28.4,11.0;28.4,11.05;28.4,11.05;28.45,11.05;28.45,11.1;28.45,11.1;28.5,11.1;28.5,11.15;28.5,11.15;28.55,11.15;28.55,11.2;28.55,11.2;28.6,11.2;28.6,11.25;28.6,11.25;28.65,11.25;28.65,11.3;28.65,11.3;28.7,11.3;28.7,11.35;28.7,11.35;28.75,11.35;28.8,11.35;28.8,11.35;28.8,11.3;28.85,11.3;28.85,11.3;28.85,11.25;28.9,11.25;28.9,11.25;28.9,11.2;28.95,11.2;28.95,11.2;28.95,11.15;29.0,11.15;29.0,11.15;29.0,11.1;29.05,11.1;29.05,11.1;29.05,11.05;29.1,11.05;29.1,11.05;29.1,11.0;29.15,11.0;29.15,11.0;29.15,10.95;29.2,10.95;29.2,10.95;29.2,10.9;29.25,10.9;29.25,10.9;29.25,10.85;29.3,10.85;29.3,10.85;29.3,10.8;29.35,10.8;29.35,10.8;29.35,10.75;29.4,10.75;29.4,10.75;29.4,10.7;29.45,10.7;29.45,10.7;29.45,10.65;29.5,10.65;29.5,10.65;29.5,10.6;29.55,10.6;29.55,10.6;29.55,10.55;29.6,10.55;29.6,10.55;29.6,10.5;29.65,10.5;29.65,10.5;29.65,10.45;29.7,10.45;29.7,10.45;29.7,10.4;29.75,10.4;29.75,10.4;29.75,10.35;29.8,10.35;29.8,10.35;29.8,10.3;29.85,10.3;29.85,10.3;29.85,10.25;29.9,10.25;29.9,10.25;29.9,10.2;29.95,10.2;29.95,10.2;29.95,10.15;30.0,10.15;30.0,10.15;30.0,10.1;30.05,10.1;30.05,10.1;30.05,10.05;30.1,10.05;30.1,10.05;30.1,10.0;30.15,10.0;30.15,10.0;30.15,9.95;30.2,9.95;30.2,9.95;30.2,9.9;30.25,9.9;30.25,9.9;30.25,9.85;30.3,9.85;30.3,9.85;30.3,9.8;30.35,9.8;30.35,9.8;30.35,9.75;30.4,9.75;30.4,9.75;30.4,9.7;30.45,9.7;30.45,9.7;30.45,9.65;30.5,9.65;30.5,9.65;30.5,9.6;30.55,9.6;30.55,9.6;30.55,9.55;30.6,9.55;30.6,9.55;30.6,9.5;30.65,9.5;30.65,9.5;30.65,9.45;30.7,9.45;30.7,9.45;30.7,9.4;30.75,9.4;30.75,9.4;30.75,9.35;30.8,9.35;30.8,9.35;30.8,9.3;30.85,9.3;30.85,9.3;30.85,9.25;30.9,9.25;30.9,9.25;30.9,9.2;30.95,9.2;30.95,9.2;30.95,9.15;31.0,9.15;31.0,9.15;31.0,9.1;31.05,9.1;31.05,9.1;31.05,9.05;31.1,9.05;31.1,9.05;31.1,9.0;31.15,9.0;31.15,9.0;31.15,8.95;31.2,8.95;31.2,8.95;31.2,8.9;31.2,8.9;31.15,8.9;31.1,8.9;31.05,8.9;31.0,8.9;30.95,8.9;30.9,8.9;30.85,8.9;30.8,8.9;30.75,8.9;30.7,8.9;30.65,8.9;30.6,8.9;30.55,8.9;30.5,8.9;30.45,8.9;30.4,8.9;30.35,8.9;30.3,8.9;30.25,8.9;30.2,8.9;30.15,8.9;30.1,8.9;30.05,8.9;30.0,8.9;29.95,8.9;29.9,8.9;29.85,8.9;29.8,8.9;29.75,8.9;29.7,8.9;29.65,8.9;29.6,8.9;29.55,8.9;29.5,8.9;29.45,8.9;29.4,8.9;29.35,8.9;29.3,8.9;29.25,8.9;29.2,8.9;29.15,8.9;29.1,8.9;29.05,8.9;29.0,8.9;28.95,8.9;28.9,8.9;28.85,8.9;28.8,8.9;28.75,8.9;28.7,8.9;28.65,8.9;28.6,8.9;28.55,8.9;28.5,8.9;28.45,8.9;28.4,8.9;28.35,8.9;28.3,8.9;28.25,8.9;28.2,8.9;28.15,8.9;28.1,8.9;28.05,8.9;28.0,8.9;27.95,8.9;27.9,8.9;27.85,8.9;27.8,8.9;27.75,8.9;27.7,8.9;27.65,8.9;27.6,8.9;27.55,8.9;27.5,8.9;27.45,8.9;27.4,8.9;27.35,8.9;27.3,8.9;27.25,8.9;27.2,8.9;27.15,8.9;27.1,8.9;27.05,8.9;27.0,8.9;26.95,8.9;26.9,8.9;26.85,8.9;26.8,8.9;26.75,8.9;26.7,8.9;26.65,8.9;26.6,8.9;26.55,8.9;26.5,8.9;26.45,8.9;26.4,8.9;26.35,8.9;26.3,8.9;26.3,8.9;26.3,8.95;26.3,8.95",TRANSFERIDO
L4,L4_P_RB_c3_r1,L4_P_RB_c3_r1_T318,BEAM,L4_BD_V60_12,L4_BD_V60_12,2178.0,6.375,6.22935,39.712106,"26.3,16.1;26.25,16.1;26.25,16.1;26.25,16.15;26.25,16.15;26.3,16.15;26.35,16.15;26.4,16.15;26.45,16.15;26.5,16.15;26.55,16.15;26.6,16.15;26.65,16.15;26.7,16.15;26.75,16.15;26.8,16.15;26.85,16.15;26.9,16.15;26.95,16.15;27.0,16.15;27.05,16.15;27.1,16.15;27.15,16.15;27.2,16.15;27.25,16.15;27.3,16.15;27.35,16.15;27.4,16.15;27.45,16.15;27.5,16.15;27.55,16.15;27.6,16.15;27.65,16.15;27.7,16.15;27.75,16.15;27.8,16.15;27.85,16.15;27.9,16.15;27.95,16.15;28.0,16.15;28.05,16.15;28.1,16.15;28.15,16.15;28.2,16.15;28.25,16.15;28.3,16.15;28.35,16.15;28.4,16.15;28.45,16.15;28.5,16.15;28.55,16.15;28.6,16.15;28.65,16.15;28.7,16.15;28.75,16.15;28.8,16.15;28.85,16.15;28.9,16.15;28.95,16.15;29.0,16.15;29.05,16.15;29.1,16.15;29.15,16.15;29.2,16.15;29.25,16.15;29.3,16.15;29.35,16.15;29.4,16.15;29.45,16.15;29.5,16.15;29.55,16.15;29.6,16.15;29.65,16.15;29.7,16.15;29.75,16.15;29.8,16.15;29.85,16.15;29.9,16.15;29.95,16.15;30.0,16.15;30.05,16.15;30.1,16.15;30.15,16.15;30.2,16.15;30.25,16.15;30.3,16.15;30.35,16.15;30.4,16.15;30.45,16.15;30.5,16.15;30.55,16.15;30.6,16.15;30.65,16.15;30.7,16.15;30.75,16.15;30.8,16.15;30.85,16.15;30.9,16.15;30.95,16.15;31.0,16.15;31.05,16.15;31.1,16.15;31.15,16.15;31.2,16.15;31.25,16.15;31.25,16.15;31.25,16.1;31.25,16.1;31.2,16.1;31.2,16.05;31.2,16.05;31.15,16.05;31.15,16.0;31.15,16.0;31.1,16.0;31.1,15.95;31.1,15.95;31.05,15.95;31.05,15.9;31.05,15.9;31.0,15.9;31.0,15.85;31.0,15.85;30.95,15.85;30.95,15.8;30.95,15.8;30.9,15.8;30.9,15.75;30.9,15.75;30.85,15.75;30.85,15.7;30.85,15.7;30.8,15.7;30.8,15.65;30.8,15.65;30.75,15.65;30.75,15.6;30.75,15.6;30.7,15.6;30.7,15.55;30.7,15.55;30.65,15.55;30.65,15.5;30.65,15.5;30.6,15.5;30.6,15.45;30.6,15.45;30.55,15.45;30.55,15.4;30.55,15.4;30.5,15.4;30.5,15.35;30.5,15.35;30.45,15.35;30.45,15.3;30.45,15.3;30.4,15.3;30.4,15.25;30.4,15.25;30.35,15.25;30.35,15.2;30.35,15.2;30.3,15.2;30.3,15.15;30.3,15.15;30.25,15.15;30.25,15.1;30.25,15.1;30.2,15.1;30.2,15.05;30.2,15.05;30.15,15.05;30.15,15.0;30.15,15.0;30.1,15.0;30.1,14.95;30.1,14.95;30.05,14.95;30.05,14.9;30.05,14.9;30.0,14.9;30.0,14.85;30.0,14.85;29.95,14.85;29.95,14.8;29.95,14.8;29.9,14.8;29.9,14.75;29.9,14.75;29.85,14.75;29.85,14.7;29.85,14.7;29.8,14.7;29.8,14.65;29.8,14.65;29.75,14.65;29.75,14.6;29.75,14.6;29.7,14.6;29.7,14.55;29.7,14.55;29.65,14.55;29.65,14.5;29.65,14.5;29.6,14.5;29.6,14.45;29.6,14.45;29.55,14.45;29.55,14.4;29.55,14.4;29.5,14.4;29.5,14.35;29.5,14.35;29.45,14.35;29.45,14.3;29.45,14.3;29.4,14.3;29.4,14.25;29.4,14.25;29.35,14.25;29.35,14.2;29.35,14.2;29.3,14.2;29.3,14.15;29.3,14.15;29.25,14.15;29.25,14.1;29.25,14.1;29.2,14.1;29.2,14.05;29.2,14.05;29.15,14.05;29.15,14.0;29.15,14.0;29.1,14.0;29.1,13.95;29.1,13.95;29.05,13.95;29.05,13.9;29.05,13.9;29.0,13.9;29.0,13.85;29.0,13.85;28.95,13.85;28.95,13.8;28.95,13.8;28.9,13.8;28.9,13.75;28.9,13.75;28.85,13.75;28.85,13.7;28.85,13.7;28.8,13.7;28.8,13.65;28.8,13.65;28.75,13.65;28.7,13.65;28.7,13.65;28.7,13.7;28.65,13.7;28.65,13.7;28.65,13.75;28.6,13.75;28.6,13.75;28.6,13.8;28.55,13.8;28.55,13.8;28.55,13.85;28.5,13.85;28.5,13.85;28.5,13.9;28.45,13.9;28.45,13.9;28.45,13.95;28.4,13.95;28.4,13.95;28.4,14.0;28.35,14.0;28.35,14.0;28.35,14.05;28.3,14.05;28.3,14.05;28.3,14.1;28.25,14.1;28.25,14.1;28.25,14.15;28.2,14.15;28.2,14.15;28.2,14.2;28.15,14.2;28.15,14.2;28.15,14.25;28.1,14.25;28.1,14.25;28.1,14.3;28.05,14.3;28.05,14.3;28.05,14.35;28.0,14.35;28.0,14.35;28.0,14.4;27.95,14.4;27.95,14.4;27.95,14.45;27.9,14.45;27.9,14.45;27.9,14.5;27.85,14.5;27.85,14.5;27.85,14.55;27.8,14.55;27.8,14.55;27.8,14.6;27.75,14.6;27.75,14.6;27.75,14.65;27.7,14.65;27.7,14.65;27.7,14.7;27.65,14.7;27.65,14.7;27.65,14.75;27.6,14.75;27.6,14.75;27.6,14.8;27.55,14.8;27.55,14.8;27.55,14.85;27.5,14.85;27.5,14.85;27.5,14.9;27.45,14.9;27.45,14.9;27.45,14.95;27.4,14.95;27.4,14.95;27.4,15.0;27.35,15.0;27.35,15.0;27.35,15.05;27.3,15.05;27.3,15.05;27.3,15.1;27.25,15.1;27.25,15.1;27.25,15.15;27.2,15.15;27.2,15.15;27.2,15.2;27.15,15.2;27.15,15.2;27.15,15.25;27.1,15.25;27.1,15.25;27.1,15.3;27.05,15.3;27.05,15.3;27.05,15.35;27.0,15.35;27.0,15.35;27.0,15.4;26.95,15.4;26.95,15.4;26.95,15.45;26.9,15.45;26.9,15.45;26.9,15.5;26.85,15.5;26.85,15.5;26.85,15.55;26.8,15.55;26.8,15.55;26.8,15.6;26.75,15.6;26.75,15.6;26.75,15.65;26.7,15.65;26.7,15.65;26.7,15.7;26.65,15.7;26.65,15.7;26.65,15.75;26.6,15.75;26.6,15.75;26.6,15.8;26.55,15.8;26.55,15.8;26.55,15.85;26.5,15.85;26.5,15.85;26.5,15.9;26.45,15.9;26.45,15.9;26.45,15.95;26.4,15.95;26.4,15.95;26.4,16.0;26.35,16.0;26.35,16.0;26.35,16.05;26.3,16.05;26.3,16.05",TRANSFERIDO
L4,L4_P_RB_c3_r1,L4_P_RB_c3_r1_T319,BEAM,L4_BD_V60_18,L4_BD_V60_18,2184.0,11.875,6.22935,73.973531,"26.25,16.0;26.25,16.05;26.25,16.1;26.25,16.1;26.3,16.1;26.3,16.1;26.3,16.05;26.35,16.05;26.35,16.05;26.35,16.0;26.4,16.0;26.4,16.0;26.4,15.95;26.45,15.95;26.45,15.95;26.45,15.9;26.5,15.9;26.5,15.9;26.5,15.85;26.55,15.85;26.55,15.85;26.55,15.8;26.6,15.8;26.6,15.8;26.6,15.75;26.65,15.75;26.65,15.75;26.65,15.7;26.7,15.7;26.7,15.7;26.7,15.65;26.75,15.65;26.75,15.65;26.75,15.6;26.8,15.6;26.8,15.6;26.8,15.55;26.85,15.55;26.85,15.55;26.85,15.5;26.9,15.5;26.9,15.5;26.9,15.45;26.95,15.45;26.95,15.45;26.95,15.4;27.0,15.4;27.0,15.4;27.0,15.35;27.05,15.35;27.05,15.35;27.05,15.3;27.1,15.3;27.1,15.3;27.1,15.25;27.15,15.25;27.15,15.25;27.15,15.2;27.2,15.2;27.2,15.2;27.2,15.15;27.25,15.15;27.25,15.15;27.25,15.1;27.3,15.1;27.3,15.1;27.3,15.05;27.35,15.05;27.35,15.05;27.35,15.0;27.4,15.0;27.4,15.0;27.4,14.95;27.45,14.95;27.45,14.95;27.45,14.9;27.5,14.9;27.5,14.9;27.5,14.85;27.55,14.85;27.55,14.85;27.55,14.8;27.6,14.8;27.6,14.8;27.6,14.75;27.65,14.75;27.65,14.75;27.65,14.7;27.7,14.7;27.7,14.7;27.7,14.65;27.75,14.65;27.75,14.65;27.75,14.6;27.8,14.6;27.8,14.6;27.8,14.55;27.85,14.55;27.85,14.55;27.85,14.5;27.9,14.5;27.9,14.5;27.9,14.45;27.95,14.45;27.95,14.45;27.95,14.4;28.0,14.4;28.0,14.4;28.0,14.35;28.05,14.35;28.05,14.35;28.05,14.3;28.1,14.3;28.1,14.3;28.1,14.25;28.15,14.25;28.15,14.25;28.15,14.2;28.2,14.2;28.2,14.2;28.2,14.15;28.25,14.15;28.25,14.15;28.25,14.1;28.3,14.1;28.3,14.1;28.3,14.05;28.35,14.05;28.35,14.05;28.35,14.0;28.4,14.0;28.4,14.0;28.4,13.95;28.45,13.95;28.45,13.95;28.45,13.9;28.5,13.9;28.5,13.9;28.5,13.85;28.55,13.85;28.55,13.85;28.55,13.8;28.6,13.8;28.6,13.8;28.6,13.75;28.65,13.75;28.65,13.75;28.65,13.7;28.7,13.7;28.7,13.7;28.7,13.65;28.75,13.65;28.75,13.65;28.75,11.35;28.75,11.35;28.7,11.35;28.7,11.3;28.7,11.3;28.65,11.3;28.65,11.25;28.65,11.25;28.6,11.25;28.6,11.2;28.6,11.2;28.55,11.2;28.55,11.15;28.55,11.15;28.5,11.15;28.5,11.1;28.5,11.1;28.45,11.1;28.45,11.05;28.45,11.05;28.4,11.05;28.4,11.0;28.4,11.0;28.35,11.0;28.35,10.95;28.35,10.95;28.3,10.95;28.3,10.9;28.3,10.9;28.25,10.9;28.25,10.85;28.25,10.85;28.2,10.85;28.2,10.8;28.2,10.8;28.15,10.8;28.15,10.75;28.15,10.75;28.1,10.75;28.1,10.7;28.1,10.7;28.05,10.7;28.05,10.65;28.05,10.65;28.0,10.65;28.0,10.6;28.0,10.6;27.95,10.6;27.95,10.55;27.95,10.55;27.9,10.55;27.9,10.5;27.9,10.5;27.85,10.5;27.85,10.45;27.85,10.45;27.8,10.45;27.8,10.4;27.8,10.4;27.75,10.4;27.75,10.35;27.75,10.35;27.7,10.35;27.7,10.3;27.7,10.3;27.65,10.3;27.65,10.25;27.65,10.25;27.6,10.25;27.6,10.2;27.6,10.2;27.55,10.2;27.55,10.15;27.55,10.15;27.5,10.15;27.5,10.1;27.5,10.1;27.45,10.1;27.45,10.05;27.45,10.05;27.4,10.05;27.4,10.0;27.4,10.0;27.35,10.0;27.35,9.95;27.35,9.95;27.3,9.95;27.3,9.9;27.3,9.9;27.25,9.9;27.25,9.85;27.25,9.85;27.2,9.85;27.2,9.8;27.2,9.8;27.15,9.8;27.15,9.75;27.15,9.75;27.1,9.75;27.1,9.7;27.1,9.7;27.05,9.7;27.05,9.65;27.05,9.65;27.0,9.65;27.0,9.6;27.0,9.6;26.95,9.6;26.95,9.55;26.95,9.55;26.9,9.55;26.9,9.5;26.9,9.5;26.85,9.5;26.85,9.45;26.85,9.45;26.8,9.45;26.8,9.4;26.8,9.4;26.75,9.4;26.75,9.35;26.75,9.35;26.7,9.35;26.7,9.3;26.7,9.3;26.65,9.3;26.65,9.25;26.65,9.25;26.6,9.25;26.6,9.2;26.6,9.2;26.55,9.2;26.55,9.15;26.55,9.15;26.5,9.15;26.5,9.1;26.5,9.1;26.45,9.1;26.45,9.05;26.45,9.05;26.4,9.05;26.4,9.0;26.4,9.0;26.35,9.0;26.35,8.95;26.35,8.95;26.3,8.95;26.3,8.9;26.3,8.9;26.25,8.9;26.25,8.9",TRANSFERIDO
L4,L4_P_RB_c3_r1,L4_P_RB_c3_r1_T320,WALL,M005..M008,,,11.875,6.22935,73.973531,"28.75,13.65;28.75,13.65;28.8,13.65;28.8,13.7;28.8,13.7;28.85,13.7;28.85,13.75;28.85,13.75;28.9,13.75;28.9,13.8;28.9,13.8;28.95,13.8;28.95,13.85;28.95,13.85;29.0,13.85;29.0,13.9;29.0,13.9;29.05,13.9;29.05,13.95;29.05,13.95;29.1,13.95;29.1,14.0;29.1,14.0;29.15,14.0;29.15,14.05;29.15,14.05;29.2,14.05;29.2,14.1;29.2,14.1;29.25,14.1;29.25,14.15;29.25,14.15;29.3,14.15;29.3,14.2;29.3,14.2;29.35,14.2;29.35,14.25;29.35,14.25;29.4,14.25;29.4,14.3;29.4,14.3;29.45,14.3;29.45,14.35;29.45,14.35;29.5,14.35;29.5,14.4;29.5,14.4;29.55,14.4;29.55,14.45;29.55,14.45;29.6,14.45;29.6,14.5;29.6,14.5;29.65,14.5;29.65,14.55;29.65,14.55;29.7,14.55;29.7,14.6;29.7,14.6;29.75,14.6;29.75,14.65;29.75,14.65;29.8,14.65;29.8,14.7;29.8,14.7;29.85,14.7;29.85,14.75;29.85,14.75;29.9,14.75;29.9,14.8;29.9,14.8;29.95,14.8;29.95,14.85;29.95,14.85;30.0,14.85;30.0,14.9;30.0,14.9;30.05,14.9;30.05,14.95;30.05,14.95;30.1,14.95;30.1,15.0;30.1,15.0;30.15,15.0;30.15,15.05;30.15,15.05;30.2,15.05;30.2,15.1;30.2,15.1;30.25,15.1;30.25,15.15;30.25,15.15;30.3,15.15;30.3,15.2;30.3,15.2;30.35,15.2;30.35,15.25;30.35,15.25;30.4,15.25;30.4,15.3;30.4,15.3;30.45,15.3;30.45,15.35;30.45,15.35;30.5,15.35;30.5,15.4;30.5,15.4;30.55,15.4;30.55,15.45;30.55,15.45;30.6,15.45;30.6,15.5;30.6,15.5;30.65,15.5;30.65,15.55;30.65,15.55;30.7,15.55;30.7,15.6;30.7,15.6;30.75,15.6;30.75,15.65;30.75,15.65;30.8,15.65;30.8,15.7;30.8,15.7;30.85,15.7;30.85,15.75;30.85,15.75;30.9,15.75;30.9,15.8;30.9,15.8;30.95,15.8;30.95,15.85;30.95,15.85;31.0,15.85;31.0,15.9;31.0,15.9;31.05,15.9;31.05,15.95;31.05,15.95;31.1,15.95;31.1,16.0;31.1,16.0;31.15,16.0;31.15,16.05;31.15,16.05;31.2,16.05;31.2,16.1;31.2,16.1;31.25,16.1;31.25,16.1;31.25,16.05;31.25,16.0;31.25,8.9;31.25,8.9;31.2,8.9;31.2,8.9;31.2,8.95;31.15,8.95;31.15,8.95;31.15,9.0;31.1,9.0;31.1,9.0;31.1,9.05;31.05,9.05;31.05,9.05;31.05,9.1;31.0,9.1;31.0,9.1;31.0,9.15;30.95,9.15;30.95,9.15;30.95,9.2;30.9,9.2;30.9,9.2;30.9,9.25;30.85,9.25;30.85,9.25;30.85,9.3;30.8,9.3;30.8,9.3;30.8,9.35;30.75,9.35;30.75,9.35;30.75,9.4;30.7,9.4;30.7,9.4;30.7,9.45;30.65,9.45;30.65,9.45;30.65,9.5;30.6,9.5;30.6,9.5;30.6,9.55;30.55,9.55;30.55,9.55;30.55,9.6;30.5,9.6;30.5,9.6;30.5,9.65;30.45,9.65;30.45,9.65;30.45,9.7;30.4,9.7;30.4,9.7;30.4,9.75;30.35,9.75;30.35,9.75;30.35,9.8;30.3,9.8;30.3,9.8;30.3,9.85;30.25,9.85;30.25,9.85;30.25,9.9;30.2,9.9;30.2,9.9;30.2,9.95;30.15,9.95;30.15,9.95;30.15,10.0;30.1,10.0;30.1,10.0;30.1,10.05;30.05,10.05;30.05,10.05;30.05,10.1;30.0,10.1;30.0,10.1;30.0,10.15;29.95,10.15;29.95,10.15;29.95,10.2;29.9,10.2;29.9,10.2;29.9,10.25;29.85,10.25;29.85,10.25;29.85,10.3;29.8,10.3;29.8,10.3;29.8,10.35;29.75,10.35;29.75,10.35;29.75,10.4;29.7,10.4;29.7,10.4;29.7,10.45;29.65,10.45;29.65,10.45;29.65,10.5;29.6,10.5;29.6,10.5;29.6,10.55;29.55,10.55;29.55,10.55;29.55,10.6;29.5,10.6;29.5,10.6;29.5,10.65;29.45,10.65;29.45,10.65;29.45,10.7;29.4,10.7;29.4,10.7;29.4,10.75;29.35,10.75;29.35,10.75;29.35,10.8;29.3,10.8;29.3,10.8;29.3,10.85;29.25,10.85;29.25,10.85;29.25,10.9;29.2,10.9;29.2,10.9;29.2,10.95;29.15,10.95;29.15,10.95;29.15,11.0;29.1,11.0;29.1,11.0;29.1,11.05;29.05,11.05;29.05,11.05;29.05,11.1;29.0,11.1;29.0,11.1;29.0,11.15;28.95,11.15;28.95,11.15;28.95,11.2;28.9,11.2;28.9,11.2;28.9,11.25;28.85,11.25;28.85,11.25;28.85,11.3;28.8,11.3;28.8,11.3;28.8,11.35;28.75,11.35;28.75,11.35",WALL_EDGE_PENDING
